name,meal_type,calories,protein_g,carbs_g,fat_g,food_type,cuisine,is_healthy,tags
Paneer Bhurji,dinner,585,13.1,69.3,12.4,vegetarian,south_indian,1,balanced|beginner
Roasted Chana,snack,204,7.2,21.8,7.9,vegan,north_indian,1,muscle_gain|high_protein
Boiled Eggs,snack,187,6.3,21.5,6.7,non_vegetarian,north_indian,1,weight_loss|light
Corn Chaat,snack,274,5.9,31.6,11.3,vegan,south_indian,0,improve_stamina|carb_rich
Paneer Cubes,snack,208,5.8,21.0,9.4,vegetarian,north_indian,1,balanced|beginner
Oats with Milk,breakfast,335,22.4,30.2,10.9,vegetarian,north_indian,1,muscle_gain|high_protein
Vegetable Khichdi,lunch,611,21.2,51.0,23.6,vegetarian,north_indian,0,balanced|beginner
Fruit Bowl,breakfast,187,3.5,21.5,8.0,vegan,south_indian,1,improve_stamina|carb_rich
Oats with Milk,breakfast,194,4.4,26.4,6.1,vegetarian,south_indian,1,weight_loss|light
Buttermilk,snack,138,6.9,18.3,2.9,vegetarian,north_indian,1,improve_stamina|carb_rich
Vegetable Poha,breakfast,443,21.2,42.8,6.6,vegetarian,mixed,1,muscle_gain|high_protein
Roti Sabji,dinner,585,35.0,53.2,13.9,vegetarian,north_indian,1,muscle_gain|high_protein
Tofu Stir Fry,lunch,596,19.8,65.1,17.1,vegan,mixed,1,muscle_gain|high_protein
Tofu Curry,dinner,698,28.6,99.1,6.8,vegan,south_indian,0,weight_loss|light
Sprouts Salad,snack,174,3.0,22.9,6.3,vegan,south_indian,1,balanced|beginner
Paneer Bhurji,dinner,681,19.7,75.2,16.4,vegetarian,north_indian,0,weight_loss|light
Chicken Curry Rice,lunch,473,30.3,53.4,5.9,non_vegetarian,mixed,1,balanced|beginner
Sprouts Salad,snack,234,12.1,17.8,10.7,vegan,mixed,1,muscle_gain|high_protein
Buttermilk,snack,165,9.8,14.6,6.0,vegetarian,north_indian,1,weight_loss|light
Vegetable Khichdi,lunch,372,19.8,36.7,8.1,vegetarian,north_indian,1,weight_loss|light
Peanut Chaat,snack,192,13.5,16.9,6.1,vegetarian,south_indian,1,weight_loss|light
Paneer Roti,lunch,557,40.6,45.1,5.5,vegetarian,mixed,1,muscle_gain|high_protein
Fruit Bowl,breakfast,326,8.8,43.9,9.9,vegan,north_indian,1,weight_loss|light
Fruit Bowl,breakfast,396,11.9,53.6,11.4,vegan,north_indian,1,weight_loss|light
Vegetable Khichdi,lunch,560,6.2,26.5,20.2,vegetarian,south_indian,0,improve_stamina|carb_rich
Roasted Chana,snack,108,11.2,9.8,1.7,vegan,south_indian,1,muscle_gain|high_protein
Egg Curry,dinner,485,21.8,60.6,13.7,non_vegetarian,south_indian,1,muscle_gain|high_protein
Roasted Chana,snack,288,8.4,22.4,11.8,vegan,mixed,0,improve_stamina|carb_rich
Peanut Chaat,snack,154,12.7,15.7,3.1,vegetarian,south_indian,1,weight_loss|light
Sprouts Salad,snack,271,18.8,23.3,9.0,vegan,north_indian,1,muscle_gain|high_protein
Egg Curry,dinner,425,7.2,46.0,5.5,non_vegetarian,north_indian,0,improve_stamina|carb_rich
Protein Shake,snack,275,19.9,33.7,4.7,vegetarian,north_indian,0,improve_stamina|carb_rich
Hyderabadi Biryani,lunch,635,14.0,52.2,12.1,non_vegetarian,mixed,1,balanced|beginner
Boiled Eggs,snack,98,3.6,10.5,3.7,non_vegetarian,north_indian,1,improve_stamina|carb_rich
Tofu Curry,dinner,449,5.1,78.6,6.3,vegan,north_indian,0,balanced|beginner
Dal Tadka,dinner,466,15.2,58.2,9.8,vegetarian,north_indian,1,balanced|beginner
Paneer Bhurji,dinner,554,13.3,38.1,21.5,vegetarian,mixed,1,weight_loss|light
Fruit Salad,snack,265,4.4,27.2,13.1,vegan,north_indian,1,weight_loss|light
Upma,breakfast,405,19.6,51.7,7.8,vegetarian,mixed,1,balanced|beginner
Paneer Sandwich,breakfast,277,9.1,29.6,11.1,vegetarian,north_indian,1,weight_loss|light
Protein Shake,snack,193,6.7,23.0,6.5,vegetarian,south_indian,1,improve_stamina|carb_rich
Corn Chaat,snack,250,10.6,40.4,2.9,vegan,mixed,1,weight_loss|light
Fruit Salad,snack,203,11.3,26.5,3.9,vegan,north_indian,1,balanced|beginner
Kadhi Rice,lunch,602,14.1,56.0,23.7,vegetarian,north_indian,0,weight_loss|light
Paneer Cubes,snack,217,7.0,24.1,8.4,vegetarian,north_indian,1,muscle_gain|high_protein
Mixed Veg Curry,dinner,630,17.2,51.2,22.3,vegetarian,north_indian,0,weight_loss|light
Tofu Scramble,breakfast,205,8.5,23.1,6.9,vegan,mixed,1,muscle_gain|high_protein
Buttermilk,snack,122,2.9,16.0,4.1,vegetarian,mixed,1,improve_stamina|carb_rich
Paneer Sandwich,breakfast,276,9.0,22.9,14.0,vegetarian,north_indian,1,improve_stamina|carb_rich
Pav Bhaji,lunch,507,14.2,78.9,7.2,vegetarian,mixed,1,improve_stamina|carb_rich
Paneer Cubes,snack,157,8.5,15.1,5.6,vegetarian,north_indian,1,balanced|beginner
Thepla,breakfast,358,7.8,27.3,24.8,vegetarian,north_indian,0,balanced|beginner
Roti Sabji,dinner,396,5.8,51.9,9.8,vegetarian,south_indian,0,balanced|beginner
Roasted Chana,snack,278,6.4,49.1,3.8,vegan,north_indian,0,improve_stamina|carb_rich
Fruit Salad,snack,230,4.7,28.1,8.9,vegan,north_indian,1,improve_stamina|carb_rich
Protein Shake,snack,116,4.3,13.2,4.1,vegetarian,south_indian,1,weight_loss|light
Rajma Chawal,lunch,657,16.6,43.7,23.2,vegetarian,north_indian,0,balanced|beginner
Upma,breakfast,433,44.4,65.9,4.5,vegetarian,north_indian,1,muscle_gain|high_protein
Egg Curry,dinner,510,16.8,29.5,21.4,non_vegetarian,north_indian,1,balanced|beginner
Rajma Chawal,lunch,481,16.7,37.6,13.2,vegetarian,north_indian,1,balanced|beginner
Paneer Roti,lunch,471,17.2,60.4,5.7,vegetarian,north_indian,1,weight_loss|light
Fish Curry Rice,lunch,388,7.5,33.8,20.9,non_vegetarian,north_indian,0,balanced|beginner
Thepla,breakfast,367,14.0,48.1,17.4,vegetarian,north_indian,1,weight_loss|light
Roti Sabji,dinner,380,16.6,26.3,20.3,vegetarian,north_indian,1,weight_loss|light
Protein Shake,snack,139,3.7,9.8,8.2,vegetarian,mixed,1,improve_stamina|carb_rich
Sprouts Salad,snack,92,2.7,14.2,1.9,vegan,north_indian,1,improve_stamina|carb_rich
Chicken Curry Rice,lunch,543,18.1,66.6,18.1,non_vegetarian,north_indian,1,weight_loss|light
Idli Sambar,breakfast,363,5.3,64.8,14.6,vegetarian,mixed,1,improve_stamina|carb_rich
Tofu Stir Fry,lunch,525,34.1,29.5,19.7,vegan,south_indian,1,muscle_gain|high_protein
Boiled Eggs,snack,102,3.6,12.3,3.4,non_vegetarian,south_indian,1,improve_stamina|carb_rich
Fish Curry Rice,lunch,696,23.8,70.7,21.4,non_vegetarian,south_indian,0,weight_loss|light
Vegetable Soup,dinner,407,8.0,47.2,6.5,vegan,north_indian,0,improve_stamina|carb_rich
Chicken Curry Rice,lunch,539,23.2,31.1,25.0,non_vegetarian,north_indian,0,improve_stamina|carb_rich
Corn Chaat,snack,177,3.5,31.3,2.7,vegan,north_indian,1,balanced|beginner
Vegetable Poha,breakfast,324,17.5,56.8,7.5,vegetarian,south_indian,1,balanced|beginner
Sprouts Salad,snack,296,7.0,48.9,5.4,vegan,mixed,0,balanced|beginner
Vegetable Khichdi,lunch,419,43.8,30.3,3.5,vegetarian,mixed,1,muscle_gain|high_protein
Oats with Milk,breakfast,183,7.3,12.8,9.7,vegetarian,south_indian,1,balanced|beginner
Rajma Chawal,lunch,375,7.5,45.4,14.8,vegetarian,north_indian,0,balanced|beginner
Boiled Eggs,snack,202,12.5,18.7,6.8,non_vegetarian,south_indian,1,muscle_gain|high_protein
Buttermilk,snack,141,6.4,11.9,6.3,vegetarian,mixed,1,improve_stamina|carb_rich
Paneer Sandwich,breakfast,217,5.3,40.2,6.3,vegetarian,mixed,1,improve_stamina|carb_rich
Buttermilk,snack,224,12.6,29.1,4.4,vegetarian,south_indian,1,muscle_gain|high_protein
Vegetable Poha,breakfast,331,8.5,39.2,12.6,vegetarian,north_indian,1,improve_stamina|carb_rich
Dal Tadka,dinner,699,28.9,74.1,22.9,vegetarian,mixed,0,muscle_gain|high_protein
Dal Tadka,dinner,529,19.2,52.1,3.3,vegetarian,north_indian,1,muscle_gain|high_protein
Tofu Scramble,breakfast,347,16.3,50.8,5.7,vegan,mixed,1,muscle_gain|high_protein
Vegetable Soup,dinner,376,13.1,48.2,11.2,vegan,north_indian,1,muscle_gain|high_protein
Oats with Milk,breakfast,397,7.9,59.5,8.1,vegetarian,mixed,1,improve_stamina|carb_rich
Dal Rice,lunch,482,10.2,29.5,22.2,vegetarian,north_indian,0,weight_loss|light
Paneer Sandwich,breakfast,236,18.2,26.9,4.1,vegetarian,south_indian,1,muscle_gain|high_protein
Rajma Chawal,lunch,517,27.2,52.3,3.2,vegetarian,mixed,1,muscle_gain|high_protein
Chicken Curry Rice,lunch,393,9.0,54.3,12.1,non_vegetarian,mixed,0,improve_stamina|carb_rich
Dal Rice,lunch,424,11.8,22.7,22.6,vegetarian,south_indian,0,weight_loss|light
Paneer Sandwich,breakfast,244,6.5,26.3,10.3,vegetarian,mixed,1,weight_loss|light
Rajma Chawal,lunch,569,19.1,44.9,18.9,vegetarian,mixed,1,balanced|beginner
Fruit Bowl,breakfast,340,40.5,24.0,9.5,vegan,north_indian,1,muscle_gain|high_protein
Vegetable Poha,breakfast,361,10.8,52.0,4.2,vegetarian,north_indian,1,weight_loss|light
Vegetable Khichdi,lunch,652,43.3,69.8,17.3,vegetarian,north_indian,1,muscle_gain|high_protein
Tofu Scramble,breakfast,297,3.3,38.4,11.8,vegan,north_indian,1,weight_loss|light
Oats with Milk,breakfast,195,3.0,30.5,5.1,vegetarian,north_indian,1,weight_loss|light
Paneer Roti,lunch,395,8.7,50.2,14.2,vegetarian,mixed,1,weight_loss|light
Mixed Veg Curry,dinner,572,10.3,44.7,27.7,vegetarian,north_indian,0,improve_stamina|carb_rich
Peanut Chaat,snack,88,4.6,13.1,1.1,vegetarian,north_indian,1,weight_loss|light
Tofu Scramble,breakfast,173,5.4,31.0,1.5,vegan,north_indian,1,weight_loss|light
Fruit Bowl,breakfast,180,5.4,24.3,5.2,vegan,south_indian,1,balanced|beginner
Paneer Cubes,snack,137,3.0,15.4,5.8,vegetarian,south_indian,1,balanced|beginner
Paneer Sandwich,breakfast,214,17.2,24.5,3.3,vegetarian,mixed,1,muscle_gain|high_protein
Pav Bhaji,lunch,516,10.5,56.5,8.9,vegetarian,north_indian,0,improve_stamina|carb_rich
Grilled Chicken,dinner,380,6.6,71.1,6.8,non_vegetarian,mixed,0,improve_stamina|carb_rich
Roti Sabji,dinner,499,14.4,55.7,19.9,vegetarian,north_indian,1,weight_loss|light
Peanut Chaat,snack,285,4.5,29.4,14.1,vegetarian,north_indian,1,weight_loss|light
Corn Chaat,snack,295,8.3,26.9,14.5,vegan,mixed,0,improve_stamina|carb_rich
Protein Shake,snack,168,5.5,21.8,5.0,vegetarian,north_indian,1,weight_loss|light
Rajma Chawal,lunch,600,15.2,47.5,13.1,vegetarian,north_indian,1,weight_loss|light
Oats with Milk,breakfast,378,19.9,76.3,4.6,vegetarian,south_indian,1,muscle_gain|high_protein
Buttermilk,snack,139,6.5,17.7,3.5,vegetarian,south_indian,1,improve_stamina|carb_rich
Vegetable Khichdi,lunch,591,27.0,42.4,11.9,vegetarian,north_indian,1,muscle_gain|high_protein
Paneer Bhurji,dinner,491,14.6,62.3,19.1,vegetarian,mixed,1,balanced|beginner
Masala Omelette,breakfast,431,18.6,48.8,6.4,non_vegetarian,north_indian,0,improve_stamina|carb_rich
Grilled Chicken,dinner,575,16.5,32.8,16.5,non_vegetarian,mixed,1,improve_stamina|carb_rich
Protein Shake,snack,207,5.5,17.2,11.1,vegetarian,mixed,1,weight_loss|light
Hyderabadi Biryani,lunch,559,19.9,30.0,17.0,non_vegetarian,south_indian,1,muscle_gain|high_protein
Dal Rice,lunch,513,15.7,29.3,23.8,vegetarian,north_indian,0,weight_loss|light
Roti Sabji,dinner,596,18.1,65.8,15.2,vegetarian,north_indian,1,balanced|beginner
Protein Shake,snack,115,3.5,17.3,2.5,vegetarian,south_indian,1,balanced|beginner
Fruit Salad,snack,205,11.4,19.9,7.1,vegan,mixed,1,improve_stamina|carb_rich
Vegetable Khichdi,lunch,365,13.0,45.9,11.2,vegetarian,north_indian,1,improve_stamina|carb_rich
Roti Sabji,dinner,404,18.5,31.5,7.5,vegetarian,south_indian,1,improve_stamina|carb_rich
Sprouts Salad,snack,179,6.8,23.4,4.9,vegan,mixed,1,balanced|beginner
Sabudana Khichdi,breakfast,230,9.0,15.0,12.8,vegetarian,north_indian,1,balanced|beginner
Dal Rice,lunch,666,6.1,43.0,23.7,vegetarian,south_indian,0,improve_stamina|carb_rich
Boiled Eggs,snack,202,6.7,24.0,7.0,non_vegetarian,north_indian,1,improve_stamina|carb_rich
Thepla,breakfast,431,17.5,36.5,15.3,vegetarian,north_indian,0,balanced|beginner
Fruit Bowl,breakfast,213,14.8,10.1,10.7,vegan,north_indian,1,muscle_gain|high_protein
Vegetable Khichdi,lunch,579,37.7,43.6,16.6,vegetarian,south_indian,1,balanced|beginner
Idli Sambar,breakfast,373,12.6,22.8,19.3,vegetarian,north_indian,0,balanced|beginner
Egg Curry,dinner,613,13.5,71.0,20.7,non_vegetarian,mixed,1,weight_loss|light
Fish Curry Rice,lunch,573,8.1,67.4,20.6,non_vegetarian,north_indian,0,weight_loss|light
Tofu Curry,dinner,380,3.8,48.0,15.8,vegan,mixed,0,improve_stamina|carb_rich
Tofu Stir Fry,lunch,692,22.0,67.0,15.0,vegan,mixed,1,muscle_gain|high_protein
Paneer Roti,lunch,601,10.3,69.3,19.3,vegetarian,north_indian,0,weight_loss|light
Boiled Eggs,snack,228,3.2,29.5,8.8,non_vegetarian,mixed,1,improve_stamina|carb_rich
Fish Fry,dinner,443,18.0,23.5,11.4,non_vegetarian,north_indian,1,weight_loss|light
Protein Shake,snack,194,2.1,22.1,9.1,vegetarian,north_indian,1,weight_loss|light
Rajma Chawal,lunch,380,12.5,69.1,4.5,vegetarian,north_indian,1,improve_stamina|carb_rich
Fruit Bowl,breakfast,206,2.7,28.6,7.1,vegan,north_indian,1,weight_loss|light
Boiled Eggs,snack,200,16.3,22.6,3.2,non_vegetarian,north_indian,1,muscle_gain|high_protein
Pav Bhaji,lunch,366,25.9,39.8,8.2,vegetarian,mixed,1,muscle_gain|high_protein
Paneer Sandwich,breakfast,406,12.0,71.6,9.1,vegetarian,north_indian,1,weight_loss|light
Sabudana Khichdi,breakfast,258,5.2,33.0,9.4,vegetarian,north_indian,1,improve_stamina|carb_rich
Egg Curry,dinner,677,23.2,74.8,18.1,non_vegetarian,north_indian,0,balanced|beginner
Sabudana Khichdi,breakfast,222,9.9,20.0,9.4,vegetarian,mixed,1,muscle_gain|high_protein
Vegetable Poha,breakfast,254,13.7,39.3,2.4,vegetarian,north_indian,1,muscle_gain|high_protein
Paneer Bhurji,dinner,448,11.1,20.3,20.8,vegetarian,north_indian,0,weight_loss|light
Fish Fry,dinner,416,31.4,33.5,13.7,non_vegetarian,south_indian,1,muscle_gain|high_protein
Vegetable Khichdi,lunch,661,35.5,24.1,18.6,vegetarian,north_indian,1,muscle_gain|high_protein
Paneer Bhurji,dinner,430,11.8,41.8,4.6,vegetarian,north_indian,0,weight_loss|light
Thepla,breakfast,391,10.5,54.5,17.3,vegetarian,north_indian,1,improve_stamina|carb_rich
Vegetable Khichdi,lunch,489,11.8,45.6,19.1,vegetarian,north_indian,0,balanced|beginner
Paneer Roti,lunch,598,28.7,55.3,20.1,vegetarian,south_indian,1,muscle_gain|high_protein
Paneer Cubes,snack,174,8.1,28.0,1.8,vegetarian,mixed,1,weight_loss|light
Buttermilk,snack,168,2.8,12.1,10.6,vegetarian,north_indian,1,improve_stamina|carb_rich
Chicken Curry Rice,lunch,600,12.8,20.4,23.3,non_vegetarian,mixed,0,weight_loss|light
Vegetable Poha,breakfast,387,12.0,50.8,11.7,vegetarian,south_indian,1,balanced|beginner
Tofu Scramble,breakfast,345,17.8,71.3,3.1,vegan,north_indian,1,improve_stamina|carb_rich
Boiled Eggs,snack,195,14.3,12.0,8.2,non_vegetarian,north_indian,1,muscle_gain|high_protein
Dal Tadka,dinner,618,6.2,75.3,22.4,vegetarian,north_indian,0,balanced|beginner
Upma,breakfast,387,11.2,46.1,14.1,vegetarian,north_indian,1,balanced|beginner
Paneer Bhurji,dinner,450,21.9,43.3,17.0,vegetarian,mixed,1,muscle_gain|high_protein
Grilled Chicken,dinner,536,10.4,59.4,17.8,non_vegetarian,north_indian,0,balanced|beginner
Fruit Salad,snack,237,6.0,27.5,9.3,vegan,north_indian,1,improve_stamina|carb_rich
Oats with Milk,breakfast,437,15.2,64.0,10.9,vegetarian,north_indian,0,improve_stamina|carb_rich
Fish Curry Rice,lunch,438,6.7,28.3,13.2,non_vegetarian,north_indian,0,improve_stamina|carb_rich
Thepla,breakfast,364,6.2,48.8,12.7,vegetarian,south_indian,1,weight_loss|light
Chicken Curry Rice,lunch,632,21.2,75.4,14.7,non_vegetarian,north_indian,1,balanced|beginner
Fish Curry Rice,lunch,354,18.6,49.1,11.2,non_vegetarian,north_indian,1,weight_loss|light
Paneer Bhurji,dinner,376,14.0,32.2,17.9,vegetarian,south_indian,1,improve_stamina|carb_rich
Dal Rice,lunch,681,12.7,93.4,14.9,vegetarian,north_indian,0,weight_loss|light
Masala Omelette,breakfast,243,4.2,40.3,5.1,non_vegetarian,north_indian,1,balanced|beginner
Fruit Bowl,breakfast,427,16.2,34.5,23.4,vegan,south_indian,0,improve_stamina|carb_rich
Paneer Sandwich,breakfast,387,4.3,45.1,17.6,vegetarian,north_indian,1,balanced|beginner
Egg Curry,dinner,467,31.3,36.7,24.8,non_vegetarian,north_indian,0,muscle_gain|high_protein
Chicken Curry Rice,lunch,629,15.6,77.7,16.8,non_vegetarian,south_indian,1,weight_loss|light
Buttermilk,snack,242,10.0,16.1,13.1,vegetarian,north_indian,1,weight_loss|light
Sprouts Salad,snack,265,10.2,19.9,13.7,vegan,north_indian,1,weight_loss|light
Paneer Cubes,snack,224,4.1,18.4,12.9,vegetarian,north_indian,1,improve_stamina|carb_rich
Vegetable Khichdi,lunch,495,43.6,43.3,11.4,vegetarian,south_indian,1,muscle_gain|high_protein
Corn Chaat,snack,180,7.3,23.9,4.5,vegan,north_indian,1,muscle_gain|high_protein
Corn Chaat,snack,178,3.3,23.6,6.2,vegan,mixed,1,improve_stamina|carb_rich
Rajma Chawal,lunch,577,18.1,66.2,18.3,vegetarian,south_indian,1,improve_stamina|carb_rich
Fruit Salad,snack,276,18.6,28.6,5.7,vegan,north_indian,1,weight_loss|light
Peanut Chaat,snack,180,5.0,10.9,11.3,vegetarian,mixed,1,balanced|beginner
Oats with Milk,breakfast,264,2.6,32.3,11.5,vegetarian,mixed,1,weight_loss|light
Protein Shake,snack,93,1.1,11.3,4.0,vegetarian,north_indian,1,weight_loss|light
Paneer Cubes,snack,145,14.0,7.9,5.1,vegetarian,north_indian,1,muscle_gain|high_protein
Corn Chaat,snack,94,6.2,8.9,2.9,vegan,north_indian,1,weight_loss|light
Chicken Curry Rice,lunch,427,19.2,38.1,5.5,non_vegetarian,south_indian,1,weight_loss|light
Hyderabadi Biryani,lunch,401,11.0,60.1,9.4,non_vegetarian,south_indian,0,improve_stamina|carb_rich
Rajma Chawal,lunch,677,31.3,91.8,6.9,vegetarian,north_indian,0,balanced|beginner
Fruit Bowl,breakfast,157,6.9,17.7,5.1,vegan,mixed,0,improve_stamina|carb_rich
Egg Curry,dinner,388,7.4,44.3,21.7,non_vegetarian,mixed,0,weight_loss|light
Vegetable Khichdi,lunch,412,15.1,37.8,18.6,vegetarian,south_indian,1,balanced|beginner
Hyderabadi Biryani,lunch,456,9.4,54.7,13.0,non_vegetarian,north_indian,0,balanced|beginner
Fruit Bowl,breakfast,250,9.7,25.4,9.9,vegan,north_indian,1,improve_stamina|carb_rich
Idli Sambar,breakfast,387,8.3,43.0,16.7,vegetarian,north_indian,1,weight_loss|light
Sprouts Salad,snack,96,2.2,17.0,1.3,vegan,south_indian,1,weight_loss|light
Tofu Stir Fry,lunch,367,5.3,46.5,14.5,vegan,mixed,1,weight_loss|light
Corn Chaat,snack,115,3.6,13.2,4.3,vegan,south_indian,1,balanced|beginner
Upma,breakfast,421,35.9,20.8,5.5,vegetarian,north_indian,1,muscle_gain|high_protein
Paneer Bhurji,dinner,379,6.8,58.3,3.1,vegetarian,mixed,0,improve_stamina|carb_rich
Grilled Chicken,dinner,695,31.0,56.0,24.6,non_vegetarian,mixed,0,improve_stamina|carb_rich
Sabudana Khichdi,breakfast,301,16.4,33.6,8.5,vegetarian,north_indian,1,muscle_gain|high_protein
Grilled Chicken,dinner,449,14.9,23.6,14.2,non_vegetarian,north_indian,1,weight_loss|light
Hyderabadi Biryani,lunch,471,16.6,70.4,13.4,non_vegetarian,mixed,1,weight_loss|light
Vegetable Soup,dinner,509,6.8,67.1,9.0,vegan,mixed,0,balanced|beginner
Buttermilk,snack,96,3.0,12.5,2.9,vegetarian,north_indian,1,weight_loss|light
Chicken Curry Rice,lunch,544,10.2,52.8,18.2,non_vegetarian,south_indian,0,balanced|beginner
Corn Chaat,snack,265,11.8,30.0,8.5,vegan,north_indian,1,weight_loss|light
Roasted Chana,snack,87,3.1,8.9,3.6,vegan,north_indian,1,weight_loss|light
Dal Rice,lunch,520,18.9,67.4,9.0,vegetarian,north_indian,1,improve_stamina|carb_rich
Protein Shake,snack,251,7.4,19.3,13.8,vegetarian,north_indian,1,improve_stamina|carb_rich
Paneer Cubes,snack,182,3.0,22.5,7.3,vegetarian,north_indian,1,balanced|beginner
Mixed Veg Curry,dinner,486,5.6,61.9,9.3,vegetarian,south_indian,0,balanced|beginner
Boiled Eggs,snack,123,9.1,6.4,5.7,non_vegetarian,north_indian,1,muscle_gain|high_protein
Pav Bhaji,lunch,609,13.4,46.0,23.9,vegetarian,north_indian,0,improve_stamina|carb_rich
Vegetable Khichdi,lunch,435,27.4,52.0,9.2,vegetarian,south_indian,1,muscle_gain|high_protein
Buttermilk,snack,96,9.5,5.6,3.1,vegetarian,south_indian,1,muscle_gain|high_protein
Vegetable Soup,dinner,538,18.7,59.0,19.8,vegan,north_indian,1,balanced|beginner
Buttermilk,snack,152,6.9,10.7,7.7,vegetarian,mixed,1,muscle_gain|high_protein
Fish Fry,dinner,388,12.8,42.8,21.2,non_vegetarian,south_indian,1,weight_loss|light
Oats with Milk,breakfast,342,7.2,28.0,5.3,vegetarian,mixed,1,improve_stamina|carb_rich
Oats with Milk,breakfast,382,9.1,58.6,4.3,vegetarian,north_indian,1,weight_loss|light
Mixed Veg Curry,dinner,664,18.1,56.9,24.1,vegetarian,mixed,0,improve_stamina|carb_rich
Dal Tadka,dinner,425,15.9,47.0,3.4,vegetarian,north_indian,1,improve_stamina|carb_rich
Tofu Stir Fry,lunch,438,17.7,47.0,16.1,vegan,north_indian,1,muscle_gain|high_protein
Protein Shake,snack,131,5.5,11.5,5.9,vegetarian,south_indian,1,balanced|beginner
Buttermilk,snack,268,16.2,26.7,8.3,vegetarian,north_indian,0,muscle_gain|high_protein
Fruit Bowl,breakfast,263,7.9,33.9,8.3,vegan,mixed,1,balanced|beginner
Hyderabadi Biryani,lunch,420,11.8,46.9,18.9,non_vegetarian,north_indian,0,balanced|beginner
Paneer Roti,lunch,613,15.8,79.2,17.3,vegetarian,mixed,1,improve_stamina|carb_rich
Egg Curry,dinner,490,11.2,75.8,23.3,non_vegetarian,north_indian,0,weight_loss|light
Dal Tadka,dinner,662,36.9,68.8,13.4,vegetarian,south_indian,1,muscle_gain|high_protein
Paneer Bhurji,dinner,586,12.5,62.5,20.1,vegetarian,north_indian,1,improve_stamina|carb_rich
Upma,breakfast,288,6.9,35.1,10.8,vegetarian,south_indian,1,improve_stamina|carb_rich
Masala Omelette,breakfast,391,18.2,40.4,3.8,non_vegetarian,mixed,1,improve_stamina|carb_rich
Paneer Roti,lunch,598,18.5,37.2,11.8,vegetarian,south_indian,1,weight_loss|light
Sprouts Salad,snack,203,5.3,25.4,7.1,vegan,mixed,1,weight_loss|light
Protein Shake,snack,90,2.9,8.7,4.1,vegetarian,north_indian,1,improve_stamina|carb_rich
Kadhi Rice,lunch,394,5.7,59.8,17.8,vegetarian,mixed,0,balanced|beginner
Corn Chaat,snack,175,5.7,23.9,4.8,vegan,mixed,1,weight_loss|light
Paneer Sandwich,breakfast,315,4.9,50.1,7.8,vegetarian,south_indian,1,balanced|beginner
Roti Sabji,dinner,544,19.4,21.9,18.9,vegetarian,south_indian,1,improve_stamina|carb_rich
Pav Bhaji,lunch,432,19.9,68.8,9.5,vegetarian,north_indian,1,improve_stamina|carb_rich
Vegetable Soup,dinner,469,28.7,45.2,11.7,vegan,north_indian,1,muscle_gain|high_protein
Sabudana Khichdi,breakfast,237,18.3,21.3,10.5,vegetarian,north_indian,1,weight_loss|light
Vegetable Khichdi,lunch,438,19.5,57.6,13.8,vegetarian,north_indian,1,improve_stamina|carb_rich
Sabudana Khichdi,breakfast,284,8.3,38.6,8.2,vegetarian,mixed,1,balanced|beginner
Chicken Curry Rice,lunch,407,12.1,40.9,18.1,non_vegetarian,north_indian,1,improve_stamina|carb_rich
Masala Omelette,breakfast,379,11.7,39.5,16.0,non_vegetarian,north_indian,1,improve_stamina|carb_rich
Egg Curry,dinner,576,11.2,75.2,8.6,non_vegetarian,north_indian,0,improve_stamina|carb_rich
Peanut Chaat,snack,163,2.8,21.5,5.9,vegetarian,south_indian,1,weight_loss|light
Sabudana Khichdi,breakfast,204,7.9,27.9,4.9,vegetarian,north_indian,1,improve_stamina|carb_rich
Buttermilk,snack,261,5.5,28.9,11.4,vegetarian,north_indian,0,balanced|beginner
Rajma Chawal,lunch,697,23.9,96.5,10.0,vegetarian,south_indian,0,weight_loss|light
Corn Chaat,snack,262,12.5,41.0,3.0,vegan,north_indian,0,balanced|beginner
Vegetable Khichdi,lunch,623,22.1,36.9,30.5,vegetarian,mixed,0,improve_stamina|carb_rich
Thepla,breakfast,170,12.1,17.6,4.2,vegetarian,north_indian,0,muscle_gain|high_protein
Masala Omelette,breakfast,167,16.8,16.1,2.4,non_vegetarian,mixed,0,muscle_gain|high_protein
Tofu Scramble,breakfast,383,27.4,24.7,16.0,vegan,north_indian,1,muscle_gain|high_protein
Tofu Curry,dinner,598,30.0,78.5,6.3,vegan,mixed,1,balanced|beginner
Fish Fry,dinner,565,13.1,71.2,19.2,non_vegetarian,south_indian,1,balanced|beginner
Oats with Milk,breakfast,406,8.4,57.7,15.0,vegetarian,north_indian,1,improve_stamina|carb_rich
Roasted Chana,snack,117,4.2,10.2,5.6,vegan,north_indian,1,improve_stamina|carb_rich
Sabudana Khichdi,breakfast,345,12.4,52.4,9.1,vegetarian,mixed,1,balanced|beginner
Sprouts Salad,snack,234,8.0,30.7,6.7,vegan,south_indian,1,weight_loss|light
Protein Shake,snack,260,6.4,24.5,9.4,vegetarian,south_indian,1,weight_loss|light
Boiled Eggs,snack,109,8.5,6.0,4.7,non_vegetarian,north_indian,1,muscle_gain|high_protein
Egg Curry,dinner,566,13.1,28.8,21.8,non_vegetarian,north_indian,1,weight_loss|light
Rajma Chawal,lunch,394,27.5,43.3,8.8,vegetarian,south_indian,1,muscle_gain|high_protein
Grilled Chicken,dinner,445,18.3,56.9,14.9,non_vegetarian,mixed,1,improve_stamina|carb_rich
Mixed Veg Curry,dinner,501,23.3,55.9,21.5,vegetarian,mixed,1,muscle_gain|high_protein
Paneer Bhurji,dinner,555,40.6,36.0,7.1,vegetarian,north_indian,1,muscle_gain|high_protein
Fruit Bowl,breakfast,193,13.3,11.1,8.9,vegan,north_indian,1,muscle_gain|high_protein
Grilled Chicken,dinner,530,14.1,51.8,19.0,non_vegetarian,mixed,1,balanced|beginner
Paneer Roti,lunch,367,9.6,54.4,9.0,vegetarian,mixed,1,weight_loss|light
Sabudana Khichdi,breakfast,245,10.9,15.0,13.5,vegetarian,north_indian,1,balanced|beginner
Idli Sambar,breakfast,231,18.0,28.9,2.8,vegetarian,north_indian,1,muscle_gain|high_protein
Vegetable Soup,dinner,431,12.3,51.8,15.6,vegan,north_indian,1,muscle_gain|high_protein
Tofu Curry,dinner,545,7.4,57.1,18.1,vegan,mixed,0,balanced|beginner
Dal Rice,lunch,515,12.9,26.7,17.1,vegetarian,south_indian,1,weight_loss|light
Vegetable Soup,dinner,612,8.3,77.8,8.9,vegan,north_indian,0,improve_stamina|carb_rich
Roti Sabji,dinner,648,21.1,55.7,23.0,vegetarian,south_indian,0,muscle_gain|high_protein
Egg Curry,dinner,543,12.3,73.2,11.5,non_vegetarian,south_indian,1,improve_stamina|carb_rich
Paneer Bhurji,dinner,523,18.5,76.2,5.6,vegetarian,north_indian,1,improve_stamina|carb_rich
Fish Fry,dinner,470,18.0,29.7,24.9,non_vegetarian,mixed,0,weight_loss|light
Hyderabadi Biryani,lunch,565,14.9,48.8,10.0,non_vegetarian,north_indian,1,weight_loss|light
Corn Chaat,snack,256,20.0,22.9,7.1,vegan,mixed,1,muscle_gain|high_protein
Upma,breakfast,276,20.8,28.6,6.3,vegetarian,north_indian,1,muscle_gain|high_protein
Oats with Milk,breakfast,375,15.7,65.3,11.9,vegetarian,mixed,1,weight_loss|light
Paneer Cubes,snack,243,14.0,18.7,10.3,vegetarian,south_indian,1,muscle_gain|high_protein
Egg Curry,dinner,496,19.8,54.2,7.9,non_vegetarian,mixed,1,muscle_gain|high_protein
Dal Tadka,dinner,477,7.6,39.5,9.2,vegetarian,north_indian,0,weight_loss|light
Roti Sabji,dinner,389,11.4,32.9,6.5,vegetarian,north_indian,0,balanced|beginner
Rajma Chawal,lunch,452,16.0,53.8,13.7,vegetarian,north_indian,1,weight_loss|light
Hyderabadi Biryani,lunch,609,36.2,63.9,11.0,non_vegetarian,north_indian,1,improve_stamina|carb_rich
Mixed Veg Curry,dinner,626,5.9,56.6,17.0,vegetarian,north_indian,0,balanced|beginner
Paneer Bhurji,dinner,440,19.3,64.0,9.2,vegetarian,south_indian,1,weight_loss|light
Fish Fry,dinner,513,42.9,42.6,22.1,non_vegetarian,south_indian,0,muscle_gain|high_protein
Protein Shake,snack,235,10.9,18.0,11.2,vegetarian,north_indian,1,balanced|beginner
Tofu Stir Fry,lunch,529,19.1,64.7,23.6,vegan,north_indian,0,improve_stamina|carb_rich
Sprouts Salad,snack,161,6.3,13.6,7.6,vegan,north_indian,1,weight_loss|light
Sabudana Khichdi,breakfast,282,6.1,33.6,11.2,vegetarian,mixed,1,weight_loss|light
Tofu Curry,dinner,436,7.4,55.0,4.7,vegan,mixed,0,weight_loss|light
Protein Shake,snack,169,9.1,26.1,1.6,vegetarian,south_indian,1,improve_stamina|carb_rich
Vegetable Soup,dinner,676,10.4,66.3,27.5,vegan,north_indian,0,weight_loss|light
Grilled Chicken,dinner,625,17.5,72.0,10.0,non_vegetarian,north_indian,1,improve_stamina|carb_rich
Protein Shake,snack,156,3.9,18.4,6.0,vegetarian,north_indian,1,balanced|beginner
Upma,breakfast,393,17.0,47.3,21.0,vegetarian,north_indian,0,balanced|beginner
Paneer Sandwich,breakfast,421,18.4,40.5,22.7,vegetarian,mixed,0,balanced|beginner
Boiled Eggs,snack,219,4.3,16.9,13.0,non_vegetarian,north_indian,1,improve_stamina|carb_rich
Vegetable Soup,dinner,398,27.5,52.7,5.0,vegan,south_indian,1,muscle_gain|high_protein
Sabudana Khichdi,breakfast,302,7.0,37.9,5.6,vegetarian,north_indian,1,balanced|beginner
Vegetable Soup,dinner,615,8.8,57.5,19.9,vegan,south_indian,0,weight_loss|light
Dal Rice,lunch,391,18.1,24.5,20.1,vegetarian,south_indian,1,balanced|beginner
Tofu Scramble,breakfast,318,9.8,35.0,12.6,vegan,mixed,1,weight_loss|light
Fruit Salad,snack,258,11.2,25.7,10.0,vegan,north_indian,1,balanced|beginner
Roti Sabji,dinner,570,35.8,40.9,12.8,vegetarian,north_indian,1,muscle_gain|high_protein
Tofu Curry,dinner,673,18.0,95.0,11.1,vegan,north_indian,0,improve_stamina|carb_rich
Corn Chaat,snack,300,11.6,29.5,12.4,vegan,north_indian,0,balanced|beginner
Roasted Chana,snack,145,7.6,17.9,3.5,vegan,north_indian,1,muscle_gain|high_protein
Protein Shake,snack,98,3.0,7.0,5.6,vegetarian,north_indian,1,improve_stamina|carb_rich
Pav Bhaji,lunch,634,26.4,67.7,16.0,vegetarian,south_indian,1,improve_stamina|carb_rich
Masala Omelette,breakfast,176,10.8,20.4,4.1,non_vegetarian,south_indian,0,muscle_gain|high_protein
Fish Fry,dinner,568,19.2,32.2,21.7,non_vegetarian,north_indian,1,muscle_gain|high_protein
Chicken Curry Rice,lunch,446,14.7,37.5,17.5,non_vegetarian,mixed,1,improve_stamina|carb_rich
Vegetable Soup,dinner,468,5.4,44.5,14.5,vegan,north_indian,0,balanced|beginner
Thepla,breakfast,449,22.0,77.1,4.3,vegetarian,north_indian,1,muscle_gain|high_protein
Fruit Bowl,breakfast,156,5.0,19.0,5.2,vegan,north_indian,0,balanced|beginner
Buttermilk,snack,98,3.1,12.7,3.0,vegetarian,north_indian,1,weight_loss|light
Kadhi Rice,lunch,632,35.1,39.8,9.6,vegetarian,mixed,1,muscle_gain|high_protein
Hyderabadi Biryani,lunch,482,8.9,47.7,18.8,non_vegetarian,north_indian,0,balanced|beginner
Paneer Cubes,snack,252,5.5,20.8,11.6,vegetarian,north_indian,1,improve_stamina|carb_rich
Fruit Bowl,breakfast,152,3.9,10.6,9.1,vegan,mixed,0,balanced|beginner
Masala Omelette,breakfast,270,5.9,29.4,11.9,non_vegetarian,mixed,1,weight_loss|light
Thepla,breakfast,300,6.0,30.0,14.7,vegetarian,north_indian,1,improve_stamina|carb_rich
Oats with Milk,breakfast,424,6.2,49.3,10.1,vegetarian,south_indian,0,improve_stamina|carb_rich
Sabudana Khichdi,breakfast,367,6.6,49.5,12.6,vegetarian,north_indian,1,weight_loss|light
Chicken Curry Rice,lunch,698,43.8,43.6,8.6,non_vegetarian,south_indian,1,muscle_gain|high_protein
Oats with Milk,breakfast,343,10.4,26.9,21.5,vegetarian,north_indian,0,weight_loss|light
Sabudana Khichdi,breakfast,362,8.6,31.1,23.2,vegetarian,mixed,0,weight_loss|light
Paneer Bhurji,dinner,470,14.7,36.1,16.6,vegetarian,south_indian,1,improve_stamina|carb_rich
Thepla,breakfast,225,4.2,24.4,10.3,vegetarian,mixed,1,balanced|beginner
Protein Shake,snack,290,5.8,40.2,9.2,vegetarian,north_indian,0,improve_stamina|carb_rich
Vegetable Khichdi,lunch,590,14.0,35.0,24.1,vegetarian,mixed,0,improve_stamina|carb_rich
Peanut Chaat,snack,290,5.1,34.2,12.2,vegetarian,south_indian,1,weight_loss|light
Fish Curry Rice,lunch,356,19.5,39.3,14.6,non_vegetarian,north_indian,1,improve_stamina|carb_rich
Grilled Chicken,dinner,485,6.6,75.3,20.7,non_vegetarian,south_indian,0,improve_stamina|carb_rich
Peanut Chaat,snack,161,3.5,18.8,6.5,vegetarian,north_indian,1,balanced|beginner
Paneer Roti,lunch,586,10.0,75.1,8.4,vegetarian,south_indian,0,balanced|beginner
Upma,breakfast,354,20.0,40.1,7.3,vegetarian,north_indian,1,improve_stamina|carb_rich
Vegetable Poha,breakfast,332,19.6,33.4,10.4,vegetarian,north_indian,1,muscle_gain|high_protein
Paneer Bhurji,dinner,695,19.1,66.5,25.3,vegetarian,south_indian,0,weight_loss|light
Upma,breakfast,326,18.3,30.0,9.5,vegetarian,north_indian,1,muscle_gain|high_protein
Roti Sabji,dinner,386,17.7,43.3,12.4,vegetarian,south_indian,1,muscle_gain|high_protein
Paneer Sandwich,breakfast,399,28.0,32.8,5.7,vegetarian,mixed,1,muscle_gain|high_protein
Dal Rice,lunch,654,30.6,45.5,25.8,vegetarian,south_indian,0,weight_loss|light
Pav Bhaji,lunch,410,29.5,36.5,12.6,vegetarian,north_indian,1,muscle_gain|high_protein
Hyderabadi Biryani,lunch,459,34.4,65.9,6.4,non_vegetarian,north_indian,1,muscle_gain|high_protein
Paneer Sandwich,breakfast,328,5.6,29.4,5.0,vegetarian,south_indian,1,balanced|beginner
Hyderabadi Biryani,lunch,472,33.2,49.2,19.3,non_vegetarian,mixed,1,muscle_gain|high_protein
Oats with Milk,breakfast,341,14.4,33.8,13.4,vegetarian,north_indian,1,balanced|beginner
Mixed Veg Curry,dinner,508,28.3,41.4,20.8,vegetarian,north_indian,1,muscle_gain|high_protein
Roasted Chana,snack,233,2.5,28.4,10.1,vegan,north_indian,1,balanced|beginner
Roti Sabji,dinner,612,5.8,77.9,6.2,vegetarian,north_indian,0,weight_loss|light
Corn Chaat,snack,175,12.9,21.9,2.5,vegan,north_indian,1,muscle_gain|high_protein
Upma,breakfast,260,8.5,21.2,8.5,vegetarian,north_indian,1,balanced|beginner
Sabudana Khichdi,breakfast,447,14.3,37.2,22.3,vegetarian,north_indian,0,balanced|beginner
Egg Curry,dinner,577,10.7,35.7,18.2,non_vegetarian,north_indian,0,balanced|beginner
Buttermilk,snack,160,3.9,25.1,3.5,vegetarian,north_indian,1,balanced|beginner
Vegetable Poha,breakfast,179,8.9,23.9,3.7,vegetarian,north_indian,0,muscle_gain|high_protein
Fruit Salad,snack,176,6.0,27.0,3.3,vegan,mixed,1,improve_stamina|carb_rich
Hyderabadi Biryani,lunch,561,26.2,33.6,20.5,non_vegetarian,north_indian,1,muscle_gain|high_protein
Tofu Curry,dinner,544,10.5,69.1,3.9,vegan,north_indian,0,weight_loss|light
Grilled Chicken,dinner,653,8.2,51.6,22.3,non_vegetarian,north_indian,0,weight_loss|light
Dal Rice,lunch,373,6.6,37.8,18.9,vegetarian,south_indian,0,balanced|beginner
Vegetable Poha,breakfast,232,16.5,20.8,7.1,vegetarian,north_indian,1,muscle_gain|high_protein
Dal Rice,lunch,664,7.5,76.1,23.3,vegetarian,north_indian,0,improve_stamina|carb_rich
Boiled Eggs,snack,221,6.0,30.8,6.2,non_vegetarian,mixed,1,weight_loss|light
Pav Bhaji,lunch,681,9.6,64.5,21.0,vegetarian,north_indian,0,balanced|beginner
Thepla,breakfast,332,26.1,32.0,8.1,vegetarian,north_indian,1,muscle_gain|high_protein
Paneer Sandwich,breakfast,407,26.6,34.6,14.4,vegetarian,north_indian,1,muscle_gain|high_protein
Egg Curry,dinner,624,14.1,52.1,16.1,non_vegetarian,north_indian,1,improve_stamina|carb_rich
Fruit Bowl,breakfast,352,23.9,27.0,13.4,vegan,south_indian,1,muscle_gain|high_protein
Paneer Roti,lunch,668,36.1,80.7,8.9,vegetarian,north_indian,1,muscle_gain|high_protein
Paneer Cubes,snack,82,4.8,7.4,2.9,vegetarian,north_indian,1,muscle_gain|high_protein
Pav Bhaji,lunch,662,12.9,79.3,19.3,vegetarian,north_indian,0,balanced|beginner
Dal Rice,lunch,405,15.1,46.2,22.4,vegetarian,mixed,0,weight_loss|light
Tofu Stir Fry,lunch,483,16.0,64.6,17.9,vegan,south_indian,1,weight_loss|light
Thepla,breakfast,261,16.4,28.4,6.8,vegetarian,north_indian,1,muscle_gain|high_protein
Grilled Chicken,dinner,434,12.2,43.0,23.5,non_vegetarian,north_indian,0,weight_loss|light
Mixed Veg Curry,dinner,513,17.3,20.1,17.3,vegetarian,north_indian,1,improve_stamina|carb_rich
Dal Tadka,dinner,587,10.3,78.3,14.1,vegetarian,mixed,0,balanced|beginner
Boiled Eggs,snack,144,3.5,19.1,4.7,non_vegetarian,south_indian,1,weight_loss|light
Tofu Curry,dinner,434,9.8,74.3,5.2,vegan,south_indian,0,balanced|beginner
Boiled Eggs,snack,192,8.0,26.3,4.4,non_vegetarian,south_indian,1,balanced|beginner
Boiled Eggs,snack,254,4.5,41.2,5.7,non_vegetarian,mixed,1,weight_loss|light
Dal Tadka,dinner,408,14.9,68.5,13.2,vegetarian,mixed,1,improve_stamina|carb_rich
Roti Sabji,dinner,678,34.3,56.7,21.3,vegetarian,south_indian,0,balanced|beginner
Corn Chaat,snack,246,9.9,34.3,8.8,vegan,north_indian,1,weight_loss|light
Dal Rice,lunch,635,42.3,62.5,11.0,vegetarian,mixed,1,muscle_gain|high_protein
Chicken Curry Rice,lunch,694,40.1,47.4,6.7,non_vegetarian,mixed,1,muscle_gain|high_protein
Fish Curry Rice,lunch,562,10.4,47.2,11.4,non_vegetarian,north_indian,0,balanced|beginner
Dal Rice,lunch,659,15.8,62.1,25.4,vegetarian,south_indian,0,balanced|beginner
Tofu Curry,dinner,423,19.4,43.3,20.1,vegan,north_indian,1,improve_stamina|carb_rich
Tofu Curry,dinner,479,27.0,67.5,9.6,vegan,south_indian,1,muscle_gain|high_protein
Thepla,breakfast,355,24.4,37.5,8.8,vegetarian,north_indian,1,muscle_gain|high_protein
Buttermilk,snack,164,3.7,20.8,5.9,vegetarian,north_indian,1,improve_stamina|carb_rich
Roti Sabji,dinner,464,5.9,49.9,13.5,vegetarian,mixed,0,improve_stamina|carb_rich
Paneer Cubes,snack,95,4.1,9.3,3.8,vegetarian,north_indian,1,balanced|beginner
Vegetable Poha,breakfast,236,5.8,23.4,11.2,vegetarian,north_indian,1,weight_loss|light
Kadhi Rice,lunch,453,9.9,58.3,23.6,vegetarian,south_indian,0,balanced|beginner
Thepla,breakfast,265,13.9,30.6,7.3,vegetarian,mixed,1,muscle_gain|high_protein
Boiled Eggs,snack,119,8.5,14.1,2.1,non_vegetarian,north_indian,1,muscle_gain|high_protein
Paneer Cubes,snack,156,2.0,18.5,6.9,vegetarian,north_indian,1,improve_stamina|carb_rich
Idli Sambar,breakfast,244,5.2,30.6,9.0,vegetarian,north_indian,1,improve_stamina|carb_rich
Upma,breakfast,276,4.7,47.7,4.9,vegetarian,north_indian,1,improve_stamina|carb_rich
Pav Bhaji,lunch,563,6.5,61.0,8.9,vegetarian,mixed,0,balanced|beginner
Mixed Veg Curry,dinner,451,9.8,46.5,18.4,vegetarian,north_indian,0,improve_stamina|carb_rich
Paneer Sandwich,breakfast,358,9.2,58.6,6.5,vegetarian,north_indian,1,improve_stamina|carb_rich
Vegetable Soup,dinner,431,14.1,52.7,14.4,vegan,north_indian,1,balanced|beginner
Tofu Scramble,breakfast,393,9.9,45.6,5.0,vegan,south_indian,1,improve_stamina|carb_rich
Oats with Milk,breakfast,347,6.0,53.0,9.3,vegetarian,south_indian,1,improve_stamina|carb_rich
Paneer Sandwich,breakfast,306,23.9,21.3,11.2,vegetarian,north_indian,1,muscle_gain|high_protein
Paneer Bhurji,dinner,410,4.7,51.3,17.0,vegetarian,mixed,0,balanced|beginner
Rajma Chawal,lunch,350,22.2,42.0,7.2,vegetarian,north_indian,1,muscle_gain|high_protein
Vegetable Khichdi,lunch,458,34.6,40.2,8.5,vegetarian,north_indian,1,balanced|beginner
Protein Shake,snack,109,6.2,12.7,2.7,vegetarian,south_indian,1,muscle_gain|high_protein
Vegetable Soup,dinner,453,11.7,69.3,11.8,vegan,mixed,0,weight_loss|light
Peanut Chaat,snack,87,3.0,6.2,4.8,vegetarian,north_indian,1,weight_loss|light
Roti Sabji,dinner,386,6.8,49.6,14.4,vegetarian,north_indian,1,weight_loss|light
Masala Omelette,breakfast,371,10.0,40.7,15.4,non_vegetarian,south_indian,1,balanced|beginner
Dal Rice,lunch,638,21.5,69.2,17.8,vegetarian,north_indian,1,improve_stamina|carb_rich
Buttermilk,snack,186,2.3,19.2,9.4,vegetarian,north_indian,1,improve_stamina|carb_rich
Mixed Veg Curry,dinner,368,14.5,60.6,3.4,vegetarian,mixed,1,weight_loss|light
Grilled Chicken,dinner,624,34.4,48.5,3.0,non_vegetarian,north_indian,1,muscle_gain|high_protein
Peanut Chaat,snack,212,7.3,23.4,8.0,vegetarian,north_indian,1,weight_loss|light
Dal Tadka,dinner,486,35.9,53.8,8.2,vegetarian,mixed,1,muscle_gain|high_protein
Buttermilk,snack,247,7.5,27.0,9.9,vegetarian,north_indian,1,weight_loss|light
Tofu Scramble,breakfast,367,13.7,42.9,8.3,vegan,south_indian,1,weight_loss|light
Egg Curry,dinner,485,17.9,46.5,12.8,non_vegetarian,south_indian,1,improve_stamina|carb_rich
Corn Chaat,snack,213,19.0,21.5,3.8,vegan,mixed,1,muscle_gain|high_protein
Thepla,breakfast,246,9.5,40.0,3.1,vegetarian,north_indian,1,balanced|beginner
Vegetable Soup,dinner,572,15.7,73.7,12.4,vegan,north_indian,1,balanced|beginner
Fish Curry Rice,lunch,585,16.7,48.1,21.9,non_vegetarian,north_indian,1,balanced|beginner
Chicken Curry Rice,lunch,358,13.9,56.6,5.3,non_vegetarian,mixed,1,muscle_gain|high_protein
Masala Omelette,breakfast,165,9.5,20.0,3.7,non_vegetarian,north_indian,0,muscle_gain|high_protein
Tofu Curry,dinner,657,13.9,79.3,7.2,vegan,mixed,0,weight_loss|light
Hyderabadi Biryani,lunch,515,9.1,55.3,17.5,non_vegetarian,south_indian,0,balanced|beginner
Roti Sabji,dinner,391,14.9,56.6,4.8,vegetarian,south_indian,1,balanced|beginner
Peanut Chaat,snack,220,11.0,26.4,5.9,vegetarian,mixed,1,weight_loss|light
Grilled Chicken,dinner,651,15.8,60.4,10.3,non_vegetarian,north_indian,0,improve_stamina|carb_rich
Roasted Chana,snack,229,3.4,40.3,4.0,vegan,north_indian,1,weight_loss|light
Kadhi Rice,lunch,544,25.7,71.5,14.0,vegetarian,mixed,1,muscle_gain|high_protein
Paneer Bhurji,dinner,495,12.9,58.1,16.3,vegetarian,mixed,1,improve_stamina|carb_rich
Kadhi Rice,lunch,435,17.6,56.7,19.3,vegetarian,north_indian,1,weight_loss|light
Oats with Milk,breakfast,313,14.7,47.2,4.0,vegetarian,north_indian,1,balanced|beginner
Sabudana Khichdi,breakfast,293,22.1,31.3,6.2,vegetarian,mixed,1,muscle_gain|high_protein
Boiled Eggs,snack,86,1.8,11.5,2.9,non_vegetarian,mixed,1,improve_stamina|carb_rich
Dal Tadka,dinner,455,11.1,50.7,13.2,vegetarian,mixed,0,balanced|beginner
Kadhi Rice,lunch,448,12.6,71.2,11.9,vegetarian,mixed,1,weight_loss|light
Paneer Roti,lunch,626,32.4,77.0,12.4,vegetarian,north_indian,1,muscle_gain|high_protein
Peanut Chaat,snack,231,15.3,32.8,2.2,vegetarian,mixed,1,muscle_gain|high_protein
Fish Fry,dinner,696,36.8,43.8,27.6,non_vegetarian,mixed,0,weight_loss|light
Fruit Bowl,breakfast,363,33.7,31.5,8.1,vegan,north_indian,1,muscle_gain|high_protein
Vegetable Khichdi,lunch,596,16.5,65.8,3.2,vegetarian,south_indian,1,improve_stamina|carb_rich
Vegetable Soup,dinner,682,31.4,83.3,11.1,vegan,north_indian,0,weight_loss|light
Idli Sambar,breakfast,280,4.6,39.1,9.2,vegetarian,north_indian,1,weight_loss|light
Roasted Chana,snack,127,3.2,16.6,4.2,vegan,mixed,1,balanced|beginner
Dal Rice,lunch,419,18.7,27.2,20.5,vegetarian,mixed,1,weight_loss|light
Masala Omelette,breakfast,213,7.7,26.6,6.5,non_vegetarian,north_indian,1,improve_stamina|carb_rich
Corn Chaat,snack,103,2.5,11.6,4.3,vegan,north_indian,1,balanced|beginner
Paneer Sandwich,breakfast,226,8.4,18.7,11.1,vegetarian,south_indian,1,improve_stamina|carb_rich
Sprouts Salad,snack,260,12.3,25.5,6.2,vegan,north_indian,1,balanced|beginner
Thepla,breakfast,214,5.7,22.8,9.2,vegetarian,north_indian,1,improve_stamina|carb_rich
Rajma Chawal,lunch,616,41.5,55.6,13.0,vegetarian,mixed,1,muscle_gain|high_protein
Upma,breakfast,194,2.8,22.4,8.6,vegetarian,mixed,1,improve_stamina|carb_rich
Tofu Curry,dinner,614,10.0,68.9,23.6,vegan,north_indian,0,weight_loss|light
Vegetable Poha,breakfast,200,7.2,23.6,6.8,vegetarian,south_indian,1,muscle_gain|high_protein
Buttermilk,snack,86,2.9,11.1,2.6,vegetarian,mixed,1,weight_loss|light
Fish Fry,dinner,380,7.6,43.7,16.1,non_vegetarian,south_indian,0,balanced|beginner
Vegetable Poha,breakfast,329,13.7,40.4,12.2,vegetarian,mixed,1,weight_loss|light
Fruit Salad,snack,101,1.8,15.1,2.8,vegan,north_indian,1,improve_stamina|carb_rich
Corn Chaat,snack,160,4.0,22.3,4.6,vegan,mixed,1,balanced|beginner
Roasted Chana,snack,117,13.4,11.1,1.1,vegan,south_indian,1,muscle_gain|high_protein
Peanut Chaat,snack,180,7.8,20.0,6.1,vegetarian,north_indian,1,weight_loss|light
Roasted Chana,snack,102,7.3,11.6,2.0,vegan,north_indian,1,muscle_gain|high_protein
Kadhi Rice,lunch,446,9.0,38.8,22.4,vegetarian,mixed,0,weight_loss|light
Idli Sambar,breakfast,165,8.3,19.7,4.4,vegetarian,south_indian,0,improve_stamina|carb_rich
Grilled Chicken,dinner,699,20.5,97.6,11.2,non_vegetarian,mixed,0,weight_loss|light
Fruit Bowl,breakfast,302,23.7,18.1,12.3,vegan,south_indian,1,muscle_gain|high_protein
Idli Sambar,breakfast,449,7.6,28.9,15.6,vegetarian,north_indian,0,balanced|beginner
Buttermilk,snack,265,4.7,23.0,14.8,vegetarian,south_indian,1,weight_loss|light
Sabudana Khichdi,breakfast,436,11.0,42.4,5.0,vegetarian,north_indian,0,balanced|beginner
Corn Chaat,snack,244,2.3,31.1,10.1,vegan,south_indian,1,weight_loss|light
Oats with Milk,breakfast,449,13.4,23.5,19.8,vegetarian,mixed,0,improve_stamina|carb_rich
Egg Curry,dinner,374,17.6,21.4,24.1,non_vegetarian,mixed,0,weight_loss|light
Mixed Veg Curry,dinner,362,7.9,42.4,14.7,vegetarian,south_indian,0,improve_stamina|carb_rich
Sprouts Salad,snack,263,5.3,27.6,13.4,vegan,north_indian,0,improve_stamina|carb_rich
Paneer Roti,lunch,649,18.3,57.1,8.3,vegetarian,north_indian,1,improve_stamina|carb_rich
Peanut Chaat,snack,149,5.2,26.2,1.3,vegetarian,mixed,1,improve_stamina|carb_rich
Chicken Curry Rice,lunch,681,16.0,49.2,14.3,non_vegetarian,south_indian,0,weight_loss|light
Boiled Eggs,snack,150,3.1,17.9,6.0,non_vegetarian,mixed,1,improve_stamina|carb_rich
Chicken Curry Rice,lunch,367,8.0,34.5,14.5,non_vegetarian,mixed,1,weight_loss|light
Boiled Eggs,snack,95,4.1,10.1,3.4,non_vegetarian,south_indian,1,improve_stamina|carb_rich
Corn Chaat,snack,254,12.9,36.2,6.2,vegan,north_indian,1,weight_loss|light
Upma,breakfast,237,8.0,41.0,2.4,vegetarian,north_indian,1,weight_loss|light
Roasted Chana,snack,278,25.1,38.4,3.1,vegan,north_indian,1,muscle_gain|high_protein
Tofu Curry,dinner,512,18.4,78.2,3.9,vegan,north_indian,1,improve_stamina|carb_rich
Paneer Roti,lunch,697,43.6,57.3,18.7,vegetarian,north_indian,0,balanced|beginner
Roasted Chana,snack,291,23.3,18.5,11.1,vegan,south_indian,1,muscle_gain|high_protein
Protein Shake,snack,103,4.1,12.1,3.3,vegetarian,north_indian,1,weight_loss|light
Hyderabadi Biryani,lunch,399,17.3,67.7,9.5,non_vegetarian,north_indian,1,improve_stamina|carb_rich
Fish Fry,dinner,650,15.6,54.5,10.6,non_vegetarian,south_indian,1,improve_stamina|carb_rich
Upma,breakfast,177,3.6,21.4,7.0,vegetarian,north_indian,0,balanced|beginner
Protein Shake,snack,111,10.0,11.6,1.7,vegetarian,south_indian,1,muscle_gain|high_protein
Fish Curry Rice,lunch,661,14.8,65.0,7.8,non_vegetarian,north_indian,0,balanced|beginner
Tofu Scramble,breakfast,333,12.2,58.2,2.7,vegan,north_indian,1,improve_stamina|carb_rich
Roti Sabji,dinner,575,24.5,76.7,7.4,vegetarian,mixed,1,balanced|beginner
Boiled Eggs,snack,83,3.5,7.9,3.4,non_vegetarian,mixed,1,muscle_gain|high_protein
Hyderabadi Biryani,lunch,533,18.0,76.7,16.9,non_vegetarian,north_indian,1,weight_loss|light
Pav Bhaji,lunch,456,17.2,24.8,22.3,vegetarian,mixed,0,weight_loss|light
Peanut Chaat,snack,122,3.8,12.9,5.0,vegetarian,mixed,1,balanced|beginner
Tofu Curry,dinner,565,8.0,34.1,16.4,vegan,north_indian,0,balanced|beginner
Corn Chaat,snack,274,7.5,41.0,6.4,vegan,mixed,1,weight_loss|light
Corn Chaat,snack,88,4.0,13.1,1.4,vegan,north_indian,1,balanced|beginner
Dal Rice,lunch,446,9.0,54.8,11.4,vegetarian,mixed,0,improve_stamina|carb_rich
Idli Sambar,breakfast,332,16.9,37.3,9.8,vegetarian,mixed,1,muscle_gain|high_protein
Tofu Scramble,breakfast,244,7.9,27.7,14.5,vegan,north_indian,1,balanced|beginner
Rajma Chawal,lunch,648,13.0,63.7,10.7,vegetarian,south_indian,1,balanced|beginner
Kadhi Rice,lunch,551,18.1,33.6,12.9,vegetarian,north_indian,1,weight_loss|light
Roti Sabji,dinner,435,24.4,59.2,3.8,vegetarian,mixed,1,muscle_gain|high_protein
Fruit Bowl,breakfast,159,3.8,24.2,3.8,vegan,south_indian,1,weight_loss|light
Tofu Curry,dinner,633,30.6,79.8,8.6,vegan,mixed,1,balanced|beginner
Fruit Bowl,breakfast,410,12.5,46.4,15.8,vegan,mixed,1,muscle_gain|high_protein
Rajma Chawal,lunch,535,11.9,52.7,24.9,vegetarian,north_indian,0,improve_stamina|carb_rich
Mixed Veg Curry,dinner,416,11.4,46.5,11.9,vegetarian,north_indian,1,weight_loss|light
Tofu Scramble,breakfast,208,7.1,31.4,4.2,vegan,mixed,1,weight_loss|light
Roasted Chana,snack,106,3.9,7.4,5.8,vegan,north_indian,1,improve_stamina|carb_rich
Tofu Stir Fry,lunch,409,13.3,52.6,12.5,vegan,south_indian,1,balanced|beginner
Paneer Roti,lunch,612,26.3,29.9,23.1,vegetarian,mixed,0,muscle_gain|high_protein
Chicken Curry Rice,lunch,390,16.2,72.8,10.0,non_vegetarian,south_indian,1,balanced|beginner
Protein Shake,snack,133,5.9,21.0,1.7,vegetarian,north_indian,1,balanced|beginner
Mixed Veg Curry,dinner,582,36.0,55.9,14.8,vegetarian,mixed,1,muscle_gain|high_protein
Tofu Scramble,breakfast,416,15.4,66.3,4.0,vegan,south_indian,1,balanced|beginner
Fish Fry,dinner,625,16.9,41.2,21.8,non_vegetarian,mixed,1,weight_loss|light
Kadhi Rice,lunch,430,18.2,56.0,20.4,vegetarian,north_indian,1,muscle_gain|high_protein
Protein Shake,snack,248,6.9,20.3,12.6,vegetarian,south_indian,1,balanced|beginner
Vegetable Soup,dinner,583,11.3,41.8,29.5,vegan,mixed,0,balanced|beginner
Fruit Bowl,breakfast,380,15.8,20.5,18.4,vegan,north_indian,0,balanced|beginner
Fish Fry,dinner,399,5.1,56.1,20.3,non_vegetarian,north_indian,0,weight_loss|light
Fish Fry,dinner,497,13.9,22.1,24.6,non_vegetarian,north_indian,0,balanced|beginner
Oats with Milk,breakfast,401,17.6,65.8,11.7,vegetarian,south_indian,1,improve_stamina|carb_rich
Egg Curry,dinner,669,6.8,49.9,22.9,non_vegetarian,mixed,0,balanced|beginner
Protein Shake,snack,286,4.2,43.2,8.2,vegetarian,north_indian,0,improve_stamina|carb_rich
Protein Shake,snack,126,4.8,15.6,3.8,vegetarian,north_indian,1,balanced|beginner
Masala Omelette,breakfast,256,6.4,27.8,11.0,non_vegetarian,south_indian,1,weight_loss|light
Pav Bhaji,lunch,541,17.6,49.9,8.7,vegetarian,mixed,1,weight_loss|light
Vegetable Khichdi,lunch,522,8.7,47.0,22.8,vegetarian,north_indian,0,improve_stamina|carb_rich
Fish Fry,dinner,437,13.3,57.8,8.2,non_vegetarian,north_indian,1,improve_stamina|carb_rich
Boiled Eggs,snack,270,14.4,33.8,6.2,non_vegetarian,mixed,0,muscle_gain|high_protein
Sprouts Salad,snack,269,12.8,30.4,8.3,vegan,mixed,0,muscle_gain|high_protein
Egg Curry,dinner,443,25.9,36.7,11.2,non_vegetarian,south_indian,1,muscle_gain|high_protein
Paneer Cubes,snack,104,3.5,10.9,4.2,vegetarian,north_indian,1,weight_loss|light
Paneer Sandwich,breakfast,317,18.7,27.2,10.0,vegetarian,north_indian,1,improve_stamina|carb_rich
Tofu Scramble,breakfast,302,8.3,41.3,8.8,vegan,north_indian,1,improve_stamina|carb_rich
Buttermilk,snack,156,5.1,19.8,4.9,vegetarian,north_indian,1,weight_loss|light
Upma,breakfast,251,2.6,35.7,8.6,vegetarian,south_indian,1,improve_stamina|carb_rich
Vegetable Poha,breakfast,163,4.7,24.3,3.8,vegetarian,north_indian,0,improve_stamina|carb_rich
Vegetable Khichdi,lunch,678,15.8,71.7,16.3,vegetarian,north_indian,0,balanced|beginner
Upma,breakfast,319,24.5,32.8,7.1,vegetarian,north_indian,1,muscle_gain|high_protein
Sprouts Salad,snack,210,18.3,12.7,7.7,vegan,north_indian,1,muscle_gain|high_protein
Paneer Bhurji,dinner,630,11.4,44.4,22.1,vegetarian,north_indian,0,balanced|beginner
Paneer Sandwich,breakfast,436,18.8,24.6,11.0,vegetarian,north_indian,0,weight_loss|light
Fish Curry Rice,lunch,389,19.4,46.0,6.4,non_vegetarian,south_indian,1,improve_stamina|carb_rich
Tofu Scramble,breakfast,310,11.3,35.8,10.8,vegan,mixed,1,balanced|beginner
Dal Tadka,dinner,661,8.7,79.7,3.9,vegetarian,south_indian,0,balanced|beginner
Dal Rice,lunch,534,16.1,65.5,15.3,vegetarian,north_indian,1,weight_loss|light
Vegetable Poha,breakfast,207,6.1,24.9,7.4,vegetarian,mixed,1,improve_stamina|carb_rich
Fruit Bowl,breakfast,213,4.9,27.4,7.4,vegan,south_indian,1,balanced|beginner
Vegetable Poha,breakfast,410,17.6,75.2,4.7,vegetarian,north_indian,1,balanced|beginner
Fruit Bowl,breakfast,304,17.2,51.8,5.9,vegan,north_indian,1,improve_stamina|carb_rich
Corn Chaat,snack,220,12.9,29.8,3.5,vegan,north_indian,1,balanced|beginner
Rajma Chawal,lunch,536,23.5,51.6,15.4,vegetarian,north_indian,1,balanced|beginner
Kadhi Rice,lunch,586,13.5,54.0,24.3,vegetarian,mixed,0,weight_loss|light
Corn Chaat,snack,154,3.4,18.2,6.2,vegan,mixed,1,weight_loss|light
Boiled Eggs,snack,154,3.5,18.5,6.0,non_vegetarian,south_indian,1,weight_loss|light
Sabudana Khichdi,breakfast,235,7.6,37.9,3.8,vegetarian,north_indian,1,weight_loss|light
Pav Bhaji,lunch,412,17.6,57.6,16.0,vegetarian,south_indian,1,weight_loss|light
Paneer Cubes,snack,91,6.1,7.5,3.3,vegetarian,north_indian,1,balanced|beginner
Paneer Cubes,snack,276,16.4,26.3,9.2,vegetarian,south_indian,0,muscle_gain|high_protein
Vegetable Poha,breakfast,374,11.8,42.4,9.3,vegetarian,north_indian,1,weight_loss|light
Protein Shake,snack,271,8.1,32.8,9.6,vegetarian,north_indian,0,balanced|beginner
Pav Bhaji,lunch,611,41.3,73.4,15.2,vegetarian,south_indian,1,muscle_gain|high_protein
Egg Curry,dinner,605,9.6,76.7,17.2,non_vegetarian,mixed,0,improve_stamina|carb_rich
Tofu Scramble,breakfast,326,23.8,31.3,8.9,vegan,mixed,1,muscle_gain|high_protein
Vegetable Khichdi,lunch,693,33.2,43.1,11.5,vegetarian,north_indian,1,muscle_gain|high_protein
Fruit Bowl,breakfast,361,33.5,31.7,12.8,vegan,north_indian,1,muscle_gain|high_protein
Protein Shake,snack,228,2.6,33.3,7.4,vegetarian,mixed,1,improve_stamina|carb_rich
Protein Shake,snack,135,5.4,15.3,4.6,vegetarian,south_indian,1,improve_stamina|carb_rich
Fish Curry Rice,lunch,477,11.6,73.8,17.9,non_vegetarian,north_indian,0,balanced|beginner
Roti Sabji,dinner,697,5.9,61.5,15.6,vegetarian,north_indian,0,balanced|beginner
Vegetable Khichdi,lunch,670,27.8,33.4,20.5,vegetarian,north_indian,0,muscle_gain|high_protein
Pav Bhaji,lunch,593,5.1,79.7,7.6,vegetarian,north_indian,0,weight_loss|light
Pav Bhaji,lunch,387,11.1,31.4,8.7,vegetarian,south_indian,0,improve_stamina|carb_rich
Grilled Chicken,dinner,609,13.9,94.7,7.2,non_vegetarian,north_indian,1,improve_stamina|carb_rich
Vegetable Soup,dinner,671,19.3,77.2,13.3,vegan,mixed,0,improve_stamina|carb_rich
Roti Sabji,dinner,513,31.8,54.4,11.1,vegetarian,south_indian,1,muscle_gain|high_protein
Fish Curry Rice,lunch,608,38.4,59.8,23.6,non_vegetarian,north_indian,0,muscle_gain|high_protein
Dal Tadka,dinner,686,17.5,53.1,12.2,vegetarian,mixed,0,weight_loss|light
Tofu Scramble,breakfast,324,10.1,58.7,3.7,vegan,mixed,1,balanced|beginner
Upma,breakfast,354,8.0,38.4,23.1,vegetarian,north_indian,0,improve_stamina|carb_rich
Masala Omelette,breakfast,267,5.9,27.5,12.4,non_vegetarian,north_indian,1,improve_stamina|carb_rich
Paneer Cubes,snack,157,7.5,23.7,2.2,vegetarian,north_indian,1,improve_stamina|carb_rich
Hyderabadi Biryani,lunch,673,11.6,74.1,11.1,non_vegetarian,north_indian,0,weight_loss|light
Vegetable Poha,breakfast,334,11.1,68.1,7.2,vegetarian,north_indian,1,improve_stamina|carb_rich
Tofu Scramble,breakfast,348,17.2,32.1,7.6,vegan,north_indian,1,weight_loss|light
Chicken Curry Rice,lunch,375,5.5,62.5,11.5,non_vegetarian,north_indian,0,improve_stamina|carb_rich
Sprouts Salad,snack,246,7.3,35.4,6.1,vegan,mixed,1,balanced|beginner
Thepla,breakfast,173,5.0,28.7,2.7,vegetarian,north_indian,0,balanced|beginner
Corn Chaat,snack,195,7.4,32.1,2.4,vegan,north_indian,1,balanced|beginner
Fish Fry,dinner,545,9.6,45.5,22.2,non_vegetarian,mixed,0,weight_loss|light
Paneer Cubes,snack,172,4.5,31.0,1.8,vegetarian,north_indian,1,improve_stamina|carb_rich
Upma,breakfast,339,15.0,41.1,6.0,vegetarian,north_indian,1,improve_stamina|carb_rich
Tofu Scramble,breakfast,259,16.1,23.5,8.8,vegan,south_indian,1,muscle_gain|high_protein
Tofu Scramble,breakfast,335,7.0,38.6,14.0,vegan,mixed,1,balanced|beginner
Mixed Veg Curry,dinner,674,31.9,44.6,27.4,vegetarian,mixed,0,balanced|beginner
Paneer Sandwich,breakfast,392,26.3,52.8,9.9,vegetarian,south_indian,1,muscle_gain|high_protein
Paneer Sandwich,breakfast,417,16.1,43.5,22.8,vegetarian,north_indian,0,improve_stamina|carb_rich
Tofu Scramble,breakfast,399,16.5,20.3,16.1,vegan,mixed,1,improve_stamina|carb_rich
Fruit Bowl,breakfast,256,10.0,14.4,15.3,vegan,north_indian,1,weight_loss|light
Idli Sambar,breakfast,272,6.8,32.2,10.5,vegetarian,north_indian,1,improve_stamina|carb_rich
Buttermilk,snack,127,10.6,6.8,5.3,vegetarian,north_indian,1,muscle_gain|high_protein
Tofu Curry,dinner,371,19.1,40.4,9.5,vegan,north_indian,1,improve_stamina|carb_rich
Dal Tadka,dinner,521,37.4,44.1,17.7,vegetarian,north_indian,1,muscle_gain|high_protein
Vegetable Poha,breakfast,249,9.1,32.5,6.9,vegetarian,north_indian,1,balanced|beginner
Peanut Chaat,snack,160,4.7,17.1,6.6,vegetarian,south_indian,1,improve_stamina|carb_rich
Pav Bhaji,lunch,642,32.7,50.4,21.6,vegetarian,mixed,1,muscle_gain|high_protein
Vegetable Poha,breakfast,162,3.4,20.1,6.1,vegetarian,north_indian,0,balanced|beginner
Sabudana Khichdi,breakfast,178,8.1,27.5,2.4,vegetarian,south_indian,0,improve_stamina|carb_rich
Pav Bhaji,lunch,397,13.0,69.0,6.4,vegetarian,north_indian,1,weight_loss|light
Rajma Chawal,lunch,482,5.8,49.8,23.2,vegetarian,mixed,0,weight_loss|light
Fruit Bowl,breakfast,403,5.2,53.8,15.0,vegan,mixed,1,improve_stamina|carb_rich
Paneer Roti,lunch,635,15.8,79.3,4.8,vegetarian,north_indian,1,weight_loss|light
Tofu Curry,dinner,629,18.2,20.3,24.3,vegan,north_indian,0,weight_loss|light
Oats with Milk,breakfast,244,5.6,31.7,8.4,vegetarian,south_indian,1,balanced|beginner
Protein Shake,snack,176,8.5,18.4,6.1,vegetarian,north_indian,1,muscle_gain|high_protein
Rajma Chawal,lunch,600,7.7,63.0,13.8,vegetarian,south_indian,0,weight_loss|light
Corn Chaat,snack,250,7.0,54.1,3.7,vegan,north_indian,1,weight_loss|light
Vegetable Poha,breakfast,305,9.9,23.5,19.2,vegetarian,north_indian,0,balanced|beginner
Dal Tadka,dinner,696,7.0,76.3,18.0,vegetarian,north_indian,0,balanced|beginner
Paneer Cubes,snack,122,3.9,17.6,2.9,vegetarian,mixed,1,balanced|beginner
Roasted Chana,snack,157,9.7,14.3,5.4,vegan,north_indian,1,muscle_gain|high_protein
Roasted Chana,snack,249,7.3,36.5,6.0,vegan,north_indian,1,weight_loss|light
Paneer Cubes,snack,202,2.3,29.4,6.6,vegetarian,mixed,1,weight_loss|light
Tofu Scramble,breakfast,319,12.5,43.6,7.7,vegan,mixed,1,balanced|beginner
Tofu Scramble,breakfast,298,10.6,30.0,6.1,vegan,mixed,1,weight_loss|light
Vegetable Soup,dinner,373,22.6,47.3,7.1,vegan,north_indian,1,muscle_gain|high_protein
Paneer Sandwich,breakfast,279,7.7,23.5,11.9,vegetarian,south_indian,1,improve_stamina|carb_rich
Boiled Eggs,snack,109,1.5,11.1,5.5,non_vegetarian,mixed,1,improve_stamina|carb_rich
Vegetable Khichdi,lunch,507,20.3,58.4,16.9,vegetarian,mixed,1,muscle_gain|high_protein
Mixed Veg Curry,dinner,369,10.9,31.3,24.5,vegetarian,mixed,0,improve_stamina|carb_rich
Grilled Chicken,dinner,513,16.2,44.2,21.9,non_vegetarian,mixed,1,improve_stamina|carb_rich
Corn Chaat,snack,199,6.2,25.8,6.1,vegan,mixed,1,weight_loss|light
Upma,breakfast,328,17.1,64.9,5.3,vegetarian,north_indian,1,improve_stamina|carb_rich
Thepla,breakfast,243,7.3,15.1,14.9,vegetarian,north_indian,1,balanced|beginner
Mixed Veg Curry,dinner,376,32.4,29.6,20.2,vegetarian,north_indian,1,muscle_gain|high_protein
Sprouts Salad,snack,231,19.4,16.3,7.8,vegan,north_indian,1,muscle_gain|high_protein
Dal Rice,lunch,591,19.4,36.6,24.4,vegetarian,south_indian,0,balanced|beginner
Idli Sambar,breakfast,376,16.5,44.9,14.9,vegetarian,mixed,1,balanced|beginner
Fish Fry,dinner,473,36.1,51.8,8.3,non_vegetarian,north_indian,1,muscle_gain|high_protein
Pav Bhaji,lunch,615,10.8,54.4,10.1,vegetarian,mixed,0,balanced|beginner
Fish Fry,dinner,683,6.3,66.4,10.0,non_vegetarian,south_indian,0,improve_stamina|carb_rich
Paneer Sandwich,breakfast,195,4.9,22.5,7.8,vegetarian,north_indian,1,improve_stamina|carb_rich
Fish Curry Rice,lunch,482,17.6,57.0,13.8,non_vegetarian,north_indian,1,weight_loss|light
Buttermilk,snack,265,24.6,15.7,9.2,vegetarian,north_indian,1,muscle_gain|high_protein
Sprouts Salad,snack,292,13.0,44.5,4.3,vegan,north_indian,0,improve_stamina|carb_rich
Pav Bhaji,lunch,640,10.7,46.5,17.9,vegetarian,north_indian,0,weight_loss|light
Grilled Chicken,dinner,369,13.7,52.7,8.2,non_vegetarian,south_indian,1,weight_loss|light
Oats with Milk,breakfast,206,15.0,10.8,9.6,vegetarian,north_indian,1,muscle_gain|high_protein
Fruit Salad,snack,96,6.2,10.4,2.4,vegan,north_indian,1,muscle_gain|high_protein
Upma,breakfast,231,6.6,28.1,8.2,vegetarian,mixed,1,weight_loss|light
Paneer Sandwich,breakfast,261,17.0,26.7,12.1,vegetarian,north_indian,1,balanced|beginner
Roti Sabji,dinner,365,11.1,42.2,13.6,vegetarian,north_indian,1,weight_loss|light
Roti Sabji,dinner,469,8.3,33.3,17.0,vegetarian,south_indian,0,weight_loss|light
Tofu Scramble,breakfast,292,6.6,41.0,8.7,vegan,north_indian,1,improve_stamina|carb_rich
Sabudana Khichdi,breakfast,340,11.7,59.8,3.0,vegetarian,south_indian,1,balanced|beginner
Protein Shake,snack,86,2.8,11.1,2.6,vegetarian,north_indian,1,improve_stamina|carb_rich
Thepla,breakfast,265,14.1,31.1,7.0,vegetarian,north_indian,1,muscle_gain|high_protein
Roti Sabji,dinner,554,17.4,54.2,11.7,vegetarian,south_indian,1,weight_loss|light
Vegetable Soup,dinner,565,18.9,79.4,6.8,vegan,north_indian,1,balanced|beginner
Rajma Chawal,lunch,516,15.6,54.7,15.8,vegetarian,mixed,1,weight_loss|light
Buttermilk,snack,210,4.8,16.5,12.0,vegetarian,mixed,1,balanced|beginner
Fish Fry,dinner,695,34.3,77.6,13.6,non_vegetarian,north_indian,0,balanced|beginner
Rajma Chawal,lunch,583,18.8,69.3,8.3,vegetarian,south_indian,1,weight_loss|light
Thepla,breakfast,434,18.3,79.5,6.6,vegetarian,north_indian,0,balanced|beginner
Chicken Curry Rice,lunch,441,13.0,60.0,18.2,non_vegetarian,mixed,1,weight_loss|light
Protein Shake,snack,277,4.0,37.8,9.8,vegetarian,mixed,1,weight_loss|light
Vegetable Soup,dinner,524,16.7,69.4,9.5,vegan,mixed,1,weight_loss|light
Fish Curry Rice,lunch,699,36.1,66.4,18.1,non_vegetarian,north_indian,1,muscle_gain|high_protein
Fish Fry,dinner,638,35.9,48.0,20.8,non_vegetarian,south_indian,1,improve_stamina|carb_rich
Egg Curry,dinner,396,23.1,27.0,18.3,non_vegetarian,north_indian,1,muscle_gain|high_protein
Grilled Chicken,dinner,407,11.2,41.4,14.4,non_vegetarian,north_indian,0,balanced|beginner
Dal Rice,lunch,610,42.3,45.1,11.6,vegetarian,south_indian,1,muscle_gain|high_protein
Tofu Curry,dinner,530,18.2,74.3,11.5,vegan,mixed,1,muscle_gain|high_protein
Vegetable Khichdi,lunch,696,53.5,38.6,22.5,vegetarian,south_indian,0,muscle_gain|high_protein
Fruit Bowl,breakfast,209,13.5,28.3,3.8,vegan,north_indian,1,balanced|beginner
Rajma Chawal,lunch,625,13.3,66.2,4.0,vegetarian,south_indian,1,balanced|beginner
Idli Sambar,breakfast,384,11.3,35.9,18.3,vegetarian,mixed,0,balanced|beginner
Kadhi Rice,lunch,440,17.2,31.9,15.4,vegetarian,north_indian,1,balanced|beginner
Idli Sambar,breakfast,334,21.3,31.9,6.8,vegetarian,north_indian,1,weight_loss|light
Tofu Stir Fry,lunch,468,18.4,66.0,6.3,vegan,north_indian,1,improve_stamina|carb_rich
Chicken Curry Rice,lunch,389,15.6,45.2,20.4,non_vegetarian,north_indian,1,weight_loss|light
Rajma Chawal,lunch,424,9.4,33.1,22.3,vegetarian,north_indian,0,weight_loss|light
Fish Curry Rice,lunch,385,21.0,43.2,10.8,non_vegetarian,south_indian,1,muscle_gain|high_protein
Thepla,breakfast,357,29.2,23.4,9.3,vegetarian,north_indian,1,muscle_gain|high_protein
Fish Fry,dinner,399,14.5,33.9,16.9,non_vegetarian,mixed,1,balanced|beginner
Idli Sambar,breakfast,224,4.6,37.3,4.3,vegetarian,north_indian,1,weight_loss|light
Rajma Chawal,lunch,426,6.9,48.8,18.2,vegetarian,north_indian,0,improve_stamina|carb_rich
Hyderabadi Biryani,lunch,663,9.2,41.2,19.7,non_vegetarian,north_indian,0,weight_loss|light
Corn Chaat,snack,100,2.3,12.8,3.5,vegan,mixed,1,weight_loss|light
Egg Curry,dinner,619,25.7,41.1,19.3,non_vegetarian,mixed,1,muscle_gain|high_protein
Protein Shake,snack,100,2.3,18.5,1.0,vegetarian,mixed,1,balanced|beginner
Boiled Eggs,snack,151,5.7,18.0,4.9,non_vegetarian,north_indian,1,weight_loss|light
Paneer Roti,lunch,651,19.4,63.0,18.6,vegetarian,north_indian,0,improve_stamina|carb_rich
Masala Omelette,breakfast,340,4.2,53.0,9.3,non_vegetarian,north_indian,1,weight_loss|light
Vegetable Soup,dinner,533,19.5,62.6,13.7,vegan,south_indian,1,weight_loss|light
Vegetable Khichdi,lunch,477,43.8,40.4,6.0,vegetarian,mixed,1,muscle_gain|high_protein
Sprouts Salad,snack,98,2.0,17.4,1.4,vegan,north_indian,1,improve_stamina|carb_rich
Idli Sambar,breakfast,345,4.2,43.6,14.0,vegetarian,north_indian,1,balanced|beginner
Corn Chaat,snack,236,4.6,28.0,9.7,vegan,mixed,1,weight_loss|light
Buttermilk,snack,242,6.0,28.6,9.4,vegetarian,north_indian,1,improve_stamina|carb_rich
Corn Chaat,snack,199,7.3,29.9,3.8,vegan,south_indian,1,weight_loss|light
Buttermilk,snack,228,6.5,22.2,10.5,vegetarian,mixed,1,balanced|beginner
Fruit Salad,snack,251,5.4,46.4,2.6,vegan,mixed,1,improve_stamina|carb_rich
Egg Curry,dinner,355,17.5,28.4,12.9,non_vegetarian,mixed,1,balanced|beginner
Tofu Curry,dinner,630,19.0,65.8,19.7,vegan,north_indian,1,improve_stamina|carb_rich
Pav Bhaji,lunch,464,42.2,53.1,11.8,vegetarian,south_indian,1,muscle_gain|high_protein
Fruit Bowl,breakfast,285,5.7,30.8,12.9,vegan,north_indian,1,weight_loss|light
Fish Curry Rice,lunch,404,19.8,58.1,13.2,non_vegetarian,south_indian,1,weight_loss|light
Thepla,breakfast,248,19.5,21.9,9.1,vegetarian,north_indian,1,improve_stamina|carb_rich
Paneer Roti,lunch,560,9.1,52.4,21.0,vegetarian,north_indian,0,improve_stamina|carb_rich
Chicken Curry Rice,lunch,515,39.7,24.0,19.0,non_vegetarian,mixed,1,muscle_gain|high_protein
Grilled Chicken,dinner,397,17.7,38.0,24.8,non_vegetarian,north_indian,0,balanced|beginner
Fish Curry Rice,lunch,457,5.6,55.5,8.2,non_vegetarian,north_indian,0,balanced|beginner
Fruit Salad,snack,127,7.9,11.6,4.3,vegan,north_indian,1,muscle_gain|high_protein
Fruit Salad,snack,299,6.1,29.7,14.7,vegan,south_indian,0,balanced|beginner
Vegetable Khichdi,lunch,568,36.9,46.1,8.2,vegetarian,north_indian,1,muscle_gain|high_protein
Roti Sabji,dinner,383,9.8,61.2,14.1,vegetarian,mixed,0,balanced|beginner
Grilled Chicken,dinner,395,11.0,34.3,6.8,non_vegetarian,north_indian,0,improve_stamina|carb_rich
Fish Curry Rice,lunch,555,5.9,21.5,21.8,non_vegetarian,north_indian,0,weight_loss|light
Fruit Bowl,breakfast,242,15.2,26.2,6.3,vegan,north_indian,1,muscle_gain|high_protein
Dal Rice,lunch,539,32.4,79.0,6.0,vegetarian,south_indian,1,muscle_gain|high_protein
Sprouts Salad,snack,258,11.1,40.8,3.3,vegan,mixed,1,muscle_gain|high_protein
Tofu Curry,dinner,569,16.7,86.8,5.9,vegan,mixed,1,improve_stamina|carb_rich
Grilled Chicken,dinner,461,19.4,45.1,22.0,non_vegetarian,north_indian,1,muscle_gain|high_protein
Dal Tadka,dinner,376,37.9,57.6,3.9,vegetarian,mixed,1,muscle_gain|high_protein
Tofu Scramble,breakfast,423,13.8,28.4,21.1,vegan,south_indian,0,improve_stamina|carb_rich
Paneer Roti,lunch,397,27.9,28.8,15.4,vegetarian,mixed,1,muscle_gain|high_protein
Paneer Cubes,snack,187,7.9,29.3,2.6,vegetarian,mixed,1,improve_stamina|carb_rich
Mixed Veg Curry,dinner,375,8.7,36.3,18.3,vegetarian,mixed,0,balanced|beginner
Hyderabadi Biryani,lunch,428,22.1,44.9,9.2,non_vegetarian,mixed,1,weight_loss|light
Fish Curry Rice,lunch,587,10.9,69.0,13.6,non_vegetarian,north_indian,0,weight_loss|light
Egg Curry,dinner,414,19.1,41.1,17.4,non_vegetarian,south_indian,1,weight_loss|light
Rajma Chawal,lunch,612,5.7,79.6,3.9,vegetarian,north_indian,0,improve_stamina|carb_rich
Idli Sambar,breakfast,161,4.9,17.7,6.4,vegetarian,north_indian,0,improve_stamina|carb_rich
Corn Chaat,snack,270,12.5,23.5,11.6,vegan,mixed,1,weight_loss|light
Mixed Veg Curry,dinner,364,19.1,33.4,13.9,vegetarian,north_indian,1,muscle_gain|high_protein
Boiled Eggs,snack,231,9.5,16.8,11.9,non_vegetarian,mixed,1,weight_loss|light
Tofu Stir Fry,lunch,696,13.5,69.3,13.5,vegan,north_indian,0,balanced|beginner
Fruit Salad,snack,149,2.5,10.5,9.4,vegan,north_indian,1,balanced|beginner
Dal Rice,lunch,608,28.2,32.6,28.4,vegetarian,north_indian,0,weight_loss|light
Paneer Cubes,snack,228,18.8,21.5,5.9,vegetarian,south_indian,1,weight_loss|light
Pav Bhaji,lunch,364,8.8,34.6,13.1,vegetarian,mixed,0,improve_stamina|carb_rich
Grilled Chicken,dinner,553,46.4,48.6,8.1,non_vegetarian,north_indian,1,improve_stamina|carb_rich
Oats with Milk,breakfast,179,8.8,16.6,7.0,vegetarian,mixed,0,balanced|beginner
Tofu Curry,dinner,384,9.6,65.8,13.2,vegan,north_indian,1,weight_loss|light
Roti Sabji,dinner,592,6.0,78.3,4.3,vegetarian,mixed,0,weight_loss|light
Sprouts Salad,snack,128,4.9,12.4,5.4,vegan,south_indian,1,improve_stamina|carb_rich
Tofu Curry,dinner,638,34.3,76.8,12.9,vegan,north_indian,1,muscle_gain|high_protein
Hyderabadi Biryani,lunch,378,12.1,49.3,12.0,non_vegetarian,south_indian,1,improve_stamina|carb_rich
Paneer Sandwich,breakfast,415,31.0,30.3,17.3,vegetarian,mixed,1,muscle_gain|high_protein
Idli Sambar,breakfast,184,5.7,27.5,4.1,vegetarian,mixed,1,improve_stamina|carb_rich
Dal Tadka,dinner,538,17.4,73.8,21.5,vegetarian,mixed,1,improve_stamina|carb_rich
Vegetable Soup,dinner,494,19.4,37.6,18.9,vegan,mixed,1,muscle_gain|high_protein
Mixed Veg Curry,dinner,426,10.3,66.5,17.0,vegetarian,south_indian,0,improve_stamina|carb_rich
Thepla,breakfast,324,24.1,21.8,5.5,vegetarian,north_indian,1,muscle_gain|high_protein
Vegetable Poha,breakfast,154,2.8,11.9,9.2,vegetarian,south_indian,1,weight_loss|light
Corn Chaat,snack,130,5.1,16.3,3.8,vegan,south_indian,1,muscle_gain|high_protein
Paneer Cubes,snack,167,9.0,21.1,4.9,vegetarian,north_indian,1,weight_loss|light
Chicken Curry Rice,lunch,479,8.7,64.4,13.9,non_vegetarian,mixed,0,improve_stamina|carb_rich
Roti Sabji,dinner,614,21.8,66.4,16.8,vegetarian,north_indian,1,improve_stamina|carb_rich
Vegetable Poha,breakfast,223,6.6,27.1,7.8,vegetarian,south_indian,1,weight_loss|light
Paneer Roti,lunch,455,39.0,54.0,10.9,vegetarian,south_indian,1,muscle_gain|high_protein
Sprouts Salad,snack,258,6.1,45.8,3.3,vegan,north_indian,1,balanced|beginner
Buttermilk,snack,199,5.8,23.4,7.4,vegetarian,north_indian,1,weight_loss|light
Sabudana Khichdi,breakfast,317,21.8,36.8,6.4,vegetarian,mixed,1,muscle_gain|high_protein
Peanut Chaat,snack,167,5.3,10.0,10.3,vegetarian,mixed,1,improve_stamina|carb_rich
Corn Chaat,snack,192,5.3,29.3,4.2,vegan,north_indian,1,weight_loss|light
Egg Curry,dinner,493,11.7,57.5,12.5,non_vegetarian,mixed,0,weight_loss|light
Vegetable Poha,breakfast,218,4.2,23.3,10.1,vegetarian,mixed,1,weight_loss|light
Hyderabadi Biryani,lunch,360,16.9,43.3,10.1,non_vegetarian,north_indian,1,muscle_gain|high_protein
Fish Curry Rice,lunch,529,34.1,61.8,11.4,non_vegetarian,north_indian,1,muscle_gain|high_protein
Masala Omelette,breakfast,163,8.1,16.5,5.7,non_vegetarian,north_indian,0,improve_stamina|carb_rich
Boiled Eggs,snack,290,9.7,36.9,8.9,non_vegetarian,mixed,0,balanced|beginner
Upma,breakfast,444,12.6,60.6,7.9,vegetarian,mixed,0,balanced|beginner
Pav Bhaji,lunch,413,17.0,77.2,5.1,vegetarian,north_indian,1,improve_stamina|carb_rich
Mixed Veg Curry,dinner,475,10.0,57.5,11.6,vegetarian,north_indian,0,improve_stamina|carb_rich
Vegetable Poha,breakfast,242,4.3,25.5,11.5,vegetarian,mixed,1,balanced|beginner
Paneer Cubes,snack,189,4.6,24.5,6.4,vegetarian,north_indian,1,improve_stamina|carb_rich
Hyderabadi Biryani,lunch,700,29.2,94.1,9.0,non_vegetarian,mixed,0,weight_loss|light
Pav Bhaji,lunch,656,15.0,48.2,15.0,vegetarian,south_indian,0,improve_stamina|carb_rich
Vegetable Poha,breakfast,292,9.8,22.4,15.5,vegetarian,mixed,1,balanced|beginner
Kadhi Rice,lunch,538,14.0,36.4,22.8,vegetarian,mixed,0,balanced|beginner
Upma,breakfast,161,6.9,10.2,8.9,vegetarian,north_indian,0,muscle_gain|high_protein
Upma,breakfast,245,4.9,36.2,6.8,vegetarian,mixed,1,weight_loss|light
Masala Omelette,breakfast,191,4.1,18.4,9.5,non_vegetarian,south_indian,1,improve_stamina|carb_rich
Vegetable Soup,dinner,475,20.5,61.8,12.0,vegan,south_indian,1,muscle_gain|high_protein
Rajma Chawal,lunch,377,6.6,47.7,14.4,vegetarian,mixed,0,balanced|beginner
Rajma Chawal,lunch,491,16.4,42.9,22.5,vegetarian,north_indian,0,balanced|beginner
Sabudana Khichdi,breakfast,244,2.9,31.5,9.7,vegetarian,mixed,1,improve_stamina|carb_rich
Oats with Milk,breakfast,254,12.8,25.2,9.1,vegetarian,south_indian,1,muscle_gain|high_protein
Roti Sabji,dinner,500,14.8,37.7,21.2,vegetarian,north_indian,1,weight_loss|light
Fruit Salad,snack,225,6.6,35.1,4.5,vegan,south_indian,1,improve_stamina|carb_rich
Rajma Chawal,lunch,590,13.8,77.0,13.4,vegetarian,mixed,1,weight_loss|light
Paneer Cubes,snack,238,11.4,33.1,5.6,vegetarian,north_indian,1,weight_loss|light
Paneer Bhurji,dinner,630,37.9,57.8,24.2,vegetarian,north_indian,0,muscle_gain|high_protein
Boiled Eggs,snack,260,6.7,33.1,8.9,non_vegetarian,north_indian,1,improve_stamina|carb_rich
Paneer Sandwich,breakfast,231,23.5,14.4,6.7,vegetarian,north_indian,1,muscle_gain|high_protein
Peanut Chaat,snack,195,11.6,23.0,4.6,vegetarian,north_indian,1,muscle_gain|high_protein
Peanut Chaat,snack,114,1.3,15.2,4.3,vegetarian,north_indian,1,weight_loss|light
Vegetable Poha,breakfast,279,4.6,31.9,12.3,vegetarian,north_indian,1,balanced|beginner
Sprouts Salad,snack,282,11.2,44.4,4.1,vegan,north_indian,1,weight_loss|light
Pav Bhaji,lunch,445,9.3,42.4,20.3,vegetarian,north_indian,0,weight_loss|light
Boiled Eggs,snack,255,14.8,39.5,5.0,non_vegetarian,mixed,1,improve_stamina|carb_rich
Fruit Bowl,breakfast,251,7.8,25.8,10.7,vegan,north_indian,1,improve_stamina|carb_rich
Dal Rice,lunch,693,29.0,101.1,5.3,vegetarian,south_indian,0,balanced|beginner
Roasted Chana,snack,104,1.8,16.7,2.4,vegan,mixed,1,improve_stamina|carb_rich
Idli Sambar,breakfast,394,7.3,54.9,9.5,vegetarian,north_indian,1,balanced|beginner
Protein Shake,snack,80,4.6,8.5,2.3,vegetarian,north_indian,1,muscle_gain|high_protein
Fruit Salad,snack,265,7.8,37.0,7.8,vegan,north_indian,0,improve_stamina|carb_rich
Paneer Roti,lunch,581,38.8,21.2,15.4,vegetarian,north_indian,1,muscle_gain|high_protein
Dal Rice,lunch,676,33.3,52.6,23.4,vegetarian,north_indian,0,improve_stamina|carb_rich
Sprouts Salad,snack,142,4.9,19.0,3.9,vegan,north_indian,1,balanced|beginner
Fish Fry,dinner,690,5.3,39.4,24.2,non_vegetarian,mixed,0,balanced|beginner
Tofu Stir Fry,lunch,671,20.8,101.1,6.9,vegan,north_indian,0,improve_stamina|carb_rich
Vegetable Soup,dinner,400,18.1,20.8,20.9,vegan,north_indian,1,improve_stamina|carb_rich
Mixed Veg Curry,dinner,607,10.8,53.3,15.1,vegetarian,south_indian,0,improve_stamina|carb_rich
Egg Curry,dinner,423,16.8,47.0,7.8,non_vegetarian,mixed,1,weight_loss|light
Paneer Cubes,snack,191,8.7,12.6,10.0,vegetarian,south_indian,1,improve_stamina|carb_rich
Chicken Curry Rice,lunch,364,21.2,38.4,10.7,non_vegetarian,south_indian,1,muscle_gain|high_protein
Mixed Veg Curry,dinner,557,28.2,22.4,21.7,vegetarian,mixed,1,muscle_gain|high_protein
Paneer Roti,lunch,604,27.4,27.3,15.2,vegetarian,north_indian,1,muscle_gain|high_protein
Tofu Stir Fry,lunch,504,36.2,44.3,11.3,vegan,north_indian,1,muscle_gain|high_protein
Fish Curry Rice,lunch,392,18.1,38.2,15.0,non_vegetarian,mixed,1,muscle_gain|high_protein
Paneer Roti,lunch,680,67.7,59.9,5.3,vegetarian,mixed,1,muscle_gain|high_protein
Idli Sambar,breakfast,449,6.1,20.4,16.2,vegetarian,north_indian,0,improve_stamina|carb_rich
Fruit Bowl,breakfast,299,6.8,38.5,10.4,vegan,mixed,1,weight_loss|light
Oats with Milk,breakfast,312,12.5,46.8,5.7,vegetarian,mixed,1,balanced|beginner
Egg Curry,dinner,627,10.4,73.2,3.1,non_vegetarian,north_indian,0,balanced|beginner
Kadhi Rice,lunch,649,9.6,65.1,14.0,vegetarian,north_indian,0,weight_loss|light
Fruit Salad,snack,120,3.8,17.6,2.8,vegan,mixed,1,weight_loss|light
Grilled Chicken,dinner,676,14.0,86.1,17.1,non_vegetarian,mixed,0,balanced|beginner
Tofu Scramble,breakfast,366,9.3,32.9,9.3,vegan,north_indian,1,improve_stamina|carb_rich
Buttermilk,snack,255,8.3,35.6,6.6,vegetarian,mixed,1,improve_stamina|carb_rich
Peanut Chaat,snack,179,4.5,28.7,3.5,vegetarian,north_indian,1,balanced|beginner
Mixed Veg Curry,dinner,494,17.3,77.2,6.9,vegetarian,mixed,1,weight_loss|light
Egg Curry,dinner,545,10.9,54.8,19.9,non_vegetarian,mixed,0,improve_stamina|carb_rich
Rajma Chawal,lunch,626,36.0,58.4,15.1,vegetarian,north_indian,1,weight_loss|light
Grilled Chicken,dinner,650,18.1,47.2,21.2,non_vegetarian,mixed,1,improve_stamina|carb_rich
Egg Curry,dinner,521,15.0,70.0,9.7,non_vegetarian,north_indian,1,weight_loss|light
Upma,breakfast,450,11.8,72.5,7.7,vegetarian,north_indian,0,weight_loss|light
Protein Shake,snack,187,11.8,15.8,6.8,vegetarian,north_indian,1,improve_stamina|carb_rich
Fish Curry Rice,lunch,453,10.5,74.7,15.5,non_vegetarian,mixed,0,improve_stamina|carb_rich
Vegetable Poha,breakfast,325,6.3,29.2,17.5,vegetarian,north_indian,1,balanced|beginner
Dal Tadka,dinner,425,8.6,66.3,11.0,vegetarian,north_indian,0,improve_stamina|carb_rich
Oats with Milk,breakfast,361,5.0,47.5,17.3,vegetarian,north_indian,1,balanced|beginner
Boiled Eggs,snack,96,7.8,6.0,3.7,non_vegetarian,south_indian,1,muscle_gain|high_protein
Grilled Chicken,dinner,532,26.7,61.2,24.1,non_vegetarian,north_indian,0,muscle_gain|high_protein
Kadhi Rice,lunch,406,11.4,39.3,23.1,vegetarian,north_indian,0,balanced|beginner
Oats with Milk,breakfast,223,11.1,14.8,11.3,vegetarian,south_indian,1,improve_stamina|carb_rich
Rajma Chawal,lunch,616,10.3,43.4,19.8,vegetarian,north_indian,0,weight_loss|light
Oats with Milk,breakfast,439,19.8,30.6,11.9,vegetarian,mixed,0,balanced|beginner
Paneer Cubes,snack,257,6.6,38.7,8.8,vegetarian,south_indian,1,balanced|beginner
Fruit Salad,snack,102,3.1,9.4,4.9,vegan,north_indian,1,improve_stamina|carb_rich
Fruit Bowl,breakfast,388,9.7,31.0,6.7,vegan,south_indian,1,weight_loss|light
Egg Curry,dinner,574,17.1,37.5,18.7,non_vegetarian,north_indian,1,balanced|beginner
Masala Omelette,breakfast,185,5.5,25.3,5.3,non_vegetarian,mixed,1,balanced|beginner
Fruit Salad,snack,105,4.9,8.3,4.9,vegan,south_indian,1,improve_stamina|carb_rich
Paneer Sandwich,breakfast,379,17.6,35.2,11.0,vegetarian,north_indian,1,weight_loss|light
Mixed Veg Curry,dinner,400,9.8,29.5,18.0,vegetarian,north_indian,0,balanced|beginner
Paneer Cubes,snack,176,10.5,24.4,2.5,vegetarian,mixed,1,muscle_gain|high_protein
Oats with Milk,breakfast,422,12.7,56.0,12.6,vegetarian,south_indian,0,improve_stamina|carb_rich
Fish Curry Rice,lunch,388,12.5,53.3,10.4,non_vegetarian,north_indian,1,improve_stamina|carb_rich
Fruit Bowl,breakfast,320,15.1,46.5,13.2,vegan,south_indian,1,balanced|beginner
Dal Tadka,dinner,487,11.5,42.9,20.3,vegetarian,south_indian,0,weight_loss|light
Corn Chaat,snack,103,2.2,16.5,2.2,vegan,north_indian,1,balanced|beginner
Fish Curry Rice,lunch,609,9.4,30.8,22.2,non_vegetarian,north_indian,0,improve_stamina|carb_rich
Corn Chaat,snack,203,6.3,36.1,1.9,vegan,mixed,1,balanced|beginner
Egg Curry,dinner,650,16.0,72.6,13.9,non_vegetarian,north_indian,1,balanced|beginner
Rajma Chawal,lunch,553,14.8,51.5,20.9,vegetarian,north_indian,1,improve_stamina|carb_rich
Egg Curry,dinner,540,14.4,45.6,13.6,non_vegetarian,mixed,1,improve_stamina|carb_rich
Peanut Chaat,snack,152,3.5,22.3,4.1,vegetarian,north_indian,1,balanced|beginner
Masala Omelette,breakfast,407,8.8,50.9,15.0,non_vegetarian,north_indian,1,balanced|beginner
Grilled Chicken,dinner,636,14.3,89.6,11.8,non_vegetarian,south_indian,1,balanced|beginner
Fish Fry,dinner,548,12.5,58.3,16.6,non_vegetarian,south_indian,1,weight_loss|light
Fish Curry Rice,lunch,682,38.8,63.9,7.2,non_vegetarian,north_indian,1,muscle_gain|high_protein
Vegetable Soup,dinner,491,7.5,75.5,5.2,vegan,north_indian,0,weight_loss|light
Fruit Salad,snack,265,17.8,33.6,4.2,vegan,mixed,0,muscle_gain|high_protein
Tofu Scramble,breakfast,430,18.7,52.3,20.4,vegan,south_indian,0,improve_stamina|carb_rich
Thepla,breakfast,428,7.0,44.5,3.7,vegetarian,mixed,0,improve_stamina|carb_rich
Buttermilk,snack,138,7.2,12.4,5.4,vegetarian,south_indian,1,muscle_gain|high_protein
Upma,breakfast,279,7.2,39.3,7.9,vegetarian,south_indian,1,balanced|beginner
Chicken Curry Rice,lunch,385,10.7,48.1,4.6,non_vegetarian,north_indian,0,balanced|beginner
Paneer Sandwich,breakfast,318,11.8,29.4,4.1,vegetarian,north_indian,1,improve_stamina|carb_rich
Pav Bhaji,lunch,366,29.7,27.2,12.2,vegetarian,north_indian,1,muscle_gain|high_protein
Roti Sabji,dinner,686,26.5,60.0,15.8,vegetarian,south_indian,1,muscle_gain|high_protein
Corn Chaat,snack,239,9.4,27.1,8.2,vegan,north_indian,1,weight_loss|light
Chicken Curry Rice,lunch,462,12.0,54.2,20.8,non_vegetarian,north_indian,1,improve_stamina|carb_rich
Upma,breakfast,367,15.4,47.2,9.7,vegetarian,north_indian,1,weight_loss|light
Grilled Chicken,dinner,656,27.9,61.0,7.8,non_vegetarian,mixed,1,muscle_gain|high_protein
Vegetable Khichdi,lunch,448,30.6,46.0,11.8,vegetarian,south_indian,1,muscle_gain|high_protein
Chicken Curry Rice,lunch,467,25.9,68.0,12.2,non_vegetarian,north_indian,1,muscle_gain|high_protein
Fish Curry Rice,lunch,635,37.2,69.4,19.1,non_vegetarian,north_indian,1,muscle_gain|high_protein
Sprouts Salad,snack,152,8.5,16.3,4.5,vegan,north_indian,1,muscle_gain|high_protein
Buttermilk,snack,84,5.3,12.3,0.8,vegetarian,mixed,1,muscle_gain|high_protein
Paneer Cubes,snack,99,3.4,14.0,2.4,vegetarian,north_indian,1,improve_stamina|carb_rich
Roti Sabji,dinner,573,29.0,61.4,12.7,vegetarian,mixed,1,muscle_gain|high_protein
Peanut Chaat,snack,143,16.3,10.5,2.7,vegetarian,mixed,1,muscle_gain|high_protein
Upma,breakfast,166,4.8,12.2,9.4,vegetarian,mixed,1,weight_loss|light
Chicken Curry Rice,lunch,432,16.4,21.8,23.3,non_vegetarian,north_indian,0,weight_loss|light
Buttermilk,snack,261,2.9,33.1,10.7,vegetarian,mixed,0,improve_stamina|carb_rich
Vegetable Soup,dinner,636,6.8,48.0,24.9,vegan,mixed,0,weight_loss|light
Hyderabadi Biryani,lunch,460,14.7,38.9,8.4,non_vegetarian,mixed,1,weight_loss|light
Boiled Eggs,snack,127,3.0,23.0,1.4,non_vegetarian,south_indian,1,weight_loss|light
Roti Sabji,dinner,682,15.0,79.3,12.6,vegetarian,south_indian,0,improve_stamina|carb_rich
Roti Sabji,dinner,405,13.4,25.4,22.3,vegetarian,mixed,0,weight_loss|light
Dal Tadka,dinner,409,26.7,36.0,13.9,vegetarian,north_indian,1,muscle_gain|high_protein
Thepla,breakfast,345,7.3,56.9,3.5,vegetarian,north_indian,1,balanced|beginner
Paneer Cubes,snack,233,6.4,29.7,7.8,vegetarian,north_indian,1,improve_stamina|carb_rich
Fruit Bowl,breakfast,160,3.5,20.6,5.6,vegan,mixed,0,improve_stamina|carb_rich
Kadhi Rice,lunch,416,14.4,24.3,14.2,vegetarian,mixed,1,weight_loss|light
Vegetable Soup,dinner,430,14.8,55.4,6.8,vegan,north_indian,1,weight_loss|light
Fruit Bowl,breakfast,285,13.5,29.4,4.6,vegan,north_indian,1,improve_stamina|carb_rich
Sprouts Salad,snack,198,5.5,21.8,8.1,vegan,south_indian,1,weight_loss|light
Sabudana Khichdi,breakfast,170,6.0,30.0,1.4,vegetarian,north_indian,1,weight_loss|light
Idli Sambar,breakfast,151,8.7,10.4,7.0,vegetarian,south_indian,0,muscle_gain|high_protein
Hyderabadi Biryani,lunch,664,26.0,91.1,8.4,non_vegetarian,mixed,0,improve_stamina|carb_rich
Masala Omelette,breakfast,368,23.9,41.3,9.4,non_vegetarian,north_indian,1,muscle_gain|high_protein
Fruit Salad,snack,242,7.3,15.3,14.7,vegan,north_indian,0,improve_stamina|carb_rich
Dal Tadka,dinner,690,19.8,64.8,24.9,vegetarian,north_indian,0,improve_stamina|carb_rich
Thepla,breakfast,172,5.8,20.6,4.6,vegetarian,north_indian,0,improve_stamina|carb_rich
Masala Omelette,breakfast,296,17.9,32.4,7.9,non_vegetarian,mixed,1,muscle_gain|high_protein
Tofu Scramble,breakfast,319,8.1,25.6,11.8,vegan,south_indian,1,weight_loss|light
Vegetable Poha,breakfast,328,11.1,37.7,15.0,vegetarian,mixed,1,balanced|beginner
Fish Fry,dinner,657,40.2,51.2,6.2,non_vegetarian,north_indian,1,muscle_gain|high_protein
Paneer Bhurji,dinner,516,28.8,54.6,10.0,vegetarian,north_indian,1,weight_loss|light
Mixed Veg Curry,dinner,583,7.6,22.4,24.6,vegetarian,north_indian,0,balanced|beginner
Mixed Veg Curry,dinner,361,12.4,33.4,13.4,vegetarian,south_indian,1,weight_loss|light
Paneer Bhurji,dinner,491,15.1,40.1,15.6,vegetarian,mixed,1,weight_loss|light
Upma,breakfast,224,9.4,18.9,10.3,vegetarian,mixed,1,improve_stamina|carb_rich
Egg Curry,dinner,489,18.5,63.5,10.5,non_vegetarian,north_indian,1,balanced|beginner
Sabudana Khichdi,breakfast,219,4.4,18.2,12.4,vegetarian,mixed,1,balanced|beginner
Thepla,breakfast,243,11.8,22.9,9.4,vegetarian,south_indian,1,muscle_gain|high_protein
Dal Tadka,dinner,675,37.5,36.6,12.5,vegetarian,north_indian,1,muscle_gain|high_protein
Egg Curry,dinner,393,38.9,37.6,5.8,non_vegetarian,mixed,1,muscle_gain|high_protein
Paneer Bhurji,dinner,354,12.2,42.8,8.0,vegetarian,mixed,1,improve_stamina|carb_rich
Roasted Chana,snack,175,7.6,31.9,4.7,vegan,south_indian,1,improve_stamina|carb_rich
Tofu Stir Fry,lunch,556,21.8,51.5,22.9,vegan,north_indian,0,muscle_gain|high_protein
Vegetable Poha,breakfast,395,12.1,72.5,11.5,vegetarian,north_indian,1,improve_stamina|carb_rich
Tofu Stir Fry,lunch,456,10.2,47.2,4.5,vegan,mixed,0,weight_loss|light
Vegetable Soup,dinner,399,22.2,47.3,9.9,vegan,mixed,1,muscle_gain|high_protein
Egg Curry,dinner,672,19.0,36.0,20.1,non_vegetarian,north_indian,0,weight_loss|light
Masala Omelette,breakfast,350,18.5,56.7,3.3,non_vegetarian,north_indian,1,weight_loss|light
Protein Shake,snack,122,5.8,7.7,6.5,vegetarian,south_indian,1,balanced|beginner
Thepla,breakfast,214,3.9,31.0,6.4,vegetarian,north_indian,1,improve_stamina|carb_rich
Peanut Chaat,snack,208,9.6,32.6,2.5,vegetarian,north_indian,1,muscle_gain|high_protein
Paneer Roti,lunch,367,13.4,37.0,19.8,vegetarian,mixed,1,weight_loss|light
Kadhi Rice,lunch,480,8.5,49.8,17.0,vegetarian,north_indian,0,weight_loss|light
Boiled Eggs,snack,93,4.4,9.6,3.3,non_vegetarian,north_indian,1,muscle_gain|high_protein
Boiled Eggs,snack,101,2.0,13.0,3.7,non_vegetarian,south_indian,1,balanced|beginner
Rajma Chawal,lunch,642,12.6,29.1,23.9,vegetarian,mixed,0,weight_loss|light
Peanut Chaat,snack,238,14.6,21.1,8.4,vegetarian,north_indian,1,muscle_gain|high_protein
Dal Tadka,dinner,655,23.8,53.8,25.2,vegetarian,north_indian,0,weight_loss|light
Dal Rice,lunch,522,12.1,59.4,12.9,vegetarian,mixed,1,weight_loss|light
Kadhi Rice,lunch,598,25.3,57.6,17.6,vegetarian,south_indian,1,weight_loss|light
Roasted Chana,snack,294,10.8,29.1,12.3,vegan,mixed,0,muscle_gain|high_protein
Protein Shake,snack,300,21.5,27.1,9.1,vegetarian,mixed,1,muscle_gain|high_protein
Vegetable Poha,breakfast,177,3.2,17.0,9.1,vegetarian,north_indian,1,weight_loss|light
Kadhi Rice,lunch,636,41.0,46.1,19.2,vegetarian,north_indian,1,muscle_gain|high_protein
Tofu Stir Fry,lunch,533,11.6,70.6,4.7,vegan,north_indian,0,balanced|beginner
Fruit Bowl,breakfast,168,12.2,22.1,1.9,vegan,mixed,0,muscle_gain|high_protein
Upma,breakfast,181,5.1,21.7,6.6,vegetarian,mixed,1,balanced|beginner
Idli Sambar,breakfast,217,15.4,18.5,7.1,vegetarian,north_indian,1,muscle_gain|high_protein
Sprouts Salad,snack,126,4.7,8.6,7.0,vegan,north_indian,1,balanced|beginner
Grilled Chicken,dinner,612,13.6,47.5,12.5,non_vegetarian,north_indian,1,improve_stamina|carb_rich
Tofu Stir Fry,lunch,612,28.6,73.0,24.0,vegan,north_indian,0,muscle_gain|high_protein
Fish Fry,dinner,685,25.0,65.5,22.2,non_vegetarian,south_indian,0,improve_stamina|carb_rich
Rajma Chawal,lunch,430,19.4,40.8,12.0,vegetarian,north_indian,1,improve_stamina|carb_rich
Sabudana Khichdi,breakfast,352,16.2,47.3,6.1,vegetarian,north_indian,1,improve_stamina|carb_rich
Fruit Bowl,breakfast,287,7.4,45.3,10.3,vegan,south_indian,1,weight_loss|light
Fruit Salad,snack,112,1.9,10.4,5.9,vegan,mixed,1,balanced|beginner
Buttermilk,snack,270,7.6,19.7,15.5,vegetarian,north_indian,0,weight_loss|light
Mixed Veg Curry,dinner,432,8.2,55.7,17.8,vegetarian,mixed,0,balanced|beginner
Tofu Scramble,breakfast,446,12.6,54.7,9.9,vegan,north_indian,0,improve_stamina|carb_rich
Fish Curry Rice,lunch,531,35.3,65.7,20.4,non_vegetarian,north_indian,1,muscle_gain|high_protein
Grilled Chicken,dinner,651,16.6,80.8,16.0,non_vegetarian,north_indian,0,improve_stamina|carb_rich
Sprouts Salad,snack,284,5.0,36.1,10.8,vegan,mixed,1,weight_loss|light
Oats with Milk,breakfast,295,23.1,24.3,9.1,vegetarian,north_indian,1,muscle_gain|high_protein
Idli Sambar,breakfast,359,24.1,28.3,21.2,vegetarian,north_indian,0,muscle_gain|high_protein
Mixed Veg Curry,dinner,552,40.2,53.4,8.7,vegetarian,south_indian,1,improve_stamina|carb_rich
Fruit Bowl,breakfast,376,18.8,44.3,9.2,vegan,mixed,1,weight_loss|light
Corn Chaat,snack,247,4.7,35.3,7.5,vegan,north_indian,1,balanced|beginner
Grilled Chicken,dinner,618,13.8,72.7,5.5,non_vegetarian,south_indian,1,balanced|beginner
Oats with Milk,breakfast,183,2.5,24.9,6.5,vegetarian,mixed,1,weight_loss|light
Thepla,breakfast,202,13.6,26.0,3.0,vegetarian,north_indian,1,muscle_gain|high_protein
Tofu Curry,dinner,503,15.5,61.1,13.4,vegan,south_indian,1,weight_loss|light
Paneer Roti,lunch,407,13.1,59.4,4.9,vegetarian,north_indian,1,balanced|beginner
Oats with Milk,breakfast,362,10.7,50.8,9.7,vegetarian,north_indian,1,improve_stamina|carb_rich
Boiled Eggs,snack,198,5.5,27.3,5.7,non_vegetarian,mixed,1,balanced|beginner
Buttermilk,snack,183,6.7,15.0,9.0,vegetarian,south_indian,1,weight_loss|light
Buttermilk,snack,287,10.7,25.8,10.9,vegetarian,mixed,1,weight_loss|light
Dal Tadka,dinner,665,41.6,74.9,19.5,vegetarian,north_indian,1,muscle_gain|high_protein
Dal Tadka,dinner,479,32.6,36.4,18.2,vegetarian,mixed,1,muscle_gain|high_protein
Roasted Chana,snack,200,2.9,16.1,12.0,vegan,south_indian,1,balanced|beginner
Corn Chaat,snack,130,6.4,19.0,2.0,vegan,mixed,1,improve_stamina|carb_rich
Egg Curry,dinner,568,33.6,54.4,12.4,non_vegetarian,mixed,1,muscle_gain|high_protein
Upma,breakfast,299,3.2,40.8,11.0,vegetarian,south_indian,1,weight_loss|light
Buttermilk,snack,148,12.1,18.8,1.4,vegetarian,north_indian,1,muscle_gain|high_protein
Boiled Eggs,snack,166,8.1,22.2,3.5,non_vegetarian,north_indian,1,muscle_gain|high_protein
Thepla,breakfast,436,8.1,59.9,21.8,vegetarian,mixed,0,balanced|beginner
Chicken Curry Rice,lunch,493,12.5,58.3,20.8,non_vegetarian,mixed,1,improve_stamina|carb_rich
Sprouts Salad,snack,114,2.5,9.5,6.3,vegan,north_indian,1,balanced|beginner
Hyderabadi Biryani,lunch,471,16.6,66.1,11.5,non_vegetarian,north_indian,1,improve_stamina|carb_rich
Dal Tadka,dinner,405,8.0,52.4,11.5,vegetarian,south_indian,0,balanced|beginner
Buttermilk,snack,116,2.4,11.7,5.6,vegetarian,north_indian,1,balanced|beginner
Paneer Bhurji,dinner,673,6.0,57.7,16.0,vegetarian,north_indian,0,weight_loss|light
Paneer Cubes,snack,80,1.8,8.1,3.8,vegetarian,south_indian,1,improve_stamina|carb_rich
Paneer Bhurji,dinner,574,5.1,57.3,10.7,vegetarian,north_indian,0,weight_loss|light
Paneer Bhurji,dinner,524,32.9,58.6,7.1,vegetarian,mixed,1,muscle_gain|high_protein
Buttermilk,snack,284,11.4,20.4,13.4,vegetarian,north_indian,1,weight_loss|light
Vegetable Khichdi,lunch,639,20.0,34.9,33.8,vegetarian,north_indian,0,weight_loss|light
Fish Curry Rice,lunch,543,15.0,64.0,24.5,non_vegetarian,north_indian,0,balanced|beginner
Dal Tadka,dinner,508,17.9,35.2,18.0,vegetarian,north_indian,1,balanced|beginner
Paneer Roti,lunch,694,9.0,66.4,17.4,vegetarian,mixed,0,balanced|beginner
Corn Chaat,snack,92,1.8,12.5,3.1,vegan,north_indian,1,weight_loss|light
Idli Sambar,breakfast,442,19.3,69.7,12.4,vegetarian,south_indian,0,weight_loss|light
Tofu Scramble,breakfast,432,30.1,54.0,17.6,vegan,mixed,1,muscle_gain|high_protein
Paneer Cubes,snack,226,5.4,39.3,3.2,vegetarian,mixed,1,balanced|beginner
Upma,breakfast,381,8.2,42.9,16.2,vegetarian,mixed,1,weight_loss|light
Vegetable Khichdi,lunch,603,16.5,48.0,26.3,vegetarian,north_indian,0,balanced|beginner
Paneer Bhurji,dinner,678,8.3,67.0,13.0,vegetarian,mixed,0,improve_stamina|carb_rich
Vegetable Khichdi,lunch,662,29.8,49.2,11.0,vegetarian,north_indian,1,muscle_gain|high_protein
Fish Curry Rice,lunch,668,42.9,55.3,9.3,non_vegetarian,mixed,1,muscle_gain|high_protein
Protein Shake,snack,281,6.3,33.8,5.4,vegetarian,north_indian,1,weight_loss|light
Corn Chaat,snack,273,11.6,18.0,14.7,vegan,mixed,0,improve_stamina|carb_rich
Corn Chaat,snack,170,6.2,26.3,2.9,vegan,north_indian,1,improve_stamina|carb_rich
Buttermilk,snack,249,16.7,33.7,3.1,vegetarian,north_indian,1,muscle_gain|high_protein
Fruit Bowl,breakfast,352,16.3,30.9,21.3,vegan,south_indian,0,improve_stamina|carb_rich
Peanut Chaat,snack,200,9.2,10.4,11.7,vegetarian,mixed,1,improve_stamina|carb_rich
Rajma Chawal,lunch,395,11.8,42.4,14.5,vegetarian,mixed,0,improve_stamina|carb_rich
Oats with Milk,breakfast,222,3.8,28.6,8.3,vegetarian,north_indian,1,balanced|beginner
Dal Tadka,dinner,425,26.3,50.8,9.2,vegetarian,mixed,1,muscle_gain|high_protein
Fish Fry,dinner,425,12.3,56.4,11.1,non_vegetarian,north_indian,1,balanced|beginner
Dal Rice,lunch,495,10.7,76.9,19.2,vegetarian,north_indian,0,improve_stamina|carb_rich
Roti Sabji,dinner,596,34.4,50.6,3.0,vegetarian,north_indian,1,muscle_gain|high_protein
Boiled Eggs,snack,255,12.3,20.8,10.5,non_vegetarian,mixed,1,balanced|beginner
Hyderabadi Biryani,lunch,432,33.3,51.3,7.7,non_vegetarian,north_indian,1,muscle_gain|high_protein
Paneer Roti,lunch,537,23.2,31.1,13.8,vegetarian,south_indian,1,muscle_gain|high_protein
Vegetable Poha,breakfast,374,18.0,49.3,13.3,vegetarian,south_indian,1,improve_stamina|carb_rich
Roti Sabji,dinner,433,16.6,61.1,8.2,vegetarian,south_indian,1,weight_loss|light
Roasted Chana,snack,118,4.5,11.3,5.0,vegan,north_indian,1,balanced|beginner
Hyderabadi Biryani,lunch,524,15.3,37.7,9.2,non_vegetarian,south_indian,1,improve_stamina|carb_rich
Pav Bhaji,lunch,577,29.7,60.6,12.4,vegetarian,mixed,1,weight_loss|light
Idli Sambar,breakfast,194,4.4,26.5,6.1,vegetarian,north_indian,1,balanced|beginner
Idli Sambar,breakfast,254,8.1,39.5,4.8,vegetarian,north_indian,1,balanced|beginner
Roasted Chana,snack,256,11.1,20.5,10.6,vegan,north_indian,1,balanced|beginner
Paneer Cubes,snack,232,7.3,28.1,8.0,vegetarian,north_indian,1,improve_stamina|carb_rich
Buttermilk,snack,285,6.5,33.9,11.2,vegetarian,north_indian,0,balanced|beginner
Corn Chaat,snack,221,11.1,20.4,8.6,vegan,mixed,1,muscle_gain|high_protein
Upma,breakfast,313,8.7,36.4,12.0,vegetarian,north_indian,1,balanced|beginner
Oats with Milk,breakfast,406,7.4,52.5,15.4,vegetarian,north_indian,1,balanced|beginner
Oats with Milk,breakfast,353,15.5,24.2,6.7,vegetarian,north_indian,1,weight_loss|light
Mixed Veg Curry,dinner,609,27.1,35.6,27.6,vegetarian,mixed,0,balanced|beginner
Buttermilk,snack,154,5.7,20.4,4.2,vegetarian,north_indian,1,balanced|beginner
Pav Bhaji,lunch,432,16.1,53.2,21.7,vegetarian,north_indian,1,improve_stamina|carb_rich
Tofu Curry,dinner,389,9.1,38.6,14.7,vegan,north_indian,1,weight_loss|light
Sabudana Khichdi,breakfast,215,10.4,27.4,5.2,vegetarian,south_indian,1,muscle_gain|high_protein
Tofu Scramble,breakfast,411,36.9,24.5,4.5,vegan,north_indian,1,muscle_gain|high_protein
Roasted Chana,snack,121,10.1,11.7,2.7,vegan,north_indian,1,muscle_gain|high_protein
Paneer Bhurji,dinner,517,40.9,69.6,5.2,vegetarian,mixed,1,muscle_gain|high_protein
Sprouts Salad,snack,94,3.5,9.0,4.1,vegan,south_indian,1,weight_loss|light
Fish Fry,dinner,464,8.3,58.8,14.8,non_vegetarian,mixed,0,balanced|beginner
Dal Tadka,dinner,385,28.9,51.7,3.5,vegetarian,north_indian,1,muscle_gain|high_protein
Masala Omelette,breakfast,360,14.4,51.2,7.6,non_vegetarian,north_indian,1,improve_stamina|carb_rich
Fruit Bowl,breakfast,209,8.0,15.2,11.1,vegan,north_indian,1,weight_loss|light
Peanut Chaat,snack,93,2.2,13.3,2.6,vegetarian,north_indian,1,balanced|beginner
Roasted Chana,snack,93,1.7,8.2,5.1,vegan,mixed,1,improve_stamina|carb_rich
Upma,breakfast,303,3.5,35.0,13.8,vegetarian,south_indian,1,improve_stamina|carb_rich
Vegetable Khichdi,lunch,626,16.9,40.1,31.7,vegetarian,south_indian,0,improve_stamina|carb_rich
Oats with Milk,breakfast,447,39.3,27.2,23.1,vegetarian,north_indian,0,muscle_gain|high_protein
Tofu Scramble,breakfast,357,12.1,31.5,20.5,vegan,mixed,0,improve_stamina|carb_rich
Paneer Bhurji,dinner,695,5.2,72.6,19.7,vegetarian,south_indian,0,weight_loss|light
Paneer Cubes,snack,80,1.0,9.3,3.6,vegetarian,north_indian,1,weight_loss|light
Paneer Roti,lunch,357,9.6,31.3,13.9,vegetarian,north_indian,0,improve_stamina|carb_rich
Boiled Eggs,snack,212,25.3,11.9,5.1,non_vegetarian,mixed,1,muscle_gain|high_protein
Tofu Scramble,breakfast,343,11.7,56.4,11.3,vegan,north_indian,1,weight_loss|light
Oats with Milk,breakfast,315,18.5,31.7,9.9,vegetarian,north_indian,1,muscle_gain|high_protein
Tofu Stir Fry,lunch,591,19.0,41.8,24.1,vegan,north_indian,0,weight_loss|light
Paneer Bhurji,dinner,363,10.8,55.5,11.3,vegetarian,north_indian,0,balanced|beginner
Paneer Bhurji,dinner,453,14.3,34.4,8.5,vegetarian,north_indian,1,improve_stamina|carb_rich
Fruit Bowl,breakfast,248,7.6,25.1,10.8,vegan,mixed,1,weight_loss|light
Buttermilk,snack,285,4.3,49.6,5.2,vegetarian,north_indian,0,improve_stamina|carb_rich
Tofu Curry,dinner,688,33.1,82.2,11.5,vegan,south_indian,0,weight_loss|light
Corn Chaat,snack,136,11.4,15.6,1.9,vegan,south_indian,1,muscle_gain|high_protein
Vegetable Poha,breakfast,425,14.3,48.4,18.8,vegetarian,mixed,0,improve_stamina|carb_rich
Roasted Chana,snack,162,7.9,19.2,4.5,vegan,south_indian,1,balanced|beginner
Buttermilk,snack,95,1.2,12.1,3.8,vegetarian,north_indian,1,improve_stamina|carb_rich
Vegetable Soup,dinner,472,12.8,45.8,17.0,vegan,north_indian,1,improve_stamina|carb_rich
Fish Fry,dinner,527,18.9,76.0,7.1,non_vegetarian,south_indian,1,improve_stamina|carb_rich
Peanut Chaat,snack,294,10.8,40.4,4.4,vegetarian,north_indian,1,weight_loss|light
Roasted Chana,snack,239,5.1,36.5,3.1,vegan,mixed,1,weight_loss|light
Paneer Sandwich,breakfast,337,10.7,47.9,8.4,vegetarian,south_indian,1,weight_loss|light
Fruit Bowl,breakfast,240,4.6,22.0,12.7,vegan,mixed,1,weight_loss|light
Buttermilk,snack,159,10.2,14.6,5.2,vegetarian,mixed,1,muscle_gain|high_protein
Peanut Chaat,snack,193,5.5,23.9,6.7,vegetarian,mixed,1,balanced|beginner
Chicken Curry Rice,lunch,407,9.7,62.2,17.3,non_vegetarian,north_indian,0,balanced|beginner
Sabudana Khichdi,breakfast,446,7.9,45.0,5.4,vegetarian,north_indian,0,weight_loss|light
Boiled Eggs,snack,113,5.2,16.0,2.2,non_vegetarian,north_indian,1,balanced|beginner
Grilled Chicken,dinner,355,4.7,56.4,9.2,non_vegetarian,south_indian,1,weight_loss|light
Fruit Bowl,breakfast,179,3.7,29.1,3.7,vegan,south_indian,1,weight_loss|light
Roti Sabji,dinner,602,22.9,82.5,8.0,vegetarian,north_indian,1,balanced|beginner
Fruit Salad,snack,261,14.4,31.5,6.3,vegan,north_indian,0,muscle_gain|high_protein
Thepla,breakfast,260,4.3,36.4,8.5,vegetarian,mixed,1,balanced|beginner
Paneer Bhurji,dinner,451,8.1,40.1,18.5,vegetarian,south_indian,0,improve_stamina|carb_rich
Upma,breakfast,257,10.5,33.3,6.8,vegetarian,south_indian,1,muscle_gain|high_protein
Paneer Roti,lunch,643,36.6,54.9,16.4,vegetarian,mixed,1,muscle_gain|high_protein
Roasted Chana,snack,120,11.1,8.8,3.4,vegan,north_indian,1,muscle_gain|high_protein
Peanut Chaat,snack,161,5.8,17.4,6.2,vegetarian,north_indian,1,improve_stamina|carb_rich
Grilled Chicken,dinner,698,11.7,44.2,23.0,non_vegetarian,south_indian,0,balanced|beginner
Fruit Salad,snack,182,13.4,22.5,5.5,vegan,south_indian,1,improve_stamina|carb_rich
Dal Tadka,dinner,390,7.7,57.1,5.7,vegetarian,north_indian,1,weight_loss|light
Egg Curry,dinner,414,12.4,55.0,12.3,non_vegetarian,north_indian,1,weight_loss|light
Sabudana Khichdi,breakfast,157,10.3,19.2,2.9,vegetarian,north_indian,0,muscle_gain|high_protein
Egg Curry,dinner,456,43.8,21.4,16.3,non_vegetarian,north_indian,1,muscle_gain|high_protein
Vegetable Soup,dinner,584,44.1,69.6,3.2,vegan,north_indian,1,muscle_gain|high_protein
Tofu Stir Fry,lunch,571,15.8,64.7,16.2,vegan,north_indian,1,weight_loss|light
Tofu Curry,dinner,422,10.0,35.0,22.8,vegan,mixed,0,weight_loss|light
Fruit Salad,snack,168,4.1,18.4,7.2,vegan,south_indian,1,weight_loss|light
Paneer Roti,lunch,384,9.8,47.4,13.8,vegetarian,mixed,1,weight_loss|light
Thepla,breakfast,315,12.0,21.8,22.5,vegetarian,north_indian,0,weight_loss|light
Paneer Roti,lunch,616,7.3,49.8,21.5,vegetarian,north_indian,0,weight_loss|light
Roasted Chana,snack,266,9.1,27.7,10.9,vegan,north_indian,1,weight_loss|light
Tofu Stir Fry,lunch,462,18.1,77.9,12.5,vegan,mixed,1,improve_stamina|carb_rich
Rajma Chawal,lunch,598,18.7,60.6,18.6,vegetarian,north_indian,1,balanced|beginner
Tofu Curry,dinner,558,24.9,54.2,15.7,vegan,north_indian,1,improve_stamina|carb_rich
Vegetable Khichdi,lunch,556,15.7,73.4,18.5,vegetarian,north_indian,1,balanced|beginner
Chicken Curry Rice,lunch,438,9.6,58.5,20.4,non_vegetarian,north_indian,0,weight_loss|light
Vegetable Soup,dinner,350,14.5,31.1,15.5,vegan,mixed,1,muscle_gain|high_protein
Buttermilk,snack,298,19.8,43.8,9.5,vegetarian,mixed,0,balanced|beginner
Chicken Curry Rice,lunch,404,12.2,54.1,18.7,non_vegetarian,north_indian,1,weight_loss|light
Roasted Chana,snack,248,14.6,31.9,4.7,vegan,south_indian,1,muscle_gain|high_protein
Egg Curry,dinner,472,31.0,23.2,21.5,non_vegetarian,north_indian,1,muscle_gain|high_protein
Vegetable Poha,breakfast,195,7.3,24.9,5.6,vegetarian,mixed,1,weight_loss|light
Dal Rice,lunch,670,11.3,86.5,17.6,vegetarian,north_indian,0,improve_stamina|carb_rich
Sprouts Salad,snack,263,10.0,19.9,13.6,vegan,north_indian,0,improve_stamina|carb_rich
Boiled Eggs,snack,207,7.8,24.8,6.7,non_vegetarian,south_indian,1,improve_stamina|carb_rich
Peanut Chaat,snack,295,11.3,24.0,14.5,vegetarian,mixed,0,balanced|beginner
Protein Shake,snack,244,9.3,37.5,7.4,vegetarian,mixed,1,balanced|beginner
Kadhi Rice,lunch,491,15.3,24.1,23.0,vegetarian,north_indian,0,balanced|beginner
Pav Bhaji,lunch,433,5.8,56.5,15.2,vegetarian,south_indian,0,weight_loss|light
Oats with Milk,breakfast,246,10.9,30.3,6.8,vegetarian,mixed,1,muscle_gain|high_protein
Paneer Cubes,snack,82,3.5,8.1,3.2,vegetarian,north_indian,1,balanced|beginner
Vegetable Poha,breakfast,202,10.8,26.1,4.3,vegetarian,south_indian,1,muscle_gain|high_protein
Paneer Sandwich,breakfast,287,10.4,30.9,11.0,vegetarian,mixed,1,weight_loss|light
Sabudana Khichdi,breakfast,222,13.5,23.3,6.3,vegetarian,north_indian,1,muscle_gain|high_protein
Sprouts Salad,snack,268,9.3,30.7,9.6,vegan,south_indian,1,weight_loss|light
Vegetable Khichdi,lunch,402,5.7,53.9,14.6,vegetarian,north_indian,0,improve_stamina|carb_rich
Hyderabadi Biryani,lunch,585,13.7,52.3,22.4,non_vegetarian,south_indian,0,improve_stamina|carb_rich
Egg Curry,dinner,469,12.7,78.1,18.3,non_vegetarian,mixed,1,balanced|beginner
Vegetable Poha,breakfast,405,11.4,44.0,9.8,vegetarian,mixed,1,weight_loss|light
Thepla,breakfast,437,12.7,45.8,18.7,vegetarian,north_indian,0,balanced|beginner
Upma,breakfast,266,9.5,38.7,5.7,vegetarian,mixed,1,balanced|beginner
Boiled Eggs,snack,98,3.9,13.4,2.3,non_vegetarian,north_indian,1,muscle_gain|high_protein
Pav Bhaji,lunch,560,42.6,32.2,14.7,vegetarian,south_indian,1,muscle_gain|high_protein
Rajma Chawal,lunch,548,17.4,62.9,22.4,vegetarian,mixed,0,balanced|beginner
Paneer Sandwich,breakfast,421,8.4,67.0,16.9,vegetarian,north_indian,0,weight_loss|light
Buttermilk,snack,274,11.7,37.6,6.1,vegetarian,north_indian,0,improve_stamina|carb_rich
Paneer Roti,lunch,631,16.9,73.0,20.6,vegetarian,north_indian,1,weight_loss|light
Dal Rice,lunch,593,14.0,64.6,19.1,vegetarian,south_indian,1,improve_stamina|carb_rich
Paneer Cubes,snack,133,6.3,13.7,4.7,vegetarian,north_indian,1,muscle_gain|high_protein
Mixed Veg Curry,dinner,637,42.0,35.5,17.3,vegetarian,mixed,1,muscle_gain|high_protein
Roasted Chana,snack,85,2.6,14.6,1.0,vegan,north_indian,1,improve_stamina|carb_rich
Idli Sambar,breakfast,154,8.4,18.4,3.8,vegetarian,mixed,0,balanced|beginner
Grilled Chicken,dinner,573,29.1,48.6,17.7,non_vegetarian,mixed,1,balanced|beginner
Buttermilk,snack,197,12.1,29.3,1.7,vegetarian,north_indian,1,muscle_gain|high_protein
Rajma Chawal,lunch,509,10.2,57.5,19.0,vegetarian,mixed,0,improve_stamina|carb_rich
Fruit Bowl,breakfast,310,11.1,28.1,4.2,vegan,north_indian,1,weight_loss|light
Fish Fry,dinner,614,30.2,41.2,20.4,non_vegetarian,mixed,1,muscle_gain|high_protein
Vegetable Poha,breakfast,408,20.2,48.1,11.3,vegetarian,mixed,1,muscle_gain|high_protein
Upma,breakfast,348,12.9,29.4,24.0,vegetarian,north_indian,0,balanced|beginner
Protein Shake,snack,116,4.5,6.9,6.8,vegetarian,north_indian,1,balanced|beginner
Vegetable Soup,dinner,360,14.6,40.7,12.2,vegan,south_indian,1,muscle_gain|high_protein
Vegetable Soup,dinner,381,40.4,22.5,14.5,vegan,south_indian,1,muscle_gain|high_protein
Tofu Scramble,breakfast,381,19.7,44.0,10.6,vegan,south_indian,1,muscle_gain|high_protein
Tofu Curry,dinner,503,33.9,65.7,19.6,vegan,north_indian,1,muscle_gain|high_protein
Corn Chaat,snack,254,21.8,20.3,7.3,vegan,mixed,1,muscle_gain|high_protein
Tofu Curry,dinner,629,18.4,58.6,21.9,vegan,mixed,1,weight_loss|light
Boiled Eggs,snack,268,12.5,33.6,6.9,non_vegetarian,north_indian,0,balanced|beginner
Buttermilk,snack,154,4.4,22.1,4.0,vegetarian,north_indian,1,balanced|beginner
Corn Chaat,snack,162,11.9,20.5,2.2,vegan,mixed,1,muscle_gain|high_protein
Chicken Curry Rice,lunch,697,6.7,74.0,16.7,non_vegetarian,mixed,0,improve_stamina|carb_rich
Fish Curry Rice,lunch,582,6.7,51.5,15.8,non_vegetarian,north_indian,0,improve_stamina|carb_rich
Rajma Chawal,lunch,476,21.0,61.1,6.9,vegetarian,north_indian,1,improve_stamina|carb_rich
Buttermilk,snack,156,3.3,23.6,4.0,vegetarian,south_indian,1,improve_stamina|carb_rich
Masala Omelette,breakfast,154,12.6,10.7,5.4,non_vegetarian,south_indian,0,muscle_gain|high_protein
Dal Rice,lunch,622,16.7,70.1,16.1,vegetarian,north_indian,1,weight_loss|light
Buttermilk,snack,220,3.1,31.9,6.9,vegetarian,north_indian,1,balanced|beginner
Tofu Scramble,breakfast,409,23.5,47.4,5.7,vegan,mixed,1,weight_loss|light
Rajma Chawal,lunch,687,12.5,65.5,23.5,vegetarian,south_indian,0,balanced|beginner
Paneer Cubes,snack,290,8.9,26.9,13.7,vegetarian,north_indian,0,improve_stamina|carb_rich
Tofu Scramble,breakfast,294,7.8,39.6,9.0,vegan,mixed,1,improve_stamina|carb_rich
Egg Curry,dinner,569,31.2,69.8,6.9,non_vegetarian,north_indian,1,improve_stamina|carb_rich
Boiled Eggs,snack,115,4.3,17.2,2.2,non_vegetarian,mixed,1,weight_loss|light
Masala Omelette,breakfast,421,5.6,42.4,9.3,non_vegetarian,south_indian,0,weight_loss|light
Vegetable Khichdi,lunch,388,18.4,45.0,11.8,vegetarian,north_indian,1,muscle_gain|high_protein
Vegetable Soup,dinner,598,18.6,46.5,14.4,vegan,north_indian,1,improve_stamina|carb_rich
Roti Sabji,dinner,437,12.1,46.4,13.8,vegetarian,mixed,1,balanced|beginner
Vegetable Soup,dinner,544,5.9,50.1,15.7,vegan,north_indian,0,improve_stamina|carb_rich
Tofu Scramble,breakfast,363,10.5,49.3,10.5,vegan,north_indian,1,balanced|beginner
Masala Omelette,breakfast,388,35.0,42.0,7.0,non_vegetarian,north_indian,1,muscle_gain|high_protein
Fruit Salad,snack,257,4.6,45.3,4.1,vegan,north_indian,1,weight_loss|light
Protein Shake,snack,167,5.1,17.5,7.1,vegetarian,mixed,1,weight_loss|light
Fish Fry,dinner,408,9.3,72.2,6.6,non_vegetarian,south_indian,0,balanced|beginner
Roti Sabji,dinner,539,32.9,42.9,15.4,vegetarian,north_indian,1,balanced|beginner
Tofu Stir Fry,lunch,425,24.1,56.1,15.9,vegan,mixed,1,muscle_gain|high_protein
Dal Rice,lunch,599,28.6,71.7,10.0,vegetarian,north_indian,1,weight_loss|light
Chicken Curry Rice,lunch,635,13.7,78.6,10.0,non_vegetarian,mixed,1,balanced|beginner
Protein Shake,snack,211,4.7,21.6,9.9,vegetarian,south_indian,1,weight_loss|light
Vegetable Poha,breakfast,310,8.2,31.8,11.2,vegetarian,mixed,1,weight_loss|light
Protein Shake,snack,121,11.3,12.3,1.9,vegetarian,mixed,1,muscle_gain|high_protein
Tofu Scramble,breakfast,267,11.7,13.5,16.1,vegan,mixed,1,improve_stamina|carb_rich
Upma,breakfast,441,14.7,46.9,17.7,vegetarian,mixed,0,balanced|beginner
Buttermilk,snack,230,24.6,12.5,7.0,vegetarian,south_indian,1,muscle_gain|high_protein
Tofu Curry,dinner,659,14.0,48.7,17.5,vegan,mixed,0,balanced|beginner
Roti Sabji,dinner,464,10.6,42.9,14.3,vegetarian,north_indian,0,improve_stamina|carb_rich
Dal Rice,lunch,448,39.5,21.9,15.1,vegetarian,north_indian,1,muscle_gain|high_protein
Buttermilk,snack,98,3.3,13.0,2.8,vegetarian,north_indian,1,improve_stamina|carb_rich
Rajma Chawal,lunch,448,11.3,32.4,19.5,vegetarian,north_indian,0,balanced|beginner
Pav Bhaji,lunch,605,12.6,67.1,8.5,vegetarian,mixed,1,weight_loss|light
Tofu Curry,dinner,387,9.2,55.3,20.6,vegan,north_indian,0,weight_loss|light
Corn Chaat,snack,97,1.8,6.8,6.1,vegan,south_indian,1,weight_loss|light
Protein Shake,snack,215,17.6,27.8,4.8,vegetarian,south_indian,1,improve_stamina|carb_rich
Vegetable Soup,dinner,533,10.9,52.0,20.6,vegan,south_indian,0,weight_loss|light
Corn Chaat,snack,208,11.9,10.5,11.3,vegan,north_indian,1,muscle_gain|high_protein
Pav Bhaji,lunch,635,12.8,35.1,18.0,vegetarian,north_indian,1,improve_stamina|carb_rich
Kadhi Rice,lunch,404,14.8,53.9,11.1,vegetarian,south_indian,1,balanced|beginner
Corn Chaat,snack,130,8.6,15.5,2.5,vegan,south_indian,1,balanced|beginner
Fruit Bowl,breakfast,221,7.7,27.6,5.0,vegan,south_indian,1,balanced|beginner
Tofu Curry,dinner,682,30.9,86.2,10.1,vegan,north_indian,0,weight_loss|light
Vegetable Soup,dinner,429,25.6,51.6,6.6,vegan,north_indian,1,muscle_gain|high_protein
Roasted Chana,snack,182,4.6,23.8,6.0,vegan,mixed,1,weight_loss|light
Roasted Chana,snack,203,6.0,32.7,3.5,vegan,south_indian,1,improve_stamina|carb_rich
Masala Omelette,breakfast,332,16.2,50.0,9.6,non_vegetarian,south_indian,1,weight_loss|light
Rajma Chawal,lunch,700,14.2,91.7,16.7,vegetarian,south_indian,0,improve_stamina|carb_rich
Dal Rice,lunch,370,14.8,37.0,18.8,vegetarian,mixed,1,weight_loss|light
Thepla,breakfast,440,18.7,71.0,6.5,vegetarian,mixed,0,improve_stamina|carb_rich
Oats with Milk,breakfast,178,5.6,15.8,8.7,vegetarian,mixed,1,weight_loss|light
Upma,breakfast,219,6.2,25.2,8.4,vegetarian,mixed,1,balanced|beginner
Tofu Curry,dinner,697,15.2,75.2,16.2,vegan,mixed,0,balanced|beginner
Idli Sambar,breakfast,249,6.3,21.7,13.0,vegetarian,mixed,1,weight_loss|light
Protein Shake,snack,164,5.7,16.0,7.1,vegetarian,mixed,1,improve_stamina|carb_rich
Idli Sambar,breakfast,270,39.5,22.0,5.4,vegetarian,north_indian,1,muscle_gain|high_protein
Vegetable Soup,dinner,380,5.8,48.3,5.9,vegan,north_indian,1,weight_loss|light
Tofu Curry,dinner,564,12.5,62.5,24.6,vegan,north_indian,0,balanced|beginner
Rajma Chawal,lunch,617,13.3,68.5,4.4,vegetarian,south_indian,1,balanced|beginner
Fish Fry,dinner,391,21.3,43.4,6.9,non_vegetarian,north_indian,1,weight_loss|light
Mixed Veg Curry,dinner,674,58.3,38.2,18.5,vegetarian,north_indian,1,muscle_gain|high_protein
Tofu Stir Fry,lunch,432,17.6,51.8,13.9,vegan,north_indian,1,balanced|beginner
Rajma Chawal,lunch,663,27.1,45.9,28.0,vegetarian,north_indian,0,balanced|beginner
Roasted Chana,snack,217,3.0,25.0,9.7,vegan,north_indian,1,balanced|beginner
Dal Tadka,dinner,553,22.4,49.4,18.5,vegetarian,north_indian,1,weight_loss|light
Vegetable Khichdi,lunch,687,34.9,76.2,13.2,vegetarian,mixed,0,weight_loss|light
Roasted Chana,snack,94,5.7,11.8,1.8,vegan,north_indian,1,muscle_gain|high_protein
Hyderabadi Biryani,lunch,451,31.4,73.3,7.9,non_vegetarian,mixed,1,muscle_gain|high_protein
Paneer Cubes,snack,256,16.4,18.4,10.7,vegetarian,north_indian,1,muscle_gain|high_protein
Tofu Curry,dinner,380,26.9,28.1,14.4,vegan,mixed,1,muscle_gain|high_protein
Vegetable Soup,dinner,569,18.2,68.0,16.5,vegan,mixed,1,weight_loss|light
Vegetable Khichdi,lunch,417,18.5,51.5,11.8,vegetarian,north_indian,1,improve_stamina|carb_rich
Fruit Salad,snack,299,19.5,27.8,9.6,vegan,south_indian,1,muscle_gain|high_protein
Idli Sambar,breakfast,274,20.8,15.8,11.8,vegetarian,north_indian,1,muscle_gain|high_protein
Sabudana Khichdi,breakfast,337,6.6,40.6,13.5,vegetarian,mixed,1,balanced|beginner
Roasted Chana,snack,210,3.1,23.5,9.7,vegan,north_indian,1,improve_stamina|carb_rich
Tofu Curry,dinner,616,23.3,49.3,10.6,vegan,north_indian,1,muscle_gain|high_protein
Vegetable Soup,dinner,487,6.3,41.6,12.8,vegan,north_indian,0,balanced|beginner
Fruit Salad,snack,214,4.6,27.0,7.8,vegan,south_indian,1,weight_loss|light
Corn Chaat,snack,287,13.4,34.2,6.5,vegan,north_indian,0,balanced|beginner
Paneer Sandwich,breakfast,330,6.0,38.8,13.8,vegetarian,north_indian,1,balanced|beginner
Sprouts Salad,snack,236,9.0,33.9,5.1,vegan,mixed,1,muscle_gain|high_protein
Sabudana Khichdi,breakfast,401,11.3,34.6,17.6,vegetarian,mixed,1,improve_stamina|carb_rich
Vegetable Khichdi,lunch,666,37.2,23.6,13.9,vegetarian,north_indian,1,muscle_gain|high_protein
Roti Sabji,dinner,598,5.8,67.1,21.8,vegetarian,south_indian,0,balanced|beginner
Upma,breakfast,249,8.1,37.3,9.0,vegetarian,mixed,1,balanced|beginner
Masala Omelette,breakfast,217,11.8,20.3,7.9,non_vegetarian,south_indian,1,improve_stamina|carb_rich
Idli Sambar,breakfast,220,5.5,29.2,7.1,vegetarian,north_indian,1,weight_loss|light
Sprouts Salad,snack,292,16.0,20.9,14.7,vegan,north_indian,0,balanced|beginner
Fruit Bowl,breakfast,164,4.0,18.5,6.7,vegan,mixed,1,weight_loss|light
Buttermilk,snack,226,11.1,20.7,4.5,vegetarian,north_indian,1,balanced|beginner
Roasted Chana,snack,112,4.3,11.0,4.6,vegan,north_indian,1,weight_loss|light
Paneer Cubes,snack,279,21.3,30.0,5.7,vegetarian,north_indian,1,muscle_gain|high_protein
Tofu Scramble,breakfast,188,9.0,20.8,6.0,vegan,mixed,1,balanced|beginner
Rajma Chawal,lunch,567,21.6,58.4,16.1,vegetarian,mixed,1,weight_loss|light
Sprouts Salad,snack,207,2.6,23.9,9.4,vegan,south_indian,1,weight_loss|light
Protein Shake,snack,250,13.6,31.8,5.4,vegetarian,south_indian,1,muscle_gain|high_protein
Kadhi Rice,lunch,454,14.3,60.9,7.9,vegetarian,north_indian,1,improve_stamina|carb_rich
Masala Omelette,breakfast,358,4.2,40.6,16.7,non_vegetarian,south_indian,1,balanced|beginner
Buttermilk,snack,165,5.5,10.4,9.8,vegetarian,mixed,1,weight_loss|light
Fish Curry Rice,lunch,600,16.9,33.4,16.2,non_vegetarian,north_indian,1,improve_stamina|carb_rich
Paneer Cubes,snack,243,5.7,20.7,16.0,vegetarian,north_indian,0,weight_loss|light
Peanut Chaat,snack,101,6.1,12.7,2.0,vegetarian,south_indian,1,muscle_gain|high_protein
Protein Shake,snack,174,7.5,23.1,4.2,vegetarian,south_indian,1,muscle_gain|high_protein
Fish Fry,dinner,352,21.7,33.0,11.7,non_vegetarian,south_indian,1,muscle_gain|high_protein
Upma,breakfast,406,9.4,27.8,23.9,vegetarian,south_indian,0,weight_loss|light
Buttermilk,snack,104,4.3,5.8,6.2,vegetarian,mixed,1,improve_stamina|carb_rich
Fruit Bowl,breakfast,190,12.0,12.6,8.5,vegan,mixed,1,muscle_gain|high_protein
Peanut Chaat,snack,94,5.0,7.8,3.9,vegetarian,north_indian,1,muscle_gain|high_protein
Roti Sabji,dinner,586,32.8,60.0,12.2,vegetarian,mixed,1,improve_stamina|carb_rich
Thepla,breakfast,211,10.4,12.8,11.2,vegetarian,mixed,1,improve_stamina|carb_rich
Boiled Eggs,snack,288,8.3,37.1,9.2,non_vegetarian,mixed,0,balanced|beginner
Fish Curry Rice,lunch,575,32.0,60.9,15.2,non_vegetarian,mixed,1,muscle_gain|high_protein
Fruit Salad,snack,136,6.8,15.3,4.1,vegan,south_indian,1,muscle_gain|high_protein
Sprouts Salad,snack,297,16.2,44.4,3.4,vegan,mixed,0,muscle_gain|high_protein
Fruit Salad,snack,124,4.8,7.5,7.2,vegan,mixed,1,improve_stamina|carb_rich
Peanut Chaat,snack,274,9.4,37.4,7.2,vegetarian,mixed,0,improve_stamina|carb_rich
Dal Tadka,dinner,457,19.4,32.1,13.5,vegetarian,north_indian,1,muscle_gain|high_protein
Sprouts Salad,snack,94,2.0,10.6,4.0,vegan,mixed,1,improve_stamina|carb_rich
Vegetable Poha,breakfast,297,7.1,29.8,21.5,vegetarian,mixed,0,improve_stamina|carb_rich
Buttermilk,snack,147,4.6,14.4,6.6,vegetarian,north_indian,1,weight_loss|light
Sprouts Salad,snack,262,4.8,39.0,7.3,vegan,mixed,0,improve_stamina|carb_rich
Oats with Milk,breakfast,282,25.0,24.0,5.0,vegetarian,south_indian,1,muscle_gain|high_protein
Pav Bhaji,lunch,439,28.7,24.4,8.6,vegetarian,north_indian,1,muscle_gain|high_protein
Dal Rice,lunch,465,15.1,24.5,24.8,vegetarian,south_indian,0,weight_loss|light
Kadhi Rice,lunch,562,14.0,73.9,4.8,vegetarian,south_indian,1,balanced|beginner
Fruit Salad,snack,167,7.4,25.2,2.6,vegan,mixed,1,muscle_gain|high_protein
Grilled Chicken,dinner,645,11.5,73.2,3.8,non_vegetarian,mixed,0,balanced|beginner
Tofu Curry,dinner,581,6.8,73.3,3.5,vegan,mixed,0,balanced|beginner
Fish Fry,dinner,413,16.0,60.1,13.2,non_vegetarian,north_indian,1,improve_stamina|carb_rich
Fish Fry,dinner,420,9.4,37.6,16.3,non_vegetarian,mixed,0,weight_loss|light
Dal Rice,lunch,580,36.3,50.8,5.4,vegetarian,north_indian,1,muscle_gain|high_protein
Buttermilk,snack,191,7.6,14.1,9.8,vegetarian,north_indian,1,balanced|beginner
Idli Sambar,breakfast,362,16.8,63.8,8.7,vegetarian,south_indian,1,balanced|beginner
Tofu Scramble,breakfast,241,5.0,51.6,4.2,vegan,north_indian,1,balanced|beginner
Hyderabadi Biryani,lunch,583,15.1,26.3,17.8,non_vegetarian,mixed,1,weight_loss|light
Masala Omelette,breakfast,435,16.2,54.0,10.6,non_vegetarian,north_indian,0,weight_loss|light
Paneer Cubes,snack,91,4.1,8.8,3.6,vegetarian,south_indian,1,muscle_gain|high_protein
Corn Chaat,snack,99,4.8,12.7,2.4,vegan,north_indian,1,balanced|beginner
Upma,breakfast,415,13.2,41.3,18.9,vegetarian,north_indian,0,weight_loss|light
Fish Fry,dinner,564,8.8,55.8,22.0,non_vegetarian,north_indian,0,balanced|beginner
Dal Rice,lunch,376,6.7,34.9,15.2,vegetarian,south_indian,0,balanced|beginner
Thepla,breakfast,158,6.0,12.6,7.9,vegetarian,mixed,1,weight_loss|light
Protein Shake,snack,84,2.8,11.6,2.2,vegetarian,mixed,1,weight_loss|light
Tofu Scramble,breakfast,195,10.3,16.6,8.0,vegan,north_indian,1,weight_loss|light
Tofu Curry,dinner,516,11.7,48.4,11.0,vegan,mixed,0,improve_stamina|carb_rich
Vegetable Khichdi,lunch,408,8.3,25.3,22.6,vegetarian,mixed,0,improve_stamina|carb_rich
Idli Sambar,breakfast,275,14.2,35.3,6.1,vegetarian,mixed,1,improve_stamina|carb_rich
Boiled Eggs,snack,172,5.1,11.5,10.2,non_vegetarian,north_indian,1,improve_stamina|carb_rich
Tofu Curry,dinner,629,29.3,76.6,17.6,vegan,south_indian,1,muscle_gain|high_protein
Pav Bhaji,lunch,563,40.3,63.7,7.7,vegetarian,north_indian,1,muscle_gain|high_protein
Dal Rice,lunch,587,21.3,35.4,24.5,vegetarian,north_indian,0,muscle_gain|high_protein
Fruit Bowl,breakfast,209,4.6,21.7,9.7,vegan,mixed,1,balanced|beginner
Paneer Sandwich,breakfast,350,16.3,41.3,6.0,vegetarian,mixed,1,weight_loss|light
Tofu Scramble,breakfast,429,19.7,42.0,10.1,vegan,north_indian,0,improve_stamina|carb_rich
Kadhi Rice,lunch,614,14.8,47.8,28.1,vegetarian,north_indian,0,weight_loss|light
Sprouts Salad,snack,202,6.3,27.8,5.5,vegan,north_indian,1,weight_loss|light
Vegetable Soup,dinner,425,17.7,52.8,20.3,vegan,mixed,1,weight_loss|light
Grilled Chicken,dinner,562,10.9,53.5,17.4,non_vegetarian,south_indian,0,improve_stamina|carb_rich
Roasted Chana,snack,295,12.0,37.8,8.0,vegan,south_indian,0,muscle_gain|high_protein
Buttermilk,snack,88,3.6,11.9,2.1,vegetarian,mixed,1,improve_stamina|carb_rich
Paneer Roti,lunch,359,26.8,34.0,5.7,vegetarian,north_indian,1,improve_stamina|carb_rich
Roti Sabji,dinner,458,9.2,38.3,12.5,vegetarian,north_indian,0,improve_stamina|carb_rich
Boiled Eggs,snack,134,3.9,21.8,2.3,non_vegetarian,mixed,1,balanced|beginner
Pav Bhaji,lunch,663,34.5,38.1,19.7,vegetarian,north_indian,1,muscle_gain|high_protein
Hyderabadi Biryani,lunch,376,5.2,62.0,16.4,non_vegetarian,north_indian,0,balanced|beginner
Oats with Milk,breakfast,228,5.1,37.8,4.2,vegetarian,north_indian,1,balanced|beginner
Corn Chaat,snack,147,3.5,16.4,6.2,vegan,north_indian,1,weight_loss|light
Tofu Stir Fry,lunch,542,16.1,72.0,10.8,vegan,north_indian,1,balanced|beginner
Oats with Milk,breakfast,331,19.3,31.7,8.4,vegetarian,mixed,1,improve_stamina|carb_rich
Tofu Curry,dinner,649,35.6,26.4,18.5,vegan,south_indian,1,muscle_gain|high_protein
Vegetable Poha,breakfast,349,27.9,26.2,5.5,vegetarian,north_indian,1,muscle_gain|high_protein
Egg Curry,dinner,615,15.4,71.1,8.2,non_vegetarian,north_indian,1,balanced|beginner
Dal Tadka,dinner,576,19.2,77.5,5.9,vegetarian,north_indian,1,balanced|beginner
Vegetable Poha,breakfast,222,2.6,32.0,7.3,vegetarian,north_indian,1,balanced|beginner
Pav Bhaji,lunch,485,33.8,60.8,3.7,vegetarian,north_indian,1,muscle_gain|high_protein
Buttermilk,snack,180,2.7,23.8,6.6,vegetarian,south_indian,1,balanced|beginner
Thepla,breakfast,360,17.1,30.4,19.0,vegetarian,mixed,0,improve_stamina|carb_rich
Tofu Scramble,breakfast,152,9.4,20.0,2.5,vegan,mixed,0,muscle_gain|high_protein
Peanut Chaat,snack,140,5.5,16.3,4.6,vegetarian,north_indian,1,muscle_gain|high_protein
Paneer Sandwich,breakfast,237,12.5,38.0,5.3,vegetarian,south_indian,1,balanced|beginner
Corn Chaat,snack,148,5.4,17.0,5.2,vegan,north_indian,1,balanced|beginner
Thepla,breakfast,209,6.3,14.0,12.3,vegetarian,north_indian,1,weight_loss|light
Vegetable Khichdi,lunch,506,22.5,78.9,16.3,vegetarian,north_indian,1,muscle_gain|high_protein
Boiled Eggs,snack,292,10.1,49.4,3.4,non_vegetarian,south_indian,1,weight_loss|light
Vegetable Soup,dinner,534,32.9,58.2,14.2,vegan,north_indian,1,muscle_gain|high_protein
Paneer Sandwich,breakfast,156,11.5,8.3,7.2,vegetarian,mixed,0,muscle_gain|high_protein
Fish Fry,dinner,651,20.5,63.8,21.8,non_vegetarian,north_indian,0,weight_loss|light
Corn Chaat,snack,104,5.4,9.7,3.9,vegan,north_indian,1,muscle_gain|high_protein
Boiled Eggs,snack,262,13.4,42.1,2.1,non_vegetarian,south_indian,0,improve_stamina|carb_rich
Rajma Chawal,lunch,439,16.8,70.5,14.7,vegetarian,mixed,1,weight_loss|light
Vegetable Soup,dinner,391,23.4,43.9,11.0,vegan,south_indian,1,muscle_gain|high_protein
Upma,breakfast,162,7.4,17.6,5.4,vegetarian,north_indian,0,improve_stamina|carb_rich
Sabudana Khichdi,breakfast,279,9.9,36.6,7.9,vegetarian,north_indian,1,balanced|beginner
Tofu Scramble,breakfast,297,9.4,35.7,10.3,vegan,mixed,1,improve_stamina|carb_rich
Thepla,breakfast,328,13.6,38.9,10.2,vegetarian,north_indian,1,muscle_gain|high_protein
Paneer Sandwich,breakfast,268,14.8,36.9,4.5,vegetarian,north_indian,1,muscle_gain|high_protein
Protein Shake,snack,190,6.2,19.2,8.2,vegetarian,south_indian,1,improve_stamina|carb_rich
Grilled Chicken,dinner,617,27.7,73.4,4.5,non_vegetarian,north_indian,1,muscle_gain|high_protein
Vegetable Poha,breakfast,297,9.1,27.7,13.0,vegetarian,mixed,1,weight_loss|light
Upma,breakfast,371,11.2,20.9,11.9,vegetarian,north_indian,1,improve_stamina|carb_rich
Egg Curry,dinner,666,14.3,75.5,8.2,non_vegetarian,north_indian,0,improve_stamina|carb_rich
Vegetable Soup,dinner,371,23.4,21.8,17.8,vegan,north_indian,1,muscle_gain|high_protein
Chicken Curry Rice,lunch,574,28.0,68.6,5.8,non_vegetarian,north_indian,1,muscle_gain|high_protein
Roasted Chana,snack,248,20.0,32.5,2.0,vegan,south_indian,1,muscle_gain|high_protein
Paneer Bhurji,dinner,593,16.0,54.5,16.1,vegetarian,mixed,1,balanced|beginner
Mixed Veg Curry,dinner,481,15.6,76.6,6.6,vegetarian,north_indian,1,weight_loss|light
Buttermilk,snack,296,12.2,19.3,16.2,vegetarian,mixed,0,muscle_gain|high_protein
Peanut Chaat,snack,102,1.3,13.1,4.0,vegetarian,mixed,1,improve_stamina|carb_rich
Mixed Veg Curry,dinner,553,39.3,77.5,3.7,vegetarian,north_indian,1,muscle_gain|high_protein
Fruit Salad,snack,206,9.0,26.9,5.1,vegan,north_indian,1,improve_stamina|carb_rich
Upma,breakfast,393,6.6,43.7,21.7,vegetarian,north_indian,0,weight_loss|light
Mixed Veg Curry,dinner,660,20.9,98.1,7.2,vegetarian,south_indian,0,balanced|beginner
Vegetable Soup,dinner,695,16.2,79.3,12.2,vegan,mixed,0,improve_stamina|carb_rich
Thepla,breakfast,245,14.3,31.9,4.5,vegetarian,mixed,1,muscle_gain|high_protein
Fruit Salad,snack,159,12.1,12.9,5.2,vegan,south_indian,1,muscle_gain|high_protein
Fruit Salad,snack,159,9.8,14.9,5.3,vegan,south_indian,1,improve_stamina|carb_rich
Paneer Sandwich,breakfast,334,11.9,34.6,13.5,vegetarian,north_indian,1,weight_loss|light
Roti Sabji,dinner,691,14.3,106.2,9.4,vegetarian,north_indian,0,improve_stamina|carb_rich
Hyderabadi Biryani,lunch,352,28.9,51.6,6.0,non_vegetarian,south_indian,1,muscle_gain|high_protein
Dal Tadka,dinner,638,30.9,75.3,18.3,vegetarian,mixed,1,muscle_gain|high_protein
Egg Curry,dinner,364,10.2,33.2,17.9,non_vegetarian,north_indian,0,weight_loss|light
Grilled Chicken,dinner,472,30.3,46.2,9.0,non_vegetarian,mixed,1,improve_stamina|carb_rich
Fruit Salad,snack,216,12.1,25.3,5.4,vegan,north_indian,1,muscle_gain|high_protein
Roasted Chana,snack,183,7.2,26.1,3.9,vegan,south_indian,1,balanced|beginner
Peanut Chaat,snack,260,6.5,23.9,15.3,vegetarian,north_indian,0,balanced|beginner
Tofu Curry,dinner,463,19.0,52.3,22.1,vegan,north_indian,0,improve_stamina|carb_rich
Paneer Bhurji,dinner,433,23.6,45.9,22.5,vegetarian,north_indian,0,muscle_gain|high_protein
Idli Sambar,breakfast,195,6.9,28.1,4.4,vegetarian,north_indian,1,balanced|beginner
Vegetable Soup,dinner,368,13.6,30.8,17.9,vegan,mixed,1,balanced|beginner
Roti Sabji,dinner,694,50.5,76.2,6.9,vegetarian,mixed,1,muscle_gain|high_protein
Roasted Chana,snack,263,7.6,33.4,8.6,vegan,south_indian,1,weight_loss|light
Masala Omelette,breakfast,250,25.9,21.2,4.6,non_vegetarian,north_indian,1,muscle_gain|high_protein
Sprouts Salad,snack,271,9.4,43.6,7.4,vegan,north_indian,1,weight_loss|light
Vegetable Soup,dinner,644,15.6,45.1,15.7,vegan,south_indian,1,weight_loss|light
Paneer Sandwich,breakfast,426,13.0,53.5,14.0,vegetarian,mixed,0,weight_loss|light
Dal Rice,lunch,407,15.0,25.9,9.6,vegetarian,mixed,1,balanced|beginner
Roti Sabji,dinner,543,19.4,78.3,9.4,vegetarian,north_indian,1,weight_loss|light
Paneer Roti,lunch,504,18.6,58.5,11.7,vegetarian,south_indian,1,balanced|beginner
Fruit Bowl,breakfast,299,5.1,49.7,6.2,vegan,north_indian,1,improve_stamina|carb_rich
Idli Sambar,breakfast,351,28.9,43.3,3.8,vegetarian,mixed,1,muscle_gain|high_protein
Sprouts Salad,snack,267,9.0,22.5,6.4,vegan,mixed,0,balanced|beginner
Oats with Milk,breakfast,430,9.6,64.4,7.9,vegetarian,south_indian,0,improve_stamina|carb_rich
Upma,breakfast,429,8.0,59.4,18.0,vegetarian,north_indian,0,balanced|beginner
Kadhi Rice,lunch,479,17.5,54.4,4.3,vegetarian,mixed,1,balanced|beginner
Paneer Roti,lunch,507,30.4,51.8,9.7,vegetarian,north_indian,1,improve_stamina|carb_rich
Pav Bhaji,lunch,665,15.0,52.9,21.8,vegetarian,north_indian,0,weight_loss|light
Dal Tadka,dinner,554,10.9,70.1,22.7,vegetarian,south_indian,0,balanced|beginner
Tofu Curry,dinner,397,19.2,39.8,14.4,vegan,north_indian,1,muscle_gain|high_protein
Paneer Roti,lunch,644,5.3,44.2,22.0,vegetarian,north_indian,0,balanced|beginner
Chicken Curry Rice,lunch,405,19.3,62.7,4.3,non_vegetarian,north_indian,1,muscle_gain|high_protein
Vegetable Khichdi,lunch,554,15.8,56.6,4.3,vegetarian,north_indian,1,improve_stamina|carb_rich
Grilled Chicken,dinner,633,10.3,92.1,12.1,non_vegetarian,north_indian,0,balanced|beginner
Vegetable Poha,breakfast,155,3.7,18.4,6.0,vegetarian,north_indian,0,improve_stamina|carb_rich
Paneer Cubes,snack,184,14.1,13.3,6.6,vegetarian,north_indian,1,muscle_gain|high_protein
Tofu Curry,dinner,592,26.6,54.0,13.6,vegan,mixed,1,muscle_gain|high_protein
Pav Bhaji,lunch,485,6.3,60.9,23.1,vegetarian,south_indian,0,improve_stamina|carb_rich
Chicken Curry Rice,lunch,440,6.3,62.9,9.5,non_vegetarian,north_indian,0,improve_stamina|carb_rich
Masala Omelette,breakfast,275,12.1,45.4,2.6,non_vegetarian,mixed,1,weight_loss|light
Pav Bhaji,lunch,403,14.1,51.5,16.7,vegetarian,north_indian,1,balanced|beginner
Corn Chaat,snack,295,11.8,38.5,7.8,vegan,north_indian,0,balanced|beginner
Kadhi Rice,lunch,407,12.8,54.3,21.3,vegetarian,north_indian,1,improve_stamina|carb_rich
Fruit Salad,snack,196,6.8,34.0,1.9,vegan,mixed,1,weight_loss|light
Sprouts Salad,snack,172,6.3,21.2,5.3,vegan,south_indian,1,muscle_gain|high_protein
Hyderabadi Biryani,lunch,685,36.0,44.0,26.9,non_vegetarian,mixed,0,balanced|beginner
Idli Sambar,breakfast,302,7.6,41.2,9.2,vegetarian,north_indian,1,balanced|beginner
Chicken Curry Rice,lunch,447,15.9,71.9,7.4,non_vegetarian,north_indian,1,improve_stamina|carb_rich
Paneer Sandwich,breakfast,154,6.0,27.0,1.1,vegetarian,mixed,0,balanced|beginner
Thepla,breakfast,183,19.3,18.6,1.9,vegetarian,north_indian,1,muscle_gain|high_protein
Boiled Eggs,snack,288,17.7,39.6,3.9,non_vegetarian,mixed,0,muscle_gain|high_protein
Rajma Chawal,lunch,366,11.4,64.6,9.9,vegetarian,north_indian,0,balanced|beginner
Pav Bhaji,lunch,629,54.3,59.8,6.6,vegetarian,north_indian,1,muscle_gain|high_protein
Paneer Sandwich,breakfast,391,14.4,50.8,5.1,vegetarian,mixed,1,weight_loss|light
Tofu Stir Fry,lunch,422,11.4,29.9,20.2,vegan,south_indian,0,weight_loss|light
Sprouts Salad,snack,146,3.7,19.1,4.8,vegan,south_indian,1,balanced|beginner
Paneer Roti,lunch,474,8.8,69.9,14.9,vegetarian,mixed,0,weight_loss|light
Corn Chaat,snack,280,7.9,30.7,11.5,vegan,mixed,1,weight_loss|light
Roti Sabji,dinner,389,30.3,35.6,6.2,vegetarian,north_indian,1,weight_loss|light
Boiled Eggs,snack,88,4.5,11.7,1.8,non_vegetarian,north_indian,1,improve_stamina|carb_rich
Vegetable Poha,breakfast,433,5.1,57.3,16.5,vegetarian,north_indian,0,improve_stamina|carb_rich
Paneer Sandwich,breakfast,201,13.8,18.2,6.3,vegetarian,south_indian,1,muscle_gain|high_protein
Kadhi Rice,lunch,578,19.4,53.8,15.4,vegetarian,north_indian,1,muscle_gain|high_protein
Paneer Cubes,snack,187,7.1,23.7,5.4,vegetarian,north_indian,1,improve_stamina|carb_rich
Roasted Chana,snack,228,4.8,14.3,14.8,vegan,south_indian,0,balanced|beginner
Vegetable Khichdi,lunch,648,7.9,30.1,24.1,vegetarian,mixed,0,balanced|beginner
Sabudana Khichdi,breakfast,290,14.5,28.4,15.0,vegetarian,north_indian,1,balanced|beginner
Tofu Stir Fry,lunch,535,15.5,61.6,5.6,vegan,north_indian,1,balanced|beginner
Dal Rice,lunch,670,30.4,82.9,10.7,vegetarian,south_indian,0,weight_loss|light
Roasted Chana,snack,121,5.0,13.3,4.2,vegan,north_indian,1,muscle_gain|high_protein
Paneer Roti,lunch,503,7.3,51.7,12.1,vegetarian,mixed,0,weight_loss|light
Hyderabadi Biryani,lunch,591,16.8,52.7,15.9,non_vegetarian,mixed,1,balanced|beginner
Fruit Salad,snack,172,3.9,24.8,4.9,vegan,mixed,1,weight_loss|light
Boiled Eggs,snack,264,7.1,34.0,8.7,non_vegetarian,north_indian,0,balanced|beginner
Grilled Chicken,dinner,646,7.9,48.0,25.0,non_vegetarian,north_indian,0,improve_stamina|carb_rich
Fruit Salad,snack,243,17.1,40.5,3.4,vegan,mixed,1,improve_stamina|carb_rich
Roti Sabji,dinner,660,40.9,46.6,6.7,vegetarian,north_indian,1,muscle_gain|high_protein
Idli Sambar,breakfast,196,6.4,20.0,8.3,vegetarian,north_indian,1,weight_loss|light
Tofu Scramble,breakfast,235,16.6,35.8,5.0,vegan,north_indian,1,balanced|beginner
Fruit Salad,snack,94,2.2,11.1,3.7,vegan,north_indian,1,improve_stamina|carb_rich
Fish Curry Rice,lunch,671,21.1,42.8,32.7,non_vegetarian,north_indian,0,balanced|beginner
Kadhi Rice,lunch,689,41.0,54.6,20.3,vegetarian,mixed,0,improve_stamina|carb_rich
Roasted Chana,snack,119,3.6,14.5,4.1,vegan,north_indian,1,weight_loss|light
Dal Tadka,dinner,546,14.2,34.0,28.3,vegetarian,mixed,0,balanced|beginner
Fruit Salad,snack,268,9.1,35.2,7.7,vegan,mixed,0,balanced|beginner
Corn Chaat,snack,295,9.7,50.4,7.1,vegan,north_indian,0,balanced|beginner
Paneer Bhurji,dinner,486,35.5,61.7,11.8,vegetarian,mixed,1,muscle_gain|high_protein
Buttermilk,snack,161,5.9,24.7,2.9,vegetarian,mixed,1,weight_loss|light
Hyderabadi Biryani,lunch,487,18.6,34.1,23.6,non_vegetarian,north_indian,0,improve_stamina|carb_rich
Tofu Stir Fry,lunch,560,6.5,54.8,12.8,vegan,north_indian,0,balanced|beginner
Fish Curry Rice,lunch,380,13.3,37.1,16.4,non_vegetarian,north_indian,1,weight_loss|light
Hyderabadi Biryani,lunch,504,16.6,26.6,19.3,non_vegetarian,north_indian,1,weight_loss|light
Dal Rice,lunch,387,24.8,36.9,19.5,vegetarian,mixed,1,muscle_gain|high_protein
Tofu Stir Fry,lunch,375,18.3,48.1,17.7,vegan,north_indian,1,muscle_gain|high_protein
Oats with Milk,breakfast,245,19.0,17.3,8.9,vegetarian,south_indian,1,muscle_gain|high_protein
Paneer Roti,lunch,590,11.8,32.4,22.8,vegetarian,mixed,0,improve_stamina|carb_rich
Roti Sabji,dinner,425,10.2,52.5,4.4,vegetarian,mixed,0,balanced|beginner
Paneer Cubes,snack,124,6.5,16.5,2.5,vegetarian,south_indian,1,muscle_gain|high_protein
Paneer Roti,lunch,522,12.7,46.3,9.1,vegetarian,mixed,1,improve_stamina|carb_rich
Vegetable Soup,dinner,475,9.4,45.9,13.7,vegan,north_indian,0,balanced|beginner
Grilled Chicken,dinner,374,24.2,51.9,4.4,non_vegetarian,north_indian,1,muscle_gain|high_protein
Oats with Milk,breakfast,363,6.9,44.6,14.5,vegetarian,mixed,1,balanced|beginner
Paneer Sandwich,breakfast,222,14.5,21.7,6.6,vegetarian,north_indian,1,muscle_gain|high_protein
Buttermilk,snack,116,2.6,21.5,1.1,vegetarian,north_indian,1,weight_loss|light
Tofu Scramble,breakfast,342,10.1,49.3,8.6,vegan,north_indian,1,balanced|beginner
Roti Sabji,dinner,632,30.3,75.8,24.9,vegetarian,south_indian,0,muscle_gain|high_protein
Paneer Sandwich,breakfast,403,11.7,45.5,15.8,vegetarian,mixed,1,weight_loss|light
Vegetable Soup,dinner,603,46.5,46.5,13.6,vegan,mixed,1,muscle_gain|high_protein
Masala Omelette,breakfast,242,2.4,34.6,8.3,non_vegetarian,north_indian,1,improve_stamina|carb_rich
Fruit Salad,snack,293,16.2,36.6,6.1,vegan,south_indian,0,balanced|beginner
Masala Omelette,breakfast,358,7.6,57.4,7.7,non_vegetarian,mixed,1,balanced|beginner
Paneer Sandwich,breakfast,238,4.1,45.2,2.4,vegetarian,mixed,1,weight_loss|light
Sabudana Khichdi,breakfast,438,20.8,55.7,10.8,vegetarian,mixed,1,muscle_gain|high_protein
Thepla,breakfast,262,7.9,46.5,2.6,vegetarian,mixed,1,improve_stamina|carb_rich
Corn Chaat,snack,144,3.5,12.7,7.5,vegan,mixed,1,balanced|beginner
Sabudana Khichdi,breakfast,208,13.5,15.5,8.4,vegetarian,south_indian,1,muscle_gain|high_protein
Grilled Chicken,dinner,366,12.4,48.8,10.2,non_vegetarian,north_indian,1,weight_loss|light
Kadhi Rice,lunch,582,10.6,63.3,20.2,vegetarian,north_indian,0,balanced|beginner
Fish Curry Rice,lunch,382,18.4,41.3,14.1,non_vegetarian,north_indian,1,weight_loss|light
Dal Tadka,dinner,369,17.9,60.9,10.5,vegetarian,north_indian,1,improve_stamina|carb_rich
Paneer Roti,lunch,677,11.8,58.6,12.3,vegetarian,north_indian,0,balanced|beginner
Protein Shake,snack,88,5.2,6.9,3.6,vegetarian,south_indian,1,muscle_gain|high_protein
Tofu Scramble,breakfast,276,9.8,27.2,11.8,vegan,north_indian,1,weight_loss|light
Buttermilk,snack,100,1.6,17.3,1.8,vegetarian,south_indian,1,improve_stamina|carb_rich
Rajma Chawal,lunch,449,16.7,59.2,12.2,vegetarian,mixed,1,muscle_gain|high_protein
Dal Tadka,dinner,614,11.1,72.6,21.4,vegetarian,mixed,0,improve_stamina|carb_rich
Idli Sambar,breakfast,221,7.1,36.4,3.3,vegetarian,mixed,1,weight_loss|light
Paneer Bhurji,dinner,415,13.2,35.5,4.7,vegetarian,south_indian,1,improve_stamina|carb_rich
Paneer Bhurji,dinner,673,13.4,42.8,17.4,vegetarian,mixed,0,improve_stamina|carb_rich
Buttermilk,snack,87,8.2,8.4,1.5,vegetarian,mixed,1,muscle_gain|high_protein
Egg Curry,dinner,665,23.1,47.2,29.4,non_vegetarian,mixed,0,improve_stamina|carb_rich
Paneer Cubes,snack,185,5.3,17.2,8.9,vegetarian,south_indian,1,improve_stamina|carb_rich
Kadhi Rice,lunch,640,41.6,39.6,22.0,vegetarian,north_indian,1,muscle_gain|high_protein
Hyderabadi Biryani,lunch,416,8.7,31.0,22.0,non_vegetarian,mixed,0,weight_loss|light
Roti Sabji,dinner,596,23.4,47.1,23.0,vegetarian,mixed,0,balanced|beginner
Vegetable Poha,breakfast,376,12.0,35.9,12.9,vegetarian,north_indian,1,weight_loss|light
Thepla,breakfast,358,4.7,40.6,16.5,vegetarian,north_indian,1,balanced|beginner
Roasted Chana,snack,196,12.3,25.6,3.2,vegan,south_indian,1,weight_loss|light
Vegetable Poha,breakfast,326,13.7,39.9,12.2,vegetarian,north_indian,1,balanced|beginner
Masala Omelette,breakfast,155,4.3,25.6,2.5,non_vegetarian,north_indian,0,balanced|beginner
Vegetable Soup,dinner,368,18.4,42.2,10.7,vegan,north_indian,1,muscle_gain|high_protein
Fish Fry,dinner,621,16.6,48.9,21.9,non_vegetarian,north_indian,1,weight_loss|light
Corn Chaat,snack,171,7.4,13.7,8.1,vegan,north_indian,1,balanced|beginner
Peanut Chaat,snack,254,8.4,29.4,9.2,vegetarian,north_indian,1,muscle_gain|high_protein
Dal Tadka,dinner,377,23.5,23.9,5.8,vegetarian,south_indian,1,muscle_gain|high_protein
Dal Rice,lunch,435,26.2,52.1,18.6,vegetarian,north_indian,1,muscle_gain|high_protein
Fish Curry Rice,lunch,612,41.4,44.6,10.3,non_vegetarian,south_indian,1,muscle_gain|high_protein
Masala Omelette,breakfast,358,7.9,21.7,15.8,non_vegetarian,south_indian,1,improve_stamina|carb_rich
Pav Bhaji,lunch,414,17.8,38.0,16.4,vegetarian,mixed,1,balanced|beginner
Thepla,breakfast,395,22.8,27.0,24.6,vegetarian,mixed,0,muscle_gain|high_protein
Vegetable Poha,breakfast,255,6.6,31.0,9.3,vegetarian,mixed,1,improve_stamina|carb_rich
Protein Shake,snack,91,10.7,5.6,2.1,vegetarian,north_indian,1,muscle_gain|high_protein
Fish Fry,dinner,695,6.5,78.1,21.9,non_vegetarian,south_indian,0,weight_loss|light
Thepla,breakfast,420,29.2,51.9,6.9,vegetarian,mixed,1,muscle_gain|high_protein
Buttermilk,snack,91,7.5,9.6,1.7,vegetarian,mixed,1,balanced|beginner
Vegetable Soup,dinner,548,36.9,71.3,12.2,vegan,north_indian,1,muscle_gain|high_protein
Egg Curry,dinner,687,18.5,36.3,21.2,non_vegetarian,north_indian,0,balanced|beginner
Kadhi Rice,lunch,383,30.1,28.4,18.3,vegetarian,north_indian,1,muscle_gain|high_protein
Fruit Bowl,breakfast,318,21.2,22.2,10.4,vegan,north_indian,1,muscle_gain|high_protein
Idli Sambar,breakfast,406,7.5,55.4,4.4,vegetarian,north_indian,1,weight_loss|light
Fish Curry Rice,lunch,361,6.5,56.9,8.7,non_vegetarian,north_indian,0,balanced|beginner
Buttermilk,snack,196,4.0,22.1,8.4,vegetarian,mixed,1,balanced|beginner
Sabudana Khichdi,breakfast,406,20.4,31.8,5.2,vegetarian,south_indian,1,muscle_gain|high_protein
Fish Curry Rice,lunch,356,6.8,65.3,9.1,non_vegetarian,south_indian,0,improve_stamina|carb_rich
Fish Fry,dinner,519,17.4,62.9,13.7,non_vegetarian,north_indian,1,improve_stamina|carb_rich
Mixed Veg Curry,dinner,390,18.9,47.3,6.1,vegetarian,mixed,1,weight_loss|light
Dal Rice,lunch,604,15.9,51.4,22.7,vegetarian,mixed,0,improve_stamina|carb_rich
Thepla,breakfast,304,20.9,27.5,9.6,vegetarian,mixed,1,muscle_gain|high_protein
Corn Chaat,snack,126,2.3,20.1,2.9,vegan,north_indian,1,weight_loss|light
Fruit Bowl,breakfast,228,13.4,16.1,10.2,vegan,north_indian,1,muscle_gain|high_protein
Buttermilk,snack,299,7.4,34.2,12.1,vegetarian,mixed,0,balanced|beginner
Fruit Bowl,breakfast,335,8.2,31.9,21.9,vegan,north_indian,0,balanced|beginner
Chicken Curry Rice,lunch,564,8.5,63.2,21.7,non_vegetarian,north_indian,0,improve_stamina|carb_rich
Roti Sabji,dinner,406,19.2,53.6,11.6,vegetarian,south_indian,1,balanced|beginner
Hyderabadi Biryani,lunch,571,35.4,24.5,23.7,non_vegetarian,north_indian,0,muscle_gain|high_protein
Protein Shake,snack,255,7.1,37.3,4.4,vegetarian,mixed,1,weight_loss|light
Vegetable Soup,dinner,466,29.3,38.7,17.4,vegan,mixed,1,muscle_gain|high_protein
Mixed Veg Curry,dinner,452,6.6,50.6,21.9,vegetarian,mixed,0,improve_stamina|carb_rich
Paneer Cubes,snack,144,7.1,18.2,3.5,vegetarian,north_indian,1,improve_stamina|carb_rich
Boiled Eggs,snack,203,14.2,17.2,6.8,non_vegetarian,north_indian,1,muscle_gain|high_protein
Dal Tadka,dinner,434,11.3,52.0,16.2,vegetarian,mixed,0,balanced|beginner
Fish Fry,dinner,353,12.9,65.1,5.2,non_vegetarian,north_indian,1,improve_stamina|carb_rich
Fish Curry Rice,lunch,561,20.1,57.5,7.3,non_vegetarian,north_indian,1,muscle_gain|high_protein
Sabudana Khichdi,breakfast,289,7.5,34.9,5.0,vegetarian,north_indian,1,weight_loss|light
Tofu Scramble,breakfast,239,7.1,43.0,2.2,vegan,south_indian,1,weight_loss|light
Sabudana Khichdi,breakfast,260,7.3,29.3,10.3,vegetarian,north_indian,1,improve_stamina|carb_rich
Boiled Eggs,snack,205,6.3,22.9,7.9,non_vegetarian,south_indian,1,balanced|beginner
Boiled Eggs,snack,82,4.1,7.1,3.4,non_vegetarian,north_indian,1,weight_loss|light
Kadhi Rice,lunch,696,12.1,46.3,16.6,vegetarian,north_indian,0,weight_loss|light
Grilled Chicken,dinner,534,46.6,50.0,5.7,non_vegetarian,south_indian,1,muscle_gain|high_protein
Idli Sambar,breakfast,152,8.1,19.8,3.1,vegetarian,south_indian,0,balanced|beginner
Thepla,breakfast,271,4.7,37.3,9.0,vegetarian,north_indian,1,balanced|beginner
Roti Sabji,dinner,377,19.1,32.5,3.9,vegetarian,north_indian,1,weight_loss|light
Mixed Veg Curry,dinner,582,15.4,52.2,20.1,vegetarian,mixed,1,balanced|beginner
Paneer Cubes,snack,157,4.0,27.2,2.2,vegetarian,mixed,1,balanced|beginner
Corn Chaat,snack,220,6.7,32.2,5.2,vegan,north_indian,1,balanced|beginner
Pav Bhaji,lunch,673,16.5,62.4,17.4,vegetarian,north_indian,0,improve_stamina|carb_rich
Paneer Bhurji,dinner,653,17.9,49.7,18.7,vegetarian,mixed,0,improve_stamina|carb_rich
Hyderabadi Biryani,lunch,385,9.8,34.8,11.3,non_vegetarian,mixed,1,weight_loss|light
Boiled Eggs,snack,83,1.7,11.4,2.7,non_vegetarian,north_indian,1,improve_stamina|carb_rich
Peanut Chaat,snack,86,4.6,8.1,3.2,vegetarian,mixed,1,muscle_gain|high_protein
Protein Shake,snack,266,19.1,29.8,5.5,vegetarian,mixed,1,muscle_gain|high_protein
Hyderabadi Biryani,lunch,598,17.5,55.5,17.6,non_vegetarian,north_indian,1,balanced|beginner
Sprouts Salad,snack,160,3.0,26.2,3.4,vegan,north_indian,1,improve_stamina|carb_rich
Upma,breakfast,317,20.9,39.1,5.8,vegetarian,mixed,1,muscle_gain|high_protein
Hyderabadi Biryani,lunch,570,15.9,32.6,25.0,non_vegetarian,south_indian,0,balanced|beginner
Idli Sambar,breakfast,398,19.9,50.8,18.0,vegetarian,mixed,1,weight_loss|light
Vegetable Khichdi,lunch,615,8.8,47.9,16.9,vegetarian,south_indian,0,balanced|beginner
Fruit Salad,snack,91,2.2,16.9,0.8,vegan,mixed,1,improve_stamina|carb_rich
Boiled Eggs,snack,300,10.8,40.9,7.7,non_vegetarian,north_indian,0,improve_stamina|carb_rich
Kadhi Rice,lunch,644,37.8,20.9,14.3,vegetarian,mixed,1,muscle_gain|high_protein
Fruit Salad,snack,168,4.1,17.1,7.8,vegan,north_indian,1,improve_stamina|carb_rich
Tofu Stir Fry,lunch,413,6.1,54.3,15.4,vegan,mixed,0,weight_loss|light
Buttermilk,snack,85,2.1,9.3,3.6,vegetarian,north_indian,1,improve_stamina|carb_rich
Peanut Chaat,snack,249,8.2,36.2,5.7,vegetarian,south_indian,1,weight_loss|light
Tofu Scramble,breakfast,195,7.0,29.9,3.5,vegan,north_indian,1,improve_stamina|carb_rich
Vegetable Poha,breakfast,189,9.3,18.6,6.9,vegetarian,north_indian,1,muscle_gain|high_protein
Corn Chaat,snack,246,10.8,14.5,13.9,vegan,north_indian,1,weight_loss|light
Egg Curry,dinner,445,11.3,36.5,21.9,non_vegetarian,mixed,0,improve_stamina|carb_rich
Paneer Cubes,snack,240,16.0,21.9,7.7,vegetarian,south_indian,1,muscle_gain|high_protein
Paneer Bhurji,dinner,658,21.7,44.6,30.5,vegetarian,mixed,0,balanced|beginner
Egg Curry,dinner,470,15.7,76.0,15.1,non_vegetarian,north_indian,1,balanced|beginner
Vegetable Soup,dinner,471,14.4,48.3,15.6,vegan,mixed,1,weight_loss|light
Fruit Bowl,breakfast,258,16.5,33.7,4.1,vegan,mixed,1,muscle_gain|high_protein
Sprouts Salad,snack,287,19.6,33.2,8.6,vegan,north_indian,1,weight_loss|light
Roti Sabji,dinner,422,19.5,58.6,8.4,vegetarian,mixed,1,muscle_gain|high_protein
Tofu Stir Fry,lunch,567,26.3,65.9,10.7,vegan,north_indian,1,improve_stamina|carb_rich
Paneer Cubes,snack,112,4.2,16.1,2.4,vegetarian,south_indian,1,improve_stamina|carb_rich
Protein Shake,snack,259,8.6,33.6,7.7,vegetarian,south_indian,1,weight_loss|light
Sprouts Salad,snack,194,7.9,11.9,11.0,vegan,north_indian,1,weight_loss|light
Sprouts Salad,snack,115,6.1,7.5,5.7,vegan,north_indian,1,balanced|beginner
Fish Fry,dinner,532,8.0,75.6,13.0,non_vegetarian,north_indian,0,improve_stamina|carb_rich
Tofu Stir Fry,lunch,612,14.7,70.8,16.9,vegan,north_indian,1,weight_loss|light
Paneer Roti,lunch,520,24.4,56.7,17.3,vegetarian,mixed,1,muscle_gain|high_protein
Hyderabadi Biryani,lunch,467,7.0,42.1,23.1,non_vegetarian,north_indian,0,improve_stamina|carb_rich
Vegetable Soup,dinner,566,14.1,54.5,21.2,vegan,mixed,1,balanced|beginner
Fruit Salad,snack,270,9.3,40.7,5.4,vegan,north_indian,0,improve_stamina|carb_rich
Kadhi Rice,lunch,529,23.9,58.2,11.7,vegetarian,north_indian,1,balanced|beginner
Vegetable Poha,breakfast,283,3.8,52.5,3.9,vegetarian,mixed,1,balanced|beginner
Pav Bhaji,lunch,453,5.2,43.9,7.6,vegetarian,north_indian,0,balanced|beginner
Sprouts Salad,snack,255,3.7,31.7,10.3,vegan,south_indian,1,weight_loss|light
Vegetable Khichdi,lunch,580,15.4,33.9,18.2,vegetarian,south_indian,1,improve_stamina|carb_rich
Sabudana Khichdi,breakfast,278,14.6,37.3,5.3,vegetarian,north_indian,1,muscle_gain|high_protein
Upma,breakfast,240,8.5,27.5,8.5,vegetarian,north_indian,1,balanced|beginner
Hyderabadi Biryani,lunch,670,42.8,28.7,12.3,non_vegetarian,mixed,1,muscle_gain|high_protein
Grilled Chicken,dinner,652,13.7,47.2,32.3,non_vegetarian,north_indian,0,improve_stamina|carb_rich
Paneer Sandwich,breakfast,160,5.8,14.8,7.2,vegetarian,mixed,0,balanced|beginner
Pav Bhaji,lunch,486,11.8,60.5,13.0,vegetarian,north_indian,0,balanced|beginner
Boiled Eggs,snack,168,5.5,16.0,7.6,non_vegetarian,mixed,1,balanced|beginner
Egg Curry,dinner,408,18.4,60.8,13.9,non_vegetarian,mixed,1,weight_loss|light
Egg Curry,dinner,384,18.9,22.6,19.5,non_vegetarian,north_indian,1,improve_stamina|carb_rich
Protein Shake,snack,107,5.1,14.2,2.4,vegetarian,mixed,1,muscle_gain|high_protein
Tofu Scramble,breakfast,244,11.9,45.3,4.8,vegan,mixed,1,balanced|beginner
Corn Chaat,snack,298,4.6,43.6,9.0,vegan,mixed,1,weight_loss|light
Tofu Curry,dinner,441,19.7,51.8,22.8,vegan,north_indian,0,muscle_gain|high_protein
Roasted Chana,snack,245,9.5,21.8,11.1,vegan,south_indian,1,muscle_gain|high_protein
Sprouts Salad,snack,81,7.8,5.8,2.2,vegan,north_indian,1,muscle_gain|high_protein
Paneer Sandwich,breakfast,163,2.7,20.8,6.2,vegetarian,north_indian,0,improve_stamina|carb_rich
Dal Rice,lunch,521,15.9,51.7,20.8,vegetarian,mixed,1,balanced|beginner
Vegetable Khichdi,lunch,393,7.5,58.9,13.1,vegetarian,north_indian,1,weight_loss|light
Sabudana Khichdi,breakfast,407,12.5,54.1,17.2,vegetarian,south_indian,1,improve_stamina|carb_rich
Vegetable Soup,dinner,688,14.2,55.4,31.8,vegan,mixed,0,weight_loss|light
Paneer Sandwich,breakfast,317,5.7,57.6,4.3,vegetarian,north_indian,1,weight_loss|light
Paneer Bhurji,dinner,698,19.5,37.4,21.8,vegetarian,north_indian,0,improve_stamina|carb_rich
Dal Tadka,dinner,419,35.2,20.4,6.6,vegetarian,mixed,1,muscle_gain|high_protein
Masala Omelette,breakfast,289,8.2,35.8,10.0,non_vegetarian,mixed,1,improve_stamina|carb_rich
Paneer Sandwich,breakfast,194,4.0,31.9,3.9,vegetarian,mixed,1,weight_loss|light
Roti Sabji,dinner,573,19.2,79.1,14.4,vegetarian,north_indian,1,balanced|beginner
Protein Shake,snack,117,6.9,13.4,3.0,vegetarian,south_indian,1,muscle_gain|high_protein
Fish Fry,dinner,482,12.8,67.0,24.0,non_vegetarian,mixed,0,improve_stamina|carb_rich
Hyderabadi Biryani,lunch,372,9.6,43.5,14.4,non_vegetarian,north_indian,0,improve_stamina|carb_rich
Fish Curry Rice,lunch,671,10.2,77.1,22.3,non_vegetarian,north_indian,0,weight_loss|light
Masala Omelette,breakfast,150,4.5,11.7,8.1,non_vegetarian,mixed,0,balanced|beginner
Oats with Milk,breakfast,436,19.1,35.5,3.8,vegetarian,north_indian,0,balanced|beginner
Pav Bhaji,lunch,459,14.8,26.5,12.5,vegetarian,north_indian,1,balanced|beginner
Protein Shake,snack,279,7.5,30.4,11.7,vegetarian,south_indian,0,balanced|beginner
Mixed Veg Curry,dinner,358,17.0,36.2,14.9,vegetarian,south_indian,1,weight_loss|light
Tofu Curry,dinner,532,11.0,61.9,18.4,vegan,north_indian,0,balanced|beginner
Dal Tadka,dinner,541,14.7,71.0,14.8,vegetarian,north_indian,1,weight_loss|light
Upma,breakfast,230,6.9,21.1,16.9,vegetarian,north_indian,1,improve_stamina|carb_rich
Tofu Scramble,breakfast,422,18.4,22.4,13.6,vegan,north_indian,0,balanced|beginner
Fruit Bowl,breakfast,198,10.0,29.7,2.6,vegan,south_indian,1,balanced|beginner
Pav Bhaji,lunch,589,16.8,26.2,18.8,vegetarian,north_indian,1,improve_stamina|carb_rich
Corn Chaat,snack,158,3.4,15.2,7.9,vegan,north_indian,1,balanced|beginner
Tofu Stir Fry,lunch,369,25.7,38.3,9.8,vegan,north_indian,1,muscle_gain|high_protein
Sabudana Khichdi,breakfast,315,4.9,27.2,17.9,vegetarian,north_indian,1,weight_loss|light
Idli Sambar,breakfast,407,7.9,26.5,15.8,vegetarian,north_indian,1,weight_loss|light
Dal Tadka,dinner,596,58.7,48.3,6.7,vegetarian,south_indian,1,muscle_gain|high_protein
Peanut Chaat,snack,229,4.9,25.9,9.7,vegetarian,north_indian,1,improve_stamina|carb_rich
Pav Bhaji,lunch,451,28.4,52.5,10.1,vegetarian,north_indian,1,muscle_gain|high_protein
Egg Curry,dinner,557,35.8,61.2,20.0,non_vegetarian,south_indian,1,muscle_gain|high_protein
Peanut Chaat,snack,134,4.3,10.8,7.0,vegetarian,south_indian,1,improve_stamina|carb_rich
Masala Omelette,breakfast,254,9.2,40.3,4.0,non_vegetarian,mixed,1,balanced|beginner
Buttermilk,snack,275,4.9,40.5,7.9,vegetarian,north_indian,1,weight_loss|light
Pav Bhaji,lunch,501,18.6,30.1,14.7,vegetarian,north_indian,1,improve_stamina|carb_rich
Paneer Sandwich,breakfast,370,25.0,32.2,12.4,vegetarian,north_indian,1,muscle_gain|high_protein
Pav Bhaji,lunch,555,20.6,37.7,22.8,vegetarian,north_indian,0,muscle_gain|high_protein
Grilled Chicken,dinner,659,30.4,47.5,25.4,non_vegetarian,mixed,0,weight_loss|light
Roasted Chana,snack,167,5.9,26.3,2.8,vegan,mixed,1,improve_stamina|carb_rich
Idli Sambar,breakfast,315,10.3,47.8,6.4,vegetarian,mixed,1,improve_stamina|carb_rich
Kadhi Rice,lunch,464,12.9,55.9,16.9,vegetarian,mixed,1,improve_stamina|carb_rich
Kadhi Rice,lunch,648,12.3,77.1,19.3,vegetarian,south_indian,1,balanced|beginner
Peanut Chaat,snack,145,7.5,14.6,5.0,vegetarian,north_indian,1,muscle_gain|high_protein
Dal Tadka,dinner,632,9.9,49.3,16.5,vegetarian,north_indian,0,weight_loss|light
Upma,breakfast,186,7.7,19.0,7.1,vegetarian,north_indian,1,muscle_gain|high_protein
Kadhi Rice,lunch,686,30.6,73.3,16.3,vegetarian,north_indian,0,weight_loss|light
Egg Curry,dinner,607,9.6,81.6,14.8,non_vegetarian,south_indian,0,balanced|beginner
Pav Bhaji,lunch,400,8.1,60.1,3.1,vegetarian,north_indian,1,weight_loss|light
Corn Chaat,snack,231,5.5,38.4,4.8,vegan,north_indian,1,balanced|beginner
Grilled Chicken,dinner,597,16.1,52.9,12.0,non_vegetarian,mixed,1,weight_loss|light
Egg Curry,dinner,479,11.9,31.4,11.6,non_vegetarian,mixed,0,balanced|beginner
Roti Sabji,dinner,621,22.6,82.3,10.0,vegetarian,north_indian,1,balanced|beginner
Pav Bhaji,lunch,564,14.9,69.6,24.2,vegetarian,north_indian,0,improve_stamina|carb_rich
Idli Sambar,breakfast,440,16.3,58.7,19.0,vegetarian,north_indian,0,improve_stamina|carb_rich
Thepla,breakfast,174,6.7,27.3,2.7,vegetarian,mixed,1,weight_loss|light
Rajma Chawal,lunch,693,16.7,42.4,36.9,vegetarian,north_indian,0,improve_stamina|carb_rich
Vegetable Khichdi,lunch,403,15.0,52.8,15.5,vegetarian,north_indian,1,weight_loss|light
Fruit Bowl,breakfast,225,12.8,25.8,6.7,vegan,north_indian,1,balanced|beginner
Paneer Sandwich,breakfast,269,10.9,30.5,5.7,vegetarian,south_indian,1,balanced|beginner
Peanut Chaat,snack,198,9.2,12.1,10.8,vegetarian,south_indian,1,improve_stamina|carb_rich
Roti Sabji,dinner,380,25.1,50.5,11.0,vegetarian,north_indian,1,muscle_gain|high_protein
Paneer Cubes,snack,293,11.6,36.8,8.4,vegetarian,south_indian,0,balanced|beginner
Paneer Bhurji,dinner,353,12.8,33.4,15.5,vegetarian,north_indian,1,weight_loss|light
Fish Curry Rice,lunch,665,27.1,53.8,12.1,non_vegetarian,north_indian,1,muscle_gain|high_protein
Paneer Bhurji,dinner,606,7.7,68.4,14.2,vegetarian,south_indian,0,balanced|beginner
Dal Tadka,dinner,378,12.2,53.0,16.5,vegetarian,north_indian,1,balanced|beginner
Chicken Curry Rice,lunch,533,16.2,64.0,14.2,non_vegetarian,mixed,1,weight_loss|light
Vegetable Poha,breakfast,195,5.1,32.3,3.3,vegetarian,north_indian,1,weight_loss|light
Roasted Chana,snack,159,5.5,15.4,6.9,vegan,south_indian,1,muscle_gain|high_protein
Fish Curry Rice,lunch,559,26.5,27.0,15.7,non_vegetarian,north_indian,1,muscle_gain|high_protein
Fish Curry Rice,lunch,387,12.9,49.9,11.6,non_vegetarian,north_indian,1,weight_loss|light
Paneer Cubes,snack,132,2.7,16.8,4.8,vegetarian,north_indian,1,weight_loss|light
Fish Fry,dinner,655,36.3,45.6,14.0,non_vegetarian,north_indian,1,muscle_gain|high_protein
Sprouts Salad,snack,231,13.8,13.9,11.3,vegan,north_indian,1,muscle_gain|high_protein
Idli Sambar,breakfast,160,5.9,17.5,6.0,vegetarian,north_indian,0,improve_stamina|carb_rich
Tofu Scramble,breakfast,197,5.4,29.2,4.8,vegan,mixed,1,improve_stamina|carb_rich
Kadhi Rice,lunch,611,13.4,45.9,13.3,vegetarian,north_indian,1,improve_stamina|carb_rich
Vegetable Soup,dinner,440,39.7,20.1,14.0,vegan,north_indian,1,muscle_gain|high_protein
Roasted Chana,snack,186,9.3,26.1,3.3,vegan,north_indian,1,balanced|beginner
Paneer Bhurji,dinner,687,16.8,103.1,9.3,vegetarian,north_indian,0,improve_stamina|carb_rich
Upma,breakfast,339,15.7,26.8,21.7,vegetarian,south_indian,0,balanced|beginner
Chicken Curry Rice,lunch,547,27.0,48.4,16.4,non_vegetarian,north_indian,1,improve_stamina|carb_rich
Tofu Stir Fry,lunch,650,8.4,90.7,15.2,vegan,mixed,0,weight_loss|light
Egg Curry,dinner,652,37.0,62.2,9.1,non_vegetarian,north_indian,1,muscle_gain|high_protein
Fruit Bowl,breakfast,372,31.5,19.2,15.5,vegan,mixed,1,muscle_gain|high_protein
Paneer Cubes,snack,126,6.0,10.9,5.4,vegetarian,mixed,1,muscle_gain|high_protein
Protein Shake,snack,116,3.0,13.8,4.4,vegetarian,north_indian,1,weight_loss|light
Paneer Cubes,snack,272,25.0,19.5,8.0,vegetarian,north_indian,1,muscle_gain|high_protein
Egg Curry,dinner,522,30.9,57.3,14.2,non_vegetarian,mixed,1,muscle_gain|high_protein
Buttermilk,snack,255,4.2,40.0,6.4,vegetarian,north_indian,1,balanced|beginner
Paneer Bhurji,dinner,622,15.2,56.2,16.7,vegetarian,south_indian,1,weight_loss|light
Paneer Roti,lunch,572,6.6,74.6,4.8,vegetarian,mixed,0,weight_loss|light
Fruit Salad,snack,142,2.8,17.8,5.3,vegan,north_indian,1,weight_loss|light
Protein Shake,snack,215,5.2,34.2,4.5,vegetarian,south_indian,1,weight_loss|light
Paneer Sandwich,breakfast,439,8.5,23.2,19.3,vegetarian,north_indian,0,weight_loss|light
Dal Rice,lunch,604,19.0,54.7,17.9,vegetarian,south_indian,1,improve_stamina|carb_rich
Egg Curry,dinner,587,38.2,52.1,22.9,non_vegetarian,mixed,0,muscle_gain|high_protein
Fish Curry Rice,lunch,465,18.1,46.8,8.3,non_vegetarian,north_indian,1,balanced|beginner
Buttermilk,snack,246,17.1,32.2,6.9,vegetarian,north_indian,1,weight_loss|light
Paneer Sandwich,breakfast,174,7.7,18.7,6.0,vegetarian,mixed,0,balanced|beginner
Hyderabadi Biryani,lunch,422,27.0,34.8,9.0,non_vegetarian,north_indian,1,muscle_gain|high_protein
Thepla,breakfast,298,4.5,42.9,9.4,vegetarian,south_indian,1,improve_stamina|carb_rich
Sprouts Salad,snack,103,8.1,9.3,2.8,vegan,south_indian,1,balanced|beginner
Oats with Milk,breakfast,411,8.4,34.6,11.6,vegetarian,north_indian,1,balanced|beginner
Sabudana Khichdi,breakfast,209,5.2,33.3,4.2,vegetarian,north_indian,1,balanced|beginner
Roasted Chana,snack,295,10.3,38.2,8.6,vegan,north_indian,0,improve_stamina|carb_rich
Roasted Chana,snack,180,4.5,30.0,3.0,vegan,north_indian,1,improve_stamina|carb_rich
Paneer Sandwich,breakfast,298,16.8,22.1,13.1,vegetarian,mixed,1,muscle_gain|high_protein
Roti Sabji,dinner,639,19.4,52.5,14.4,vegetarian,mixed,1,balanced|beginner
Sprouts Salad,snack,154,7.7,14.6,5.9,vegan,north_indian,1,weight_loss|light
Vegetable Khichdi,lunch,423,14.7,40.3,11.6,vegetarian,mixed,1,improve_stamina|carb_rich
Vegetable Soup,dinner,490,30.7,38.3,23.3,vegan,south_indian,0,muscle_gain|high_protein
Mixed Veg Curry,dinner,565,19.4,74.5,12.5,vegetarian,mixed,1,muscle_gain|high_protein
Upma,breakfast,159,2.0,19.6,6.7,vegetarian,south_indian,0,balanced|beginner
Idli Sambar,breakfast,375,16.6,31.9,16.6,vegetarian,mixed,1,balanced|beginner
Paneer Cubes,snack,93,1.9,11.2,3.7,vegetarian,north_indian,1,improve_stamina|carb_rich
Paneer Cubes,snack,178,5.8,21.0,6.3,vegetarian,mixed,1,muscle_gain|high_protein
Dal Rice,lunch,516,12.0,73.7,8.9,vegetarian,south_indian,1,weight_loss|light
Protein Shake,snack,81,8.0,6.5,1.8,vegetarian,south_indian,1,muscle_gain|high_protein
Vegetable Soup,dinner,528,23.3,37.7,9.4,vegan,mixed,1,muscle_gain|high_protein
Masala Omelette,breakfast,410,12.5,58.9,13.1,non_vegetarian,north_indian,1,weight_loss|light
Fish Fry,dinner,552,13.3,49.4,10.2,non_vegetarian,mixed,1,weight_loss|light
Kadhi Rice,lunch,487,7.8,50.7,16.9,vegetarian,north_indian,0,balanced|beginner
Tofu Scramble,breakfast,374,5.3,52.0,21.2,vegan,north_indian,0,balanced|beginner
Vegetable Soup,dinner,456,10.5,30.7,11.4,vegan,south_indian,0,improve_stamina|carb_rich
Thepla,breakfast,268,8.4,46.5,3.0,vegetarian,south_indian,1,balanced|beginner
Paneer Bhurji,dinner,700,9.9,48.9,20.9,vegetarian,mixed,0,balanced|beginner
Roti Sabji,dinner,430,17.9,47.7,6.3,vegetarian,south_indian,1,weight_loss|light
Tofu Scramble,breakfast,192,10.4,19.8,6.2,vegan,south_indian,1,muscle_gain|high_protein
Fruit Salad,snack,279,22.6,20.0,9.6,vegan,mixed,1,muscle_gain|high_protein
Protein Shake,snack,147,6.5,14.0,5.9,vegetarian,north_indian,1,improve_stamina|carb_rich
Corn Chaat,snack,248,10.6,27.2,8.6,vegan,mixed,1,balanced|beginner
Paneer Bhurji,dinner,676,19.0,51.2,16.5,vegetarian,mixed,0,balanced|beginner
Sabudana Khichdi,breakfast,275,19.7,26.9,6.4,vegetarian,north_indian,1,improve_stamina|carb_rich
Thepla,breakfast,360,19.6,34.5,19.5,vegetarian,mixed,0,improve_stamina|carb_rich
Paneer Bhurji,dinner,626,11.6,58.7,20.3,vegetarian,north_indian,0,balanced|beginner
Sprouts Salad,snack,262,10.0,39.9,4.6,vegan,south_indian,0,balanced|beginner
Egg Curry,dinner,365,31.2,43.7,10.8,non_vegetarian,mixed,1,muscle_gain|high_protein
Protein Shake,snack,180,8.3,26.7,2.9,vegetarian,south_indian,1,improve_stamina|carb_rich
Paneer Roti,lunch,516,15.9,67.0,20.1,vegetarian,north_indian,1,balanced|beginner
Rajma Chawal,lunch,630,22.9,68.6,23.7,vegetarian,mixed,0,muscle_gain|high_protein
Grilled Chicken,dinner,573,13.6,61.8,13.8,non_vegetarian,south_indian,1,balanced|beginner
Vegetable Khichdi,lunch,368,22.1,30.2,14.3,vegetarian,mixed,1,muscle_gain|high_protein
Roasted Chana,snack,124,5.5,10.6,5.5,vegan,mixed,1,balanced|beginner
Fruit Salad,snack,212,6.4,31.3,4.9,vegan,south_indian,1,improve_stamina|carb_rich
Sprouts Salad,snack,245,14.8,27.4,6.3,vegan,north_indian,1,balanced|beginner
Fruit Bowl,breakfast,436,16.7,58.6,18.3,vegan,mixed,0,weight_loss|light
Egg Curry,dinner,680,14.3,61.6,22.9,non_vegetarian,north_indian,0,balanced|beginner
Vegetable Khichdi,lunch,490,17.0,75.1,3.2,vegetarian,north_indian,1,balanced|beginner
Rajma Chawal,lunch,510,41.4,26.9,8.4,vegetarian,south_indian,1,muscle_gain|high_protein
Tofu Scramble,breakfast,237,5.0,22.3,12.1,vegan,mixed,1,balanced|beginner
Rajma Chawal,lunch,531,19.3,30.8,18.3,vegetarian,north_indian,1,improve_stamina|carb_rich
Tofu Scramble,breakfast,267,9.1,48.6,5.2,vegan,north_indian,1,balanced|beginner
Grilled Chicken,dinner,580,38.4,63.2,14.6,non_vegetarian,north_indian,1,muscle_gain|high_protein
Chicken Curry Rice,lunch,692,13.8,48.1,19.3,non_vegetarian,north_indian,0,weight_loss|light
Sabudana Khichdi,breakfast,428,7.5,42.2,7.4,vegetarian,mixed,0,weight_loss|light
Fish Fry,dinner,515,19.0,46.7,7.5,non_vegetarian,mixed,1,improve_stamina|carb_rich
Paneer Roti,lunch,493,36.2,32.2,18.1,vegetarian,north_indian,1,muscle_gain|high_protein
Egg Curry,dinner,551,11.3,79.7,9.8,non_vegetarian,mixed,0,balanced|beginner
Egg Curry,dinner,409,10.0,61.3,8.4,non_vegetarian,mixed,0,improve_stamina|carb_rich
Fish Fry,dinner,660,13.7,34.2,19.7,non_vegetarian,south_indian,0,improve_stamina|carb_rich
Vegetable Soup,dinner,629,12.3,62.3,12.3,vegan,south_indian,1,weight_loss|light
Protein Shake,snack,181,6.3,17.6,7.9,vegetarian,north_indian,1,improve_stamina|carb_rich
Fruit Salad,snack,118,7.1,13.7,2.8,vegan,north_indian,1,improve_stamina|carb_rich
Corn Chaat,snack,253,23.7,24.5,8.8,vegan,mixed,1,muscle_gain|high_protein
Fish Fry,dinner,493,35.7,48.7,9.5,non_vegetarian,south_indian,1,muscle_gain|high_protein
Paneer Cubes,snack,113,6.1,16.0,1.7,vegetarian,north_indian,1,improve_stamina|carb_rich
Roti Sabji,dinner,674,28.5,73.5,16.1,vegetarian,mixed,0,improve_stamina|carb_rich
Kadhi Rice,lunch,561,35.5,67.3,16.2,vegetarian,north_indian,1,muscle_gain|high_protein
Chicken Curry Rice,lunch,585,16.1,79.8,12.2,non_vegetarian,south_indian,1,improve_stamina|carb_rich
Tofu Stir Fry,lunch,381,38.7,26.0,13.5,vegan,north_indian,1,muscle_gain|high_protein
Grilled Chicken,dinner,394,18.5,62.4,8.2,non_vegetarian,mixed,1,weight_loss|light
Paneer Bhurji,dinner,683,23.7,39.8,17.5,vegetarian,south_indian,1,muscle_gain|high_protein
Paneer Cubes,snack,157,5.1,16.6,6.4,vegetarian,north_indian,1,weight_loss|light
Roti Sabji,dinner,606,24.0,80.2,8.9,vegetarian,south_indian,1,balanced|beginner
Dal Tadka,dinner,466,8.4,59.5,14.2,vegetarian,north_indian,0,balanced|beginner
Paneer Sandwich,breakfast,414,29.9,65.6,8.3,vegetarian,north_indian,1,muscle_gain|high_protein
Sprouts Salad,snack,271,16.6,34.7,4.9,vegan,north_indian,0,muscle_gain|high_protein
Peanut Chaat,snack,193,7.1,16.9,9.1,vegetarian,mixed,1,improve_stamina|carb_rich
Tofu Curry,dinner,384,6.6,45.0,16.3,vegan,south_indian,0,improve_stamina|carb_rich
Peanut Chaat,snack,204,4.8,21.5,9.1,vegetarian,south_indian,1,balanced|beginner
Grilled Chicken,dinner,671,42.2,74.0,9.5,non_vegetarian,north_indian,1,muscle_gain|high_protein
Dal Tadka,dinner,426,27.5,49.7,13.5,vegetarian,north_indian,1,muscle_gain|high_protein
Pav Bhaji,lunch,624,30.0,56.5,22.1,vegetarian,south_indian,0,muscle_gain|high_protein
Rajma Chawal,lunch,463,30.4,34.2,18.6,vegetarian,north_indian,1,muscle_gain|high_protein
Paneer Sandwich,breakfast,286,10.8,30.7,10.8,vegetarian,north_indian,1,balanced|beginner
Pav Bhaji,lunch,602,15.4,69.8,8.9,vegetarian,mixed,1,improve_stamina|carb_rich
Fish Fry,dinner,600,33.3,67.9,13.9,non_vegetarian,mixed,1,muscle_gain|high_protein
Tofu Stir Fry,lunch,627,14.8,41.6,24.3,vegan,mixed,0,improve_stamina|carb_rich
Buttermilk,snack,90,6.5,7.2,3.1,vegetarian,south_indian,1,muscle_gain|high_protein
Roasted Chana,snack,101,6.4,11.2,2.5,vegan,north_indian,1,muscle_gain|high_protein
Egg Curry,dinner,491,10.0,58.4,17.0,non_vegetarian,south_indian,0,improve_stamina|carb_rich
Idli Sambar,breakfast,168,9.3,17.4,5.3,vegetarian,north_indian,0,muscle_gain|high_protein
Sprouts Salad,snack,113,3.4,15.5,3.1,vegan,north_indian,1,improve_stamina|carb_rich
Mixed Veg Curry,dinner,381,13.8,28.1,23.6,vegetarian,south_indian,0,weight_loss|light
Corn Chaat,snack,238,11.1,34.1,4.2,vegan,mixed,1,improve_stamina|carb_rich
Paneer Roti,lunch,361,16.3,28.3,16.3,vegetarian,south_indian,1,improve_stamina|carb_rich
Sabudana Khichdi,breakfast,272,13.3,29.9,8.6,vegetarian,north_indian,1,weight_loss|light
Pav Bhaji,lunch,466,7.7,20.5,18.3,vegetarian,north_indian,0,balanced|beginner
Buttermilk,snack,182,8.0,21.4,5.5,vegetarian,mixed,1,balanced|beginner
Egg Curry,dinner,568,10.7,70.6,21.2,non_vegetarian,mixed,0,balanced|beginner
Roasted Chana,snack,296,6.2,35.3,11.8,vegan,mixed,1,weight_loss|light
Tofu Curry,dinner,396,25.6,47.8,7.8,vegan,north_indian,1,muscle_gain|high_protein
Corn Chaat,snack,247,11.3,27.2,8.2,vegan,north_indian,1,muscle_gain|high_protein
Paneer Sandwich,breakfast,420,14.7,59.1,18.5,vegetarian,north_indian,0,weight_loss|light
Boiled Eggs,snack,114,2.4,11.8,5.4,non_vegetarian,south_indian,1,improve_stamina|carb_rich
Buttermilk,snack,152,3.7,14.9,7.2,vegetarian,mixed,1,improve_stamina|carb_rich
Sabudana Khichdi,breakfast,176,4.1,28.8,3.4,vegetarian,south_indian,0,balanced|beginner
Sprouts Salad,snack,242,7.0,34.1,6.5,vegan,north_indian,1,weight_loss|light
Kadhi Rice,lunch,475,11.9,64.4,24.0,vegetarian,north_indian,0,weight_loss|light
Roasted Chana,snack,269,6.1,48.8,3.1,vegan,north_indian,0,balanced|beginner
Paneer Cubes,snack,191,9.3,17.1,7.8,vegetarian,north_indian,1,muscle_gain|high_protein
Roti Sabji,dinner,640,9.6,29.3,23.4,vegetarian,mixed,0,improve_stamina|carb_rich
Buttermilk,snack,235,18.4,13.5,9.9,vegetarian,north_indian,1,muscle_gain|high_protein
Roti Sabji,dinner,472,9.7,42.5,19.8,vegetarian,north_indian,0,weight_loss|light
Pav Bhaji,lunch,463,16.2,33.2,22.9,vegetarian,mixed,0,improve_stamina|carb_rich
Tofu Scramble,breakfast,338,24.6,33.0,5.2,vegan,north_indian,1,balanced|beginner
Peanut Chaat,snack,223,11.7,20.6,8.4,vegetarian,north_indian,1,improve_stamina|carb_rich
Thepla,breakfast,233,8.4,32.0,5.9,vegetarian,mixed,1,weight_loss|light
Grilled Chicken,dinner,505,34.0,50.1,19.1,non_vegetarian,north_indian,1,muscle_gain|high_protein
Roti Sabji,dinner,465,9.5,65.0,15.4,vegetarian,mixed,0,balanced|beginner
Fruit Bowl,breakfast,329,13.3,65.6,3.3,vegan,north_indian,1,balanced|beginner
Protein Shake,snack,190,7.6,21.2,6.6,vegetarian,north_indian,1,balanced|beginner
Thepla,breakfast,203,7.5,31.1,3.6,vegetarian,mixed,1,improve_stamina|carb_rich
Chicken Curry Rice,lunch,605,14.3,51.7,20.5,non_vegetarian,mixed,1,balanced|beginner
Fish Fry,dinner,422,19.9,34.1,5.3,non_vegetarian,mixed,1,improve_stamina|carb_rich
Dal Rice,lunch,450,8.8,59.4,20.0,vegetarian,south_indian,0,weight_loss|light
Fish Curry Rice,lunch,450,16.0,25.1,23.6,non_vegetarian,north_indian,0,balanced|beginner
Roasted Chana,snack,261,4.1,34.3,9.6,vegan,north_indian,0,improve_stamina|carb_rich
Sprouts Salad,snack,213,9.7,16.9,10.0,vegan,north_indian,1,muscle_gain|high_protein
Egg Curry,dinner,529,12.0,33.8,19.0,non_vegetarian,north_indian,1,improve_stamina|carb_rich
Egg Curry,dinner,664,50.2,66.9,8.5,non_vegetarian,mixed,0,improve_stamina|carb_rich
Tofu Stir Fry,lunch,479,30.7,39.8,23.0,vegan,mixed,0,muscle_gain|high_protein
Grilled Chicken,dinner,594,22.0,75.3,10.9,non_vegetarian,south_indian,1,improve_stamina|carb_rich
Vegetable Soup,dinner,644,14.6,78.5,4.2,vegan,mixed,1,weight_loss|light
Peanut Chaat,snack,277,8.8,29.4,11.4,vegetarian,south_indian,0,balanced|beginner
Vegetable Poha,breakfast,359,35.2,30.4,5.7,vegetarian,north_indian,1,muscle_gain|high_protein
Fruit Salad,snack,295,8.2,47.1,5.9,vegan,north_indian,0,improve_stamina|carb_rich
Peanut Chaat,snack,248,16.3,23.1,7.8,vegetarian,north_indian,1,muscle_gain|high_protein
Roti Sabji,dinner,627,39.2,20.0,21.0,vegetarian,south_indian,1,muscle_gain|high_protein
Thepla,breakfast,442,17.9,65.0,10.4,vegetarian,north_indian,0,improve_stamina|carb_rich
Vegetable Soup,dinner,483,17.6,43.2,22.5,vegan,mixed,0,weight_loss|light
Vegetable Poha,breakfast,161,8.9,19.4,3.9,vegetarian,south_indian,0,muscle_gain|high_protein
Vegetable Poha,breakfast,248,14.1,20.6,3.9,vegetarian,south_indian,1,improve_stamina|carb_rich
Kadhi Rice,lunch,468,13.1,37.0,21.5,vegetarian,north_indian,1,weight_loss|light
Vegetable Khichdi,lunch,601,31.7,42.3,21.9,vegetarian,mixed,1,improve_stamina|carb_rich
Peanut Chaat,snack,126,1.8,8.3,8.4,vegetarian,south_indian,1,improve_stamina|carb_rich
Tofu Curry,dinner,642,27.6,57.0,20.9,vegan,mixed,1,weight_loss|light
Paneer Sandwich,breakfast,449,5.6,55.5,15.6,vegetarian,south_indian,0,improve_stamina|carb_rich
Oats with Milk,breakfast,172,2.5,25.2,5.3,vegetarian,north_indian,0,improve_stamina|carb_rich
Peanut Chaat,snack,174,2.3,22.6,6.7,vegetarian,mixed,1,improve_stamina|carb_rich
Mixed Veg Curry,dinner,475,12.1,44.7,18.2,vegetarian,mixed,1,balanced|beginner
Tofu Stir Fry,lunch,680,13.2,69.5,24.6,vegan,south_indian,0,balanced|beginner
Corn Chaat,snack,189,14.4,21.3,3.5,vegan,north_indian,1,muscle_gain|high_protein
Chicken Curry Rice,lunch,607,15.5,54.0,24.4,non_vegetarian,south_indian,0,weight_loss|light
Fish Fry,dinner,467,13.8,26.7,11.5,non_vegetarian,south_indian,1,balanced|beginner
Masala Omelette,breakfast,237,3.9,38.2,5.5,non_vegetarian,mixed,1,balanced|beginner
Corn Chaat,snack,139,2.5,24.5,2.2,vegan,south_indian,1,balanced|beginner
Roti Sabji,dinner,591,8.7,35.3,22.8,vegetarian,north_indian,0,weight_loss|light
Corn Chaat,snack,184,3.6,25.1,6.0,vegan,north_indian,1,weight_loss|light
Dal Tadka,dinner,640,19.2,46.8,16.2,vegetarian,mixed,1,improve_stamina|carb_rich
Chicken Curry Rice,lunch,360,16.1,41.0,19.1,non_vegetarian,south_indian,1,improve_stamina|carb_rich
Sabudana Khichdi,breakfast,241,16.0,22.1,7.7,vegetarian,north_indian,1,muscle_gain|high_protein
Fruit Bowl,breakfast,197,4.9,20.5,8.9,vegan,north_indian,1,balanced|beginner
Paneer Roti,lunch,465,20.2,59.3,7.0,vegetarian,north_indian,1,balanced|beginner
Dal Tadka,dinner,557,33.3,59.8,9.4,vegetarian,north_indian,1,improve_stamina|carb_rich
Sabudana Khichdi,breakfast,430,5.1,54.1,12.9,vegetarian,north_indian,0,balanced|beginner
Mixed Veg Curry,dinner,450,5.7,42.3,23.7,vegetarian,north_indian,0,improve_stamina|carb_rich
Paneer Cubes,snack,129,3.5,18.1,3.6,vegetarian,mixed,1,weight_loss|light
Hyderabadi Biryani,lunch,398,5.6,48.4,15.2,non_vegetarian,north_indian,0,weight_loss|light
Fruit Bowl,breakfast,214,5.6,36.8,3.0,vegan,north_indian,1,weight_loss|light
Paneer Bhurji,dinner,692,17.9,49.0,22.2,vegetarian,mixed,0,balanced|beginner
Hyderabadi Biryani,lunch,579,14.7,62.8,16.1,non_vegetarian,mixed,1,balanced|beginner
Paneer Sandwich,breakfast,294,14.8,47.7,4.3,vegetarian,north_indian,1,improve_stamina|carb_rich
Peanut Chaat,snack,101,2.4,6.4,6.4,vegetarian,north_indian,1,improve_stamina|carb_rich
Paneer Sandwich,breakfast,202,2.8,28.2,6.9,vegetarian,north_indian,1,improve_stamina|carb_rich
Vegetable Soup,dinner,437,11.6,37.0,19.1,vegan,mixed,0,balanced|beginner
Peanut Chaat,snack,142,2.1,26.7,1.7,vegetarian,mixed,1,weight_loss|light
Chicken Curry Rice,lunch,546,24.4,74.5,3.8,non_vegetarian,north_indian,1,muscle_gain|high_protein
Idli Sambar,breakfast,163,6.5,13.2,7.9,vegetarian,north_indian,0,balanced|beginner
Fish Curry Rice,lunch,445,28.4,67.4,3.0,non_vegetarian,north_indian,1,muscle_gain|high_protein
Boiled Eggs,snack,128,2.1,14.6,5.6,non_vegetarian,south_indian,1,balanced|beginner
Pav Bhaji,lunch,539,26.8,68.7,21.4,vegetarian,north_indian,1,muscle_gain|high_protein
Sabudana Khichdi,breakfast,163,5.3,23.4,3.9,vegetarian,north_indian,1,weight_loss|light
Fruit Salad,snack,135,3.9,13.1,6.3,vegan,north_indian,1,balanced|beginner
Tofu Stir Fry,lunch,646,25.8,77.1,5.8,vegan,mixed,1,muscle_gain|high_protein
Rajma Chawal,lunch,538,14.5,30.9,19.0,vegetarian,south_indian,1,weight_loss|light
Grilled Chicken,dinner,518,14.2,49.1,23.2,non_vegetarian,south_indian,0,improve_stamina|carb_rich
Fish Curry Rice,lunch,590,35.9,49.7,24.2,non_vegetarian,north_indian,0,muscle_gain|high_protein
Roti Sabji,dinner,607,16.4,59.1,5.8,vegetarian,south_indian,1,weight_loss|light
Pav Bhaji,lunch,438,24.6,26.4,17.4,vegetarian,north_indian,1,muscle_gain|high_protein
Kadhi Rice,lunch,513,36.8,58.7,3.2,vegetarian,north_indian,1,muscle_gain|high_protein
Roti Sabji,dinner,367,7.4,50.4,4.2,vegetarian,north_indian,0,balanced|beginner
Mixed Veg Curry,dinner,683,35.1,90.6,6.3,vegetarian,north_indian,0,weight_loss|light
Protein Shake,snack,294,7.9,45.7,6.2,vegetarian,north_indian,1,weight_loss|light
Chicken Curry Rice,lunch,679,24.1,74.5,18.0,non_vegetarian,south_indian,0,improve_stamina|carb_rich
Vegetable Khichdi,lunch,368,18.5,34.3,10.9,vegetarian,south_indian,1,improve_stamina|carb_rich
Rajma Chawal,lunch,421,16.5,51.1,13.0,vegetarian,north_indian,1,muscle_gain|high_protein
Peanut Chaat,snack,84,2.4,9.2,3.4,vegetarian,north_indian,1,balanced|beginner
Boiled Eggs,snack,292,12.5,33.2,9.5,non_vegetarian,south_indian,0,muscle_gain|high_protein
Paneer Roti,lunch,411,19.2,70.6,4.4,vegetarian,north_indian,1,weight_loss|light
Masala Omelette,breakfast,418,15.9,65.5,9.5,non_vegetarian,north_indian,1,improve_stamina|carb_rich
Paneer Sandwich,breakfast,158,3.6,27.1,2.5,vegetarian,north_indian,0,balanced|beginner
Oats with Milk,breakfast,269,5.6,30.6,11.4,vegetarian,north_indian,1,improve_stamina|carb_rich
Tofu Scramble,breakfast,229,8.1,29.3,6.8,vegan,north_indian,1,improve_stamina|carb_rich
Oats with Milk,breakfast,230,8.4,26.6,8.0,vegetarian,north_indian,1,balanced|beginner
Dal Tadka,dinner,583,16.9,69.8,14.6,vegetarian,mixed,1,improve_stamina|carb_rich
Tofu Scramble,breakfast,336,21.4,17.5,17.0,vegan,north_indian,1,muscle_gain|high_protein
Buttermilk,snack,180,5.1,21.9,6.4,vegetarian,north_indian,1,improve_stamina|carb_rich
Roasted Chana,snack,81,4.4,11.6,1.2,vegan,mixed,1,balanced|beginner
Grilled Chicken,dinner,400,33.3,29.7,12.9,non_vegetarian,south_indian,1,muscle_gain|high_protein
Paneer Sandwich,breakfast,368,33.1,29.5,3.7,vegetarian,north_indian,1,muscle_gain|high_protein
Thepla,breakfast,418,28.6,55.2,5.5,vegetarian,south_indian,1,muscle_gain|high_protein
Sabudana Khichdi,breakfast,221,4.6,36.2,4.4,vegetarian,north_indian,1,improve_stamina|carb_rich
Oats with Milk,breakfast,380,13.5,36.7,16.2,vegetarian,mixed,1,weight_loss|light
Mixed Veg Curry,dinner,470,30.7,29.7,22.1,vegetarian,north_indian,0,muscle_gain|high_protein
Protein Shake,snack,167,6.6,20.2,5.2,vegetarian,mixed,1,weight_loss|light
Masala Omelette,breakfast,388,11.9,59.6,5.4,non_vegetarian,north_indian,1,balanced|beginner
Fruit Bowl,breakfast,264,18.5,29.4,4.6,vegan,south_indian,1,muscle_gain|high_protein
Paneer Bhurji,dinner,653,41.4,50.1,19.4,vegetarian,south_indian,1,muscle_gain|high_protein
Pav Bhaji,lunch,354,6.3,45.7,13.1,vegetarian,north_indian,0,balanced|beginner
Fruit Salad,snack,116,7.5,13.7,2.4,vegan,mixed,1,muscle_gain|high_protein
Protein Shake,snack,105,3.8,10.9,4.2,vegetarian,south_indian,1,weight_loss|light
Fish Curry Rice,lunch,403,8.3,67.4,5.6,non_vegetarian,south_indian,0,improve_stamina|carb_rich
Upma,breakfast,250,15.0,24.6,10.0,vegetarian,north_indian,1,improve_stamina|carb_rich
Sprouts Salad,snack,224,2.9,27.7,9.3,vegan,north_indian,1,improve_stamina|carb_rich
Paneer Sandwich,breakfast,428,13.9,56.5,12.4,vegetarian,north_indian,0,muscle_gain|high_protein
Masala Omelette,breakfast,403,9.5,55.7,12.2,non_vegetarian,north_indian,1,improve_stamina|carb_rich
Tofu Stir Fry,lunch,520,15.7,52.5,16.6,vegan,mixed,1,improve_stamina|carb_rich
Dal Rice,lunch,640,7.1,59.8,14.1,vegetarian,mixed,0,weight_loss|light
Rajma Chawal,lunch,678,29.4,62.5,20.9,vegetarian,south_indian,0,improve_stamina|carb_rich
Upma,breakfast,177,7.4,15.7,7.8,vegetarian,north_indian,0,balanced|beginner
Peanut Chaat,snack,181,5.2,26.7,4.3,vegetarian,mixed,1,improve_stamina|carb_rich
Boiled Eggs,snack,122,2.7,14.5,4.8,non_vegetarian,mixed,1,weight_loss|light
Buttermilk,snack,278,9.3,29.3,11.2,vegetarian,north_indian,0,improve_stamina|carb_rich
Tofu Curry,dinner,609,21.2,35.5,30.3,vegan,north_indian,0,balanced|beginner
Rajma Chawal,lunch,651,12.0,37.6,17.8,vegetarian,north_indian,0,balanced|beginner
Fish Fry,dinner,370,26.9,20.0,17.0,non_vegetarian,north_indian,1,muscle_gain|high_protein
Roti Sabji,dinner,549,19.7,75.9,4.1,vegetarian,mixed,1,muscle_gain|high_protein
Fish Curry Rice,lunch,487,28.1,43.1,12.7,non_vegetarian,north_indian,1,weight_loss|light
Kadhi Rice,lunch,406,10.9,25.6,9.7,vegetarian,south_indian,0,improve_stamina|carb_rich
Protein Shake,snack,205,12.0,21.6,6.0,vegetarian,mixed,1,muscle_gain|high_protein
Corn Chaat,snack,271,10.7,31.2,9.1,vegan,north_indian,0,muscle_gain|high_protein
Tofu Stir Fry,lunch,631,17.4,63.3,12.5,vegan,north_indian,1,balanced|beginner
Kadhi Rice,lunch,415,44.2,40.3,3.2,vegetarian,mixed,1,muscle_gain|high_protein
Hyderabadi Biryani,lunch,453,32.8,58.9,5.5,non_vegetarian,mixed,1,muscle_gain|high_protein
Oats with Milk,breakfast,299,8.2,42.9,7.9,vegetarian,mixed,1,improve_stamina|carb_rich
Vegetable Soup,dinner,444,38.0,38.8,20.2,vegan,south_indian,1,muscle_gain|high_protein
Idli Sambar,breakfast,336,33.7,29.7,6.2,vegetarian,north_indian,1,muscle_gain|high_protein
Kadhi Rice,lunch,516,22.7,61.3,15.4,vegetarian,north_indian,1,muscle_gain|high_protein
Paneer Bhurji,dinner,608,5.0,79.1,13.3,vegetarian,mixed,0,improve_stamina|carb_rich
Tofu Stir Fry,lunch,464,20.0,31.0,14.2,vegan,mixed,1,improve_stamina|carb_rich
Grilled Chicken,dinner,628,7.6,69.6,19.7,non_vegetarian,north_indian,0,balanced|beginner
Tofu Curry,dinner,443,6.7,22.1,24.3,vegan,mixed,0,weight_loss|light
Roasted Chana,snack,127,3.0,12.0,6.3,vegan,north_indian,1,weight_loss|light
Paneer Roti,lunch,612,19.1,64.2,22.7,vegetarian,south_indian,0,muscle_gain|high_protein
Paneer Cubes,snack,160,9.9,22.9,1.8,vegetarian,north_indian,1,improve_stamina|carb_rich
Hyderabadi Biryani,lunch,415,18.3,74.5,8.5,non_vegetarian,mixed,1,improve_stamina|carb_rich
Vegetable Soup,dinner,671,14.9,37.3,19.1,vegan,mixed,0,balanced|beginner
Upma,breakfast,270,9.5,31.2,16.3,vegetarian,north_indian,1,balanced|beginner
Boiled Eggs,snack,110,4.2,10.3,4.8,non_vegetarian,mixed,1,weight_loss|light
Tofu Stir Fry,lunch,653,34.4,43.8,24.8,vegan,north_indian,0,improve_stamina|carb_rich
Fruit Bowl,breakfast,415,5.1,66.6,11.9,vegan,mixed,1,improve_stamina|carb_rich
Corn Chaat,snack,268,10.0,37.1,7.2,vegan,mixed,1,weight_loss|light
Sabudana Khichdi,breakfast,230,12.8,39.2,6.0,vegetarian,south_indian,1,improve_stamina|carb_rich
Roasted Chana,snack,151,5.1,16.6,5.8,vegan,mixed,1,balanced|beginner
Paneer Roti,lunch,679,12.7,74.2,22.2,vegetarian,north_indian,0,balanced|beginner
Pav Bhaji,lunch,628,40.2,29.4,14.4,vegetarian,north_indian,1,muscle_gain|high_protein
Dal Rice,lunch,603,17.5,37.3,21.6,vegetarian,south_indian,1,balanced|beginner
Fish Fry,dinner,611,41.5,68.1,24.3,non_vegetarian,mixed,0,muscle_gain|high_protein
Roasted Chana,snack,87,6.9,11.2,0.8,vegan,mixed,1,muscle_gain|high_protein
Paneer Roti,lunch,446,15.3,32.6,12.1,vegetarian,north_indian,1,weight_loss|light
Vegetable Poha,breakfast,412,14.2,42.7,20.8,vegetarian,north_indian,0,balanced|beginner
Dal Rice,lunch,579,8.1,69.4,19.9,vegetarian,north_indian,0,improve_stamina|carb_rich
Chicken Curry Rice,lunch,388,22.4,35.0,14.2,non_vegetarian,north_indian,1,muscle_gain|high_protein
Vegetable Khichdi,lunch,553,14.8,52.3,4.7,vegetarian,north_indian,1,balanced|beginner
Rajma Chawal,lunch,613,33.1,56.9,15.8,vegetarian,south_indian,1,muscle_gain|high_protein
Fish Curry Rice,lunch,620,9.4,98.9,8.4,non_vegetarian,south_indian,0,weight_loss|light
Mixed Veg Curry,dinner,495,8.3,53.3,11.6,vegetarian,north_indian,0,improve_stamina|carb_rich
Paneer Cubes,snack,99,4.6,8.1,4.5,vegetarian,north_indian,1,balanced|beginner
Fish Curry Rice,lunch,688,18.4,53.7,10.7,non_vegetarian,north_indian,0,improve_stamina|carb_rich
Paneer Roti,lunch,475,6.8,66.5,22.2,vegetarian,north_indian,0,balanced|beginner
Sprouts Salad,snack,105,8.1,8.5,3.4,vegan,mixed,1,muscle_gain|high_protein
Masala Omelette,breakfast,213,8.9,24.3,9.4,non_vegetarian,north_indian,1,balanced|beginner
Sprouts Salad,snack,186,2.6,24.5,7.0,vegan,south_indian,1,weight_loss|light
Vegetable Khichdi,lunch,426,17.8,25.0,17.1,vegetarian,north_indian,1,improve_stamina|carb_rich
Chicken Curry Rice,lunch,648,10.2,77.2,20.2,non_vegetarian,north_indian,0,weight_loss|light
Upma,breakfast,238,4.1,23.5,12.1,vegetarian,mixed,1,weight_loss|light
Protein Shake,snack,258,10.9,23.8,11.0,vegetarian,mixed,1,balanced|beginner
Hyderabadi Biryani,lunch,361,11.5,53.6,8.0,non_vegetarian,north_indian,1,weight_loss|light
Kadhi Rice,lunch,633,6.7,63.2,23.9,vegetarian,south_indian,0,balanced|beginner
Kadhi Rice,lunch,403,24.1,36.7,14.2,vegetarian,mixed,1,muscle_gain|high_protein
Paneer Cubes,snack,89,2.4,13.6,2.0,vegetarian,north_indian,1,improve_stamina|carb_rich
Fish Curry Rice,lunch,671,21.4,70.1,21.6,non_vegetarian,north_indian,0,muscle_gain|high_protein
Roti Sabji,dinner,493,6.7,76.1,13.2,vegetarian,south_indian,0,improve_stamina|carb_rich
Boiled Eggs,snack,180,3.2,25.1,5.8,non_vegetarian,north_indian,1,improve_stamina|carb_rich
Kadhi Rice,lunch,576,33.4,55.0,13.2,vegetarian,south_indian,1,weight_loss|light
Fruit Salad,snack,159,4.6,18.2,6.1,vegan,mixed,1,improve_stamina|carb_rich
Dal Rice,lunch,570,15.2,43.6,15.9,vegetarian,north_indian,1,weight_loss|light
Roti Sabji,dinner,350,22.7,37.1,9.2,vegetarian,north_indian,1,muscle_gain|high_protein
Sprouts Salad,snack,227,7.5,37.9,3.0,vegan,north_indian,1,balanced|beginner
Oats with Milk,breakfast,439,18.6,57.0,6.4,vegetarian,mixed,0,weight_loss|light
Corn Chaat,snack,272,18.9,21.9,9.7,vegan,north_indian,1,muscle_gain|high_protein
Grilled Chicken,dinner,374,5.6,57.5,17.9,non_vegetarian,north_indian,0,improve_stamina|carb_rich
Fish Fry,dinner,588,19.3,57.6,19.4,non_vegetarian,north_indian,1,weight_loss|light
Sabudana Khichdi,breakfast,184,4.6,15.2,10.0,vegetarian,mixed,1,improve_stamina|carb_rich
Kadhi Rice,lunch,645,13.1,72.1,3.9,vegetarian,north_indian,1,improve_stamina|carb_rich
Masala Omelette,breakfast,373,9.9,55.9,8.9,non_vegetarian,north_indian,1,weight_loss|light
Oats with Milk,breakfast,228,9.4,29.8,6.7,vegetarian,north_indian,1,improve_stamina|carb_rich
Thepla,breakfast,434,14.6,43.0,12.7,vegetarian,south_indian,0,weight_loss|light
Grilled Chicken,dinner,541,15.9,45.8,18.5,non_vegetarian,south_indian,1,balanced|beginner
Roti Sabji,dinner,350,15.6,28.6,4.3,vegetarian,north_indian,1,weight_loss|light
Mixed Veg Curry,dinner,564,14.9,72.2,21.9,vegetarian,mixed,1,improve_stamina|carb_rich
Pav Bhaji,lunch,582,13.9,68.4,13.0,vegetarian,north_indian,1,weight_loss|light
Roasted Chana,snack,90,1.1,12.0,3.4,vegan,south_indian,1,balanced|beginner
Vegetable Khichdi,lunch,677,29.0,54.7,24.5,vegetarian,mixed,0,improve_stamina|carb_rich
Vegetable Khichdi,lunch,563,11.7,41.6,17.9,vegetarian,north_indian,0,improve_stamina|carb_rich
Corn Chaat,snack,136,4.6,14.1,5.6,vegan,north_indian,1,improve_stamina|carb_rich
Buttermilk,snack,92,4.1,11.2,2.6,vegetarian,south_indian,1,weight_loss|light
Grilled Chicken,dinner,479,15.2,73.1,5.0,non_vegetarian,mixed,1,weight_loss|light
Thepla,breakfast,193,8.3,21.6,6.4,vegetarian,south_indian,1,improve_stamina|carb_rich
Vegetable Soup,dinner,690,21.4,53.0,29.8,vegan,mixed,0,balanced|beginner
Vegetable Khichdi,lunch,550,14.2,70.5,15.5,vegetarian,south_indian,1,weight_loss|light
Vegetable Poha,breakfast,390,17.7,52.1,8.8,vegetarian,north_indian,1,muscle_gain|high_protein
Fish Fry,dinner,423,5.1,55.8,16.2,non_vegetarian,north_indian,0,balanced|beginner
Chicken Curry Rice,lunch,455,19.3,37.4,22.9,non_vegetarian,north_indian,0,balanced|beginner
Vegetable Soup,dinner,617,19.1,30.1,24.0,vegan,north_indian,0,weight_loss|light
Paneer Cubes,snack,231,11.7,29.4,5.3,vegetarian,north_indian,1,muscle_gain|high_protein
Thepla,breakfast,166,8.5,20.1,4.3,vegetarian,north_indian,0,muscle_gain|high_protein
Roti Sabji,dinner,492,8.2,74.2,22.7,vegetarian,south_indian,0,balanced|beginner
Paneer Sandwich,breakfast,333,9.4,20.8,18.4,vegetarian,mixed,0,balanced|beginner
Rajma Chawal,lunch,644,12.6,77.6,18.6,vegetarian,north_indian,1,balanced|beginner
Sprouts Salad,snack,180,4.6,22.3,6.5,vegan,south_indian,1,balanced|beginner
Tofu Scramble,breakfast,331,19.9,28.2,16.6,vegan,north_indian,1,improve_stamina|carb_rich
Idli Sambar,breakfast,338,12.2,41.2,10.8,vegetarian,south_indian,1,weight_loss|light
Paneer Bhurji,dinner,519,15.9,34.6,21.4,vegetarian,north_indian,1,improve_stamina|carb_rich
Upma,breakfast,199,8.3,10.9,11.8,vegetarian,mixed,1,balanced|beginner
Rajma Chawal,lunch,365,5.8,26.2,23.9,vegetarian,south_indian,0,weight_loss|light
Paneer Roti,lunch,531,17.5,76.5,8.8,vegetarian,south_indian,1,improve_stamina|carb_rich
Upma,breakfast,259,14.7,20.2,6.8,vegetarian,south_indian,1,balanced|beginner
Thepla,breakfast,344,13.8,31.8,18.4,vegetarian,north_indian,0,balanced|beginner
Pav Bhaji,lunch,579,15.5,74.4,4.2,vegetarian,south_indian,1,balanced|beginner
Masala Omelette,breakfast,306,26.4,36.3,7.5,non_vegetarian,mixed,1,muscle_gain|high_protein
Hyderabadi Biryani,lunch,552,25.5,74.9,5.7,non_vegetarian,north_indian,1,improve_stamina|carb_rich
Sabudana Khichdi,breakfast,322,12.6,37.4,13.6,vegetarian,south_indian,1,balanced|beginner
Tofu Scramble,breakfast,389,23.7,29.3,15.2,vegan,north_indian,1,muscle_gain|high_protein
Boiled Eggs,snack,99,1.8,12.6,3.7,non_vegetarian,north_indian,1,balanced|beginner
Kadhi Rice,lunch,666,36.4,43.7,25.1,vegetarian,north_indian,0,weight_loss|light
Sabudana Khichdi,breakfast,199,10.3,16.1,8.6,vegetarian,mixed,1,muscle_gain|high_protein
Mixed Veg Curry,dinner,544,8.5,86.3,7.4,vegetarian,north_indian,0,weight_loss|light
Sabudana Khichdi,breakfast,277,11.5,32.9,8.6,vegetarian,mixed,1,weight_loss|light
Oats with Milk,breakfast,410,22.9,25.5,11.6,vegetarian,north_indian,1,muscle_gain|high_protein
Upma,breakfast,389,5.3,53.3,13.7,vegetarian,mixed,1,weight_loss|light
Protein Shake,snack,281,10.3,37.6,7.5,vegetarian,north_indian,0,balanced|beginner
Tofu Stir Fry,lunch,659,41.8,39.1,22.5,vegan,north_indian,0,muscle_gain|high_protein
Grilled Chicken,dinner,585,11.7,61.4,8.2,non_vegetarian,north_indian,0,balanced|beginner
Tofu Curry,dinner,600,5.6,72.4,22.3,vegan,north_indian,0,improve_stamina|carb_rich
Kadhi Rice,lunch,473,5.7,54.8,16.2,vegetarian,south_indian,0,weight_loss|light
Chicken Curry Rice,lunch,531,9.6,51.0,17.9,non_vegetarian,south_indian,0,improve_stamina|carb_rich
Tofu Curry,dinner,393,6.0,74.8,6.0,vegan,north_indian,0,balanced|beginner
Pav Bhaji,lunch,621,25.5,61.0,18.2,vegetarian,north_indian,1,muscle_gain|high_protein
Mixed Veg Curry,dinner,525,28.7,65.3,6.1,vegetarian,north_indian,1,muscle_gain|high_protein
Fish Curry Rice,lunch,372,10.8,49.4,11.3,non_vegetarian,north_indian,1,weight_loss|light
Sprouts Salad,snack,131,3.6,17.2,4.1,vegan,south_indian,1,balanced|beginner
Grilled Chicken,dinner,464,6.1,79.3,15.9,non_vegetarian,north_indian,0,weight_loss|light
Thepla,breakfast,436,10.7,67.4,4.7,vegetarian,north_indian,0,improve_stamina|carb_rich
Tofu Stir Fry,lunch,443,8.0,73.8,12.2,vegan,south_indian,0,balanced|beginner
Dal Rice,lunch,564,18.1,62.2,10.3,vegetarian,north_indian,1,weight_loss|light
Idli Sambar,breakfast,248,16.7,29.4,4.8,vegetarian,north_indian,1,muscle_gain|high_protein
Oats with Milk,breakfast,401,12.3,52.0,16.3,vegetarian,north_indian,1,balanced|beginner
Upma,breakfast,306,7.7,30.9,14.1,vegetarian,mixed,1,improve_stamina|carb_rich
Fish Fry,dinner,508,12.7,78.2,11.4,non_vegetarian,south_indian,1,weight_loss|light
Thepla,breakfast,325,12.8,51.1,3.2,vegetarian,north_indian,1,weight_loss|light
Paneer Roti,lunch,593,13.1,41.8,24.7,vegetarian,north_indian,0,balanced|beginner
Tofu Curry,dinner,654,24.3,50.0,19.2,vegan,mixed,1,muscle_gain|high_protein
Protein Shake,snack,237,9.0,36.4,5.1,vegetarian,south_indian,1,improve_stamina|carb_rich
Hyderabadi Biryani,lunch,697,19.8,55.0,14.0,non_vegetarian,mixed,0,balanced|beginner
Fruit Bowl,breakfast,379,5.8,56.4,4.7,vegan,north_indian,1,improve_stamina|carb_rich
Paneer Bhurji,dinner,458,5.7,58.0,13.6,vegetarian,south_indian,0,improve_stamina|carb_rich
Roasted Chana,snack,101,8.7,10.2,1.9,vegan,south_indian,1,muscle_gain|high_protein
Roti Sabji,dinner,432,23.6,33.9,14.5,vegetarian,north_indian,1,muscle_gain|high_protein
Egg Curry,dinner,666,29.1,28.6,18.2,non_vegetarian,north_indian,1,muscle_gain|high_protein
Fish Fry,dinner,554,13.0,65.1,9.5,non_vegetarian,north_indian,1,improve_stamina|carb_rich
Roasted Chana,snack,178,6.9,21.5,5.6,vegan,mixed,1,muscle_gain|high_protein
Paneer Sandwich,breakfast,312,19.2,23.0,13.2,vegetarian,south_indian,1,muscle_gain|high_protein
Dal Tadka,dinner,545,18.1,59.2,9.2,vegetarian,mixed,1,balanced|beginner
Egg Curry,dinner,456,9.4,58.8,16.3,non_vegetarian,north_indian,0,improve_stamina|carb_rich
Roti Sabji,dinner,670,36.6,55.9,4.8,vegetarian,north_indian,1,muscle_gain|high_protein
Fruit Bowl,breakfast,422,15.2,47.4,24.8,vegan,mixed,0,balanced|beginner
Masala Omelette,breakfast,263,9.5,32.3,8.3,non_vegetarian,mixed,1,weight_loss|light
Thepla,breakfast,413,4.4,50.7,17.7,vegetarian,north_indian,1,weight_loss|light
Dal Rice,lunch,384,12.4,42.8,23.4,vegetarian,north_indian,0,improve_stamina|carb_rich
Paneer Bhurji,dinner,563,12.3,78.6,11.3,vegetarian,mixed,1,balanced|beginner
Masala Omelette,breakfast,336,8.9,54.3,7.8,non_vegetarian,north_indian,1,balanced|beginner
Masala Omelette,breakfast,201,4.8,19.6,9.7,non_vegetarian,mixed,1,weight_loss|light
Masala Omelette,breakfast,300,17.9,41.6,4.2,non_vegetarian,mixed,1,muscle_gain|high_protein
Vegetable Soup,dinner,586,8.5,57.7,18.7,vegan,mixed,0,balanced|beginner
Dal Tadka,dinner,484,6.7,78.0,3.7,vegetarian,north_indian,0,weight_loss|light
Vegetable Khichdi,lunch,463,38.4,71.7,8.0,vegetarian,south_indian,1,muscle_gain|high_protein
Hyderabadi Biryani,lunch,561,18.7,40.3,24.9,non_vegetarian,north_indian,0,improve_stamina|carb_rich
Masala Omelette,breakfast,360,6.3,42.0,15.4,non_vegetarian,north_indian,1,improve_stamina|carb_rich
Sprouts Salad,snack,240,7.2,20.1,12.4,vegan,north_indian,1,balanced|beginner
Chicken Curry Rice,lunch,628,24.5,59.3,3.6,non_vegetarian,north_indian,1,muscle_gain|high_protein
Tofu Curry,dinner,651,19.2,77.9,16.2,vegan,south_indian,0,improve_stamina|carb_rich
Tofu Curry,dinner,394,18.3,43.9,8.2,vegan,north_indian,1,weight_loss|light
Oats with Milk,breakfast,272,6.4,34.8,9.5,vegetarian,mixed,1,improve_stamina|carb_rich
Paneer Bhurji,dinner,359,6.7,45.0,14.7,vegetarian,north_indian,0,improve_stamina|carb_rich
Protein Shake,snack,148,5.7,11.8,7.4,vegetarian,mixed,1,improve_stamina|carb_rich
Oats with Milk,breakfast,164,10.8,12.7,6.4,vegetarian,north_indian,1,weight_loss|light
Paneer Cubes,snack,138,6.3,19.2,2.8,vegetarian,south_indian,1,muscle_gain|high_protein
Tofu Curry,dinner,597,38.6,66.8,7.5,vegan,north_indian,1,weight_loss|light
Oats with Milk,breakfast,335,15.5,67.5,3.3,vegetarian,north_indian,1,improve_stamina|carb_rich
Dal Rice,lunch,406,17.0,56.8,12.7,vegetarian,mixed,1,improve_stamina|carb_rich
Chicken Curry Rice,lunch,383,14.9,35.3,10.2,non_vegetarian,north_indian,1,balanced|beginner
Hyderabadi Biryani,lunch,632,26.9,44.3,20.8,non_vegetarian,mixed,1,muscle_gain|high_protein
Egg Curry,dinner,523,29.6,53.5,16.6,non_vegetarian,mixed,1,muscle_gain|high_protein
Fish Curry Rice,lunch,383,23.9,63.3,8.0,non_vegetarian,mixed,1,muscle_gain|high_protein
Tofu Stir Fry,lunch,381,24.9,42.3,9.1,vegan,mixed,1,muscle_gain|high_protein
Roasted Chana,snack,130,3.6,22.2,1.8,vegan,mixed,1,weight_loss|light
Paneer Bhurji,dinner,475,28.2,78.4,12.0,vegetarian,north_indian,1,muscle_gain|high_protein
Fish Fry,dinner,494,16.4,56.5,4.7,non_vegetarian,north_indian,1,balanced|beginner
Idli Sambar,breakfast,154,7.9,28.7,3.1,vegetarian,north_indian,0,balanced|beginner
Idli Sambar,breakfast,273,38.1,26.6,4.8,vegetarian,north_indian,1,muscle_gain|high_protein
Idli Sambar,breakfast,446,11.9,44.5,15.6,vegetarian,mixed,0,weight_loss|light
Sabudana Khichdi,breakfast,423,6.4,46.0,5.8,vegetarian,mixed,0,balanced|beginner
Sprouts Salad,snack,272,15.3,27.9,8.6,vegan,north_indian,0,muscle_gain|high_protein
Dal Rice,lunch,443,8.9,28.1,17.9,vegetarian,north_indian,0,balanced|beginner
Rajma Chawal,lunch,503,10.7,64.4,9.9,vegetarian,north_indian,0,balanced|beginner
Rajma Chawal,lunch,592,30.1,77.0,16.5,vegetarian,mixed,1,muscle_gain|high_protein
Boiled Eggs,snack,212,15.2,17.2,7.3,non_vegetarian,south_indian,1,muscle_gain|high_protein
Pav Bhaji,lunch,548,32.6,43.7,16.0,vegetarian,north_indian,1,balanced|beginner
Buttermilk,snack,258,2.6,31.8,11.1,vegetarian,north_indian,1,balanced|beginner
Paneer Bhurji,dinner,687,16.0,24.3,24.6,vegetarian,north_indian,0,weight_loss|light
Vegetable Khichdi,lunch,458,12.4,79.8,3.3,vegetarian,mixed,1,improve_stamina|carb_rich
Vegetable Poha,breakfast,389,27.0,46.4,7.1,vegetarian,north_indian,1,muscle_gain|high_protein
Mixed Veg Curry,dinner,479,14.6,79.5,4.2,vegetarian,north_indian,1,balanced|beginner
Sprouts Salad,snack,250,11.5,23.9,9.8,vegan,south_indian,1,muscle_gain|high_protein
Fruit Salad,snack,226,11.4,14.7,11.5,vegan,mixed,1,balanced|beginner
Chicken Curry Rice,lunch,698,52.9,35.9,24.1,non_vegetarian,north_indian,0,muscle_gain|high_protein
Fruit Salad,snack,244,14.0,36.4,2.5,vegan,north_indian,1,muscle_gain|high_protein
Upma,breakfast,381,19.3,62.0,7.6,vegetarian,north_indian,1,improve_stamina|carb_rich
Kadhi Rice,lunch,617,29.4,64.4,14.6,vegetarian,north_indian,1,balanced|beginner
Sabudana Khichdi,breakfast,427,13.9,26.3,18.6,vegetarian,north_indian,0,balanced|beginner
Buttermilk,snack,282,8.4,47.5,3.9,vegetarian,north_indian,1,weight_loss|light
Egg Curry,dinner,418,6.1,36.1,15.9,non_vegetarian,north_indian,0,balanced|beginner
Paneer Roti,lunch,514,17.2,24.6,16.6,vegetarian,north_indian,1,improve_stamina|carb_rich
Paneer Bhurji,dinner,666,19.9,59.0,25.6,vegetarian,south_indian,0,weight_loss|light
Sprouts Salad,snack,217,3.8,26.4,8.8,vegan,north_indian,1,weight_loss|light
Egg Curry,dinner,610,13.7,78.8,21.3,non_vegetarian,north_indian,1,balanced|beginner
Paneer Cubes,snack,194,4.3,25.8,6.5,vegetarian,north_indian,1,improve_stamina|carb_rich
Fruit Salad,snack,159,5.1,14.9,7.3,vegan,north_indian,1,balanced|beginner
Paneer Cubes,snack,196,1.9,28.3,6.6,vegetarian,mixed,1,improve_stamina|carb_rich
Fish Curry Rice,lunch,428,10.6,59.7,18.9,non_vegetarian,mixed,0,balanced|beginner
Paneer Sandwich,breakfast,427,10.8,58.5,8.8,vegetarian,south_indian,0,balanced|beginner
Sprouts Salad,snack,138,6.1,8.1,7.8,vegan,south_indian,1,weight_loss|light
Kadhi Rice,lunch,360,15.3,41.7,7.5,vegetarian,north_indian,1,balanced|beginner
Paneer Cubes,snack,250,14.9,28.6,6.2,vegetarian,mixed,1,muscle_gain|high_protein
Hyderabadi Biryani,lunch,647,9.2,67.1,24.0,non_vegetarian,mixed,0,balanced|beginner
Peanut Chaat,snack,281,8.5,32.6,10.5,vegetarian,north_indian,0,improve_stamina|carb_rich
Paneer Bhurji,dinner,535,11.0,48.1,13.6,vegetarian,south_indian,0,improve_stamina|carb_rich
Protein Shake,snack,244,5.1,20.2,14.3,vegetarian,south_indian,1,weight_loss|light
Upma,breakfast,387,16.8,30.9,15.8,vegetarian,mixed,1,improve_stamina|carb_rich
Paneer Cubes,snack,150,7.3,17.3,4.4,vegetarian,south_indian,1,improve_stamina|carb_rich
Fish Curry Rice,lunch,367,22.2,30.2,14.3,non_vegetarian,north_indian,1,muscle_gain|high_protein
Buttermilk,snack,106,1.4,16.2,3.0,vegetarian,north_indian,1,improve_stamina|carb_rich
Masala Omelette,breakfast,193,5.4,21.7,7.7,non_vegetarian,north_indian,1,weight_loss|light
Fruit Salad,snack,157,3.9,17.7,6.5,vegan,mixed,1,balanced|beginner
Vegetable Soup,dinner,408,13.8,22.3,10.0,vegan,south_indian,1,improve_stamina|carb_rich
Paneer Roti,lunch,429,11.0,25.4,23.3,vegetarian,south_indian,0,weight_loss|light
Rajma Chawal,lunch,451,12.7,55.7,14.1,vegetarian,mixed,1,improve_stamina|carb_rich
Boiled Eggs,snack,208,6.8,23.2,7.9,non_vegetarian,south_indian,1,muscle_gain|high_protein
Peanut Chaat,snack,157,5.1,20.1,4.8,vegetarian,mixed,1,weight_loss|light
Fish Curry Rice,lunch,494,13.5,52.3,6.7,non_vegetarian,mixed,1,improve_stamina|carb_rich
Oats with Milk,breakfast,242,10.6,40.5,2.0,vegetarian,mixed,1,balanced|beginner
Chicken Curry Rice,lunch,542,9.1,38.3,28.3,non_vegetarian,north_indian,0,improve_stamina|carb_rich
Roasted Chana,snack,295,24.7,32.9,4.6,vegan,north_indian,1,muscle_gain|high_protein
Roasted Chana,snack,170,5.8,23.6,4.3,vegan,north_indian,1,improve_stamina|carb_rich
Masala Omelette,breakfast,297,4.9,40.8,10.0,non_vegetarian,north_indian,1,weight_loss|light
Grilled Chicken,dinner,543,19.4,32.0,12.6,non_vegetarian,mixed,1,muscle_gain|high_protein
Protein Shake,snack,258,17.5,24.0,7.9,vegetarian,north_indian,1,muscle_gain|high_protein
Paneer Bhurji,dinner,671,11.3,96.8,13.1,vegetarian,south_indian,0,balanced|beginner
Tofu Scramble,breakfast,163,3.3,30.9,1.5,vegan,south_indian,1,weight_loss|light
Paneer Cubes,snack,238,9.0,25.7,8.9,vegetarian,north_indian,1,balanced|beginner
Mixed Veg Curry,dinner,365,15.8,48.1,13.4,vegetarian,north_indian,1,improve_stamina|carb_rich
Sprouts Salad,snack,103,5.8,12.8,2.2,vegan,north_indian,1,muscle_gain|high_protein
Paneer Roti,lunch,632,10.9,55.1,22.4,vegetarian,north_indian,0,balanced|beginner
Paneer Bhurji,dinner,697,12.1,71.9,18.1,vegetarian,mixed,0,weight_loss|light
Paneer Bhurji,dinner,623,34.7,26.5,13.3,vegetarian,north_indian,1,muscle_gain|high_protein
Egg Curry,dinner,558,5.9,76.5,15.3,non_vegetarian,mixed,0,balanced|beginner
Oats with Milk,breakfast,413,16.8,60.5,7.9,vegetarian,mixed,1,muscle_gain|high_protein
Oats with Milk,breakfast,341,8.6,50.4,8.6,vegetarian,north_indian,1,balanced|beginner
Buttermilk,snack,199,7.3,22.0,7.3,vegetarian,north_indian,1,balanced|beginner
Fish Fry,dinner,609,17.6,44.0,28.1,non_vegetarian,north_indian,0,improve_stamina|carb_rich
Paneer Bhurji,dinner,677,42.2,70.0,17.3,vegetarian,mixed,1,muscle_gain|high_protein
Fruit Salad,snack,199,4.1,32.8,4.0,vegan,north_indian,1,balanced|beginner
Oats with Milk,breakfast,200,4.8,25.6,6.9,vegetarian,mixed,1,balanced|beginner
Oats with Milk,breakfast,175,5.3,27.1,3.5,vegetarian,mixed,0,balanced|beginner
Roti Sabji,dinner,563,21.3,50.6,24.9,vegetarian,south_indian,0,muscle_gain|high_protein
Buttermilk,snack,133,3.4,17.3,4.4,vegetarian,north_indian,1,balanced|beginner
Paneer Sandwich,breakfast,231,9.4,31.5,5.4,vegetarian,north_indian,1,improve_stamina|carb_rich
Egg Curry,dinner,557,10.2,40.1,15.0,non_vegetarian,mixed,0,balanced|beginner
Idli Sambar,breakfast,358,23.7,31.4,12.1,vegetarian,mixed,1,muscle_gain|high_protein
Masala Omelette,breakfast,267,15.2,16.7,13.1,non_vegetarian,north_indian,1,muscle_gain|high_protein
Tofu Curry,dinner,359,8.9,37.5,16.1,vegan,north_indian,0,weight_loss|light
Roasted Chana,snack,191,4.1,23.1,7.4,vegan,mixed,1,balanced|beginner
Vegetable Soup,dinner,591,9.9,73.4,17.6,vegan,north_indian,0,improve_stamina|carb_rich
Thepla,breakfast,432,15.0,41.0,19.3,vegetarian,south_indian,0,muscle_gain|high_protein
Corn Chaat,snack,223,6.2,12.8,14.3,vegan,north_indian,0,balanced|beginner
Thepla,breakfast,268,7.3,34.0,9.1,vegetarian,north_indian,1,balanced|beginner
Fish Curry Rice,lunch,479,12.9,45.2,17.8,non_vegetarian,mixed,1,improve_stamina|carb_rich
Roasted Chana,snack,191,8.6,22.8,5.6,vegan,north_indian,1,weight_loss|light
Paneer Cubes,snack,247,6.8,33.9,7.2,vegetarian,mixed,1,weight_loss|light
Sabudana Khichdi,breakfast,257,8.5,39.1,5.1,vegetarian,north_indian,1,weight_loss|light
Tofu Curry,dinner,492,7.3,57.3,20.4,vegan,north_indian,0,improve_stamina|carb_rich
Protein Shake,snack,260,4.7,35.7,8.6,vegetarian,north_indian,1,balanced|beginner
Grilled Chicken,dinner,657,29.7,74.5,13.6,non_vegetarian,south_indian,0,improve_stamina|carb_rich
Sprouts Salad,snack,94,3.1,9.8,3.9,vegan,north_indian,1,balanced|beginner
Upma,breakfast,293,15.2,52.0,7.3,vegetarian,mixed,1,improve_stamina|carb_rich
Vegetable Soup,dinner,615,33.0,30.9,21.9,vegan,north_indian,1,muscle_gain|high_protein
Chicken Curry Rice,lunch,464,13.5,59.7,11.4,non_vegetarian,north_indian,1,weight_loss|light
Vegetable Soup,dinner,546,15.3,35.2,15.1,vegan,mixed,1,improve_stamina|carb_rich
Paneer Bhurji,dinner,549,19.5,36.8,24.5,vegetarian,south_indian,0,weight_loss|light
Dal Rice,lunch,659,44.2,63.0,22.4,vegetarian,south_indian,0,muscle_gain|high_protein
Rajma Chawal,lunch,678,14.3,93.0,14.1,vegetarian,north_indian,0,weight_loss|light
Vegetable Khichdi,lunch,522,16.1,40.3,15.5,vegetarian,north_indian,1,balanced|beginner
Dal Tadka,dinner,554,18.8,60.6,12.0,vegetarian,north_indian,1,balanced|beginner
Pav Bhaji,lunch,441,8.8,43.9,19.1,vegetarian,north_indian,0,improve_stamina|carb_rich
Protein Shake,snack,258,14.1,27.5,7.9,vegetarian,south_indian,1,muscle_gain|high_protein
Idli Sambar,breakfast,425,15.4,73.3,4.9,vegetarian,south_indian,0,weight_loss|light
Paneer Roti,lunch,545,25.7,35.8,7.2,vegetarian,mixed,1,muscle_gain|high_protein
Sabudana Khichdi,breakfast,277,8.5,44.2,4.9,vegetarian,mixed,1,improve_stamina|carb_rich
Idli Sambar,breakfast,398,11.2,55.9,3.5,vegetarian,south_indian,1,balanced|beginner
Sabudana Khichdi,breakfast,218,17.0,21.2,5.3,vegetarian,south_indian,1,muscle_gain|high_protein
Roasted Chana,snack,186,6.4,22.2,6.3,vegan,mixed,1,balanced|beginner
Boiled Eggs,snack,190,2.4,26.4,6.6,non_vegetarian,mixed,1,weight_loss|light
Vegetable Khichdi,lunch,483,21.8,60.9,12.6,vegetarian,north_indian,1,muscle_gain|high_protein
Sprouts Salad,snack,218,6.1,33.6,5.7,vegan,north_indian,1,weight_loss|light
Sabudana Khichdi,breakfast,232,16.5,26.5,4.6,vegetarian,mixed,1,muscle_gain|high_protein
Fruit Salad,snack,245,9.9,15.7,13.7,vegan,north_indian,1,improve_stamina|carb_rich
Paneer Cubes,snack,95,6.3,9.8,2.5,vegetarian,mixed,1,muscle_gain|high_protein
Paneer Bhurji,dinner,587,9.4,47.1,15.0,vegetarian,mixed,0,balanced|beginner
Paneer Sandwich,breakfast,246,5.2,27.1,10.8,vegetarian,north_indian,1,weight_loss|light
Vegetable Khichdi,lunch,379,10.9,53.6,10.1,vegetarian,north_indian,0,improve_stamina|carb_rich
Peanut Chaat,snack,106,5.4,6.8,5.4,vegetarian,mixed,1,balanced|beginner
Vegetable Soup,dinner,366,13.9,22.5,16.4,vegan,north_indian,1,weight_loss|light
Egg Curry,dinner,462,17.6,68.6,18.3,non_vegetarian,north_indian,1,improve_stamina|carb_rich
Sprouts Salad,snack,257,16.1,27.6,5.1,vegan,north_indian,1,improve_stamina|carb_rich
Masala Omelette,breakfast,255,10.9,24.6,10.3,non_vegetarian,south_indian,1,improve_stamina|carb_rich
Hyderabadi Biryani,lunch,443,37.9,29.8,23.1,non_vegetarian,mixed,0,muscle_gain|high_protein
Hyderabadi Biryani,lunch,408,34.6,32.5,13.3,non_vegetarian,north_indian,1,muscle_gain|high_protein
Protein Shake,snack,123,3.1,16.6,3.8,vegetarian,north_indian,1,weight_loss|light
Vegetable Poha,breakfast,444,9.2,56.1,10.1,vegetarian,mixed,0,improve_stamina|carb_rich
Paneer Bhurji,dinner,392,11.0,71.8,4.3,vegetarian,mixed,1,weight_loss|light
Pav Bhaji,lunch,369,5.3,62.6,8.0,vegetarian,north_indian,0,improve_stamina|carb_rich
Sabudana Khichdi,breakfast,303,9.0,37.9,10.1,vegetarian,north_indian,1,balanced|beginner
Dal Rice,lunch,634,21.0,45.9,28.0,vegetarian,south_indian,0,balanced|beginner
Buttermilk,snack,91,1.8,17.0,1.0,vegetarian,mixed,1,balanced|beginner
Upma,breakfast,167,4.3,20.2,6.2,vegetarian,mixed,0,balanced|beginner
Fruit Bowl,breakfast,439,10.1,55.9,14.0,vegan,south_indian,0,improve_stamina|carb_rich
Tofu Curry,dinner,360,12.2,60.7,4.4,vegan,north_indian,1,weight_loss|light
Fruit Bowl,breakfast,412,8.4,67.1,9.7,vegan,south_indian,1,weight_loss|light
Egg Curry,dinner,437,11.3,78.3,9.0,non_vegetarian,mixed,0,balanced|beginner
Idli Sambar,breakfast,164,7.5,19.3,4.9,vegetarian,mixed,0,balanced|beginner
Sprouts Salad,snack,95,11.5,8.3,0.9,vegan,north_indian,1,muscle_gain|high_protein
Vegetable Poha,breakfast,420,18.3,64.7,5.9,vegetarian,mixed,1,improve_stamina|carb_rich
Hyderabadi Biryani,lunch,578,9.5,26.0,24.2,non_vegetarian,mixed,0,weight_loss|light
Masala Omelette,breakfast,393,20.0,36.0,10.9,non_vegetarian,south_indian,1,balanced|beginner
Grilled Chicken,dinner,445,11.6,31.2,19.3,non_vegetarian,north_indian,0,improve_stamina|carb_rich
Roasted Chana,snack,204,14.4,16.3,7.2,vegan,north_indian,1,muscle_gain|high_protein
Corn Chaat,snack,111,3.1,12.5,4.4,vegan,mixed,1,weight_loss|light
Paneer Cubes,snack,233,5.7,25.5,9.9,vegetarian,mixed,1,improve_stamina|carb_rich
Chicken Curry Rice,lunch,554,8.7,43.8,18.5,non_vegetarian,south_indian,0,balanced|beginner
Paneer Bhurji,dinner,691,12.6,68.5,23.5,vegetarian,south_indian,0,balanced|beginner
Roti Sabji,dinner,641,9.9,87.2,15.2,vegetarian,mixed,0,balanced|beginner
Buttermilk,snack,293,14.1,39.9,6.0,vegetarian,north_indian,0,muscle_gain|high_protein
Mixed Veg Curry,dinner,479,12.1,67.3,24.5,vegetarian,south_indian,0,weight_loss|light
Oats with Milk,breakfast,377,9.2,35.0,15.5,vegetarian,mixed,1,improve_stamina|carb_rich
Masala Omelette,breakfast,210,14.1,19.6,6.5,non_vegetarian,mixed,1,muscle_gain|high_protein
Roti Sabji,dinner,501,17.3,68.6,14.9,vegetarian,north_indian,1,balanced|beginner
Tofu Stir Fry,lunch,489,29.1,47.4,10.6,vegan,mixed,1,balanced|beginner
Upma,breakfast,170,4.7,24.2,4.5,vegetarian,north_indian,0,improve_stamina|carb_rich
Idli Sambar,breakfast,197,6.8,26.1,5.5,vegetarian,south_indian,1,weight_loss|light
Dal Tadka,dinner,378,12.5,34.8,17.6,vegetarian,south_indian,1,balanced|beginner
Dal Rice,lunch,447,18.2,44.9,11.2,vegetarian,north_indian,1,muscle_gain|high_protein
Masala Omelette,breakfast,164,4.4,12.0,9.5,non_vegetarian,north_indian,1,weight_loss|light
Idli Sambar,breakfast,282,5.0,34.7,11.2,vegetarian,south_indian,1,improve_stamina|carb_rich
Mixed Veg Curry,dinner,651,18.0,49.0,22.6,vegetarian,north_indian,0,improve_stamina|carb_rich
Roti Sabji,dinner,406,9.6,26.3,13.0,vegetarian,mixed,1,weight_loss|light
Mixed Veg Curry,dinner,612,12.8,48.3,12.2,vegetarian,north_indian,1,improve_stamina|carb_rich
Tofu Scramble,breakfast,392,16.4,44.3,10.5,vegan,mixed,1,balanced|beginner
Thepla,breakfast,231,13.4,30.4,4.1,vegetarian,south_indian,1,muscle_gain|high_protein
Buttermilk,snack,230,3.3,23.8,11.5,vegetarian,north_indian,1,weight_loss|light
Paneer Cubes,snack,210,7.6,22.5,8.1,vegetarian,mixed,1,weight_loss|light
Vegetable Khichdi,lunch,505,15.6,59.3,10.7,vegetarian,north_indian,1,balanced|beginner
Roti Sabji,dinner,561,5.6,40.1,15.5,vegetarian,north_indian,0,weight_loss|light
Fruit Bowl,breakfast,225,10.1,40.8,5.2,vegan,mixed,1,improve_stamina|carb_rich
Paneer Roti,lunch,529,14.9,57.4,22.4,vegetarian,south_indian,0,weight_loss|light
Thepla,breakfast,267,6.1,36.0,8.6,vegetarian,north_indian,1,weight_loss|light
Pav Bhaji,lunch,480,19.7,28.0,24.0,vegetarian,north_indian,0,balanced|beginner
Boiled Eggs,snack,190,4.3,29.5,4.4,non_vegetarian,north_indian,1,weight_loss|light
Peanut Chaat,snack,257,8.0,19.4,14.1,vegetarian,north_indian,0,improve_stamina|carb_rich
Sprouts Salad,snack,125,8.6,16.6,1.6,vegan,north_indian,1,muscle_gain|high_protein
Sabudana Khichdi,breakfast,450,10.4,38.4,19.3,vegetarian,mixed,0,balanced|beginner
Roasted Chana,snack,102,1.7,6.8,6.7,vegan,north_indian,1,weight_loss|light
Tofu Stir Fry,lunch,644,20.9,94.0,7.6,vegan,south_indian,1,weight_loss|light
Tofu Stir Fry,lunch,409,6.0,55.0,20.1,vegan,north_indian,0,balanced|beginner
Tofu Scramble,breakfast,361,20.5,46.4,7.2,vegan,mixed,1,muscle_gain|high_protein
Chicken Curry Rice,lunch,697,32.8,81.7,12.6,non_vegetarian,south_indian,0,improve_stamina|carb_rich
Roti Sabji,dinner,362,24.9,28.9,13.1,vegetarian,north_indian,1,muscle_gain|high_protein
Tofu Scramble,breakfast,427,20.7,64.6,7.1,vegan,north_indian,1,muscle_gain|high_protein
Fish Curry Rice,lunch,592,19.0,76.5,6.5,non_vegetarian,north_indian,1,balanced|beginner
Oats with Milk,breakfast,255,10.3,24.1,10.8,vegetarian,mixed,1,improve_stamina|carb_rich
Fish Fry,dinner,510,14.5,40.5,22.0,non_vegetarian,south_indian,1,weight_loss|light
Grilled Chicken,dinner,590,19.8,78.9,20.2,non_vegetarian,mixed,1,muscle_gain|high_protein
Paneer Cubes,snack,162,9.9,21.5,2.6,vegetarian,mixed,1,improve_stamina|carb_rich
Boiled Eggs,snack,105,3.0,11.0,4.5,non_vegetarian,mixed,1,improve_stamina|carb_rich
Tofu Curry,dinner,697,19.0,75.1,17.1,vegan,north_indian,0,weight_loss|light
Paneer Cubes,snack,211,13.5,23.7,5.0,vegetarian,north_indian,1,muscle_gain|high_protein
Protein Shake,snack,297,10.1,28.5,13.2,vegetarian,mixed,0,improve_stamina|carb_rich
Tofu Curry,dinner,651,18.7,26.6,20.9,vegan,south_indian,0,improve_stamina|carb_rich
Kadhi Rice,lunch,497,6.0,64.8,22.3,vegetarian,north_indian,0,weight_loss|light
Dal Rice,lunch,420,18.5,23.2,12.3,vegetarian,north_indian,1,balanced|beginner
Fish Curry Rice,lunch,362,26.8,20.8,15.8,non_vegetarian,north_indian,1,muscle_gain|high_protein
Paneer Bhurji,dinner,686,42.1,72.3,15.3,vegetarian,north_indian,1,muscle_gain|high_protein
Vegetable Khichdi,lunch,545,9.4,47.5,19.4,vegetarian,north_indian,0,weight_loss|light
Pav Bhaji,lunch,353,15.6,37.3,8.6,vegetarian,mixed,1,improve_stamina|carb_rich
Oats with Milk,breakfast,363,8.4,37.0,13.4,vegetarian,mixed,1,balanced|beginner
Protein Shake,snack,166,7.1,11.2,8.8,vegetarian,mixed,1,weight_loss|light
Dal Tadka,dinner,632,14.3,73.8,18.4,vegetarian,south_indian,1,balanced|beginner
Paneer Bhurji,dinner,659,16.1,57.2,20.1,vegetarian,north_indian,0,weight_loss|light
Fish Curry Rice,lunch,469,12.0,71.6,21.5,non_vegetarian,north_indian,1,balanced|beginner
Fish Curry Rice,lunch,479,24.8,21.3,23.3,non_vegetarian,mixed,0,muscle_gain|high_protein
Rajma Chawal,lunch,439,33.6,35.4,14.2,vegetarian,north_indian,1,muscle_gain|high_protein
Upma,breakfast,360,13.2,35.6,6.1,vegetarian,north_indian,1,improve_stamina|carb_rich
Tofu Curry,dinner,525,9.8,36.4,13.0,vegan,mixed,0,improve_stamina|carb_rich
Vegetable Khichdi,lunch,378,14.9,54.6,7.8,vegetarian,north_indian,1,muscle_gain|high_protein
Vegetable Soup,dinner,612,30.3,67.2,12.5,vegan,north_indian,1,balanced|beginner
Vegetable Khichdi,lunch,672,30.8,84.3,10.1,vegetarian,north_indian,0,balanced|beginner
Corn Chaat,snack,268,7.0,25.5,13.0,vegan,mixed,0,balanced|beginner
Grilled Chicken,dinner,355,7.2,48.2,11.7,non_vegetarian,north_indian,0,balanced|beginner
Dal Tadka,dinner,589,24.6,61.0,19.4,vegetarian,south_indian,1,muscle_gain|high_protein
Dal Rice,lunch,403,20.8,69.5,4.0,vegetarian,north_indian,1,muscle_gain|high_protein
Mixed Veg Curry,dinner,370,21.7,42.6,14.2,vegetarian,south_indian,1,muscle_gain|high_protein
Fruit Salad,snack,183,7.8,14.2,8.9,vegan,south_indian,1,improve_stamina|carb_rich
Roasted Chana,snack,129,3.0,19.2,3.3,vegan,mixed,1,weight_loss|light
Thepla,breakfast,217,6.6,22.0,9.5,vegetarian,south_indian,1,balanced|beginner
Rajma Chawal,lunch,613,10.3,80.0,19.8,vegetarian,north_indian,0,improve_stamina|carb_rich
Vegetable Khichdi,lunch,424,28.5,79.2,5.6,vegetarian,north_indian,1,muscle_gain|high_protein
Roti Sabji,dinner,621,18.1,49.0,18.2,vegetarian,mixed,1,improve_stamina|carb_rich
Chicken Curry Rice,lunch,419,19.6,41.5,21.4,non_vegetarian,mixed,1,balanced|beginner
Sabudana Khichdi,breakfast,152,2.6,15.7,7.4,vegetarian,north_indian,1,weight_loss|light
Rajma Chawal,lunch,441,6.0,36.4,16.7,vegetarian,mixed,0,weight_loss|light
Grilled Chicken,dinner,426,11.4,36.9,21.9,non_vegetarian,mixed,0,improve_stamina|carb_rich
Paneer Sandwich,breakfast,438,15.0,74.7,8.1,vegetarian,north_indian,0,weight_loss|light
Thepla,breakfast,278,10.3,36.3,7.7,vegetarian,north_indian,1,muscle_gain|high_protein
Tofu Stir Fry,lunch,548,18.0,49.9,15.3,vegan,north_indian,1,balanced|beginner
Corn Chaat,snack,294,11.6,22.7,21.6,vegan,north_indian,0,weight_loss|light
Mixed Veg Curry,dinner,544,12.8,58.2,12.7,vegetarian,north_indian,1,balanced|beginner
Vegetable Poha,breakfast,245,7.6,30.5,8.1,vegetarian,mixed,1,improve_stamina|carb_rich
Dal Tadka,dinner,571,18.5,42.8,12.4,vegetarian,mixed,1,improve_stamina|carb_rich
Hyderabadi Biryani,lunch,477,17.8,79.9,13.2,non_vegetarian,north_indian,1,improve_stamina|carb_rich
Fish Fry,dinner,355,6.0,21.5,23.5,non_vegetarian,mixed,0,balanced|beginner
Vegetable Soup,dinner,671,16.8,38.1,36.7,vegan,north_indian,0,improve_stamina|carb_rich
Fish Fry,dinner,418,16.6,70.3,9.7,non_vegetarian,north_indian,1,improve_stamina|carb_rich
Sprouts Salad,snack,124,6.2,11.4,4.8,vegan,south_indian,1,weight_loss|light
Egg Curry,dinner,543,6.1,31.9,20.9,non_vegetarian,north_indian,0,weight_loss|light
Thepla,breakfast,248,9.9,20.9,17.1,vegetarian,north_indian,1,weight_loss|light
Roasted Chana,snack,150,2.2,18.2,6.3,vegan,north_indian,1,weight_loss|light
Protein Shake,snack,185,5.6,16.5,9.1,vegetarian,north_indian,1,improve_stamina|carb_rich
Vegetable Soup,dinner,630,35.9,51.8,24.6,vegan,mixed,0,muscle_gain|high_protein
Hyderabadi Biryani,lunch,693,35.8,52.6,10.6,non_vegetarian,mixed,1,muscle_gain|high_protein
Sprouts Salad,snack,168,7.3,24.7,3.0,vegan,north_indian,1,improve_stamina|carb_rich
Grilled Chicken,dinner,657,11.4,55.8,30.0,non_vegetarian,mixed,0,weight_loss|light
Buttermilk,snack,293,4.2,38.5,11.0,vegetarian,south_indian,0,improve_stamina|carb_rich
Grilled Chicken,dinner,540,29.2,42.6,18.3,non_vegetarian,mixed,1,muscle_gain|high_protein
Fruit Salad,snack,281,6.8,39.1,8.3,vegan,north_indian,0,balanced|beginner
Buttermilk,snack,138,2.7,25.2,1.7,vegetarian,north_indian,1,improve_stamina|carb_rich
Chicken Curry Rice,lunch,600,17.9,40.7,17.6,non_vegetarian,north_indian,1,weight_loss|light
Tofu Stir Fry,lunch,364,11.7,43.2,3.4,vegan,north_indian,0,balanced|beginner
Boiled Eggs,snack,101,2.0,12.0,4.1,non_vegetarian,north_indian,1,weight_loss|light
Sprouts Salad,snack,271,14.7,15.6,14.2,vegan,mixed,0,improve_stamina|carb_rich
Kadhi Rice,lunch,525,24.3,71.6,22.4,vegetarian,north_indian,0,muscle_gain|high_protein
Paneer Bhurji,dinner,668,22.3,48.8,29.3,vegetarian,mixed,0,weight_loss|light
Roti Sabji,dinner,685,11.8,68.6,20.4,vegetarian,south_indian,0,improve_stamina|carb_rich
Protein Shake,snack,237,9.7,35.8,4.0,vegetarian,mixed,1,improve_stamina|carb_rich
Sprouts Salad,snack,188,5.8,19.4,8.0,vegan,north_indian,1,improve_stamina|carb_rich
Egg Curry,dinner,608,42.8,29.0,25.0,non_vegetarian,south_indian,0,muscle_gain|high_protein
Dal Tadka,dinner,694,18.4,47.9,14.5,vegetarian,north_indian,0,weight_loss|light
Boiled Eggs,snack,299,4.7,45.4,8.3,non_vegetarian,mixed,1,weight_loss|light
Sprouts Salad,snack,250,14.2,29.1,6.3,vegan,south_indian,1,muscle_gain|high_protein
Fruit Salad,snack,286,5.1,32.1,3.5,vegan,mixed,0,balanced|beginner
Mixed Veg Curry,dinner,462,12.3,71.8,13.3,vegetarian,mixed,1,improve_stamina|carb_rich
Sabudana Khichdi,breakfast,159,6.0,21.8,3.9,vegetarian,mixed,0,muscle_gain|high_protein
Paneer Cubes,snack,172,4.1,24.8,4.7,vegetarian,mixed,1,weight_loss|light
Dal Tadka,dinner,356,38.8,42.2,3.4,vegetarian,south_indian,1,muscle_gain|high_protein
Thepla,breakfast,184,5.0,25.3,5.4,vegetarian,mixed,1,weight_loss|light
Fruit Bowl,breakfast,445,7.8,49.3,4.8,vegan,mixed,0,balanced|beginner
Idli Sambar,breakfast,352,10.9,25.8,19.6,vegetarian,south_indian,0,improve_stamina|carb_rich
Egg Curry,dinner,689,34.5,57.5,16.0,non_vegetarian,south_indian,1,muscle_gain|high_protein
Dal Rice,lunch,556,18.0,49.4,21.2,vegetarian,south_indian,1,weight_loss|light
Mixed Veg Curry,dinner,627,6.2,38.0,20.1,vegetarian,mixed,0,improve_stamina|carb_rich
Grilled Chicken,dinner,692,25.1,42.9,32.8,non_vegetarian,mixed,0,improve_stamina|carb_rich
Rajma Chawal,lunch,695,43.6,45.5,10.8,vegetarian,mixed,1,muscle_gain|high_protein
Oats with Milk,breakfast,195,12.4,15.5,7.5,vegetarian,south_indian,1,improve_stamina|carb_rich
Chicken Curry Rice,lunch,353,5.9,49.6,11.4,non_vegetarian,mixed,0,balanced|beginner
Roasted Chana,snack,204,5.1,16.5,11.2,vegan,north_indian,1,weight_loss|light
Thepla,breakfast,220,5.2,34.8,4.7,vegetarian,north_indian,1,balanced|beginner
Buttermilk,snack,116,4.1,12.0,4.7,vegetarian,south_indian,1,weight_loss|light
Paneer Sandwich,breakfast,361,9.8,44.2,12.9,vegetarian,north_indian,1,improve_stamina|carb_rich
Idli Sambar,breakfast,348,25.3,47.9,4.7,vegetarian,north_indian,1,muscle_gain|high_protein
Fruit Salad,snack,222,3.4,21.7,11.6,vegan,north_indian,1,balanced|beginner
Paneer Sandwich,breakfast,250,11.3,37.7,3.8,vegetarian,north_indian,1,muscle_gain|high_protein
Rajma Chawal,lunch,618,19.0,62.5,11.5,vegetarian,north_indian,1,improve_stamina|carb_rich
Egg Curry,dinner,549,18.9,75.2,20.3,non_vegetarian,north_indian,1,balanced|beginner
Boiled Eggs,snack,105,7.1,10.1,3.1,non_vegetarian,mixed,1,muscle_gain|high_protein
Sprouts Salad,snack,122,13.1,8.1,3.1,vegan,north_indian,1,muscle_gain|high_protein
Idli Sambar,breakfast,288,17.6,23.1,11.6,vegetarian,mixed,1,weight_loss|light
Peanut Chaat,snack,173,7.7,26.2,2.6,vegetarian,mixed,1,weight_loss|light
Fish Curry Rice,lunch,694,19.6,75.5,21.0,non_vegetarian,mixed,0,improve_stamina|carb_rich
Paneer Bhurji,dinner,390,12.2,53.9,9.0,vegetarian,mixed,1,balanced|beginner
Boiled Eggs,snack,203,4.9,25.7,7.2,non_vegetarian,south_indian,1,improve_stamina|carb_rich
Fish Fry,dinner,666,24.8,79.2,14.4,non_vegetarian,mixed,0,improve_stamina|carb_rich
Rajma Chawal,lunch,437,17.6,69.4,8.5,vegetarian,mixed,1,balanced|beginner
Protein Shake,snack,161,4.4,19.9,5.7,vegetarian,north_indian,1,balanced|beginner
Buttermilk,snack,234,12.4,24.9,7.3,vegetarian,north_indian,1,weight_loss|light
Paneer Sandwich,breakfast,327,16.0,54.6,9.2,vegetarian,south_indian,1,improve_stamina|carb_rich
Masala Omelette,breakfast,181,2.7,20.9,8.0,non_vegetarian,north_indian,1,balanced|beginner
Buttermilk,snack,133,4.1,17.1,4.2,vegetarian,mixed,1,weight_loss|light
Tofu Stir Fry,lunch,615,28.9,59.9,14.4,vegan,mixed,1,muscle_gain|high_protein
Fish Curry Rice,lunch,676,6.4,73.7,9.2,non_vegetarian,mixed,0,balanced|beginner
Dal Rice,lunch,387,25.6,49.2,5.9,vegetarian,north_indian,1,muscle_gain|high_protein
Roasted Chana,snack,237,6.8,23.0,11.0,vegan,south_indian,1,weight_loss|light
Chicken Curry Rice,lunch,615,7.8,78.4,11.2,non_vegetarian,south_indian,0,improve_stamina|carb_rich
Peanut Chaat,snack,216,8.8,29.3,5.2,vegetarian,mixed,1,improve_stamina|carb_rich
Tofu Curry,dinner,561,26.9,55.9,14.3,vegan,mixed,1,balanced|beginner
Corn Chaat,snack,168,5.4,16.0,7.6,vegan,mixed,1,improve_stamina|carb_rich
Tofu Scramble,breakfast,335,15.6,37.0,5.6,vegan,mixed,1,improve_stamina|carb_rich
Tofu Curry,dinner,630,11.7,63.3,22.3,vegan,south_indian,0,improve_stamina|carb_rich
Tofu Scramble,breakfast,300,22.3,31.5,6.8,vegan,north_indian,1,muscle_gain|high_protein
Oats with Milk,breakfast,196,5.5,15.3,10.8,vegetarian,mixed,1,weight_loss|light
Vegetable Khichdi,lunch,361,6.3,59.2,6.7,vegetarian,mixed,1,weight_loss|light
Fruit Bowl,breakfast,207,7.2,28.2,5.4,vegan,south_indian,1,balanced|beginner
Protein Shake,snack,231,7.0,20.1,15.5,vegetarian,north_indian,0,improve_stamina|carb_rich
Fruit Bowl,breakfast,217,3.1,29.1,7.9,vegan,north_indian,1,weight_loss|light
Sprouts Salad,snack,208,6.8,23.7,7.1,vegan,north_indian,1,improve_stamina|carb_rich
Kadhi Rice,lunch,525,5.7,39.1,23.5,vegetarian,north_indian,0,improve_stamina|carb_rich
Fish Fry,dinner,545,5.9,57.8,11.5,non_vegetarian,north_indian,0,weight_loss|light
Fish Fry,dinner,505,13.0,22.8,20.3,non_vegetarian,mixed,1,balanced|beginner
Roasted Chana,snack,131,6.8,19.1,1.9,vegan,north_indian,1,improve_stamina|carb_rich
Tofu Curry,dinner,558,43.9,26.0,7.3,vegan,south_indian,1,muscle_gain|high_protein
Roasted Chana,snack,263,28.4,26.9,8.7,vegan,south_indian,1,muscle_gain|high_protein
Idli Sambar,breakfast,196,5.3,21.2,8.3,vegetarian,mixed,1,weight_loss|light
Chicken Curry Rice,lunch,540,15.1,79.2,7.3,non_vegetarian,north_indian,1,balanced|beginner
Rajma Chawal,lunch,655,14.0,73.3,15.9,vegetarian,north_indian,0,balanced|beginner
Rajma Chawal,lunch,570,14.7,66.8,12.2,vegetarian,north_indian,1,weight_loss|light
Dal Rice,lunch,586,11.6,54.2,11.3,vegetarian,north_indian,0,balanced|beginner
Idli Sambar,breakfast,431,15.6,24.8,17.2,vegetarian,mixed,0,weight_loss|light
Paneer Sandwich,breakfast,228,10.1,34.4,3.5,vegetarian,north_indian,1,weight_loss|light
Paneer Bhurji,dinner,697,42.1,44.8,22.7,vegetarian,mixed,0,muscle_gain|high_protein
Vegetable Soup,dinner,444,30.5,47.9,15.8,vegan,north_indian,1,muscle_gain|high_protein
Paneer Cubes,snack,282,6.8,50.0,3.6,vegetarian,south_indian,1,weight_loss|light
Idli Sambar,breakfast,274,16.7,26.0,9.1,vegetarian,north_indian,1,muscle_gain|high_protein
Rajma Chawal,lunch,524,17.2,63.6,16.7,vegetarian,north_indian,1,balanced|beginner
Protein Shake,snack,117,5.4,13.2,3.7,vegetarian,mixed,1,improve_stamina|carb_rich
Fruit Bowl,breakfast,175,14.0,21.0,2.3,vegan,mixed,0,muscle_gain|high_protein
Vegetable Soup,dinner,503,5.3,36.0,14.2,vegan,north_indian,0,balanced|beginner
Dal Rice,lunch,498,24.1,46.5,14.0,vegetarian,south_indian,1,weight_loss|light
Oats with Milk,breakfast,219,6.3,27.4,7.4,vegetarian,mixed,1,weight_loss|light
Rajma Chawal,lunch,662,13.4,49.4,16.9,vegetarian,mixed,0,improve_stamina|carb_rich
Grilled Chicken,dinner,504,15.8,33.3,16.9,non_vegetarian,south_indian,1,balanced|beginner
Pav Bhaji,lunch,675,8.5,69.1,9.5,vegetarian,north_indian,0,weight_loss|light
Fruit Bowl,breakfast,373,11.6,27.5,16.2,vegan,north_indian,1,balanced|beginner
Paneer Sandwich,breakfast,297,14.4,17.8,16.0,vegetarian,south_indian,1,balanced|beginner
Fruit Salad,snack,226,8.8,28.6,6.5,vegan,north_indian,1,improve_stamina|carb_rich
Vegetable Poha,breakfast,433,17.7,32.8,16.6,vegetarian,north_indian,0,improve_stamina|carb_rich
Upma,breakfast,395,16.8,60.0,10.6,vegetarian,north_indian,1,balanced|beginner
Tofu Stir Fry,lunch,550,30.3,60.7,15.8,vegan,north_indian,1,muscle_gain|high_protein
Vegetable Soup,dinner,624,10.4,105.3,5.4,vegan,south_indian,0,balanced|beginner
Sabudana Khichdi,breakfast,410,11.5,38.2,5.1,vegetarian,north_indian,1,balanced|beginner
Dal Tadka,dinner,700,44.6,61.5,16.7,vegetarian,mixed,1,muscle_gain|high_protein
Paneer Cubes,snack,253,23.0,21.0,6.3,vegetarian,north_indian,1,muscle_gain|high_protein
Upma,breakfast,412,34.8,36.2,10.5,vegetarian,north_indian,1,muscle_gain|high_protein
Masala Omelette,breakfast,401,7.8,61.7,7.7,non_vegetarian,mixed,1,improve_stamina|carb_rich
Thepla,breakfast,179,6.2,21.1,6.2,vegetarian,south_indian,0,muscle_gain|high_protein
Roti Sabji,dinner,645,17.3,39.3,23.3,vegetarian,mixed,0,balanced|beginner
Fish Fry,dinner,388,13.3,25.7,20.4,non_vegetarian,mixed,1,improve_stamina|carb_rich
Tofu Curry,dinner,513,12.1,70.5,9.6,vegan,mixed,1,improve_stamina|carb_rich
Chicken Curry Rice,lunch,585,18.9,52.8,14.1,non_vegetarian,mixed,1,improve_stamina|carb_rich
Oats with Milk,breakfast,402,22.2,34.7,15.8,vegetarian,mixed,1,muscle_gain|high_protein
Kadhi Rice,lunch,435,5.9,59.9,8.5,vegetarian,north_indian,0,balanced|beginner
Vegetable Soup,dinner,413,16.5,59.9,5.9,vegan,mixed,1,improve_stamina|carb_rich
Tofu Curry,dinner,415,19.6,34.3,21.4,vegan,south_indian,1,balanced|beginner
Tofu Stir Fry,lunch,357,14.6,49.4,9.3,vegan,north_indian,1,weight_loss|light
Pav Bhaji,lunch,557,12.6,77.7,23.3,vegetarian,mixed,0,improve_stamina|carb_rich
Roti Sabji,dinner,645,16.6,58.1,25.6,vegetarian,south_indian,0,balanced|beginner
Fish Fry,dinner,467,14.9,74.8,8.9,non_vegetarian,north_indian,1,improve_stamina|carb_rich
Boiled Eggs,snack,115,1.9,18.4,2.7,non_vegetarian,north_indian,1,improve_stamina|carb_rich
Masala Omelette,breakfast,291,14.8,26.7,11.3,non_vegetarian,south_indian,1,muscle_gain|high_protein
Corn Chaat,snack,227,3.5,30.5,8.1,vegan,mixed,1,balanced|beginner
Grilled Chicken,dinner,620,21.0,55.4,22.6,non_vegetarian,north_indian,0,weight_loss|light
Rajma Chawal,lunch,366,19.8,51.2,3.1,vegetarian,north_indian,1,balanced|beginner
Fish Fry,dinner,480,25.5,62.2,10.1,non_vegetarian,north_indian,1,muscle_gain|high_protein
Grilled Chicken,dinner,358,11.2,38.3,4.4,non_vegetarian,north_indian,1,weight_loss|light
Chicken Curry Rice,lunch,618,26.7,33.8,19.5,non_vegetarian,north_indian,1,muscle_gain|high_protein
Hyderabadi Biryani,lunch,366,13.9,31.8,21.1,non_vegetarian,north_indian,1,balanced|beginner
Peanut Chaat,snack,262,4.4,31.7,10.8,vegetarian,north_indian,0,improve_stamina|carb_rich
Fruit Salad,snack,269,5.6,38.5,7.9,vegan,north_indian,0,improve_stamina|carb_rich
Vegetable Soup,dinner,503,13.0,76.1,17.9,vegan,north_indian,1,balanced|beginner
Pav Bhaji,lunch,644,21.4,84.9,11.4,vegetarian,mixed,1,weight_loss|light
Fruit Salad,snack,252,3.9,34.5,8.7,vegan,north_indian,1,balanced|beginner
Egg Curry,dinner,675,9.5,47.8,20.4,non_vegetarian,south_indian,0,improve_stamina|carb_rich
Paneer Roti,lunch,672,17.7,75.8,5.7,vegetarian,north_indian,0,improve_stamina|carb_rich
Grilled Chicken,dinner,489,14.5,60.4,11.3,non_vegetarian,mixed,1,improve_stamina|carb_rich
Hyderabadi Biryani,lunch,631,8.7,90.3,13.5,non_vegetarian,north_indian,0,balanced|beginner
Protein Shake,snack,250,23.7,18.2,6.9,vegetarian,north_indian,1,muscle_gain|high_protein
Grilled Chicken,dinner,561,39.5,53.6,9.7,non_vegetarian,north_indian,1,muscle_gain|high_protein
Chicken Curry Rice,lunch,672,14.5,63.3,26.6,non_vegetarian,south_indian,0,balanced|beginner
Tofu Scramble,breakfast,333,11.6,43.7,9.5,vegan,mixed,1,muscle_gain|high_protein
Roasted Chana,snack,156,5.0,22.7,3.7,vegan,north_indian,1,improve_stamina|carb_rich
Fish Fry,dinner,663,13.7,44.9,24.9,non_vegetarian,south_indian,0,improve_stamina|carb_rich
Roti Sabji,dinner,608,33.0,65.9,20.0,vegetarian,north_indian,1,muscle_gain|high_protein
Hyderabadi Biryani,lunch,583,32.6,51.5,22.1,non_vegetarian,north_indian,0,muscle_gain|high_protein
Thepla,breakfast,171,6.4,20.7,5.4,vegetarian,north_indian,0,muscle_gain|high_protein
Paneer Cubes,snack,149,8.2,13.5,5.6,vegetarian,north_indian,1,muscle_gain|high_protein
Vegetable Khichdi,lunch,453,17.4,31.9,24.1,vegetarian,south_indian,0,balanced|beginner
Hyderabadi Biryani,lunch,372,38.2,51.9,4.5,non_vegetarian,mixed,1,muscle_gain|high_protein
Boiled Eggs,snack,180,5.7,22.3,5.9,non_vegetarian,mixed,1,improve_stamina|carb_rich
Corn Chaat,snack,108,3.3,9.3,5.4,vegan,north_indian,1,improve_stamina|carb_rich
Paneer Roti,lunch,537,8.3,73.8,7.3,vegetarian,north_indian,0,balanced|beginner
Fish Fry,dinner,652,42.2,43.9,7.5,non_vegetarian,mixed,1,muscle_gain|high_protein
Paneer Bhurji,dinner,594,6.8,77.5,17.9,vegetarian,south_indian,0,improve_stamina|carb_rich
Pav Bhaji,lunch,610,11.6,79.1,15.3,vegetarian,mixed,0,weight_loss|light
Peanut Chaat,snack,232,10.8,21.7,9.2,vegetarian,mixed,1,weight_loss|light
Paneer Sandwich,breakfast,274,8.5,32.4,13.5,vegetarian,north_indian,1,improve_stamina|carb_rich
Rajma Chawal,lunch,591,39.7,76.3,19.6,vegetarian,south_indian,1,muscle_gain|high_protein
Mixed Veg Curry,dinner,434,8.0,66.8,8.9,vegetarian,north_indian,0,weight_loss|light
Paneer Bhurji,dinner,664,9.9,69.5,8.0,vegetarian,north_indian,0,improve_stamina|carb_rich
Hyderabadi Biryani,lunch,403,19.3,41.2,8.3,non_vegetarian,north_indian,1,weight_loss|light
Sprouts Salad,snack,221,7.2,29.5,6.2,vegan,north_indian,1,balanced|beginner
Paneer Sandwich,breakfast,228,9.4,25.5,7.8,vegetarian,north_indian,1,improve_stamina|carb_rich
Paneer Sandwich,breakfast,434,12.2,43.5,7.3,vegetarian,north_indian,0,improve_stamina|carb_rich
Boiled Eggs,snack,157,5.0,16.5,6.5,non_vegetarian,mixed,1,balanced|beginner
Roti Sabji,dinner,451,18.6,46.7,16.1,vegetarian,mixed,1,balanced|beginner
Roti Sabji,dinner,642,25.8,77.2,19.1,vegetarian,mixed,1,muscle_gain|high_protein
Roasted Chana,snack,146,3.7,18.3,5.2,vegan,south_indian,1,improve_stamina|carb_rich
Fish Fry,dinner,429,5.7,42.7,6.8,non_vegetarian,mixed,0,improve_stamina|carb_rich
Hyderabadi Biryani,lunch,648,19.5,54.4,12.8,non_vegetarian,north_indian,1,weight_loss|light
Egg Curry,dinner,569,15.0,48.6,23.3,non_vegetarian,north_indian,0,weight_loss|light
Kadhi Rice,lunch,488,8.8,32.9,11.7,vegetarian,south_indian,0,improve_stamina|carb_rich
Paneer Bhurji,dinner,479,29.2,49.1,8.9,vegetarian,north_indian,1,balanced|beginner
Vegetable Poha,breakfast,251,10.4,29.9,7.8,vegetarian,mixed,1,improve_stamina|carb_rich
Fish Curry Rice,lunch,513,37.4,67.9,3.7,non_vegetarian,north_indian,1,muscle_gain|high_protein
Upma,breakfast,256,8.0,20.8,13.4,vegetarian,north_indian,1,balanced|beginner
Egg Curry,dinner,572,9.6,45.0,22.3,non_vegetarian,mixed,0,improve_stamina|carb_rich
Rajma Chawal,lunch,401,6.4,65.4,9.4,vegetarian,mixed,1,weight_loss|light
Paneer Sandwich,breakfast,166,4.7,23.3,4.5,vegetarian,south_indian,0,improve_stamina|carb_rich
Corn Chaat,snack,124,5.4,19.9,1.4,vegan,north_indian,1,improve_stamina|carb_rich
Rajma Chawal,lunch,410,12.2,34.5,4.9,vegetarian,north_indian,1,improve_stamina|carb_rich
Paneer Cubes,snack,184,6.9,14.1,9.5,vegetarian,mixed,1,weight_loss|light
Paneer Bhurji,dinner,682,26.7,48.9,23.5,vegetarian,north_indian,0,muscle_gain|high_protein
Sabudana Khichdi,breakfast,176,4.8,22.6,5.8,vegetarian,north_indian,1,weight_loss|light
Fish Fry,dinner,542,18.3,73.0,4.4,non_vegetarian,north_indian,1,balanced|beginner
Boiled Eggs,snack,123,5.5,12.4,4.6,non_vegetarian,mixed,1,muscle_gain|high_protein
Egg Curry,dinner,581,13.8,63.5,18.6,non_vegetarian,mixed,1,improve_stamina|carb_rich
Vegetable Soup,dinner,483,11.9,33.2,15.0,vegan,north_indian,0,improve_stamina|carb_rich
Hyderabadi Biryani,lunch,641,17.1,79.0,5.0,non_vegetarian,north_indian,1,improve_stamina|carb_rich
Masala Omelette,breakfast,435,12.9,50.3,16.4,non_vegetarian,north_indian,0,weight_loss|light
Fish Fry,dinner,700,36.2,50.2,12.7,non_vegetarian,north_indian,1,muscle_gain|high_protein
Upma,breakfast,416,14.8,55.3,11.4,vegetarian,mixed,1,weight_loss|light
Buttermilk,snack,196,9.0,19.5,7.4,vegetarian,mixed,1,muscle_gain|high_protein
Buttermilk,snack,143,2.4,21.6,3.9,vegetarian,north_indian,1,balanced|beginner
Hyderabadi Biryani,lunch,432,41.0,36.2,7.6,non_vegetarian,north_indian,1,muscle_gain|high_protein
Roasted Chana,snack,91,3.3,13.1,2.0,vegan,north_indian,1,muscle_gain|high_protein
Egg Curry,dinner,534,27.6,48.6,14.8,non_vegetarian,south_indian,1,weight_loss|light
Paneer Roti,lunch,422,11.8,55.7,22.7,vegetarian,north_indian,0,balanced|beginner
Upma,breakfast,335,5.8,30.5,6.9,vegetarian,south_indian,1,weight_loss|light
Grilled Chicken,dinner,378,13.5,51.1,16.5,non_vegetarian,south_indian,1,balanced|beginner
Protein Shake,snack,298,23.2,27.6,7.9,vegetarian,north_indian,1,muscle_gain|high_protein
Vegetable Soup,dinner,367,7.7,55.1,9.6,vegan,south_indian,0,balanced|beginner
Corn Chaat,snack,98,6.0,9.8,3.0,vegan,north_indian,1,muscle_gain|high_protein
Kadhi Rice,lunch,368,17.9,39.8,6.0,vegetarian,mixed,1,improve_stamina|carb_rich
Thepla,breakfast,185,7.8,20.0,6.5,vegetarian,south_indian,1,weight_loss|light
Thepla,breakfast,403,12.6,36.2,22.7,vegetarian,mixed,0,balanced|beginner
Paneer Sandwich,breakfast,191,10.3,17.9,7.0,vegetarian,south_indian,1,muscle_gain|high_protein
Paneer Sandwich,breakfast,319,12.0,46.6,6.6,vegetarian,north_indian,1,weight_loss|light
Mixed Veg Curry,dinner,409,14.0,38.6,8.4,vegetarian,north_indian,1,improve_stamina|carb_rich
Tofu Scramble,breakfast,215,8.8,23.6,11.9,vegan,north_indian,1,improve_stamina|carb_rich
Oats with Milk,breakfast,377,32.9,21.8,13.5,vegetarian,mixed,1,muscle_gain|high_protein
Upma,breakfast,286,10.6,34.9,9.0,vegetarian,north_indian,1,weight_loss|light
Mixed Veg Curry,dinner,450,12.2,44.7,19.3,vegetarian,south_indian,1,balanced|beginner
Tofu Stir Fry,lunch,583,17.1,64.8,16.5,vegan,mixed,1,balanced|beginner
Tofu Stir Fry,lunch,591,11.9,91.0,8.1,vegan,north_indian,0,weight_loss|light
Fish Fry,dinner,419,10.1,57.0,13.0,non_vegetarian,north_indian,0,balanced|beginner
Vegetable Poha,breakfast,268,13.9,26.7,9.4,vegetarian,mixed,1,muscle_gain|high_protein
Peanut Chaat,snack,181,9.0,17.0,7.0,vegetarian,south_indian,1,improve_stamina|carb_rich
Vegetable Soup,dinner,638,19.3,51.5,19.8,vegan,north_indian,1,balanced|beginner
Buttermilk,snack,194,9.7,14.4,9.1,vegetarian,south_indian,1,improve_stamina|carb_rich
Dal Rice,lunch,465,43.4,26.6,17.6,vegetarian,mixed,1,muscle_gain|high_protein
Vegetable Soup,dinner,509,8.3,53.0,12.5,vegan,north_indian,0,balanced|beginner
Thepla,breakfast,362,5.7,22.3,24.9,vegetarian,north_indian,0,improve_stamina|carb_rich
Vegetable Khichdi,lunch,599,16.7,64.8,10.6,vegetarian,mixed,1,weight_loss|light
Dal Tadka,dinner,487,41.0,26.6,7.5,vegetarian,north_indian,1,muscle_gain|high_protein
Hyderabadi Biryani,lunch,648,16.8,41.7,16.3,non_vegetarian,south_indian,1,balanced|beginner
Vegetable Poha,breakfast,399,11.3,43.4,16.5,vegetarian,north_indian,1,balanced|beginner
Dal Tadka,dinner,498,15.1,62.7,16.6,vegetarian,north_indian,1,improve_stamina|carb_rich
Mixed Veg Curry,dinner,523,17.3,28.3,12.6,vegetarian,mixed,1,improve_stamina|carb_rich
Fish Curry Rice,lunch,378,11.7,51.7,10.5,non_vegetarian,north_indian,0,balanced|beginner
Thepla,breakfast,216,10.0,18.9,9.2,vegetarian,north_indian,1,weight_loss|light
Grilled Chicken,dinner,619,29.9,78.7,3.4,non_vegetarian,south_indian,1,muscle_gain|high_protein
Roasted Chana,snack,297,17.2,35.5,6.2,vegan,south_indian,0,balanced|beginner
Tofu Curry,dinner,592,18.5,55.9,20.9,vegan,north_indian,1,improve_stamina|carb_rich
Roasted Chana,snack,131,6.2,11.7,5.4,vegan,mixed,1,balanced|beginner
Sabudana Khichdi,breakfast,258,10.0,35.8,3.7,vegetarian,north_indian,1,weight_loss|light
Fruit Salad,snack,222,9.6,21.6,14.2,vegan,south_indian,1,weight_loss|light
Paneer Sandwich,breakfast,359,8.0,48.1,11.8,vegetarian,mixed,1,improve_stamina|carb_rich
Fish Curry Rice,lunch,689,12.3,54.4,18.2,non_vegetarian,north_indian,0,improve_stamina|carb_rich
Vegetable Poha,breakfast,172,7.6,24.2,3.5,vegetarian,north_indian,0,balanced|beginner
Fruit Bowl,breakfast,346,7.1,36.0,9.0,vegan,north_indian,1,weight_loss|light
Paneer Sandwich,breakfast,210,10.6,30.6,3.2,vegetarian,north_indian,1,weight_loss|light
Boiled Eggs,snack,258,5.7,42.5,5.0,non_vegetarian,mixed,1,weight_loss|light
Fish Fry,dinner,581,6.4,28.8,23.8,non_vegetarian,south_indian,0,balanced|beginner
Roti Sabji,dinner,631,15.4,51.9,19.9,vegetarian,mixed,1,balanced|beginner
Tofu Scramble,breakfast,282,10.5,46.5,3.5,vegan,mixed,1,weight_loss|light
Hyderabadi Biryani,lunch,369,11.7,39.5,17.9,non_vegetarian,south_indian,0,balanced|beginner
Boiled Eggs,snack,167,4.0,14.6,8.8,non_vegetarian,mixed,1,balanced|beginner
Upma,breakfast,242,6.0,28.3,9.5,vegetarian,north_indian,1,balanced|beginner
Sabudana Khichdi,breakfast,442,8.6,22.9,15.8,vegetarian,south_indian,0,improve_stamina|carb_rich
Egg Curry,dinner,610,13.1,71.9,17.8,non_vegetarian,north_indian,1,balanced|beginner
Paneer Roti,lunch,609,14.6,74.1,14.7,vegetarian,mixed,1,weight_loss|light
Egg Curry,dinner,442,16.5,57.1,19.4,non_vegetarian,north_indian,1,weight_loss|light
Sprouts Salad,snack,134,8.3,11.4,4.9,vegan,north_indian,1,improve_stamina|carb_rich
Kadhi Rice,lunch,689,41.7,31.7,18.5,vegetarian,mixed,1,muscle_gain|high_protein
Pav Bhaji,lunch,672,37.4,52.6,21.2,vegetarian,north_indian,0,weight_loss|light
Hyderabadi Biryani,lunch,505,16.1,43.5,13.5,non_vegetarian,north_indian,1,balanced|beginner
Dal Tadka,dinner,416,4.6,48.4,19.0,vegetarian,mixed,0,weight_loss|light
Hyderabadi Biryani,lunch,380,28.7,53.2,2.5,non_vegetarian,north_indian,1,muscle_gain|high_protein
Tofu Stir Fry,lunch,669,14.9,75.0,3.6,vegan,north_indian,0,improve_stamina|carb_rich
Fish Fry,dinner,420,33.7,53.6,5.4,non_vegetarian,north_indian,1,muscle_gain|high_protein
Thepla,breakfast,366,12.1,46.1,11.6,vegetarian,north_indian,1,improve_stamina|carb_rich
Fish Curry Rice,lunch,551,12.0,44.0,22.2,non_vegetarian,mixed,0,balanced|beginner
Mixed Veg Curry,dinner,630,40.8,51.5,21.0,vegetarian,south_indian,1,muscle_gain|high_protein
Upma,breakfast,397,19.9,49.9,9.6,vegetarian,south_indian,1,muscle_gain|high_protein
Fish Curry Rice,lunch,611,34.6,35.2,11.5,non_vegetarian,south_indian,1,muscle_gain|high_protein
Roti Sabji,dinner,479,9.9,39.4,14.3,vegetarian,north_indian,0,balanced|beginner
Paneer Cubes,snack,184,3.2,34.2,2.2,vegetarian,north_indian,1,weight_loss|light
Fruit Salad,snack,251,5.9,21.9,13.3,vegan,mixed,1,balanced|beginner
Paneer Bhurji,dinner,483,24.1,46.0,21.4,vegetarian,north_indian,1,muscle_gain|high_protein
Thepla,breakfast,361,12.7,26.2,17.3,vegetarian,north_indian,1,balanced|beginner
Paneer Roti,lunch,407,7.7,36.0,10.5,vegetarian,south_indian,0,balanced|beginner
Rajma Chawal,lunch,601,23.1,37.3,27.9,vegetarian,north_indian,0,weight_loss|light
Tofu Scramble,breakfast,414,17.1,68.1,8.5,vegan,south_indian,1,balanced|beginner
Corn Chaat,snack,112,2.2,14.3,4.1,vegan,north_indian,1,weight_loss|light
Masala Omelette,breakfast,400,9.7,57.1,11.0,non_vegetarian,north_indian,1,balanced|beginner
Hyderabadi Biryani,lunch,508,6.3,57.6,19.0,non_vegetarian,mixed,0,improve_stamina|carb_rich
Dal Rice,lunch,604,6.7,74.8,17.9,vegetarian,north_indian,0,improve_stamina|carb_rich
Thepla,breakfast,195,5.3,14.5,11.1,vegetarian,mixed,1,weight_loss|light
Rajma Chawal,lunch,434,6.2,67.5,7.7,vegetarian,mixed,0,balanced|beginner
Thepla,breakfast,405,9.8,52.5,9.8,vegetarian,north_indian,1,improve_stamina|carb_rich
Fish Curry Rice,lunch,519,12.1,60.4,20.6,non_vegetarian,south_indian,1,weight_loss|light
Chicken Curry Rice,lunch,444,17.7,35.1,22.1,non_vegetarian,south_indian,0,improve_stamina|carb_rich
Sabudana Khichdi,breakfast,240,9.2,22.9,10.3,vegetarian,mixed,1,balanced|beginner
Paneer Sandwich,breakfast,218,7.6,25.5,7.6,vegetarian,north_indian,1,balanced|beginner
Paneer Roti,lunch,652,18.7,77.7,16.5,vegetarian,north_indian,0,balanced|beginner
Oats with Milk,breakfast,419,7.2,46.0,19.3,vegetarian,mixed,0,weight_loss|light
Chicken Curry Rice,lunch,360,8.8,34.5,12.7,non_vegetarian,north_indian,0,improve_stamina|carb_rich
Vegetable Khichdi,lunch,580,13.9,55.6,12.0,vegetarian,mixed,1,weight_loss|light
Corn Chaat,snack,267,3.7,36.6,9.4,vegan,north_indian,0,improve_stamina|carb_rich
Kadhi Rice,lunch,467,12.8,55.4,5.7,vegetarian,south_indian,1,balanced|beginner
Tofu Scramble,breakfast,410,16.0,42.2,14.8,vegan,south_indian,1,weight_loss|light
Thepla,breakfast,416,8.6,56.5,13.6,vegetarian,mixed,1,balanced|beginner
Kadhi Rice,lunch,485,12.2,24.0,14.2,vegetarian,mixed,1,balanced|beginner
Oats with Milk,breakfast,186,5.7,26.4,4.7,vegetarian,north_indian,1,weight_loss|light
Paneer Roti,lunch,557,29.5,33.5,24.5,vegetarian,south_indian,0,muscle_gain|high_protein
Fruit Bowl,breakfast,167,13.3,11.7,5.9,vegan,south_indian,0,muscle_gain|high_protein
Chicken Curry Rice,lunch,561,27.9,59.6,5.1,non_vegetarian,mixed,1,muscle_gain|high_protein
Paneer Bhurji,dinner,516,11.0,53.2,8.2,vegetarian,mixed,0,improve_stamina|carb_rich
Vegetable Khichdi,lunch,642,37.4,55.8,17.3,vegetarian,north_indian,1,muscle_gain|high_protein
Paneer Roti,lunch,430,24.3,73.5,7.2,vegetarian,north_indian,1,muscle_gain|high_protein
Sabudana Khichdi,breakfast,151,7.0,15.8,5.3,vegetarian,north_indian,1,weight_loss|light
Paneer Cubes,snack,114,7.7,12.2,2.8,vegetarian,south_indian,1,muscle_gain|high_protein
Sabudana Khichdi,breakfast,201,8.1,12.9,11.2,vegetarian,north_indian,1,improve_stamina|carb_rich
Chicken Curry Rice,lunch,662,9.1,46.1,21.2,non_vegetarian,north_indian,0,weight_loss|light
Boiled Eggs,snack,219,8.0,16.8,11.4,non_vegetarian,mixed,1,weight_loss|light
Roasted Chana,snack,190,5.0,28.3,4.6,vegan,north_indian,1,weight_loss|light
Rajma Chawal,lunch,547,7.2,66.3,20.9,vegetarian,north_indian,0,balanced|beginner
Fruit Salad,snack,81,1.2,13.8,1.6,vegan,north_indian,1,improve_stamina|carb_rich
Grilled Chicken,dinner,610,50.6,39.5,15.6,non_vegetarian,mixed,1,muscle_gain|high_protein
Rajma Chawal,lunch,627,18.1,38.2,32.1,vegetarian,south_indian,0,improve_stamina|carb_rich
Tofu Scramble,breakfast,295,10.4,32.7,11.0,vegan,north_indian,1,balanced|beginner
Boiled Eggs,snack,300,15.8,32.2,6.3,non_vegetarian,mixed,0,balanced|beginner
Dal Rice,lunch,548,18.6,73.8,14.5,vegetarian,north_indian,1,improve_stamina|carb_rich
Hyderabadi Biryani,lunch,484,23.2,74.0,14.6,non_vegetarian,north_indian,1,muscle_gain|high_protein
Paneer Cubes,snack,156,7.7,21.2,3.1,vegetarian,north_indian,1,muscle_gain|high_protein
Roti Sabji,dinner,417,18.3,72.3,8.9,vegetarian,north_indian,1,balanced|beginner
Fruit Bowl,breakfast,182,3.5,22.7,7.0,vegan,mixed,1,improve_stamina|carb_rich
Oats with Milk,breakfast,211,6.6,16.1,11.5,vegetarian,north_indian,1,weight_loss|light
Sprouts Salad,snack,122,4.1,11.3,5.6,vegan,north_indian,1,balanced|beginner
Protein Shake,snack,194,4.6,20.3,8.7,vegetarian,south_indian,1,balanced|beginner
Vegetable Khichdi,lunch,559,11.6,49.2,23.9,vegetarian,mixed,0,balanced|beginner
Chicken Curry Rice,lunch,535,15.9,44.5,25.0,non_vegetarian,north_indian,0,improve_stamina|carb_rich
Peanut Chaat,snack,202,5.0,23.6,7.9,vegetarian,mixed,1,improve_stamina|carb_rich
Masala Omelette,breakfast,404,16.6,22.8,11.2,non_vegetarian,north_indian,1,balanced|beginner
Buttermilk,snack,105,8.0,14.3,0.9,vegetarian,north_indian,1,muscle_gain|high_protein
Paneer Roti,lunch,375,13.0,50.3,16.9,vegetarian,north_indian,1,weight_loss|light
Roasted Chana,snack,298,7.7,50.4,4.6,vegan,north_indian,1,weight_loss|light
Fruit Bowl,breakfast,221,8.1,17.8,11.1,vegan,north_indian,1,weight_loss|light
Dal Tadka,dinner,379,10.0,30.4,8.9,vegetarian,north_indian,1,weight_loss|light
Dal Tadka,dinner,451,15.3,48.2,17.9,vegetarian,south_indian,1,improve_stamina|carb_rich
Fish Curry Rice,lunch,566,6.5,65.2,17.2,non_vegetarian,mixed,0,balanced|beginner
Hyderabadi Biryani,lunch,567,12.7,56.8,20.7,non_vegetarian,mixed,1,weight_loss|light
Masala Omelette,breakfast,297,19.5,25.1,10.5,non_vegetarian,mixed,1,muscle_gain|high_protein
Oats with Milk,breakfast,241,6.1,23.6,11.4,vegetarian,north_indian,1,balanced|beginner
Protein Shake,snack,170,5.4,19.1,6.5,vegetarian,north_indian,1,weight_loss|light
Fruit Salad,snack,176,4.2,19.2,7.6,vegan,north_indian,1,improve_stamina|carb_rich
Boiled Eggs,snack,179,5.6,26.9,3.8,non_vegetarian,north_indian,1,improve_stamina|carb_rich
Rajma Chawal,lunch,585,9.5,74.1,5.6,vegetarian,mixed,0,balanced|beginner
Masala Omelette,breakfast,347,24.3,19.8,15.9,non_vegetarian,mixed,1,muscle_gain|high_protein
Paneer Cubes,snack,176,6.0,22.1,5.5,vegetarian,north_indian,1,weight_loss|light
Paneer Cubes,snack,231,5.0,27.4,9.2,vegetarian,north_indian,1,balanced|beginner
Paneer Roti,lunch,501,26.3,41.6,12.9,vegetarian,north_indian,1,muscle_gain|high_protein
Tofu Curry,dinner,592,18.6,27.2,17.6,vegan,mixed,1,weight_loss|light
Egg Curry,dinner,417,19.6,32.0,23.5,non_vegetarian,mixed,0,muscle_gain|high_protein
Roasted Chana,snack,194,3.3,28.0,5.9,vegan,south_indian,1,improve_stamina|carb_rich
Paneer Cubes,snack,160,6.3,12.4,8.0,vegetarian,mixed,1,weight_loss|light
Oats with Milk,breakfast,201,7.7,21.3,7.7,vegetarian,mixed,1,improve_stamina|carb_rich
Buttermilk,snack,218,4.3,34.2,5.2,vegetarian,north_indian,1,balanced|beginner
Vegetable Khichdi,lunch,361,11.0,68.0,4.3,vegetarian,north_indian,0,improve_stamina|carb_rich
Vegetable Soup,dinner,700,26.7,50.3,15.1,vegan,mixed,1,muscle_gain|high_protein
Roasted Chana,snack,257,5.1,33.0,9.3,vegan,north_indian,1,weight_loss|light
Fish Fry,dinner,453,14.9,79.9,9.7,non_vegetarian,north_indian,1,improve_stamina|carb_rich
Fish Fry,dinner,547,25.5,48.4,17.0,non_vegetarian,north_indian,1,improve_stamina|carb_rich
Boiled Eggs,snack,252,8.8,38.2,4.8,non_vegetarian,mixed,1,improve_stamina|carb_rich
Dal Tadka,dinner,585,37.0,48.3,15.4,vegetarian,mixed,1,muscle_gain|high_protein
Sprouts Salad,snack,131,8.8,15.7,2.5,vegan,south_indian,1,muscle_gain|high_protein
Sprouts Salad,snack,165,4.4,19.4,6.3,vegan,mixed,1,improve_stamina|carb_rich
Idli Sambar,breakfast,151,6.1,19.4,4.1,vegetarian,north_indian,0,balanced|beginner
Roasted Chana,snack,279,20.8,28.4,6.7,vegan,mixed,1,muscle_gain|high_protein
Upma,breakfast,167,4.6,20.9,5.7,vegetarian,north_indian,1,weight_loss|light
Dal Tadka,dinner,388,26.7,49.8,12.8,vegetarian,north_indian,1,muscle_gain|high_protein
Paneer Roti,lunch,384,8.6,38.9,18.1,vegetarian,mixed,0,improve_stamina|carb_rich
Fish Fry,dinner,556,14.8,58.6,18.0,non_vegetarian,north_indian,1,balanced|beginner
Sprouts Salad,snack,240,4.5,24.8,11.5,vegan,mixed,1,weight_loss|light
Protein Shake,snack,101,1.8,6.8,6.5,vegetarian,north_indian,1,balanced|beginner
Buttermilk,snack,195,14.2,19.2,5.1,vegetarian,mixed,1,muscle_gain|high_protein
Sprouts Salad,snack,284,23.0,33.2,4.0,vegan,mixed,1,muscle_gain|high_protein
Vegetable Khichdi,lunch,573,8.8,69.8,21.8,vegetarian,north_indian,0,improve_stamina|carb_rich
Thepla,breakfast,353,18.2,27.6,3.3,vegetarian,north_indian,1,weight_loss|light
Upma,breakfast,445,11.9,28.3,18.4,vegetarian,north_indian,0,improve_stamina|carb_rich
Vegetable Soup,dinner,618,8.8,45.4,22.7,vegan,north_indian,0,improve_stamina|carb_rich
Boiled Eggs,snack,144,9.7,9.5,6.2,non_vegetarian,north_indian,1,muscle_gain|high_protein
Peanut Chaat,snack,224,9.3,19.4,10.2,vegetarian,north_indian,1,balanced|beginner
Buttermilk,snack,298,5.7,49.6,13.0,vegetarian,mixed,0,balanced|beginner
Oats with Milk,breakfast,426,10.8,41.3,22.0,vegetarian,north_indian,0,balanced|beginner
Oats with Milk,breakfast,163,5.2,29.4,1.3,vegetarian,south_indian,1,weight_loss|light
Paneer Bhurji,dinner,358,8.3,57.5,7.4,vegetarian,north_indian,0,balanced|beginner
Protein Shake,snack,140,8.5,14.0,4.3,vegetarian,mixed,1,muscle_gain|high_protein
Paneer Roti,lunch,632,32.7,84.4,5.6,vegetarian,north_indian,1,balanced|beginner
Peanut Chaat,snack,256,22.3,19.0,7.8,vegetarian,mixed,1,muscle_gain|high_protein
Grilled Chicken,dinner,502,35.6,44.1,5.2,non_vegetarian,mixed,1,muscle_gain|high_protein
Mixed Veg Curry,dinner,499,20.0,32.7,9.6,vegetarian,north_indian,1,improve_stamina|carb_rich
Hyderabadi Biryani,lunch,395,12.3,56.3,9.9,non_vegetarian,north_indian,1,balanced|beginner
Kadhi Rice,lunch,556,7.0,53.0,19.3,vegetarian,north_indian,0,balanced|beginner
Masala Omelette,breakfast,383,40.8,28.8,7.5,non_vegetarian,mixed,1,muscle_gain|high_protein
Mixed Veg Curry,dinner,370,22.1,41.7,9.5,vegetarian,south_indian,1,muscle_gain|high_protein
Masala Omelette,breakfast,222,5.4,12.7,14.6,non_vegetarian,north_indian,1,improve_stamina|carb_rich
Masala Omelette,breakfast,366,33.4,18.7,14.3,non_vegetarian,north_indian,1,muscle_gain|high_protein
Vegetable Poha,breakfast,444,8.1,50.1,17.6,vegetarian,north_indian,0,weight_loss|light
Fruit Bowl,breakfast,243,4.2,26.6,11.2,vegan,north_indian,1,weight_loss|light
Roti Sabji,dinner,677,7.2,57.4,21.4,vegetarian,mixed,0,balanced|beginner
Sprouts Salad,snack,211,17.4,25.8,2.4,vegan,north_indian,1,muscle_gain|high_protein
Chicken Curry Rice,lunch,537,18.9,29.7,21.0,non_vegetarian,mixed,1,weight_loss|light
Tofu Curry,dinner,625,13.0,101.1,6.2,vegan,north_indian,1,weight_loss|light
Protein Shake,snack,206,9.0,22.4,7.1,vegetarian,south_indian,1,muscle_gain|high_protein
Kadhi Rice,lunch,434,5.1,50.9,3.6,vegetarian,north_indian,0,balanced|beginner
Paneer Sandwich,breakfast,224,15.6,19.0,7.6,vegetarian,north_indian,1,muscle_gain|high_protein
Paneer Cubes,snack,145,2.2,17.3,6.1,vegetarian,mixed,1,balanced|beginner
Tofu Scramble,breakfast,235,6.5,33.4,6.3,vegan,mixed,1,weight_loss|light
Boiled Eggs,snack,175,3.5,13.3,10.4,non_vegetarian,north_indian,1,improve_stamina|carb_rich
Upma,breakfast,222,6.7,21.4,10.2,vegetarian,north_indian,1,improve_stamina|carb_rich
Grilled Chicken,dinner,520,41.3,44.7,14.4,non_vegetarian,mixed,1,muscle_gain|high_protein
Dal Rice,lunch,376,8.9,22.4,17.6,vegetarian,mixed,0,weight_loss|light
Rajma Chawal,lunch,656,14.6,104.6,6.8,vegetarian,north_indian,0,balanced|beginner
Paneer Roti,lunch,366,29.2,37.4,7.8,vegetarian,mixed,1,muscle_gain|high_protein
Idli Sambar,breakfast,287,26.4,19.0,9.2,vegetarian,mixed,1,muscle_gain|high_protein
Paneer Roti,lunch,605,19.4,34.2,31.3,vegetarian,north_indian,0,improve_stamina|carb_rich
Vegetable Khichdi,lunch,555,19.3,27.7,15.7,vegetarian,mixed,1,balanced|beginner
Grilled Chicken,dinner,564,43.8,75.2,6.4,non_vegetarian,north_indian,1,muscle_gain|high_protein
Oats with Milk,breakfast,224,11.9,22.6,7.6,vegetarian,mixed,1,muscle_gain|high_protein
Sabudana Khichdi,breakfast,197,2.4,34.0,4.0,vegetarian,mixed,1,improve_stamina|carb_rich
Fruit Salad,snack,178,18.9,15.5,2.9,vegan,north_indian,1,muscle_gain|high_protein
Buttermilk,snack,123,3.7,19.0,2.5,vegetarian,south_indian,1,improve_stamina|carb_rich
Fish Curry Rice,lunch,634,21.7,65.7,18.9,non_vegetarian,mixed,1,balanced|beginner
Peanut Chaat,snack,228,3.9,17.5,13.8,vegetarian,north_indian,1,balanced|beginner
Dal Tadka,dinner,424,11.4,46.4,13.0,vegetarian,north_indian,0,weight_loss|light
Sabudana Khichdi,breakfast,152,7.6,10.7,7.4,vegetarian,mixed,0,improve_stamina|carb_rich
Paneer Sandwich,breakfast,212,3.4,22.1,10.4,vegetarian,north_indian,1,weight_loss|light
Fruit Bowl,breakfast,254,14.5,24.2,14.9,vegan,north_indian,1,improve_stamina|carb_rich
Fish Fry,dinner,371,7.1,41.5,16.3,non_vegetarian,north_indian,0,improve_stamina|carb_rich
Tofu Scramble,breakfast,260,21.9,36.1,7.4,vegan,north_indian,1,muscle_gain|high_protein
Kadhi Rice,lunch,375,10.8,60.2,6.7,vegetarian,north_indian,0,balanced|beginner
Peanut Chaat,snack,163,9.8,28.5,3.6,vegetarian,mixed,1,weight_loss|light
Buttermilk,snack,282,6.2,30.9,12.4,vegetarian,north_indian,1,weight_loss|light
Vegetable Poha,breakfast,267,7.8,33.8,8.8,vegetarian,north_indian,1,weight_loss|light
Fish Curry Rice,lunch,459,10.4,74.7,16.2,non_vegetarian,north_indian,0,improve_stamina|carb_rich
Idli Sambar,breakfast,408,10.6,60.1,10.3,vegetarian,south_indian,1,weight_loss|light
Vegetable Soup,dinner,508,37.9,47.2,14.9,vegan,north_indian,1,muscle_gain|high_protein
Dal Rice,lunch,588,12.5,54.4,13.6,vegetarian,north_indian,1,improve_stamina|carb_rich
Fish Fry,dinner,660,41.2,49.4,19.9,non_vegetarian,south_indian,0,weight_loss|light
Paneer Bhurji,dinner,624,11.7,76.0,5.9,vegetarian,north_indian,0,improve_stamina|carb_rich
Fish Curry Rice,lunch,643,18.1,51.0,17.2,non_vegetarian,mixed,1,muscle_gain|high_protein
Vegetable Soup,dinner,539,26.4,28.0,19.0,vegan,south_indian,1,muscle_gain|high_protein
Roti Sabji,dinner,434,4.0,55.2,18.1,vegetarian,north_indian,0,weight_loss|light
Boiled Eggs,snack,212,14.9,15.2,8.3,non_vegetarian,mixed,1,muscle_gain|high_protein
Chicken Curry Rice,lunch,438,16.5,54.7,13.1,non_vegetarian,mixed,1,muscle_gain|high_protein
Roasted Chana,snack,291,11.4,22.8,14.5,vegan,north_indian,1,weight_loss|light
Tofu Stir Fry,lunch,618,11.5,70.5,16.3,vegan,north_indian,0,improve_stamina|carb_rich
Mixed Veg Curry,dinner,656,30.3,44.5,21.0,vegetarian,north_indian,0,muscle_gain|high_protein
Peanut Chaat,snack,285,13.0,40.8,5.2,vegetarian,south_indian,0,muscle_gain|high_protein
Vegetable Khichdi,lunch,465,5.6,71.3,18.4,vegetarian,north_indian,0,balanced|beginner
Tofu Scramble,breakfast,263,15.5,34.7,7.1,vegan,mixed,1,improve_stamina|carb_rich
Vegetable Khichdi,lunch,370,9.3,35.2,8.2,vegetarian,north_indian,0,balanced|beginner
Tofu Stir Fry,lunch,596,18.3,50.4,15.2,vegan,north_indian,1,improve_stamina|carb_rich
Paneer Roti,lunch,696,10.2,65.9,29.6,vegetarian,north_indian,0,weight_loss|light
Fish Fry,dinner,588,21.5,73.6,11.3,non_vegetarian,south_indian,1,weight_loss|light
Paneer Cubes,snack,154,5.0,26.1,2.0,vegetarian,north_indian,1,balanced|beginner
Fruit Salad,snack,246,10.1,30.6,7.1,vegan,north_indian,1,weight_loss|light
Buttermilk,snack,211,10.7,20.9,7.5,vegetarian,north_indian,1,muscle_gain|high_protein
Paneer Sandwich,breakfast,207,15.4,21.2,4.9,vegetarian,north_indian,1,muscle_gain|high_protein
Kadhi Rice,lunch,361,3.3,48.5,13.8,vegetarian,north_indian,0,balanced|beginner
Masala Omelette,breakfast,448,6.1,69.4,16.1,non_vegetarian,south_indian,0,balanced|beginner
Peanut Chaat,snack,171,5.8,18.3,6.8,vegetarian,mixed,1,improve_stamina|carb_rich
Paneer Cubes,snack,242,10.0,18.3,12.1,vegetarian,mixed,1,improve_stamina|carb_rich
Buttermilk,snack,230,10.1,28.7,6.3,vegetarian,south_indian,1,balanced|beginner
Tofu Curry,dinner,482,17.1,59.8,15.1,vegan,mixed,1,muscle_gain|high_protein
Vegetable Soup,dinner,694,16.1,61.5,28.7,vegan,south_indian,0,balanced|beginner
Tofu Curry,dinner,614,19.1,60.6,23.7,vegan,north_indian,0,balanced|beginner
Buttermilk,snack,185,5.0,32.4,2.3,vegetarian,north_indian,1,improve_stamina|carb_rich
Oats with Milk,breakfast,435,18.4,67.0,13.6,vegetarian,south_indian,1,muscle_gain|high_protein
Dal Rice,lunch,554,27.9,39.2,20.6,vegetarian,south_indian,1,weight_loss|light
Boiled Eggs,snack,185,4.6,19.4,8.3,non_vegetarian,north_indian,1,balanced|beginner
Sprouts Salad,snack,86,3.7,8.0,3.6,vegan,mixed,1,muscle_gain|high_protein
Boiled Eggs,snack,277,18.9,18.4,11.7,non_vegetarian,mixed,1,muscle_gain|high_protein
Chicken Curry Rice,lunch,591,8.8,65.0,10.2,non_vegetarian,mixed,0,weight_loss|light
Roasted Chana,snack,153,13.4,11.2,4.7,vegan,mixed,1,muscle_gain|high_protein
Thepla,breakfast,244,3.4,33.8,8.4,vegetarian,mixed,1,balanced|beginner
Sabudana Khichdi,breakfast,382,12.9,61.1,14.6,vegetarian,north_indian,1,balanced|beginner
Paneer Bhurji,dinner,493,12.1,30.0,19.9,vegetarian,north_indian,1,improve_stamina|carb_rich
Paneer Bhurji,dinner,657,10.3,70.0,24.2,vegetarian,mixed,0,improve_stamina|carb_rich
Rajma Chawal,lunch,505,40.9,51.7,23.0,vegetarian,mixed,0,muscle_gain|high_protein
Corn Chaat,snack,286,10.0,22.3,11.6,vegan,north_indian,0,balanced|beginner
Paneer Cubes,snack,108,7.1,12.5,2.3,vegetarian,north_indian,1,weight_loss|light
Dal Tadka,dinner,425,13.6,43.5,18.1,vegetarian,north_indian,1,balanced|beginner
Buttermilk,snack,118,4.4,20.1,1.2,vegetarian,mixed,1,improve_stamina|carb_rich
Sprouts Salad,snack,141,5.2,18.6,3.8,vegan,mixed,1,weight_loss|light
Dal Tadka,dinner,618,12.7,78.1,23.9,vegetarian,north_indian,0,improve_stamina|carb_rich
Rajma Chawal,lunch,550,11.4,50.2,9.2,vegetarian,north_indian,0,balanced|beginner
Thepla,breakfast,234,7.4,41.6,2.1,vegetarian,north_indian,1,improve_stamina|carb_rich
Protein Shake,snack,296,10.6,27.4,12.3,vegetarian,north_indian,0,balanced|beginner
Oats with Milk,breakfast,179,1.8,22.0,7.7,vegetarian,north_indian,0,improve_stamina|carb_rich
Tofu Curry,dinner,700,54.6,71.2,7.8,vegan,north_indian,1,muscle_gain|high_protein
Hyderabadi Biryani,lunch,554,22.5,70.9,10.8,non_vegetarian,mixed,1,muscle_gain|high_protein
Chicken Curry Rice,lunch,443,15.5,21.0,15.4,non_vegetarian,mixed,1,weight_loss|light
Corn Chaat,snack,243,12.4,25.7,7.9,vegan,north_indian,1,weight_loss|light
Peanut Chaat,snack,288,17.8,22.3,11.6,vegetarian,north_indian,0,muscle_gain|high_protein
Paneer Sandwich,breakfast,400,12.3,39.6,17.8,vegetarian,north_indian,1,improve_stamina|carb_rich
Tofu Stir Fry,lunch,514,33.9,45.3,11.6,vegan,south_indian,1,improve_stamina|carb_rich
Chicken Curry Rice,lunch,496,5.3,75.1,11.0,non_vegetarian,north_indian,0,weight_loss|light
Rajma Chawal,lunch,592,38.4,62.5,22.6,vegetarian,mixed,0,muscle_gain|high_protein
Paneer Sandwich,breakfast,228,5.8,26.2,9.1,vegetarian,south_indian,1,weight_loss|light
Kadhi Rice,lunch,655,11.8,103.5,8.4,vegetarian,north_indian,0,balanced|beginner
Peanut Chaat,snack,104,3.5,12.1,3.7,vegetarian,north_indian,1,balanced|beginner
Buttermilk,snack,260,21.7,24.2,6.1,vegetarian,north_indian,1,muscle_gain|high_protein
Boiled Eggs,snack,116,3.0,17.0,2.9,non_vegetarian,north_indian,1,weight_loss|light
Buttermilk,snack,87,9.6,4.5,2.6,vegetarian,mixed,1,muscle_gain|high_protein
Dal Rice,lunch,560,41.2,42.2,3.2,vegetarian,north_indian,1,muscle_gain|high_protein
Egg Curry,dinner,620,41.6,46.4,17.2,non_vegetarian,north_indian,1,muscle_gain|high_protein
Vegetable Poha,breakfast,315,13.9,50.7,6.6,vegetarian,mixed,1,balanced|beginner
Chicken Curry Rice,lunch,536,9.9,42.4,25.6,non_vegetarian,north_indian,0,weight_loss|light
Mixed Veg Curry,dinner,488,10.3,29.3,23.1,vegetarian,south_indian,0,weight_loss|light
Dal Tadka,dinner,502,16.8,51.1,9.4,vegetarian,south_indian,1,weight_loss|light
Buttermilk,snack,287,12.1,25.2,12.8,vegetarian,north_indian,0,muscle_gain|high_protein
Vegetable Poha,breakfast,255,16.8,20.3,9.6,vegetarian,north_indian,1,muscle_gain|high_protein
Masala Omelette,breakfast,443,44.4,32.5,14.4,non_vegetarian,north_indian,1,muscle_gain|high_protein
Chicken Curry Rice,lunch,470,10.9,60.6,22.8,non_vegetarian,south_indian,0,improve_stamina|carb_rich
Hyderabadi Biryani,lunch,591,39.8,78.6,9.2,non_vegetarian,north_indian,1,muscle_gain|high_protein
Kadhi Rice,lunch,522,17.4,58.0,23.2,vegetarian,south_indian,0,improve_stamina|carb_rich
Tofu Stir Fry,lunch,443,17.1,24.1,16.5,vegan,north_indian,1,balanced|beginner
Corn Chaat,snack,163,6.2,14.0,7.7,vegan,north_indian,1,balanced|beginner
Tofu Scramble,breakfast,280,9.3,19.5,15.9,vegan,north_indian,1,weight_loss|light
Pav Bhaji,lunch,373,26.3,61.4,3.3,vegetarian,south_indian,1,muscle_gain|high_protein
Tofu Curry,dinner,584,18.9,44.0,9.0,vegan,mixed,1,improve_stamina|carb_rich
Oats with Milk,breakfast,350,12.4,59.3,6.9,vegetarian,south_indian,1,weight_loss|light
Thepla,breakfast,353,7.7,36.1,16.6,vegetarian,north_indian,1,weight_loss|light
Egg Curry,dinner,685,32.2,50.6,9.4,non_vegetarian,south_indian,1,muscle_gain|high_protein
Fruit Salad,snack,129,3.1,14.1,5.5,vegan,south_indian,1,weight_loss|light
Hyderabadi Biryani,lunch,391,20.9,44.3,11.0,non_vegetarian,north_indian,1,muscle_gain|high_protein
Kadhi Rice,lunch,547,13.8,86.7,5.2,vegetarian,south_indian,1,balanced|beginner
Mixed Veg Curry,dinner,682,24.6,68.7,20.7,vegetarian,south_indian,0,balanced|beginner
Upma,breakfast,223,5.4,24.1,8.7,vegetarian,north_indian,1,improve_stamina|carb_rich
Paneer Cubes,snack,83,2.4,9.7,3.1,vegetarian,north_indian,1,weight_loss|light
Dal Tadka,dinner,417,19.8,43.2,4.1,vegetarian,south_indian,1,muscle_gain|high_protein
Vegetable Khichdi,lunch,599,14.5,40.7,12.3,vegetarian,north_indian,1,balanced|beginner
Oats with Milk,breakfast,254,21.8,17.9,8.3,vegetarian,mixed,1,muscle_gain|high_protein
Kadhi Rice,lunch,357,21.5,42.6,8.0,vegetarian,south_indian,1,muscle_gain|high_protein
Roti Sabji,dinner,440,19.1,43.2,17.3,vegetarian,south_indian,1,muscle_gain|high_protein
Egg Curry,dinner,644,9.7,44.1,34.8,non_vegetarian,north_indian,0,balanced|beginner
Hyderabadi Biryani,lunch,592,11.3,79.8,24.9,non_vegetarian,north_indian,0,balanced|beginner
Fruit Bowl,breakfast,366,5.3,53.9,11.1,vegan,mixed,1,weight_loss|light
Fruit Bowl,breakfast,359,15.4,34.9,7.7,vegan,mixed,1,improve_stamina|carb_rich
Roti Sabji,dinner,447,11.9,72.3,9.2,vegetarian,north_indian,0,weight_loss|light
Roti Sabji,dinner,453,14.6,44.7,24.1,vegetarian,mixed,0,improve_stamina|carb_rich
Fruit Salad,snack,127,11.6,9.9,3.4,vegan,mixed,1,muscle_gain|high_protein
Upma,breakfast,256,15.2,26.9,7.4,vegetarian,north_indian,1,muscle_gain|high_protein
Sprouts Salad,snack,176,4.4,18.8,7.7,vegan,mixed,1,balanced|beginner
Thepla,breakfast,191,16.2,20.1,3.4,vegetarian,north_indian,1,muscle_gain|high_protein
Buttermilk,snack,287,19.3,46.7,4.0,vegetarian,north_indian,0,improve_stamina|carb_rich
Tofu Scramble,breakfast,198,4.7,26.8,6.3,vegan,north_indian,1,weight_loss|light
Vegetable Soup,dinner,509,5.8,72.3,23.6,vegan,north_indian,0,improve_stamina|carb_rich
Tofu Scramble,breakfast,255,18.3,25.2,6.7,vegan,north_indian,1,muscle_gain|high_protein
Vegetable Soup,dinner,384,20.9,35.5,17.7,vegan,mixed,1,muscle_gain|high_protein
Boiled Eggs,snack,175,8.3,23.4,3.8,non_vegetarian,mixed,1,muscle_gain|high_protein
Idli Sambar,breakfast,322,22.5,42.2,6.2,vegetarian,mixed,1,muscle_gain|high_protein
Tofu Scramble,breakfast,203,2.8,21.6,9.9,vegan,south_indian,1,improve_stamina|carb_rich
Paneer Cubes,snack,105,2.4,15.9,2.6,vegetarian,mixed,1,improve_stamina|carb_rich
Vegetable Khichdi,lunch,518,28.0,21.3,23.8,vegetarian,north_indian,0,muscle_gain|high_protein
Paneer Roti,lunch,652,13.1,70.1,22.0,vegetarian,mixed,0,balanced|beginner
Roti Sabji,dinner,627,15.1,61.8,22.9,vegetarian,mixed,0,weight_loss|light
Oats with Milk,breakfast,177,7.3,23.4,4.5,vegetarian,north_indian,1,weight_loss|light
Vegetable Khichdi,lunch,530,13.5,79.9,23.5,vegetarian,north_indian,0,balanced|beginner
Fruit Bowl,breakfast,300,23.4,37.5,7.1,vegan,south_indian,1,muscle_gain|high_protein
Chicken Curry Rice,lunch,419,11.6,41.3,14.7,non_vegetarian,north_indian,1,weight_loss|light
Fish Fry,dinner,374,23.0,38.4,10.9,non_vegetarian,north_indian,1,muscle_gain|high_protein
Vegetable Poha,breakfast,374,22.3,41.4,3.9,vegetarian,south_indian,1,muscle_gain|high_protein
Peanut Chaat,snack,292,4.9,27.3,15.5,vegetarian,north_indian,0,improve_stamina|carb_rich
Fruit Salad,snack,245,4.4,33.6,8.2,vegan,south_indian,1,improve_stamina|carb_rich
Chicken Curry Rice,lunch,356,5.1,27.7,18.9,non_vegetarian,north_indian,0,improve_stamina|carb_rich
Upma,breakfast,197,9.8,23.5,5.3,vegetarian,mixed,1,balanced|beginner
Egg Curry,dinner,606,7.2,61.9,11.6,non_vegetarian,south_indian,0,balanced|beginner
Peanut Chaat,snack,250,13.0,13.8,13.7,vegetarian,south_indian,1,balanced|beginner
Sprouts Salad,snack,282,8.0,28.7,12.5,vegan,mixed,1,weight_loss|light
Chicken Curry Rice,lunch,624,9.2,26.1,23.0,non_vegetarian,mixed,0,balanced|beginner
Fruit Bowl,breakfast,223,6.9,21.0,10.4,vegan,north_indian,1,weight_loss|light
Roasted Chana,snack,98,2.7,10.0,4.4,vegan,mixed,1,improve_stamina|carb_rich
Vegetable Soup,dinner,583,9.2,33.7,34.0,vegan,north_indian,0,improve_stamina|carb_rich
Hyderabadi Biryani,lunch,444,29.3,46.0,18.2,non_vegetarian,north_indian,1,muscle_gain|high_protein
Tofu Stir Fry,lunch,599,16.0,62.4,18.7,vegan,mixed,1,balanced|beginner
Dal Tadka,dinner,676,22.5,99.5,7.4,vegetarian,mixed,0,weight_loss|light
Paneer Sandwich,breakfast,297,8.3,32.1,12.4,vegetarian,north_indian,1,improve_stamina|carb_rich
Masala Omelette,breakfast,191,2.6,28.9,5.5,non_vegetarian,mixed,1,improve_stamina|carb_rich
Buttermilk,snack,119,5.4,15.5,2.9,vegetarian,north_indian,1,balanced|beginner
Protein Shake,snack,99,5.7,11.1,2.7,vegetarian,north_indian,1,muscle_gain|high_protein
Tofu Curry,dinner,648,47.1,51.8,15.1,vegan,north_indian,1,balanced|beginner
Buttermilk,snack,196,12.6,28.4,1.8,vegetarian,north_indian,1,muscle_gain|high_protein
Paneer Cubes,snack,234,7.7,25.7,9.0,vegetarian,north_indian,1,balanced|beginner
Dal Tadka,dinner,453,17.3,56.9,5.0,vegetarian,north_indian,1,balanced|beginner
Fruit Salad,snack,286,11.2,23.7,13.7,vegan,mixed,0,improve_stamina|carb_rich
Dal Tadka,dinner,547,7.2,46.7,13.0,vegetarian,mixed,0,weight_loss|light
Fish Curry Rice,lunch,648,13.4,43.2,33.9,non_vegetarian,north_indian,0,weight_loss|light
Buttermilk,snack,206,14.2,12.8,9.0,vegetarian,north_indian,1,muscle_gain|high_protein
Kadhi Rice,lunch,658,23.9,62.8,21.4,vegetarian,north_indian,0,balanced|beginner
Mixed Veg Curry,dinner,551,18.1,77.3,14.9,vegetarian,mixed,1,improve_stamina|carb_rich
Fruit Salad,snack,266,14.6,15.3,13.9,vegan,north_indian,0,balanced|beginner
Tofu Scramble,breakfast,153,5.4,13.8,7.1,vegan,north_indian,0,improve_stamina|carb_rich
Dal Rice,lunch,561,10.1,46.2,14.6,vegetarian,north_indian,0,weight_loss|light
Kadhi Rice,lunch,544,27.5,67.1,22.6,vegetarian,north_indian,0,muscle_gain|high_protein
Pav Bhaji,lunch,621,8.9,74.8,20.0,vegetarian,mixed,0,improve_stamina|carb_rich
Mixed Veg Curry,dinner,579,30.6,73.8,6.3,vegetarian,north_indian,1,balanced|beginner
Fish Fry,dinner,415,15.6,49.4,10.0,non_vegetarian,north_indian,1,improve_stamina|carb_rich
Grilled Chicken,dinner,591,12.7,84.2,10.7,non_vegetarian,mixed,1,balanced|beginner
Grilled Chicken,dinner,684,16.6,73.9,13.4,non_vegetarian,mixed,0,improve_stamina|carb_rich
Roti Sabji,dinner,607,13.9,57.2,7.3,vegetarian,south_indian,1,weight_loss|light
Fruit Bowl,breakfast,249,3.5,31.0,10.1,vegan,north_indian,1,improve_stamina|carb_rich
Hyderabadi Biryani,lunch,464,14.6,59.8,23.9,non_vegetarian,north_indian,0,balanced|beginner
Hyderabadi Biryani,lunch,626,16.7,43.1,22.5,non_vegetarian,north_indian,0,balanced|beginner
Fish Curry Rice,lunch,418,16.9,37.6,20.3,non_vegetarian,north_indian,1,balanced|beginner
Upma,breakfast,236,5.5,19.4,13.1,vegetarian,mixed,1,weight_loss|light
Fish Fry,dinner,530,26.8,22.1,11.1,non_vegetarian,north_indian,1,muscle_gain|high_protein
Hyderabadi Biryani,lunch,694,15.8,48.6,14.3,non_vegetarian,north_indian,0,weight_loss|light
Grilled Chicken,dinner,458,10.9,54.0,10.8,non_vegetarian,north_indian,0,weight_loss|light
Tofu Scramble,breakfast,373,12.7,41.5,15.3,vegan,mixed,1,improve_stamina|carb_rich
Sprouts Salad,snack,83,6.7,8.8,1.6,vegan,mixed,1,muscle_gain|high_protein
Paneer Roti,lunch,367,17.7,68.9,6.1,vegetarian,south_indian,1,improve_stamina|carb_rich
Paneer Sandwich,breakfast,204,3.5,24.6,8.4,vegetarian,north_indian,1,balanced|beginner
Boiled Eggs,snack,186,4.1,24.5,6.3,non_vegetarian,mixed,1,weight_loss|light
Buttermilk,snack,235,11.8,29.6,5.6,vegetarian,north_indian,1,improve_stamina|carb_rich
Paneer Sandwich,breakfast,394,7.8,30.9,16.5,vegetarian,mixed,1,balanced|beginner
Buttermilk,snack,234,3.4,40.6,4.4,vegetarian,mixed,1,improve_stamina|carb_rich
Paneer Sandwich,breakfast,378,10.4,39.0,16.7,vegetarian,north_indian,1,balanced|beginner
Buttermilk,snack,221,3.9,26.6,9.0,vegetarian,south_indian,1,improve_stamina|carb_rich
Paneer Cubes,snack,184,5.3,18.5,8.3,vegetarian,mixed,1,improve_stamina|carb_rich
Fruit Bowl,breakfast,278,9.2,45.0,4.3,vegan,north_indian,1,balanced|beginner
Thepla,breakfast,332,9.8,65.1,3.9,vegetarian,mixed,1,improve_stamina|carb_rich
Sabudana Khichdi,breakfast,301,9.3,28.2,14.1,vegetarian,north_indian,1,improve_stamina|carb_rich
Paneer Sandwich,breakfast,307,5.1,33.7,14.1,vegetarian,mixed,1,improve_stamina|carb_rich
Thepla,breakfast,293,20.0,43.5,3.5,vegetarian,mixed,1,improve_stamina|carb_rich
Paneer Cubes,snack,258,7.5,26.5,11.3,vegetarian,north_indian,1,balanced|beginner
Masala Omelette,breakfast,377,9.3,48.1,21.6,non_vegetarian,north_indian,0,balanced|beginner
Mixed Veg Curry,dinner,633,15.5,62.7,15.3,vegetarian,north_indian,1,balanced|beginner
Vegetable Soup,dinner,386,35.8,56.8,5.1,vegan,south_indian,1,muscle_gain|high_protein
Boiled Eggs,snack,293,6.4,42.1,8.4,non_vegetarian,mixed,0,balanced|beginner
Grilled Chicken,dinner,594,16.6,44.6,22.4,non_vegetarian,south_indian,0,balanced|beginner
Fish Curry Rice,lunch,440,14.6,33.3,23.3,non_vegetarian,north_indian,0,improve_stamina|carb_rich
Rajma Chawal,lunch,386,6.4,41.7,7.1,vegetarian,north_indian,0,balanced|beginner
Kadhi Rice,lunch,381,13.9,46.2,12.2,vegetarian,mixed,1,improve_stamina|carb_rich
Roasted Chana,snack,168,8.1,24.3,2.8,vegan,south_indian,1,balanced|beginner
Paneer Roti,lunch,529,37.2,51.9,22.6,vegetarian,mixed,0,muscle_gain|high_protein
Fish Fry,dinner,587,21.0,42.3,21.9,non_vegetarian,north_indian,1,muscle_gain|high_protein
Rajma Chawal,lunch,570,5.6,50.3,11.4,vegetarian,south_indian,0,balanced|beginner
Sprouts Salad,snack,283,29.2,23.1,5.7,vegan,south_indian,1,muscle_gain|high_protein
Paneer Sandwich,breakfast,262,8.1,26.7,11.3,vegetarian,north_indian,1,weight_loss|light
Peanut Chaat,snack,99,4.1,7.1,5.1,vegetarian,south_indian,1,improve_stamina|carb_rich
Corn Chaat,snack,283,8.7,22.8,14.9,vegan,mixed,0,improve_stamina|carb_rich
Kadhi Rice,lunch,530,6.9,70.1,9.2,vegetarian,mixed,0,weight_loss|light
Egg Curry,dinner,596,29.0,46.1,20.9,non_vegetarian,mixed,1,weight_loss|light
Upma,breakfast,360,12.3,52.4,8.0,vegetarian,south_indian,1,improve_stamina|carb_rich
Tofu Scramble,breakfast,326,3.5,37.1,15.3,vegan,south_indian,1,improve_stamina|carb_rich
Idli Sambar,breakfast,331,11.4,31.2,14.9,vegetarian,north_indian,1,muscle_gain|high_protein
Dal Tadka,dinner,545,6.0,35.9,22.5,vegetarian,north_indian,0,balanced|beginner
Grilled Chicken,dinner,354,24.7,37.8,8.4,non_vegetarian,south_indian,1,muscle_gain|high_protein
Thepla,breakfast,176,5.9,24.3,4.6,vegetarian,north_indian,0,balanced|beginner
Paneer Bhurji,dinner,394,27.6,20.5,16.5,vegetarian,south_indian,1,muscle_gain|high_protein
Masala Omelette,breakfast,361,8.0,45.7,13.0,non_vegetarian,north_indian,1,balanced|beginner
Vegetable Khichdi,lunch,506,23.9,33.5,20.6,vegetarian,mixed,1,improve_stamina|carb_rich
Tofu Curry,dinner,515,8.3,61.9,21.1,vegan,north_indian,0,balanced|beginner
Mixed Veg Curry,dinner,392,8.0,47.7,19.3,vegetarian,north_indian,0,improve_stamina|carb_rich
Oats with Milk,breakfast,409,17.3,42.8,15.1,vegetarian,south_indian,1,muscle_gain|high_protein
Fish Curry Rice,lunch,518,15.5,73.5,8.5,non_vegetarian,north_indian,1,improve_stamina|carb_rich
Vegetable Poha,breakfast,296,11.3,36.2,9.1,vegetarian,mixed,1,weight_loss|light
Rajma Chawal,lunch,410,22.3,51.3,9.2,vegetarian,mixed,1,muscle_gain|high_protein
Vegetable Poha,breakfast,314,17.7,43.6,5.7,vegetarian,north_indian,1,balanced|beginner
Paneer Roti,lunch,401,20.4,37.1,15.4,vegetarian,mixed,1,muscle_gain|high_protein
Tofu Curry,dinner,461,27.3,42.6,16.1,vegan,mixed,1,muscle_gain|high_protein
Tofu Scramble,breakfast,164,10.5,22.4,2.1,vegan,north_indian,0,balanced|beginner
Fruit Salad,snack,224,14.9,21.0,6.4,vegan,mixed,1,weight_loss|light
Paneer Bhurji,dinner,528,17.0,63.7,12.3,vegetarian,mixed,1,weight_loss|light
Buttermilk,snack,110,1.1,14.0,4.5,vegetarian,south_indian,1,balanced|beginner
Mixed Veg Curry,dinner,643,21.2,75.3,15.7,vegetarian,north_indian,1,balanced|beginner
Paneer Sandwich,breakfast,234,8.2,28.4,7.6,vegetarian,north_indian,1,improve_stamina|carb_rich
Thepla,breakfast,264,17.3,34.2,4.1,vegetarian,north_indian,1,muscle_gain|high_protein
Grilled Chicken,dinner,632,54.6,43.6,13.9,non_vegetarian,mixed,1,muscle_gain|high_protein
Kadhi Rice,lunch,566,11.2,51.5,23.7,vegetarian,north_indian,0,improve_stamina|carb_rich
Upma,breakfast,297,25.5,29.2,6.0,vegetarian,north_indian,1,muscle_gain|high_protein
Vegetable Khichdi,lunch,469,18.1,39.5,4.6,vegetarian,north_indian,1,weight_loss|light
Paneer Sandwich,breakfast,180,11.1,21.3,4.0,vegetarian,north_indian,1,improve_stamina|carb_rich
Egg Curry,dinner,430,26.2,41.5,13.9,non_vegetarian,mixed,1,muscle_gain|high_protein
Sprouts Salad,snack,190,10.3,27.7,2.6,vegan,mixed,1,muscle_gain|high_protein
Fruit Bowl,breakfast,193,2.6,21.7,8.9,vegan,mixed,1,improve_stamina|carb_rich
Grilled Chicken,dinner,671,19.1,34.5,17.5,non_vegetarian,north_indian,0,improve_stamina|carb_rich
Paneer Cubes,snack,134,8.9,17.3,2.1,vegetarian,mixed,1,muscle_gain|high_protein
Tofu Curry,dinner,355,34.6,38.9,3.6,vegan,north_indian,1,muscle_gain|high_protein
Upma,breakfast,177,8.8,12.2,8.7,vegetarian,south_indian,0,balanced|beginner
Masala Omelette,breakfast,439,9.8,72.4,6.9,non_vegetarian,north_indian,0,weight_loss|light
Tofu Stir Fry,lunch,517,25.7,79.0,16.2,vegan,north_indian,1,muscle_gain|high_protein
Tofu Curry,dinner,601,36.1,65.7,9.5,vegan,mixed,1,balanced|beginner
Thepla,breakfast,321,10.2,40.9,10.1,vegetarian,mixed,1,improve_stamina|carb_rich
Mixed Veg Curry,dinner,445,18.8,58.2,15.0,vegetarian,north_indian,1,muscle_gain|high_protein
Fruit Salad,snack,299,7.0,55.1,3.0,vegan,north_indian,1,weight_loss|light
Thepla,breakfast,253,15.6,18.2,10.8,vegetarian,mixed,1,muscle_gain|high_protein
Egg Curry,dinner,468,13.4,63.9,24.0,non_vegetarian,north_indian,0,balanced|beginner
Paneer Bhurji,dinner,565,18.6,59.2,6.8,vegetarian,mixed,1,balanced|beginner
Fish Curry Rice,lunch,416,9.1,49.7,7.2,non_vegetarian,north_indian,1,weight_loss|light
Pav Bhaji,lunch,460,18.0,20.4,23.5,vegetarian,north_indian,0,weight_loss|light
Paneer Roti,lunch,418,10.7,47.5,16.5,vegetarian,north_indian,0,weight_loss|light
Buttermilk,snack,154,2.1,21.8,5.1,vegetarian,north_indian,1,balanced|beginner
Egg Curry,dinner,462,14.2,46.8,15.0,non_vegetarian,mixed,1,weight_loss|light
Pav Bhaji,lunch,455,8.9,68.5,6.6,vegetarian,mixed,0,improve_stamina|carb_rich
Idli Sambar,breakfast,302,7.8,54.0,3.4,vegetarian,south_indian,1,improve_stamina|carb_rich
Tofu Stir Fry,lunch,447,26.0,40.9,15.9,vegan,south_indian,1,muscle_gain|high_protein
Thepla,breakfast,225,4.1,29.7,8.0,vegetarian,mixed,1,improve_stamina|carb_rich
Peanut Chaat,snack,120,11.4,7.4,3.9,vegetarian,mixed,1,muscle_gain|high_protein
Rajma Chawal,lunch,517,18.0,67.0,6.6,vegetarian,south_indian,1,muscle_gain|high_protein
Tofu Scramble,breakfast,360,15.2,35.3,20.4,vegan,north_indian,0,improve_stamina|carb_rich
Roasted Chana,snack,83,5.2,12.6,0.5,vegan,north_indian,1,muscle_gain|high_protein
Dal Rice,lunch,414,11.9,29.2,8.4,vegetarian,north_indian,1,weight_loss|light
Dal Tadka,dinner,402,11.4,58.7,9.5,vegetarian,mixed,0,balanced|beginner
Sprouts Salad,snack,290,9.7,34.2,10.1,vegan,north_indian,0,balanced|beginner
Upma,breakfast,186,13.5,18.5,4.8,vegetarian,north_indian,1,muscle_gain|high_protein
Sprouts Salad,snack,292,8.2,57.0,4.0,vegan,north_indian,0,balanced|beginner
Boiled Eggs,snack,82,0.9,11.7,2.8,non_vegetarian,north_indian,1,weight_loss|light
Oats with Milk,breakfast,226,13.5,26.3,5.4,vegetarian,south_indian,1,muscle_gain|high_protein
Fruit Salad,snack,141,10.1,18.3,1.8,vegan,north_indian,1,muscle_gain|high_protein
Protein Shake,snack,117,6.3,12.2,3.7,vegetarian,north_indian,1,improve_stamina|carb_rich
Vegetable Khichdi,lunch,487,20.0,44.4,6.4,vegetarian,north_indian,1,muscle_gain|high_protein
Chicken Curry Rice,lunch,657,14.8,77.3,7.5,non_vegetarian,north_indian,0,weight_loss|light
Tofu Scramble,breakfast,317,26.4,34.8,5.2,vegan,north_indian,1,muscle_gain|high_protein
Tofu Stir Fry,lunch,508,30.7,79.2,7.0,vegan,north_indian,1,muscle_gain|high_protein
Buttermilk,snack,93,2.1,12.8,2.9,vegetarian,north_indian,1,improve_stamina|carb_rich
Protein Shake,snack,82,2.8,10.3,2.6,vegetarian,mixed,1,improve_stamina|carb_rich
Roti Sabji,dinner,681,18.8,69.3,14.6,vegetarian,north_indian,0,balanced|beginner
Fruit Salad,snack,203,2.9,21.4,10.0,vegan,south_indian,1,weight_loss|light
Rajma Chawal,lunch,495,30.2,34.9,16.2,vegetarian,north_indian,1,weight_loss|light
Paneer Sandwich,breakfast,440,5.7,38.6,12.5,vegetarian,mixed,0,improve_stamina|carb_rich
Dal Tadka,dinner,564,27.1,70.0,17.2,vegetarian,north_indian,1,muscle_gain|high_protein
Egg Curry,dinner,389,6.7,40.1,19.1,non_vegetarian,south_indian,0,improve_stamina|carb_rich
Kadhi Rice,lunch,692,17.1,74.0,9.5,vegetarian,north_indian,0,weight_loss|light
Idli Sambar,breakfast,418,15.8,22.7,19.1,vegetarian,north_indian,0,balanced|beginner
Corn Chaat,snack,170,7.0,15.9,7.2,vegan,north_indian,1,weight_loss|light
Rajma Chawal,lunch,575,31.3,50.2,12.8,vegetarian,north_indian,1,muscle_gain|high_protein
Fish Fry,dinner,368,5.7,79.5,4.7,non_vegetarian,mixed,1,weight_loss|light
Fish Fry,dinner,502,41.0,40.7,23.5,non_vegetarian,mixed,0,muscle_gain|high_protein
Fish Fry,dinner,662,32.8,33.8,23.2,non_vegetarian,north_indian,0,muscle_gain|high_protein
Oats with Milk,breakfast,352,6.0,56.9,8.0,vegetarian,north_indian,1,improve_stamina|carb_rich
Masala Omelette,breakfast,248,19.0,24.3,11.9,non_vegetarian,north_indian,1,balanced|beginner
Sabudana Khichdi,breakfast,243,4.9,26.6,10.8,vegetarian,north_indian,1,weight_loss|light
Dal Rice,lunch,383,32.6,29.5,6.0,vegetarian,mixed,1,muscle_gain|high_protein
Chicken Curry Rice,lunch,357,16.2,28.4,14.1,non_vegetarian,north_indian,1,balanced|beginner
Paneer Roti,lunch,598,13.8,73.3,9.6,vegetarian,north_indian,1,improve_stamina|carb_rich
Upma,breakfast,151,10.6,12.6,5.1,vegetarian,south_indian,0,muscle_gain|high_protein
Sprouts Salad,snack,185,3.0,15.4,10.7,vegan,north_indian,1,balanced|beginner
Tofu Curry,dinner,386,19.0,59.6,4.5,vegan,north_indian,1,muscle_gain|high_protein
Rajma Chawal,lunch,689,40.4,45.8,18.3,vegetarian,north_indian,1,muscle_gain|high_protein
Paneer Roti,lunch,409,13.2,51.6,19.8,vegetarian,mixed,1,weight_loss|light
Paneer Roti,lunch,650,32.6,58.4,6.2,vegetarian,north_indian,1,muscle_gain|high_protein
Rajma Chawal,lunch,522,8.9,44.3,16.1,vegetarian,mixed,0,weight_loss|light
Pav Bhaji,lunch,653,9.6,64.5,20.4,vegetarian,south_indian,0,weight_loss|light
Grilled Chicken,dinner,415,15.3,42.6,12.9,non_vegetarian,north_indian,1,balanced|beginner
Sprouts Salad,snack,289,10.7,37.7,8.0,vegan,south_indian,0,improve_stamina|carb_rich
Roti Sabji,dinner,363,14.6,40.2,12.7,vegetarian,north_indian,1,muscle_gain|high_protein
Vegetable Poha,breakfast,226,7.3,31.4,5.9,vegetarian,mixed,1,weight_loss|light
Sprouts Salad,snack,241,6.6,23.8,11.1,vegan,south_indian,1,improve_stamina|carb_rich
Paneer Bhurji,dinner,498,19.3,41.4,10.9,vegetarian,south_indian,1,weight_loss|light
Protein Shake,snack,219,6.6,35.1,3.9,vegetarian,north_indian,1,balanced|beginner
Thepla,breakfast,401,7.7,50.5,24.9,vegetarian,mixed,0,improve_stamina|carb_rich
Dal Rice,lunch,383,11.0,72.3,9.4,vegetarian,mixed,1,weight_loss|light
Roasted Chana,snack,232,5.0,39.0,4.1,vegan,north_indian,1,improve_stamina|carb_rich
Grilled Chicken,dinner,560,18.2,29.0,14.0,non_vegetarian,north_indian,1,weight_loss|light
Hyderabadi Biryani,lunch,656,20.5,33.1,36.0,non_vegetarian,north_indian,0,balanced|beginner
Thepla,breakfast,221,5.2,22.5,7.8,vegetarian,south_indian,1,improve_stamina|carb_rich
Fruit Bowl,breakfast,375,17.4,23.2,15.8,vegan,mixed,1,weight_loss|light
Kadhi Rice,lunch,422,37.6,36.4,11.6,vegetarian,mixed,1,muscle_gain|high_protein
Paneer Sandwich,breakfast,418,15.8,60.1,8.9,vegetarian,north_indian,1,balanced|beginner
Rajma Chawal,lunch,609,35.1,53.2,16.2,vegetarian,south_indian,1,weight_loss|light
Tofu Curry,dinner,669,20.9,80.8,15.8,vegan,north_indian,0,balanced|beginner
Paneer Cubes,snack,239,5.7,22.4,11.9,vegetarian,north_indian,1,improve_stamina|carb_rich
Protein Shake,snack,131,3.7,23.7,1.2,vegetarian,north_indian,1,balanced|beginner
Egg Curry,dinner,539,18.4,46.0,6.1,non_vegetarian,north_indian,1,improve_stamina|carb_rich
Vegetable Soup,dinner,679,12.9,37.3,22.8,vegan,north_indian,0,improve_stamina|carb_rich
Vegetable Khichdi,lunch,395,15.4,71.9,5.2,vegetarian,north_indian,1,balanced|beginner
Boiled Eggs,snack,227,5.6,27.9,8.3,non_vegetarian,north_indian,1,balanced|beginner
Paneer Cubes,snack,90,4.2,10.3,2.8,vegetarian,north_indian,1,balanced|beginner
Tofu Stir Fry,lunch,498,9.1,50.6,9.3,vegan,north_indian,0,weight_loss|light
Tofu Stir Fry,lunch,520,12.2,71.6,5.9,vegan,south_indian,1,improve_stamina|carb_rich
Dal Tadka,dinner,431,12.1,44.2,12.7,vegetarian,mixed,1,weight_loss|light
Dal Rice,lunch,398,8.4,54.6,14.5,vegetarian,south_indian,0,balanced|beginner
Chicken Curry Rice,lunch,685,17.4,55.8,29.9,non_vegetarian,south_indian,0,weight_loss|light
Idli Sambar,breakfast,374,5.7,40.8,17.2,vegetarian,mixed,1,improve_stamina|carb_rich
Dal Tadka,dinner,452,18.5,34.2,11.9,vegetarian,north_indian,1,muscle_gain|high_protein
Paneer Sandwich,breakfast,440,28.4,21.3,11.9,vegetarian,north_indian,1,muscle_gain|high_protein
Paneer Bhurji,dinner,651,5.5,51.7,18.8,vegetarian,north_indian,0,balanced|beginner
Rajma Chawal,lunch,532,9.1,82.9,7.6,vegetarian,north_indian,0,improve_stamina|carb_rich
Vegetable Soup,dinner,552,11.1,61.6,10.1,vegan,north_indian,0,improve_stamina|carb_rich
Hyderabadi Biryani,lunch,544,17.6,58.7,5.7,non_vegetarian,mixed,1,weight_loss|light
Fruit Bowl,breakfast,415,9.7,76.6,6.7,vegan,mixed,1,improve_stamina|carb_rich
Thepla,breakfast,374,24.3,29.6,15.5,vegetarian,mixed,1,muscle_gain|high_protein
Fruit Bowl,breakfast,411,34.4,23.3,16.3,vegan,north_indian,1,muscle_gain|high_protein
Vegetable Soup,dinner,390,16.1,56.9,7.1,vegan,south_indian,1,weight_loss|light
Buttermilk,snack,230,10.8,26.6,6.9,vegetarian,north_indian,1,improve_stamina|carb_rich
Fish Curry Rice,lunch,605,9.3,69.3,11.0,non_vegetarian,north_indian,0,weight_loss|light
Tofu Curry,dinner,637,14.8,66.5,24.0,vegan,mixed,0,balanced|beginner
Paneer Cubes,snack,282,10.9,31.9,4.7,vegetarian,mixed,1,weight_loss|light
Boiled Eggs,snack,182,7.7,12.7,9.5,non_vegetarian,north_indian,1,balanced|beginner
Buttermilk,snack,224,11.0,31.5,4.0,vegetarian,north_indian,1,muscle_gain|high_protein
Dal Tadka,dinner,397,19.7,78.1,5.8,vegetarian,north_indian,1,improve_stamina|carb_rich
Sprouts Salad,snack,273,4.3,37.2,9.4,vegan,mixed,1,weight_loss|light
Dal Rice,lunch,649,32.9,83.8,7.3,vegetarian,north_indian,1,weight_loss|light
Vegetable Khichdi,lunch,610,19.6,63.4,18.7,vegetarian,mixed,1,balanced|beginner
Tofu Stir Fry,lunch,488,6.7,53.3,18.2,vegan,north_indian,0,balanced|beginner
Paneer Roti,lunch,698,7.2,68.8,12.4,vegetarian,north_indian,0,weight_loss|light
Sprouts Salad,snack,266,19.9,26.1,6.8,vegan,mixed,1,muscle_gain|high_protein
Boiled Eggs,snack,188,4.0,25.3,6.2,non_vegetarian,mixed,1,balanced|beginner
Boiled Eggs,snack,148,2.5,28.3,1.5,non_vegetarian,north_indian,1,weight_loss|light
Masala Omelette,breakfast,342,19.2,23.1,11.3,non_vegetarian,north_indian,1,balanced|beginner
Boiled Eggs,snack,97,2.1,10.3,4.4,non_vegetarian,mixed,1,improve_stamina|carb_rich
Chicken Curry Rice,lunch,448,28.8,28.1,12.5,non_vegetarian,north_indian,1,muscle_gain|high_protein
Kadhi Rice,lunch,476,42.3,73.3,7.1,vegetarian,north_indian,1,muscle_gain|high_protein
Idli Sambar,breakfast,396,17.3,30.5,19.8,vegetarian,mixed,0,balanced|beginner
Chicken Curry Rice,lunch,396,20.2,68.6,8.3,non_vegetarian,north_indian,1,muscle_gain|high_protein
Corn Chaat,snack,277,16.1,35.6,10.4,vegan,south_indian,0,balanced|beginner
Roti Sabji,dinner,448,23.5,53.7,15.0,vegetarian,south_indian,1,muscle_gain|high_protein
Paneer Sandwich,breakfast,258,7.5,45.7,2.7,vegetarian,north_indian,1,weight_loss|light
Paneer Roti,lunch,600,27.7,42.7,24.8,vegetarian,mixed,0,muscle_gain|high_protein
Grilled Chicken,dinner,556,22.7,44.2,7.7,non_vegetarian,north_indian,1,muscle_gain|high_protein
Fruit Salad,snack,84,4.3,10.2,2.1,vegan,north_indian,1,weight_loss|light
Fish Fry,dinner,391,19.1,46.7,10.7,non_vegetarian,north_indian,1,muscle_gain|high_protein
Corn Chaat,snack,285,8.8,44.0,10.6,vegan,north_indian,0,balanced|beginner
Tofu Curry,dinner,418,21.0,33.1,22.7,vegan,mixed,0,muscle_gain|high_protein
Grilled Chicken,dinner,385,32.6,23.8,9.9,non_vegetarian,north_indian,1,muscle_gain|high_protein
Fish Fry,dinner,689,12.5,65.7,22.8,non_vegetarian,mixed,0,weight_loss|light
Dal Tadka,dinner,536,15.0,74.7,21.8,vegetarian,north_indian,1,weight_loss|light
Paneer Sandwich,breakfast,395,12.4,29.6,20.8,vegetarian,north_indian,0,weight_loss|light
Grilled Chicken,dinner,693,14.0,89.4,17.2,non_vegetarian,mixed,0,improve_stamina|carb_rich
Paneer Sandwich,breakfast,347,17.9,20.2,6.9,vegetarian,north_indian,1,balanced|beginner
Fruit Bowl,breakfast,373,15.8,32.4,16.7,vegan,mixed,1,muscle_gain|high_protein
Fruit Salad,snack,191,9.4,16.9,7.8,vegan,north_indian,1,muscle_gain|high_protein
Masala Omelette,breakfast,397,15.3,56.4,15.1,non_vegetarian,mixed,1,balanced|beginner
Upma,breakfast,187,4.7,23.0,6.8,vegetarian,south_indian,1,improve_stamina|carb_rich
Corn Chaat,snack,295,27.6,26.2,6.3,vegan,north_indian,1,muscle_gain|high_protein
Vegetable Khichdi,lunch,501,12.7,63.9,17.2,vegetarian,south_indian,1,weight_loss|light
Thepla,breakfast,171,8.7,20.9,4.3,vegetarian,south_indian,0,improve_stamina|carb_rich
Grilled Chicken,dinner,601,13.6,63.9,16.2,non_vegetarian,mixed,1,balanced|beginner
Boiled Eggs,snack,237,16.4,28.7,4.2,non_vegetarian,mixed,1,muscle_gain|high_protein
Thepla,breakfast,391,31.5,32.6,7.1,vegetarian,north_indian,1,muscle_gain|high_protein
Kadhi Rice,lunch,551,28.1,40.2,21.2,vegetarian,north_indian,1,muscle_gain|high_protein
Paneer Bhurji,dinner,599,20.3,42.0,12.5,vegetarian,north_indian,1,muscle_gain|high_protein
Tofu Scramble,breakfast,282,17.1,46.8,5.5,vegan,north_indian,1,weight_loss|light
Egg Curry,dinner,360,11.9,55.3,7.0,non_vegetarian,north_indian,1,weight_loss|light
Vegetable Soup,dinner,376,30.5,22.0,21.0,vegan,north_indian,1,muscle_gain|high_protein
Roasted Chana,snack,121,3.1,14.0,4.8,vegan,mixed,1,improve_stamina|carb_rich
Pav Bhaji,lunch,461,10.4,67.9,9.0,vegetarian,north_indian,0,balanced|beginner
Tofu Stir Fry,lunch,602,37.4,39.4,6.9,vegan,north_indian,1,muscle_gain|high_protein
Sabudana Khichdi,breakfast,294,13.0,45.9,3.9,vegetarian,south_indian,1,muscle_gain|high_protein
Masala Omelette,breakfast,324,7.2,49.4,8.0,non_vegetarian,north_indian,1,improve_stamina|carb_rich
Fruit Bowl,breakfast,249,4.5,25.3,12.2,vegan,north_indian,1,improve_stamina|carb_rich
Vegetable Soup,dinner,545,19.7,59.8,7.2,vegan,mixed,1,weight_loss|light
Corn Chaat,snack,141,1.3,18.6,5.6,vegan,north_indian,1,weight_loss|light
Vegetable Soup,dinner,406,19.8,53.0,12.7,vegan,south_indian,1,weight_loss|light
Masala Omelette,breakfast,340,7.2,60.7,12.8,non_vegetarian,mixed,1,balanced|beginner
Paneer Sandwich,breakfast,223,18.9,22.0,4.6,vegetarian,south_indian,1,muscle_gain|high_protein
Grilled Chicken,dinner,639,17.6,73.6,19.9,non_vegetarian,south_indian,1,improve_stamina|carb_rich
Sprouts Salad,snack,210,4.1,28.9,6.8,vegan,south_indian,1,improve_stamina|carb_rich
Paneer Bhurji,dinner,422,9.0,50.8,23.0,vegetarian,north_indian,0,balanced|beginner
Sabudana Khichdi,breakfast,395,16.6,66.0,8.0,vegetarian,north_indian,1,balanced|beginner
Fish Curry Rice,lunch,404,13.9,59.8,16.5,non_vegetarian,north_indian,1,balanced|beginner
Egg Curry,dinner,416,13.5,38.8,25.0,non_vegetarian,north_indian,0,balanced|beginner
Roti Sabji,dinner,493,5.6,39.6,12.0,vegetarian,south_indian,0,improve_stamina|carb_rich
Protein Shake,snack,248,18.6,29.0,4.2,vegetarian,north_indian,1,muscle_gain|high_protein
Pav Bhaji,lunch,484,14.2,64.6,23.3,vegetarian,mixed,0,weight_loss|light
Kadhi Rice,lunch,486,18.9,38.8,18.6,vegetarian,north_indian,1,balanced|beginner
Vegetable Soup,dinner,565,7.8,59.0,6.4,vegan,mixed,0,balanced|beginner
Fruit Bowl,breakfast,435,10.8,22.1,14.8,vegan,south_indian,0,weight_loss|light
Sabudana Khichdi,breakfast,351,21.1,53.1,2.9,vegetarian,north_indian,1,muscle_gain|high_protein
Sprouts Salad,snack,259,6.9,45.3,7.1,vegan,south_indian,1,balanced|beginner
Paneer Roti,lunch,628,9.3,76.5,21.9,vegetarian,mixed,0,improve_stamina|carb_rich
Hyderabadi Biryani,lunch,526,32.1,30.0,11.0,non_vegetarian,north_indian,1,muscle_gain|high_protein
Egg Curry,dinner,424,17.5,34.6,18.9,non_vegetarian,north_indian,1,balanced|beginner
Boiled Eggs,snack,291,8.6,36.8,9.6,non_vegetarian,north_indian,0,balanced|beginner
Roasted Chana,snack,274,11.9,26.1,11.1,vegan,north_indian,0,muscle_gain|high_protein
Tofu Stir Fry,lunch,451,37.3,21.8,13.7,vegan,north_indian,1,muscle_gain|high_protein
Fruit Salad,snack,225,9.4,27.2,6.7,vegan,north_indian,1,improve_stamina|carb_rich
Roti Sabji,dinner,382,21.1,27.4,17.5,vegetarian,north_indian,1,muscle_gain|high_protein
Roti Sabji,dinner,560,11.5,74.3,21.6,vegetarian,north_indian,0,balanced|beginner
Paneer Sandwich,breakfast,211,4.7,18.7,11.2,vegetarian,south_indian,1,balanced|beginner
Egg Curry,dinner,554,34.1,45.6,22.9,non_vegetarian,mixed,0,muscle_gain|high_protein
Peanut Chaat,snack,198,3.1,22.3,9.0,vegetarian,mixed,1,balanced|beginner
Fruit Bowl,breakfast,328,22.2,27.1,16.4,vegan,mixed,1,muscle_gain|high_protein
Protein Shake,snack,99,7.4,10.2,2.3,vegetarian,mixed,1,muscle_gain|high_protein
Paneer Bhurji,dinner,434,12.0,51.5,16.1,vegetarian,south_indian,1,balanced|beginner
Tofu Stir Fry,lunch,454,7.8,54.1,21.5,vegan,north_indian,0,balanced|beginner
Grilled Chicken,dinner,516,9.1,46.7,11.7,non_vegetarian,north_indian,0,improve_stamina|carb_rich
Oats with Milk,breakfast,187,9.4,17.7,7.1,vegetarian,north_indian,1,muscle_gain|high_protein
Roti Sabji,dinner,430,6.6,78.5,14.6,vegetarian,north_indian,0,weight_loss|light
Tofu Scramble,breakfast,394,33.2,62.8,7.1,vegan,north_indian,1,muscle_gain|high_protein
Paneer Sandwich,breakfast,279,12.1,41.9,4.5,vegetarian,mixed,1,improve_stamina|carb_rich
Buttermilk,snack,132,3.7,18.2,3.8,vegetarian,north_indian,1,weight_loss|light
Idli Sambar,breakfast,391,19.3,26.0,4.4,vegetarian,mixed,1,muscle_gain|high_protein
Vegetable Soup,dinner,682,22.7,41.0,33.8,vegan,north_indian,0,improve_stamina|carb_rich
Upma,breakfast,306,4.5,34.7,13.9,vegetarian,north_indian,1,weight_loss|light
Buttermilk,snack,217,10.6,22.1,7.7,vegetarian,mixed,1,muscle_gain|high_protein
Tofu Stir Fry,lunch,385,4.7,60.1,10.6,vegan,mixed,0,balanced|beginner
Paneer Sandwich,breakfast,362,7.8,26.9,21.7,vegetarian,north_indian,0,weight_loss|light
Tofu Curry,dinner,434,26.0,57.6,7.2,vegan,north_indian,1,muscle_gain|high_protein
Sprouts Salad,snack,219,8.7,25.1,7.4,vegan,north_indian,1,balanced|beginner
Corn Chaat,snack,246,17.0,34.9,3.8,vegan,south_indian,1,weight_loss|light
Pav Bhaji,lunch,557,14.8,35.5,22.6,vegetarian,south_indian,0,balanced|beginner
Fruit Bowl,breakfast,412,12.9,51.0,17.7,vegan,north_indian,1,weight_loss|light
Buttermilk,snack,208,14.5,11.8,9.5,vegetarian,mixed,1,muscle_gain|high_protein
Grilled Chicken,dinner,546,21.0,60.3,13.6,non_vegetarian,mixed,1,improve_stamina|carb_rich
Fish Curry Rice,lunch,385,16.0,42.7,3.8,non_vegetarian,south_indian,1,improve_stamina|carb_rich
Tofu Scramble,breakfast,449,13.3,54.6,13.4,vegan,north_indian,0,weight_loss|light
Tofu Curry,dinner,682,20.7,60.1,26.2,vegan,mixed,0,improve_stamina|carb_rich
Grilled Chicken,dinner,402,7.8,25.2,15.5,non_vegetarian,south_indian,0,balanced|beginner
Fish Fry,dinner,424,14.7,51.8,15.1,non_vegetarian,north_indian,1,balanced|beginner
Fruit Bowl,breakfast,419,10.0,55.5,13.7,vegan,north_indian,1,balanced|beginner
Grilled Chicken,dinner,654,13.0,50.6,31.3,non_vegetarian,mixed,0,balanced|beginner
Mixed Veg Curry,dinner,360,4.4,42.9,15.8,vegetarian,south_indian,0,weight_loss|light
Sabudana Khichdi,breakfast,239,7.0,15.2,14.6,vegetarian,north_indian,1,improve_stamina|carb_rich
Thepla,breakfast,242,11.9,31.7,5.4,vegetarian,north_indian,1,muscle_gain|high_protein
Oats with Milk,breakfast,155,5.4,19.6,4.7,vegetarian,north_indian,0,improve_stamina|carb_rich
Tofu Scramble,breakfast,401,20.5,40.3,14.0,vegan,north_indian,1,muscle_gain|high_protein
Dal Rice,lunch,611,25.9,76.7,18.1,vegetarian,mixed,1,muscle_gain|high_protein
Buttermilk,snack,227,7.4,28.2,7.4,vegetarian,mixed,1,improve_stamina|carb_rich
Masala Omelette,breakfast,351,5.7,30.0,7.0,non_vegetarian,north_indian,1,weight_loss|light
Boiled Eggs,snack,102,2.9,14.4,2.7,non_vegetarian,north_indian,1,improve_stamina|carb_rich
Idli Sambar,breakfast,157,5.1,23.8,3.2,vegetarian,mixed,0,balanced|beginner
Boiled Eggs,snack,208,9.5,11.7,11.8,non_vegetarian,mixed,1,improve_stamina|carb_rich
Protein Shake,snack,229,8.2,39.3,2.3,vegetarian,north_indian,1,balanced|beginner
Roti Sabji,dinner,699,25.2,97.1,9.3,vegetarian,north_indian,0,weight_loss|light
Tofu Curry,dinner,689,10.0,55.2,16.3,vegan,north_indian,0,weight_loss|light
Paneer Sandwich,breakfast,400,17.3,39.5,10.8,vegetarian,mixed,1,weight_loss|light
Dal Rice,lunch,539,28.3,67.6,24.6,vegetarian,south_indian,0,muscle_gain|high_protein
Rajma Chawal,lunch,543,6.6,49.3,18.8,vegetarian,mixed,0,weight_loss|light
Roti Sabji,dinner,387,4.6,51.2,14.7,vegetarian,north_indian,0,improve_stamina|carb_rich
Fruit Bowl,breakfast,211,17.7,20.8,4.5,vegan,mixed,1,muscle_gain|high_protein
Paneer Roti,lunch,665,13.8,64.4,22.6,vegetarian,north_indian,0,improve_stamina|carb_rich
Roti Sabji,dinner,578,14.8,52.5,13.4,vegetarian,north_indian,1,improve_stamina|carb_rich
Oats with Milk,breakfast,191,8.8,25.8,4.2,vegetarian,mixed,1,improve_stamina|carb_rich
Tofu Curry,dinner,690,11.6,53.3,34.0,vegan,north_indian,0,weight_loss|light
Buttermilk,snack,267,5.7,28.7,13.7,vegetarian,north_indian,0,improve_stamina|carb_rich
Tofu Stir Fry,lunch,421,26.7,33.6,16.5,vegan,north_indian,1,muscle_gain|high_protein
Fruit Salad,snack,270,3.7,47.1,5.0,vegan,north_indian,0,improve_stamina|carb_rich
Paneer Bhurji,dinner,393,7.7,22.2,18.7,vegetarian,north_indian,0,weight_loss|light
Dal Tadka,dinner,392,7.9,27.4,14.9,vegetarian,mixed,0,improve_stamina|carb_rich
Paneer Cubes,snack,269,5.1,36.2,9.1,vegetarian,mixed,0,balanced|beginner
Vegetable Khichdi,lunch,658,38.8,63.4,14.5,vegetarian,mixed,0,weight_loss|light
Corn Chaat,snack,178,3.5,21.9,6.9,vegan,north_indian,1,weight_loss|light
Masala Omelette,breakfast,278,12.3,21.1,13.5,non_vegetarian,north_indian,1,muscle_gain|high_protein
Tofu Scramble,breakfast,392,8.1,79.5,5.5,vegan,north_indian,1,balanced|beginner
Dal Rice,lunch,549,9.6,51.7,12.2,vegetarian,north_indian,0,weight_loss|light
Chicken Curry Rice,lunch,456,13.2,52.7,17.3,non_vegetarian,south_indian,1,improve_stamina|carb_rich
Vegetable Poha,breakfast,426,6.7,35.9,24.0,vegetarian,mixed,0,balanced|beginner
Egg Curry,dinner,646,25.1,46.5,27.0,non_vegetarian,mixed,0,weight_loss|light
Dal Tadka,dinner,483,14.5,34.9,20.6,vegetarian,mixed,1,weight_loss|light
Thepla,breakfast,286,9.0,38.3,8.2,vegetarian,north_indian,1,improve_stamina|carb_rich
Egg Curry,dinner,618,45.4,51.9,13.0,non_vegetarian,mixed,1,muscle_gain|high_protein
Pav Bhaji,lunch,623,24.5,34.6,30.5,vegetarian,mixed,0,weight_loss|light
Paneer Roti,lunch,677,18.8,79.1,20.8,vegetarian,north_indian,0,improve_stamina|carb_rich
Idli Sambar,breakfast,386,8.1,47.3,14.9,vegetarian,south_indian,1,improve_stamina|carb_rich
Paneer Bhurji,dinner,688,11.9,54.4,33.2,vegetarian,north_indian,0,improve_stamina|carb_rich
Paneer Roti,lunch,527,8.1,71.7,21.7,vegetarian,south_indian,0,balanced|beginner
Upma,breakfast,211,5.4,26.7,7.3,vegetarian,south_indian,1,improve_stamina|carb_rich
Peanut Chaat,snack,218,3.8,27.0,8.6,vegetarian,mixed,1,improve_stamina|carb_rich
Fruit Bowl,breakfast,428,22.5,41.2,15.4,vegan,south_indian,1,muscle_gain|high_protein
Fish Curry Rice,lunch,409,6.8,73.6,3.3,non_vegetarian,north_indian,1,weight_loss|light
Paneer Sandwich,breakfast,342,4.2,49.4,11.2,vegetarian,north_indian,1,balanced|beginner
Thepla,breakfast,398,31.8,30.4,14.0,vegetarian,south_indian,1,muscle_gain|high_protein
Vegetable Khichdi,lunch,654,20.6,69.0,19.8,vegetarian,mixed,0,weight_loss|light
Vegetable Khichdi,lunch,426,10.0,51.6,12.6,vegetarian,mixed,0,improve_stamina|carb_rich
Fruit Salad,snack,266,13.1,34.2,6.1,vegan,south_indian,0,muscle_gain|high_protein
Pav Bhaji,lunch,472,15.1,34.1,22.5,vegetarian,south_indian,0,improve_stamina|carb_rich
Paneer Bhurji,dinner,653,10.9,50.4,24.5,vegetarian,mixed,0,balanced|beginner
Protein Shake,snack,297,7.4,36.0,11.1,vegetarian,north_indian,0,balanced|beginner
Roasted Chana,snack,247,3.3,32.4,9.4,vegan,north_indian,1,improve_stamina|carb_rich
Paneer Bhurji,dinner,656,11.9,37.3,19.4,vegetarian,north_indian,0,weight_loss|light
Egg Curry,dinner,511,17.3,70.8,3.7,non_vegetarian,south_indian,1,improve_stamina|carb_rich
Mixed Veg Curry,dinner,566,17.3,35.3,15.0,vegetarian,south_indian,1,balanced|beginner
Idli Sambar,breakfast,374,15.3,52.7,8.0,vegetarian,north_indian,1,muscle_gain|high_protein
Egg Curry,dinner,470,6.4,65.5,20.7,non_vegetarian,mixed,0,balanced|beginner
Tofu Stir Fry,lunch,388,17.3,20.2,7.7,vegan,mixed,1,balanced|beginner
Fish Curry Rice,lunch,607,8.5,65.6,23.1,non_vegetarian,north_indian,0,weight_loss|light
Tofu Scramble,breakfast,310,8.9,51.1,9.9,vegan,south_indian,1,weight_loss|light
Vegetable Khichdi,lunch,500,9.0,59.1,18.4,vegetarian,mixed,0,balanced|beginner
Fruit Bowl,breakfast,448,5.9,70.7,5.9,vegan,north_indian,0,improve_stamina|carb_rich
Corn Chaat,snack,152,4.4,14.7,7.1,vegan,north_indian,1,weight_loss|light
Kadhi Rice,lunch,605,15.3,48.1,13.0,vegetarian,north_indian,1,improve_stamina|carb_rich
Sprouts Salad,snack,115,5.1,11.1,4.6,vegan,south_indian,1,improve_stamina|carb_rich
Vegetable Khichdi,lunch,436,9.2,75.8,9.3,vegetarian,mixed,0,balanced|beginner
Paneer Sandwich,breakfast,364,8.1,23.9,20.8,vegetarian,north_indian,0,weight_loss|light
Dal Rice,lunch,509,6.8,74.8,10.7,vegetarian,mixed,0,balanced|beginner
Roasted Chana,snack,282,4.9,43.4,7.3,vegan,north_indian,0,balanced|beginner
Dal Rice,lunch,499,8.4,59.6,12.3,vegetarian,mixed,0,improve_stamina|carb_rich
Tofu Stir Fry,lunch,581,10.4,24.4,23.8,vegan,mixed,0,improve_stamina|carb_rich
Dal Tadka,dinner,413,8.3,36.3,19.5,vegetarian,north_indian,0,balanced|beginner
Paneer Bhurji,dinner,615,7.7,65.5,15.1,vegetarian,north_indian,0,weight_loss|light
Vegetable Poha,breakfast,354,10.9,34.1,16.2,vegetarian,mixed,1,weight_loss|light
Protein Shake,snack,213,9.0,24.0,7.1,vegetarian,north_indian,1,improve_stamina|carb_rich
Fish Curry Rice,lunch,420,26.1,38.6,14.2,non_vegetarian,south_indian,1,muscle_gain|high_protein
Tofu Stir Fry,lunch,436,17.6,50.3,4.9,vegan,south_indian,1,weight_loss|light
Protein Shake,snack,219,12.0,11.2,12.1,vegetarian,mixed,1,muscle_gain|high_protein
Grilled Chicken,dinner,417,11.5,47.7,16.3,non_vegetarian,north_indian,0,improve_stamina|carb_rich
Corn Chaat,snack,164,6.5,13.0,8.1,vegan,north_indian,1,weight_loss|light
Chicken Curry Rice,lunch,536,15.0,63.2,21.6,non_vegetarian,north_indian,1,improve_stamina|carb_rich
Oats with Milk,breakfast,421,6.0,32.6,16.3,vegetarian,north_indian,0,improve_stamina|carb_rich
Rajma Chawal,lunch,354,12.2,37.9,13.9,vegetarian,south_indian,1,improve_stamina|carb_rich
Dal Rice,lunch,685,38.1,42.8,21.7,vegetarian,north_indian,0,muscle_gain|high_protein
Fruit Bowl,breakfast,195,6.3,27.8,4.7,vegan,south_indian,1,improve_stamina|carb_rich
Dal Tadka,dinner,501,6.3,44.5,12.6,vegetarian,mixed,0,improve_stamina|carb_rich
Roasted Chana,snack,109,4.9,17.2,1.3,vegan,north_indian,1,balanced|beginner
Upma,breakfast,159,3.4,21.4,5.2,vegetarian,mixed,0,balanced|beginner
Tofu Curry,dinner,553,7.5,79.9,13.1,vegan,north_indian,0,improve_stamina|carb_rich
Paneer Bhurji,dinner,430,19.6,52.7,11.6,vegetarian,north_indian,1,balanced|beginner
Dal Rice,lunch,586,8.3,66.9,8.6,vegetarian,north_indian,0,balanced|beginner
Kadhi Rice,lunch,563,14.8,61.7,11.0,vegetarian,mixed,1,weight_loss|light
Mixed Veg Curry,dinner,414,17.5,24.3,11.8,vegetarian,south_indian,1,weight_loss|light
Paneer Roti,lunch,467,36.3,45.1,18.5,vegetarian,north_indian,1,muscle_gain|high_protein
Paneer Roti,lunch,557,18.7,74.0,6.7,vegetarian,mixed,1,improve_stamina|carb_rich
Vegetable Soup,dinner,375,8.5,52.5,11.2,vegan,north_indian,0,balanced|beginner
Roasted Chana,snack,205,7.4,20.5,8.5,vegan,mixed,1,muscle_gain|high_protein
Protein Shake,snack,183,6.3,13.0,10.1,vegetarian,north_indian,1,weight_loss|light
Fish Fry,dinner,548,33.7,40.5,15.4,non_vegetarian,north_indian,1,muscle_gain|high_protein
Thepla,breakfast,163,12.8,16.0,3.9,vegetarian,north_indian,0,muscle_gain|high_protein
Chicken Curry Rice,lunch,602,37.9,62.8,10.1,non_vegetarian,mixed,1,balanced|beginner
Boiled Eggs,snack,118,1.4,15.5,4.6,non_vegetarian,north_indian,1,improve_stamina|carb_rich
Peanut Chaat,snack,117,3.4,18.4,2.3,vegetarian,mixed,1,weight_loss|light
Paneer Bhurji,dinner,503,10.0,75.0,10.8,vegetarian,mixed,0,weight_loss|light
Sabudana Khichdi,breakfast,230,11.1,22.6,8.5,vegetarian,mixed,1,muscle_gain|high_protein
Fruit Bowl,breakfast,417,27.1,33.7,15.6,vegan,mixed,1,muscle_gain|high_protein
Sprouts Salad,snack,171,6.3,19.6,6.0,vegan,north_indian,1,weight_loss|light
Paneer Cubes,snack,132,2.4,21.3,2.9,vegetarian,south_indian,1,weight_loss|light
Tofu Stir Fry,lunch,568,14.6,69.3,15.5,vegan,mixed,1,improve_stamina|carb_rich
Idli Sambar,breakfast,232,15.4,23.1,6.6,vegetarian,south_indian,1,muscle_gain|high_protein
Buttermilk,snack,178,9.2,18.4,5.9,vegetarian,north_indian,1,muscle_gain|high_protein
Mixed Veg Curry,dinner,585,14.8,79.6,11.3,vegetarian,mixed,1,improve_stamina|carb_rich
Upma,breakfast,343,14.7,21.0,15.2,vegetarian,south_indian,1,improve_stamina|carb_rich
Paneer Roti,lunch,388,9.0,53.4,15.0,vegetarian,north_indian,0,improve_stamina|carb_rich
Dal Tadka,dinner,460,40.8,42.2,10.7,vegetarian,north_indian,1,muscle_gain|high_protein
Kadhi Rice,lunch,375,23.1,32.7,13.6,vegetarian,north_indian,1,muscle_gain|high_protein
Hyderabadi Biryani,lunch,652,16.2,72.9,11.9,non_vegetarian,mixed,0,balanced|beginner
Dal Tadka,dinner,367,36.2,52.3,6.8,vegetarian,north_indian,1,muscle_gain|high_protein
Roasted Chana,snack,216,10.4,28.6,4.7,vegan,mixed,1,muscle_gain|high_protein
Fruit Bowl,breakfast,357,11.3,48.7,12.8,vegan,mixed,1,weight_loss|light
Paneer Cubes,snack,256,8.0,42.1,3.9,vegetarian,north_indian,1,improve_stamina|carb_rich
Vegetable Soup,dinner,644,6.5,74.8,12.0,vegan,north_indian,0,improve_stamina|carb_rich
Tofu Stir Fry,lunch,405,16.4,38.9,10.8,vegan,mixed,1,weight_loss|light
Protein Shake,snack,184,6.5,17.3,8.2,vegetarian,north_indian,1,improve_stamina|carb_rich
Mixed Veg Curry,dinner,356,14.3,39.9,12.9,vegetarian,mixed,1,weight_loss|light
Kadhi Rice,lunch,648,12.2,67.8,8.7,vegetarian,south_indian,1,weight_loss|light
Dal Tadka,dinner,608,16.0,37.4,19.4,vegetarian,north_indian,1,weight_loss|light
Tofu Stir Fry,lunch,664,11.1,51.0,32.9,vegan,north_indian,0,balanced|beginner
Protein Shake,snack,87,2.4,12.8,2.1,vegetarian,north_indian,1,weight_loss|light
Kadhi Rice,lunch,572,41.0,25.3,18.5,vegetarian,south_indian,1,muscle_gain|high_protein
Corn Chaat,snack,195,4.5,29.0,5.0,vegan,mixed,1,weight_loss|light
Grilled Chicken,dinner,366,11.4,48.6,10.7,non_vegetarian,south_indian,0,balanced|beginner
Vegetable Khichdi,lunch,411,10.5,57.3,15.7,vegetarian,mixed,0,weight_loss|light
Upma,breakfast,334,18.4,44.6,6.1,vegetarian,north_indian,1,muscle_gain|high_protein
Dal Rice,lunch,536,10.8,62.4,16.3,vegetarian,north_indian,0,improve_stamina|carb_rich
Grilled Chicken,dinner,363,14.0,63.6,4.1,non_vegetarian,south_indian,1,weight_loss|light
Upma,breakfast,283,13.8,40.1,5.0,vegetarian,mixed,1,muscle_gain|high_protein
Kadhi Rice,lunch,450,15.5,36.6,21.0,vegetarian,north_indian,1,weight_loss|light
Kadhi Rice,lunch,433,11.3,58.0,12.7,vegetarian,south_indian,0,weight_loss|light
Tofu Curry,dinner,594,15.7,70.5,14.6,vegan,north_indian,1,improve_stamina|carb_rich
Buttermilk,snack,160,9.9,21.9,2.2,vegetarian,south_indian,1,muscle_gain|high_protein
Corn Chaat,snack,157,3.1,28.4,2.1,vegan,mixed,1,improve_stamina|carb_rich
Paneer Roti,lunch,690,11.5,44.0,18.8,vegetarian,south_indian,0,balanced|beginner
Corn Chaat,snack,230,2.8,22.5,12.3,vegan,north_indian,1,balanced|beginner
Hyderabadi Biryani,lunch,392,8.9,31.5,16.2,non_vegetarian,mixed,0,improve_stamina|carb_rich
Masala Omelette,breakfast,274,8.2,43.6,5.0,non_vegetarian,south_indian,1,balanced|beginner
Dal Tadka,dinner,561,6.2,31.6,18.6,vegetarian,north_indian,0,weight_loss|light
Sabudana Khichdi,breakfast,300,6.1,34.3,12.7,vegetarian,mixed,1,balanced|beginner
Upma,breakfast,237,6.5,38.2,5.6,vegetarian,north_indian,1,improve_stamina|carb_rich
Peanut Chaat,snack,199,12.5,24.1,4.1,vegetarian,south_indian,1,improve_stamina|carb_rich
Kadhi Rice,lunch,535,23.2,59.4,12.1,vegetarian,south_indian,1,improve_stamina|carb_rich
Dal Tadka,dinner,658,26.0,44.7,23.4,vegetarian,north_indian,0,muscle_gain|high_protein
Rajma Chawal,lunch,628,17.3,51.0,12.0,vegetarian,north_indian,1,improve_stamina|carb_rich
Rajma Chawal,lunch,593,29.8,53.4,21.1,vegetarian,north_indian,1,muscle_gain|high_protein
Tofu Stir Fry,lunch,353,8.1,46.0,12.0,vegan,mixed,1,weight_loss|light
Kadhi Rice,lunch,446,32.8,48.1,9.7,vegetarian,north_indian,1,muscle_gain|high_protein
Paneer Cubes,snack,247,5.1,29.2,10.0,vegetarian,south_indian,1,balanced|beginner
Pav Bhaji,lunch,444,26.5,62.9,4.0,vegetarian,north_indian,1,muscle_gain|high_protein
Fruit Bowl,breakfast,450,16.5,37.4,4.9,vegan,north_indian,0,improve_stamina|carb_rich
Chicken Curry Rice,lunch,391,11.7,51.7,11.8,non_vegetarian,south_indian,0,improve_stamina|carb_rich
Vegetable Khichdi,lunch,446,29.0,45.8,12.3,vegetarian,mixed,1,muscle_gain|high_protein
Hyderabadi Biryani,lunch,390,14.2,31.3,23.3,non_vegetarian,north_indian,0,improve_stamina|carb_rich
Paneer Roti,lunch,543,19.0,75.2,4.5,vegetarian,north_indian,1,weight_loss|light
Roti Sabji,dinner,415,19.8,38.7,23.0,vegetarian,north_indian,0,muscle_gain|high_protein
Roasted Chana,snack,126,6.6,12.8,4.3,vegan,mixed,1,balanced|beginner
Paneer Sandwich,breakfast,436,9.4,51.6,9.2,vegetarian,north_indian,0,balanced|beginner
Paneer Roti,lunch,510,8.8,76.6,11.1,vegetarian,mixed,0,weight_loss|light
Tofu Scramble,breakfast,408,22.1,55.6,4.4,vegan,north_indian,1,muscle_gain|high_protein
Fish Curry Rice,lunch,607,11.2,57.9,7.8,non_vegetarian,north_indian,0,improve_stamina|carb_rich
Grilled Chicken,dinner,580,15.6,71.2,21.2,non_vegetarian,mixed,1,balanced|beginner
Boiled Eggs,snack,157,4.8,18.3,5.8,non_vegetarian,south_indian,1,weight_loss|light
Sabudana Khichdi,breakfast,249,9.2,39.6,3.8,vegetarian,north_indian,1,improve_stamina|carb_rich
Mixed Veg Curry,dinner,665,39.5,60.9,9.7,vegetarian,north_indian,1,muscle_gain|high_protein
Roasted Chana,snack,257,5.8,36.4,7.5,vegan,mixed,1,weight_loss|light
Dal Rice,lunch,640,36.1,57.5,13.9,vegetarian,south_indian,1,muscle_gain|high_protein
Fish Curry Rice,lunch,512,29.8,76.3,3.7,non_vegetarian,mixed,1,muscle_gain|high_protein
Paneer Roti,lunch,568,19.9,63.5,14.7,vegetarian,south_indian,1,balanced|beginner
Paneer Roti,lunch,678,19.1,97.6,9.9,vegetarian,south_indian,0,balanced|beginner
Pav Bhaji,lunch,518,19.1,28.9,15.8,vegetarian,mixed,1,improve_stamina|carb_rich
Upma,breakfast,245,20.6,22.3,6.0,vegetarian,north_indian,1,muscle_gain|high_protein
Mixed Veg Curry,dinner,631,15.7,42.8,31.5,vegetarian,north_indian,0,weight_loss|light
Dal Rice,lunch,462,13.4,50.1,19.0,vegetarian,north_indian,1,weight_loss|light
Peanut Chaat,snack,268,9.8,48.2,4.2,vegetarian,mixed,0,improve_stamina|carb_rich
Paneer Roti,lunch,375,14.4,60.4,12.6,vegetarian,south_indian,1,balanced|beginner
Kadhi Rice,lunch,530,16.7,64.6,17.7,vegetarian,mixed,1,balanced|beginner
Masala Omelette,breakfast,430,8.9,38.3,11.7,non_vegetarian,north_indian,0,weight_loss|light
Corn Chaat,snack,158,19.3,10.5,2.9,vegan,mixed,1,muscle_gain|high_protein
Vegetable Khichdi,lunch,423,13.1,50.9,14.8,vegetarian,north_indian,1,balanced|beginner
Paneer Roti,lunch,551,11.4,54.0,16.3,vegetarian,north_indian,0,balanced|beginner
Hyderabadi Biryani,lunch,645,44.4,73.1,15.7,non_vegetarian,north_indian,1,muscle_gain|high_protein
Roti Sabji,dinner,625,22.2,72.7,12.6,vegetarian,south_indian,1,muscle_gain|high_protein
Dal Rice,lunch,613,17.0,66.3,15.1,vegetarian,north_indian,1,balanced|beginner
Fruit Bowl,breakfast,271,7.2,23.0,4.1,vegan,north_indian,1,improve_stamina|carb_rich
Dal Rice,lunch,665,12.6,67.0,23.7,vegetarian,north_indian,0,improve_stamina|carb_rich
Tofu Stir Fry,lunch,694,30.5,54.6,15.8,vegan,north_indian,1,muscle_gain|high_protein
Roasted Chana,snack,129,5.6,12.9,5.0,vegan,south_indian,1,weight_loss|light
Fish Fry,dinner,405,14.3,21.1,17.7,non_vegetarian,north_indian,1,weight_loss|light
Tofu Curry,dinner,532,7.5,53.3,9.0,vegan,north_indian,0,balanced|beginner
Paneer Sandwich,breakfast,300,22.7,30.1,7.2,vegetarian,south_indian,1,muscle_gain|high_protein
Roti Sabji,dinner,387,13.2,38.3,19.4,vegetarian,north_indian,1,weight_loss|light
Masala Omelette,breakfast,256,3.8,23.2,14.2,non_vegetarian,south_indian,1,balanced|beginner
Roti Sabji,dinner,651,14.2,75.6,14.5,vegetarian,north_indian,0,improve_stamina|carb_rich
Egg Curry,dinner,570,30.3,24.3,13.3,non_vegetarian,north_indian,1,muscle_gain|high_protein
Upma,breakfast,230,4.4,26.9,9.6,vegetarian,mixed,1,weight_loss|light
Vegetable Soup,dinner,694,14.4,59.7,19.7,vegan,north_indian,0,weight_loss|light
Mixed Veg Curry,dinner,482,12.9,76.6,3.5,vegetarian,mixed,1,weight_loss|light
Rajma Chawal,lunch,433,19.5,56.8,3.2,vegetarian,north_indian,1,muscle_gain|high_protein
Fish Curry Rice,lunch,584,31.5,78.6,6.3,non_vegetarian,north_indian,1,muscle_gain|high_protein
Upma,breakfast,184,13.3,22.0,3.1,vegetarian,north_indian,1,muscle_gain|high_protein
Sprouts Salad,snack,145,2.3,23.7,3.3,vegan,north_indian,1,improve_stamina|carb_rich
Dal Rice,lunch,626,25.2,60.4,19.0,vegetarian,mixed,1,weight_loss|light
Rajma Chawal,lunch,495,13.7,66.2,7.9,vegetarian,north_indian,1,weight_loss|light
Hyderabadi Biryani,lunch,579,13.5,49.7,24.7,non_vegetarian,north_indian,0,weight_loss|light
Vegetable Khichdi,lunch,524,34.2,73.0,11.3,vegetarian,south_indian,1,muscle_gain|high_protein
Vegetable Khichdi,lunch,599,37.6,70.6,7.6,vegetarian,north_indian,1,muscle_gain|high_protein
Rajma Chawal,lunch,662,35.7,53.0,5.1,vegetarian,north_indian,1,muscle_gain|high_protein
Sprouts Salad,snack,127,3.3,11.2,6.6,vegan,mixed,1,balanced|beginner
Fish Curry Rice,lunch,365,4.2,47.7,14.2,non_vegetarian,north_indian,0,improve_stamina|carb_rich
Hyderabadi Biryani,lunch,621,16.7,58.2,6.6,non_vegetarian,north_indian,1,improve_stamina|carb_rich
Hyderabadi Biryani,lunch,585,6.6,73.5,23.2,non_vegetarian,south_indian,0,balanced|beginner
Sprouts Salad,snack,164,4.1,19.8,6.1,vegan,mixed,1,weight_loss|light
Pav Bhaji,lunch,697,49.0,69.3,10.9,vegetarian,south_indian,1,muscle_gain|high_protein
Paneer Sandwich,breakfast,189,6.8,18.5,8.1,vegetarian,south_indian,1,balanced|beginner
Boiled Eggs,snack,121,3.8,13.8,4.6,non_vegetarian,mixed,1,weight_loss|light
Masala Omelette,breakfast,172,4.3,29.9,2.4,non_vegetarian,south_indian,1,weight_loss|light
Paneer Cubes,snack,267,15.3,31.3,6.5,vegetarian,south_indian,0,muscle_gain|high_protein
Buttermilk,snack,188,7.7,26.8,3.9,vegetarian,mixed,1,balanced|beginner
Sabudana Khichdi,breakfast,204,13.5,12.5,9.3,vegetarian,mixed,1,muscle_gain|high_protein
Grilled Chicken,dinner,394,12.3,46.5,14.2,non_vegetarian,mixed,1,weight_loss|light
Vegetable Soup,dinner,642,42.7,24.4,9.5,vegan,north_indian,1,muscle_gain|high_protein
Chicken Curry Rice,lunch,601,27.0,25.5,14.4,non_vegetarian,north_indian,1,muscle_gain|high_protein
Rajma Chawal,lunch,410,13.9,46.8,23.9,vegetarian,mixed,0,improve_stamina|carb_rich
Dal Rice,lunch,478,9.7,44.2,18.8,vegetarian,mixed,0,improve_stamina|carb_rich
Grilled Chicken,dinner,605,17.0,60.5,9.6,non_vegetarian,mixed,1,balanced|beginner
Tofu Scramble,breakfast,254,9.2,20.8,12.6,vegan,north_indian,1,weight_loss|light
Chicken Curry Rice,lunch,555,35.4,79.3,12.9,non_vegetarian,mixed,1,muscle_gain|high_protein
Vegetable Khichdi,lunch,631,43.4,37.3,16.3,vegetarian,north_indian,1,muscle_gain|high_protein
Paneer Sandwich,breakfast,302,27.3,29.8,5.5,vegetarian,north_indian,1,muscle_gain|high_protein
Dal Tadka,dinner,405,5.9,55.0,11.4,vegetarian,south_indian,0,balanced|beginner
Tofu Curry,dinner,672,25.3,42.3,14.5,vegan,mixed,1,muscle_gain|high_protein
Vegetable Khichdi,lunch,365,7.2,69.4,12.4,vegetarian,north_indian,0,balanced|beginner
Corn Chaat,snack,295,12.8,56.8,3.4,vegan,south_indian,1,weight_loss|light
Oats with Milk,breakfast,334,19.6,23.1,6.2,vegetarian,south_indian,1,improve_stamina|carb_rich
Rajma Chawal,lunch,658,25.9,46.0,23.7,vegetarian,mixed,0,muscle_gain|high_protein
Pav Bhaji,lunch,682,9.4,75.9,5.7,vegetarian,south_indian,0,balanced|beginner
Paneer Cubes,snack,181,6.0,30.1,2.5,vegetarian,north_indian,1,improve_stamina|carb_rich
Sabudana Khichdi,breakfast,402,19.4,26.3,11.2,vegetarian,north_indian,1,balanced|beginner
Rajma Chawal,lunch,378,7.9,25.1,18.8,vegetarian,mixed,0,weight_loss|light
Tofu Scramble,breakfast,349,6.8,38.5,15.6,vegan,north_indian,1,improve_stamina|carb_rich
Tofu Curry,dinner,601,11.0,56.7,24.7,vegan,north_indian,0,balanced|beginner
Roti Sabji,dinner,433,17.6,57.7,8.6,vegetarian,mixed,1,balanced|beginner
Tofu Curry,dinner,551,19.7,70.1,14.2,vegan,south_indian,1,improve_stamina|carb_rich
Chicken Curry Rice,lunch,674,18.9,79.6,17.7,non_vegetarian,north_indian,0,weight_loss|light
Corn Chaat,snack,198,7.4,20.9,7.7,vegan,mixed,1,weight_loss|light
Kadhi Rice,lunch,391,15.4,41.1,10.4,vegetarian,north_indian,1,improve_stamina|carb_rich
Mixed Veg Curry,dinner,534,8.8,72.4,18.8,vegetarian,mixed,0,balanced|beginner
Upma,breakfast,253,10.8,29.7,7.8,vegetarian,north_indian,1,weight_loss|light
Masala Omelette,breakfast,168,1.8,21.4,6.9,non_vegetarian,south_indian,0,improve_stamina|carb_rich
Upma,breakfast,416,10.1,46.7,10.7,vegetarian,mixed,1,improve_stamina|carb_rich
Roasted Chana,snack,162,5.5,13.2,8.2,vegan,north_indian,1,weight_loss|light
Mixed Veg Curry,dinner,435,7.8,55.0,16.6,vegetarian,north_indian,0,weight_loss|light
Hyderabadi Biryani,lunch,544,27.6,57.0,12.6,non_vegetarian,north_indian,1,muscle_gain|high_protein
Tofu Curry,dinner,365,15.2,33.0,15.9,vegan,south_indian,1,weight_loss|light
Mixed Veg Curry,dinner,647,27.0,77.1,12.7,vegetarian,mixed,1,improve_stamina|carb_rich
Hyderabadi Biryani,lunch,496,12.8,68.2,13.6,non_vegetarian,north_indian,1,balanced|beginner
Fruit Bowl,breakfast,178,5.5,19.1,7.3,vegan,north_indian,0,balanced|beginner
Tofu Scramble,breakfast,393,16.3,44.7,13.0,vegan,mixed,1,muscle_gain|high_protein
Vegetable Poha,breakfast,160,5.6,23.2,3.6,vegetarian,north_indian,0,balanced|beginner
Protein Shake,snack,92,2.8,14.1,1.9,vegetarian,south_indian,1,weight_loss|light
Egg Curry,dinner,353,12.8,46.4,7.6,non_vegetarian,north_indian,1,weight_loss|light
Sabudana Khichdi,breakfast,270,7.7,24.0,13.5,vegetarian,mixed,1,improve_stamina|carb_rich
Roasted Chana,snack,283,6.3,31.2,12.3,vegan,south_indian,0,improve_stamina|carb_rich
Grilled Chicken,dinner,479,18.1,47.2,6.5,non_vegetarian,north_indian,1,weight_loss|light
Grilled Chicken,dinner,696,20.8,90.8,13.8,non_vegetarian,south_indian,0,weight_loss|light
Thepla,breakfast,320,12.6,42.6,8.1,vegetarian,mixed,1,improve_stamina|carb_rich
Peanut Chaat,snack,215,8.6,25.6,6.8,vegetarian,north_indian,1,improve_stamina|carb_rich
Egg Curry,dinner,561,7.1,67.8,5.9,non_vegetarian,south_indian,0,weight_loss|light
Dal Tadka,dinner,687,26.8,53.8,26.8,vegetarian,south_indian,0,balanced|beginner
Mixed Veg Curry,dinner,448,21.6,35.1,16.2,vegetarian,north_indian,1,muscle_gain|high_protein
Tofu Stir Fry,lunch,535,25.0,65.8,8.4,vegan,north_indian,1,weight_loss|light
Fish Fry,dinner,636,6.3,74.6,21.7,non_vegetarian,mixed,0,weight_loss|light
Peanut Chaat,snack,126,6.2,15.6,3.2,vegetarian,north_indian,1,muscle_gain|high_protein
Fish Fry,dinner,460,36.9,43.5,19.4,non_vegetarian,north_indian,1,muscle_gain|high_protein
Tofu Curry,dinner,587,9.4,53.0,12.8,vegan,south_indian,0,improve_stamina|carb_rich
Tofu Scramble,breakfast,182,6.3,17.9,7.9,vegan,mixed,1,balanced|beginner
Fish Fry,dinner,592,28.0,64.1,13.0,non_vegetarian,south_indian,1,weight_loss|light
Tofu Stir Fry,lunch,610,27.3,55.1,18.9,vegan,north_indian,1,balanced|beginner
Grilled Chicken,dinner,535,13.2,76.8,9.2,non_vegetarian,north_indian,1,improve_stamina|carb_rich
Paneer Sandwich,breakfast,419,14.7,25.0,22.0,vegetarian,north_indian,0,weight_loss|light
Fruit Bowl,breakfast,406,5.5,56.6,23.7,vegan,north_indian,0,balanced|beginner
Tofu Stir Fry,lunch,393,16.5,50.6,5.9,vegan,mixed,1,weight_loss|light
Tofu Scramble,breakfast,443,31.3,38.5,14.3,vegan,mixed,1,muscle_gain|high_protein
Kadhi Rice,lunch,570,18.6,45.4,18.3,vegetarian,south_indian,1,improve_stamina|carb_rich
Idli Sambar,breakfast,174,14.9,9.4,7.0,vegetarian,south_indian,0,muscle_gain|high_protein
Boiled Eggs,snack,237,17.5,37.9,4.3,non_vegetarian,mixed,1,improve_stamina|carb_rich
Rajma Chawal,lunch,545,7.5,60.3,21.3,vegetarian,mixed,0,weight_loss|light
Paneer Bhurji,dinner,494,13.8,45.3,13.1,vegetarian,north_indian,1,balanced|beginner
Protein Shake,snack,162,5.0,19.6,5.6,vegetarian,north_indian,1,balanced|beginner
Fruit Bowl,breakfast,418,18.1,62.4,6.9,vegan,north_indian,1,muscle_gain|high_protein
Idli Sambar,breakfast,235,18.5,28.0,3.4,vegetarian,mixed,1,muscle_gain|high_protein
Sabudana Khichdi,breakfast,317,6.7,37.8,12.6,vegetarian,south_indian,1,balanced|beginner
Masala Omelette,breakfast,349,9.0,69.1,4.4,non_vegetarian,south_indian,1,improve_stamina|carb_rich
Sprouts Salad,snack,269,12.8,24.4,15.7,vegan,mixed,0,balanced|beginner
Roti Sabji,dinner,438,13.7,30.8,14.8,vegetarian,north_indian,1,weight_loss|light
Paneer Bhurji,dinner,561,14.1,65.8,23.2,vegetarian,north_indian,0,weight_loss|light
Dal Rice,lunch,588,8.8,76.4,7.9,vegetarian,mixed,0,balanced|beginner
Pav Bhaji,lunch,511,12.5,44.5,16.6,vegetarian,mixed,1,balanced|beginner
Fish Curry Rice,lunch,613,25.6,49.8,7.6,non_vegetarian,mixed,1,muscle_gain|high_protein
Thepla,breakfast,321,11.7,35.9,11.1,vegetarian,north_indian,1,balanced|beginner
Thepla,breakfast,220,6.1,18.8,11.4,vegetarian,mixed,1,weight_loss|light
Masala Omelette,breakfast,294,3.8,35.2,12.7,non_vegetarian,north_indian,1,balanced|beginner
Vegetable Soup,dinner,444,5.1,59.2,12.1,vegan,mixed,0,weight_loss|light
Sabudana Khichdi,breakfast,244,10.3,26.0,8.8,vegetarian,mixed,1,muscle_gain|high_protein
Kadhi Rice,lunch,396,27.9,36.2,7.6,vegetarian,mixed,1,balanced|beginner
Roasted Chana,snack,248,19.9,33.0,1.8,vegan,north_indian,1,muscle_gain|high_protein
Vegetable Khichdi,lunch,490,14.7,60.8,16.5,vegetarian,south_indian,1,weight_loss|light
Boiled Eggs,snack,175,16.7,15.6,3.5,non_vegetarian,north_indian,1,muscle_gain|high_protein
Mixed Veg Curry,dinner,549,8.6,60.0,19.5,vegetarian,north_indian,0,weight_loss|light
Paneer Sandwich,breakfast,295,18.0,26.1,14.5,vegetarian,south_indian,1,weight_loss|light
Upma,breakfast,363,17.2,33.6,23.2,vegetarian,mixed,0,weight_loss|light
Masala Omelette,breakfast,320,25.1,14.3,15.2,non_vegetarian,north_indian,1,muscle_gain|high_protein
Roasted Chana,snack,240,10.6,29.6,6.6,vegan,north_indian,1,balanced|beginner
Paneer Roti,lunch,380,8.4,39.6,24.4,vegetarian,south_indian,0,balanced|beginner
Protein Shake,snack,201,7.1,20.7,8.2,vegetarian,north_indian,1,weight_loss|light
Paneer Bhurji,dinner,468,18.5,55.1,9.9,vegetarian,mixed,1,weight_loss|light
Pav Bhaji,lunch,595,14.9,44.8,27.6,vegetarian,mixed,0,improve_stamina|carb_rich
Rajma Chawal,lunch,530,7.6,52.5,12.3,vegetarian,north_indian,0,improve_stamina|carb_rich
Paneer Roti,lunch,389,10.9,44.0,15.4,vegetarian,mixed,0,improve_stamina|carb_rich
Idli Sambar,breakfast,177,16.9,11.0,5.7,vegetarian,north_indian,0,muscle_gain|high_protein
Vegetable Soup,dinner,515,44.2,48.5,17.7,vegan,north_indian,1,muscle_gain|high_protein
Upma,breakfast,428,15.5,22.3,12.7,vegetarian,mixed,0,weight_loss|light
Rajma Chawal,lunch,588,30.6,40.9,21.0,vegetarian,mixed,1,muscle_gain|high_protein
Pav Bhaji,lunch,564,39.3,53.3,17.4,vegetarian,south_indian,1,muscle_gain|high_protein
Grilled Chicken,dinner,655,11.6,39.2,23.8,non_vegetarian,mixed,0,improve_stamina|carb_rich
Tofu Stir Fry,lunch,402,43.7,44.1,7.2,vegan,mixed,1,muscle_gain|high_protein
Buttermilk,snack,232,5.6,32.9,6.7,vegetarian,south_indian,1,balanced|beginner
Fish Fry,dinner,582,17.8,56.6,15.2,non_vegetarian,north_indian,1,balanced|beginner
Dal Tadka,dinner,689,16.2,61.9,28.1,vegetarian,mixed,0,weight_loss|light
Sabudana Khichdi,breakfast,333,5.5,24.1,21.2,vegetarian,north_indian,0,balanced|beginner
Peanut Chaat,snack,286,7.5,51.1,3.2,vegetarian,north_indian,0,balanced|beginner
Paneer Sandwich,breakfast,412,15.7,71.6,5.3,vegetarian,south_indian,1,weight_loss|light
Fish Curry Rice,lunch,376,7.0,49.5,13.3,non_vegetarian,mixed,0,balanced|beginner
Paneer Roti,lunch,541,18.9,79.2,7.8,vegetarian,south_indian,1,balanced|beginner
Masala Omelette,breakfast,437,17.7,70.4,6.3,non_vegetarian,north_indian,0,balanced|beginner
Thepla,breakfast,325,16.3,48.3,5.8,vegetarian,south_indian,1,balanced|beginner
Paneer Sandwich,breakfast,437,12.0,40.4,10.6,vegetarian,mixed,0,improve_stamina|carb_rich
Thepla,breakfast,159,6.8,22.6,3.2,vegetarian,north_indian,0,improve_stamina|carb_rich
Sabudana Khichdi,breakfast,314,11.5,30.9,13.3,vegetarian,south_indian,1,weight_loss|light
Sabudana Khichdi,breakfast,424,26.5,34.4,16.3,vegetarian,south_indian,1,muscle_gain|high_protein
Roasted Chana,snack,216,4.5,21.0,10.8,vegan,south_indian,1,improve_stamina|carb_rich
Fruit Bowl,breakfast,388,8.8,64.5,7.3,vegan,north_indian,1,improve_stamina|carb_rich
Vegetable Soup,dinner,517,18.5,31.8,21.9,vegan,mixed,1,balanced|beginner
Sprouts Salad,snack,80,2.6,7.0,3.9,vegan,mixed,1,weight_loss|light
Oats with Milk,breakfast,274,17.2,23.4,9.2,vegetarian,north_indian,1,weight_loss|light
Fish Curry Rice,lunch,479,9.2,63.8,18.6,non_vegetarian,north_indian,0,weight_loss|light
Tofu Stir Fry,lunch,381,11.9,27.0,20.5,vegan,mixed,0,improve_stamina|carb_rich
Sabudana Khichdi,breakfast,307,21.4,14.8,15.3,vegetarian,north_indian,1,muscle_gain|high_protein
Grilled Chicken,dinner,423,10.7,47.0,18.8,non_vegetarian,south_indian,0,weight_loss|light
Sprouts Salad,snack,198,12.7,27.7,2.3,vegan,mixed,1,muscle_gain|high_protein
Dal Tadka,dinner,474,32.9,54.7,9.5,vegetarian,north_indian,1,muscle_gain|high_protein
Hyderabadi Biryani,lunch,668,34.0,82.5,9.1,non_vegetarian,north_indian,0,balanced|beginner
Tofu Stir Fry,lunch,455,16.5,38.7,21.4,vegan,north_indian,1,balanced|beginner
Mixed Veg Curry,dinner,467,11.6,64.2,13.0,vegetarian,north_indian,0,improve_stamina|carb_rich
Peanut Chaat,snack,95,2.4,16.6,1.2,vegetarian,north_indian,1,weight_loss|light
Sprouts Salad,snack,150,5.4,18.6,4.7,vegan,mixed,1,improve_stamina|carb_rich
Oats with Milk,breakfast,158,10.5,14.5,5.1,vegetarian,north_indian,0,muscle_gain|high_protein
Buttermilk,snack,104,2.4,15.5,2.7,vegetarian,mixed,1,improve_stamina|carb_rich
Dal Tadka,dinner,550,14.1,78.4,15.4,vegetarian,north_indian,1,improve_stamina|carb_rich
Boiled Eggs,snack,136,9.9,16.5,2.2,non_vegetarian,north_indian,1,muscle_gain|high_protein
Vegetable Khichdi,lunch,462,29.2,27.6,11.8,vegetarian,north_indian,1,muscle_gain|high_protein
Vegetable Poha,breakfast,394,19.4,53.6,5.5,vegetarian,north_indian,1,weight_loss|light
Dal Rice,lunch,389,15.8,29.3,13.3,vegetarian,north_indian,1,balanced|beginner
Tofu Curry,dinner,673,24.0,82.7,13.9,vegan,north_indian,0,balanced|beginner
Fish Curry Rice,lunch,364,12.1,28.0,13.1,non_vegetarian,south_indian,1,balanced|beginner
Vegetable Soup,dinner,618,18.7,68.0,14.8,vegan,north_indian,1,improve_stamina|carb_rich
Rajma Chawal,lunch,555,23.9,35.6,13.2,vegetarian,south_indian,1,muscle_gain|high_protein
Tofu Scramble,breakfast,361,13.2,34.7,15.6,vegan,south_indian,1,improve_stamina|carb_rich
Paneer Sandwich,breakfast,368,7.8,52.1,11.0,vegetarian,mixed,1,balanced|beginner
Upma,breakfast,230,3.6,31.0,8.1,vegetarian,north_indian,1,improve_stamina|carb_rich
Vegetable Soup,dinner,463,40.9,56.0,10.1,vegan,north_indian,1,muscle_gain|high_protein
Tofu Stir Fry,lunch,494,19.9,21.7,13.2,vegan,mixed,1,balanced|beginner
Tofu Curry,dinner,575,9.6,46.2,21.9,vegan,south_indian,0,weight_loss|light
Vegetable Khichdi,lunch,573,31.7,68.8,7.5,vegetarian,north_indian,1,weight_loss|light
Fruit Bowl,breakfast,251,21.0,23.9,5.7,vegan,mixed,1,muscle_gain|high_protein
Thepla,breakfast,234,10.2,30.3,5.9,vegetarian,mixed,1,muscle_gain|high_protein
Peanut Chaat,snack,90,1.9,7.1,5.2,vegetarian,north_indian,1,weight_loss|light
Chicken Curry Rice,lunch,492,5.4,59.0,19.6,non_vegetarian,north_indian,0,improve_stamina|carb_rich
Idli Sambar,breakfast,348,9.5,34.6,11.3,vegetarian,north_indian,1,weight_loss|light
Idli Sambar,breakfast,380,16.1,66.5,9.0,vegetarian,north_indian,1,improve_stamina|carb_rich
Hyderabadi Biryani,lunch,562,20.6,60.4,15.2,non_vegetarian,north_indian,1,weight_loss|light
Dal Tadka,dinner,436,13.7,62.3,10.8,vegetarian,mixed,1,weight_loss|light
Vegetable Soup,dinner,622,16.3,39.9,31.7,vegan,mixed,0,weight_loss|light
Roasted Chana,snack,275,14.9,41.8,2.9,vegan,north_indian,1,weight_loss|light
Protein Shake,snack,106,2.3,13.5,3.8,vegetarian,mixed,1,balanced|beginner
Boiled Eggs,snack,237,10.4,35.6,3.8,non_vegetarian,mixed,1,muscle_gain|high_protein
Tofu Scramble,breakfast,414,17.3,71.7,12.6,vegan,south_indian,1,balanced|beginner
Upma,breakfast,411,14.0,39.9,8.4,vegetarian,mixed,1,improve_stamina|carb_rich
Grilled Chicken,dinner,671,8.2,33.7,24.4,non_vegetarian,north_indian,0,improve_stamina|carb_rich
Roasted Chana,snack,204,11.0,25.0,4.8,vegan,mixed,1,weight_loss|light
Dal Tadka,dinner,402,34.9,55.4,8.6,vegetarian,mixed,1,muscle_gain|high_protein
Peanut Chaat,snack,153,4.2,27.2,1.7,vegetarian,mixed,1,improve_stamina|carb_rich
Mixed Veg Curry,dinner,380,16.8,36.0,15.4,vegetarian,south_indian,1,muscle_gain|high_protein
Dal Tadka,dinner,654,10.5,77.0,20.2,vegetarian,north_indian,0,improve_stamina|carb_rich
Fish Fry,dinner,674,15.0,60.4,12.0,non_vegetarian,mixed,0,weight_loss|light
Tofu Stir Fry,lunch,568,16.5,65.8,3.7,vegan,north_indian,1,weight_loss|light
Mixed Veg Curry,dinner,485,9.7,26.1,23.0,vegetarian,mixed,0,weight_loss|light
Mixed Veg Curry,dinner,416,12.5,38.8,8.1,vegetarian,north_indian,1,balanced|beginner
Pav Bhaji,lunch,367,13.4,51.5,8.7,vegetarian,north_indian,1,improve_stamina|carb_rich
Vegetable Khichdi,lunch,484,27.7,45.3,17.0,vegetarian,south_indian,1,muscle_gain|high_protein
Dal Tadka,dinner,620,9.7,78.6,17.2,vegetarian,north_indian,0,balanced|beginner
Paneer Roti,lunch,410,20.2,49.0,11.2,vegetarian,mixed,1,muscle_gain|high_protein
Vegetable Poha,breakfast,292,6.3,52.8,3.4,vegetarian,north_indian,1,improve_stamina|carb_rich
Vegetable Soup,dinner,469,25.9,40.5,18.4,vegan,south_indian,1,muscle_gain|high_protein
Fish Fry,dinner,601,15.5,75.5,6.7,non_vegetarian,north_indian,1,balanced|beginner
Sprouts Salad,snack,259,8.1,27.1,10.8,vegan,north_indian,1,improve_stamina|carb_rich
Mixed Veg Curry,dinner,517,15.1,71.0,8.8,vegetarian,north_indian,1,balanced|beginner
Kadhi Rice,lunch,475,32.4,42.6,19.0,vegetarian,mixed,1,muscle_gain|high_protein
Sprouts Salad,snack,271,4.4,38.4,8.7,vegan,north_indian,0,balanced|beginner
Fruit Bowl,breakfast,245,22.4,21.7,5.5,vegan,mixed,1,muscle_gain|high_protein
Tofu Scramble,breakfast,194,12.9,23.7,3.5,vegan,mixed,1,balanced|beginner
Corn Chaat,snack,171,6.0,17.2,7.2,vegan,north_indian,1,improve_stamina|carb_rich
Boiled Eggs,snack,101,1.8,13.1,3.7,non_vegetarian,north_indian,1,weight_loss|light
Buttermilk,snack,282,7.8,28.6,8.7,vegetarian,north_indian,1,weight_loss|light
Paneer Bhurji,dinner,552,18.1,36.8,17.1,vegetarian,north_indian,1,weight_loss|light
Grilled Chicken,dinner,534,11.1,68.8,3.6,non_vegetarian,mixed,0,improve_stamina|carb_rich
Vegetable Poha,breakfast,240,6.7,32.5,7.1,vegetarian,north_indian,1,weight_loss|light
Chicken Curry Rice,lunch,492,22.9,34.3,11.5,non_vegetarian,mixed,1,muscle_gain|high_protein
Protein Shake,snack,92,2.0,8.5,4.7,vegetarian,south_indian,1,balanced|beginner
Masala Omelette,breakfast,387,13.8,32.5,19.0,non_vegetarian,north_indian,0,weight_loss|light
Hyderabadi Biryani,lunch,685,38.5,27.0,13.5,non_vegetarian,north_indian,1,muscle_gain|high_protein
Oats with Milk,breakfast,208,4.8,32.9,4.5,vegetarian,north_indian,1,weight_loss|light
Vegetable Poha,breakfast,269,7.5,31.1,10.3,vegetarian,mixed,1,balanced|beginner
Boiled Eggs,snack,261,13.9,28.6,7.8,non_vegetarian,south_indian,0,muscle_gain|high_protein
Paneer Cubes,snack,234,3.3,27.9,10.0,vegetarian,south_indian,1,improve_stamina|carb_rich
Peanut Chaat,snack,198,9.4,15.0,9.4,vegetarian,north_indian,1,balanced|beginner
Fish Curry Rice,lunch,441,10.0,59.4,14.3,non_vegetarian,north_indian,0,weight_loss|light
Vegetable Poha,breakfast,210,7.4,28.0,5.7,vegetarian,south_indian,1,weight_loss|light
Paneer Roti,lunch,474,34.9,29.5,7.6,vegetarian,north_indian,1,muscle_gain|high_protein
Fish Curry Rice,lunch,603,19.7,51.4,9.1,non_vegetarian,mixed,1,improve_stamina|carb_rich
Dal Tadka,dinner,368,13.0,41.9,13.2,vegetarian,south_indian,1,muscle_gain|high_protein
Chicken Curry Rice,lunch,353,12.2,41.4,12.6,non_vegetarian,south_indian,1,weight_loss|light
Oats with Milk,breakfast,206,8.7,21.7,7.6,vegetarian,south_indian,1,improve_stamina|carb_rich
Vegetable Poha,breakfast,263,4.0,22.0,15.3,vegetarian,north_indian,1,balanced|beginner
Tofu Stir Fry,lunch,522,16.7,56.4,7.8,vegan,north_indian,1,balanced|beginner
Boiled Eggs,snack,162,3.2,21.5,5.6,non_vegetarian,north_indian,1,improve_stamina|carb_rich
Vegetable Soup,dinner,613,7.8,83.3,15.4,vegan,south_indian,0,weight_loss|light
Paneer Cubes,snack,229,14.5,32.4,2.6,vegetarian,north_indian,1,muscle_gain|high_protein
Vegetable Poha,breakfast,324,20.8,21.8,10.7,vegetarian,north_indian,1,muscle_gain|high_protein
Dal Tadka,dinner,423,18.3,35.8,4.1,vegetarian,mixed,1,balanced|beginner
Vegetable Khichdi,lunch,631,10.7,67.9,14.3,vegetarian,north_indian,0,balanced|beginner
Kadhi Rice,lunch,387,6.4,64.7,6.7,vegetarian,north_indian,0,improve_stamina|carb_rich
Sprouts Salad,snack,252,12.8,31.5,3.9,vegan,mixed,1,improve_stamina|carb_rich
Mixed Veg Curry,dinner,384,20.7,31.4,16.1,vegetarian,south_indian,1,muscle_gain|high_protein
Paneer Cubes,snack,277,17.1,37.1,6.6,vegetarian,mixed,1,weight_loss|light
Fish Fry,dinner,554,10.9,79.8,7.9,non_vegetarian,mixed,0,balanced|beginner
Thepla,breakfast,392,31.6,41.6,15.7,vegetarian,mixed,1,muscle_gain|high_protein
Pav Bhaji,lunch,582,25.7,51.8,7.6,vegetarian,north_indian,1,muscle_gain|high_protein
Sabudana Khichdi,breakfast,323,13.3,55.8,2.3,vegetarian,south_indian,1,improve_stamina|carb_rich
Fruit Salad,snack,247,6.3,28.2,9.9,vegan,north_indian,1,balanced|beginner
Dal Rice,lunch,444,4.1,60.1,16.8,vegetarian,mixed,0,improve_stamina|carb_rich
Roti Sabji,dinner,386,5.4,61.5,9.8,vegetarian,mixed,0,balanced|beginner
Corn Chaat,snack,207,5.9,23.4,8.1,vegan,mixed,1,weight_loss|light
Mixed Veg Curry,dinner,531,14.2,62.9,11.4,vegetarian,mixed,1,weight_loss|light
Paneer Roti,lunch,527,6.4,77.4,15.1,vegetarian,north_indian,0,balanced|beginner
Protein Shake,snack,268,15.6,48.0,3.1,vegetarian,mixed,0,balanced|beginner
Protein Shake,snack,163,5.5,16.4,6.9,vegetarian,mixed,1,improve_stamina|carb_rich
Paneer Cubes,snack,235,6.3,29.8,11.2,vegetarian,north_indian,1,improve_stamina|carb_rich
Vegetable Khichdi,lunch,623,42.2,76.6,5.3,vegetarian,north_indian,1,muscle_gain|high_protein
Grilled Chicken,dinner,629,11.2,77.3,7.1,non_vegetarian,north_indian,0,improve_stamina|carb_rich
Oats with Milk,breakfast,402,6.2,42.8,14.7,vegetarian,north_indian,1,balanced|beginner
Paneer Roti,lunch,420,8.2,55.9,14.4,vegetarian,south_indian,0,improve_stamina|carb_rich
Dal Rice,lunch,388,6.5,32.6,13.4,vegetarian,mixed,1,weight_loss|light
Rajma Chawal,lunch,645,10.5,31.1,24.5,vegetarian,south_indian,0,improve_stamina|carb_rich
Protein Shake,snack,210,11.3,23.4,6.0,vegetarian,north_indian,1,muscle_gain|high_protein
Dal Rice,lunch,651,25.7,48.8,26.2,vegetarian,south_indian,0,balanced|beginner
Boiled Eggs,snack,134,6.2,10.1,6.4,non_vegetarian,mixed,1,weight_loss|light
Fish Curry Rice,lunch,669,18.2,52.2,12.0,non_vegetarian,south_indian,0,balanced|beginner
Dal Rice,lunch,635,22.6,30.0,21.3,vegetarian,north_indian,1,muscle_gain|high_protein
Sabudana Khichdi,breakfast,217,14.0,20.2,7.0,vegetarian,mixed,1,muscle_gain|high_protein
Fruit Bowl,breakfast,189,5.2,21.5,7.4,vegan,mixed,1,improve_stamina|carb_rich
Dal Rice,lunch,440,28.0,37.5,15.9,vegetarian,mixed,1,muscle_gain|high_protein
Corn Chaat,snack,95,3.0,13.8,2.2,vegan,mixed,1,improve_stamina|carb_rich
Tofu Scramble,breakfast,413,10.6,57.9,7.4,vegan,south_indian,1,weight_loss|light
Kadhi Rice,lunch,501,27.7,37.3,11.7,vegetarian,north_indian,1,muscle_gain|high_protein
Roasted Chana,snack,276,4.0,22.6,16.4,vegan,south_indian,0,improve_stamina|carb_rich
Roasted Chana,snack,87,5.0,10.1,2.2,vegan,south_indian,1,muscle_gain|high_protein
Egg Curry,dinner,377,12.0,53.3,16.9,non_vegetarian,north_indian,1,balanced|beginner
Fish Fry,dinner,602,19.5,80.7,10.3,non_vegetarian,north_indian,1,balanced|beginner
Egg Curry,dinner,358,19.0,37.7,12.5,non_vegetarian,mixed,1,weight_loss|light
Boiled Eggs,snack,293,11.7,24.5,13.8,non_vegetarian,mixed,1,weight_loss|light
Idli Sambar,breakfast,294,10.0,50.9,4.5,vegetarian,north_indian,1,balanced|beginner
Mixed Veg Curry,dinner,612,16.1,53.1,25.0,vegetarian,north_indian,0,weight_loss|light
Tofu Curry,dinner,618,27.5,53.2,20.4,vegan,mixed,1,weight_loss|light
Paneer Cubes,snack,197,2.8,28.8,6.1,vegetarian,north_indian,1,weight_loss|light
Upma,breakfast,249,3.7,30.1,10.4,vegetarian,mixed,1,balanced|beginner
Fruit Salad,snack,263,2.6,33.1,11.0,vegan,mixed,0,balanced|beginner
Roti Sabji,dinner,612,6.6,40.6,16.8,vegetarian,north_indian,0,weight_loss|light
Sprouts Salad,snack,94,1.1,14.1,2.8,vegan,north_indian,1,weight_loss|light
Vegetable Soup,dinner,543,63.3,34.1,6.2,vegan,mixed,1,muscle_gain|high_protein
Roasted Chana,snack,277,9.4,42.8,5.1,vegan,north_indian,0,balanced|beginner
Mixed Veg Curry,dinner,585,9.3,44.0,23.6,vegetarian,south_indian,0,balanced|beginner
Upma,breakfast,369,28.9,18.7,16.6,vegetarian,mixed,1,muscle_gain|high_protein
Fruit Salad,snack,294,4.6,37.6,11.3,vegan,north_indian,0,balanced|beginner
Tofu Stir Fry,lunch,370,17.9,36.5,13.7,vegan,north_indian,1,muscle_gain|high_protein
Protein Shake,snack,206,12.2,15.3,8.8,vegetarian,north_indian,1,improve_stamina|carb_rich
Idli Sambar,breakfast,304,14.9,28.9,11.6,vegetarian,north_indian,1,muscle_gain|high_protein
Peanut Chaat,snack,202,9.3,19.9,7.7,vegetarian,mixed,1,muscle_gain|high_protein
Rajma Chawal,lunch,470,11.6,48.2,21.1,vegetarian,north_indian,0,balanced|beginner
Kadhi Rice,lunch,663,15.9,63.8,16.4,vegetarian,north_indian,0,improve_stamina|carb_rich
Dal Rice,lunch,672,36.9,34.4,12.7,vegetarian,mixed,1,muscle_gain|high_protein
Paneer Bhurji,dinner,636,43.2,70.1,7.6,vegetarian,south_indian,1,muscle_gain|high_protein
Roti Sabji,dinner,612,21.6,44.3,16.5,vegetarian,mixed,1,muscle_gain|high_protein
Thepla,breakfast,235,6.8,22.9,10.8,vegetarian,north_indian,1,balanced|beginner
Paneer Bhurji,dinner,672,14.4,46.1,34.4,vegetarian,north_indian,0,improve_stamina|carb_rich
Fish Curry Rice,lunch,425,14.3,54.6,12.4,non_vegetarian,north_indian,1,balanced|beginner
Paneer Roti,lunch,590,31.3,65.9,10.6,vegetarian,south_indian,1,weight_loss|light
Paneer Cubes,snack,270,7.8,40.6,6.1,vegetarian,north_indian,0,balanced|beginner
Paneer Roti,lunch,508,38.8,39.9,7.3,vegetarian,south_indian,1,muscle_gain|high_protein
Fruit Salad,snack,239,8.8,15.4,13.7,vegan,south_indian,1,balanced|beginner
Kadhi Rice,lunch,647,29.8,73.8,12.9,vegetarian,north_indian,1,muscle_gain|high_protein
Pav Bhaji,lunch,393,10.6,23.9,13.1,vegetarian,mixed,0,balanced|beginner
Roti Sabji,dinner,556,19.3,36.1,21.5,vegetarian,mixed,1,weight_loss|light
Roasted Chana,snack,189,6.0,14.4,10.3,vegan,north_indian,1,improve_stamina|carb_rich
Vegetable Poha,breakfast,350,5.3,40.3,7.8,vegetarian,mixed,1,improve_stamina|carb_rich
Pav Bhaji,lunch,635,23.6,64.6,18.6,vegetarian,north_indian,1,improve_stamina|carb_rich
Tofu Scramble,breakfast,231,2.7,26.3,10.7,vegan,mixed,1,weight_loss|light
Thepla,breakfast,160,1.9,22.1,5.7,vegetarian,north_indian,1,weight_loss|light
Oats with Milk,breakfast,305,12.1,37.1,9.3,vegetarian,north_indian,1,weight_loss|light
Paneer Cubes,snack,154,2.6,20.9,5.3,vegetarian,north_indian,1,balanced|beginner
Paneer Cubes,snack,176,4.4,30.9,2.3,vegetarian,mixed,1,improve_stamina|carb_rich
Tofu Curry,dinner,686,11.1,82.0,21.1,vegan,south_indian,0,weight_loss|light
Protein Shake,snack,108,3.9,14.8,2.7,vegetarian,north_indian,1,balanced|beginner
Pav Bhaji,lunch,354,5.3,54.7,9.5,vegetarian,north_indian,1,weight_loss|light
Sabudana Khichdi,breakfast,257,8.2,30.5,9.0,vegetarian,mixed,1,improve_stamina|carb_rich
Roasted Chana,snack,111,7.9,12.4,2.3,vegan,north_indian,1,balanced|beginner
Tofu Stir Fry,lunch,594,5.3,40.3,17.4,vegan,north_indian,0,improve_stamina|carb_rich
Boiled Eggs,snack,288,13.0,27.2,18.0,non_vegetarian,north_indian,0,weight_loss|light
Fruit Salad,snack,286,10.8,29.1,11.5,vegan,north_indian,0,improve_stamina|carb_rich
Paneer Roti,lunch,435,5.5,71.4,14.0,vegetarian,mixed,0,improve_stamina|carb_rich
Rajma Chawal,lunch,548,10.8,62.6,15.5,vegetarian,mixed,0,improve_stamina|carb_rich
Peanut Chaat,snack,201,10.9,26.9,3.8,vegetarian,mixed,1,muscle_gain|high_protein
Thepla,breakfast,279,19.7,35.1,4.1,vegetarian,mixed,1,muscle_gain|high_protein
Fish Fry,dinner,440,19.6,66.0,7.1,non_vegetarian,south_indian,1,muscle_gain|high_protein
Peanut Chaat,snack,117,4.2,15.4,3.2,vegetarian,north_indian,1,weight_loss|light
Oats with Milk,breakfast,267,4.9,48.0,3.8,vegetarian,north_indian,1,improve_stamina|carb_rich
Protein Shake,snack,114,1.5,8.2,7.3,vegetarian,mixed,1,improve_stamina|carb_rich
Hyderabadi Biryani,lunch,645,24.0,78.2,9.9,non_vegetarian,mixed,1,muscle_gain|high_protein
Tofu Curry,dinner,512,30.7,52.3,10.8,vegan,mixed,1,muscle_gain|high_protein
Upma,breakfast,220,9.7,27.5,7.3,vegetarian,north_indian,1,weight_loss|light
Boiled Eggs,snack,266,9.1,23.0,12.9,non_vegetarian,north_indian,0,balanced|beginner
Tofu Stir Fry,lunch,632,8.5,78.8,24.0,vegan,north_indian,0,balanced|beginner
Upma,breakfast,213,11.8,32.0,2.3,vegetarian,north_indian,1,improve_stamina|carb_rich
Paneer Cubes,snack,201,4.6,27.5,6.3,vegetarian,north_indian,1,improve_stamina|carb_rich
Fruit Bowl,breakfast,287,6.2,52.1,5.6,vegan,north_indian,1,improve_stamina|carb_rich
Mixed Veg Curry,dinner,433,28.7,72.1,5.4,vegetarian,north_indian,1,muscle_gain|high_protein
Rajma Chawal,lunch,567,6.0,61.2,17.7,vegetarian,south_indian,0,balanced|beginner
Sprouts Salad,snack,80,3.1,10.5,2.1,vegan,north_indian,1,balanced|beginner
Buttermilk,snack,174,11.7,14.7,6.1,vegetarian,north_indian,1,muscle_gain|high_protein
Paneer Roti,lunch,417,7.0,53.3,15.8,vegetarian,north_indian,0,balanced|beginner
Tofu Scramble,breakfast,346,11.7,29.0,6.2,vegan,south_indian,1,improve_stamina|carb_rich
Tofu Scramble,breakfast,360,12.0,35.3,22.1,vegan,south_indian,0,improve_stamina|carb_rich
Roasted Chana,snack,80,2.3,10.6,2.4,vegan,north_indian,1,weight_loss|light
Paneer Roti,lunch,542,16.3,39.8,21.9,vegetarian,mixed,1,improve_stamina|carb_rich
Hyderabadi Biryani,lunch,380,8.5,68.8,8.4,non_vegetarian,mixed,1,weight_loss|light
Pav Bhaji,lunch,699,17.2,70.3,6.7,vegetarian,mixed,0,balanced|beginner
Masala Omelette,breakfast,199,10.2,17.7,8.0,non_vegetarian,north_indian,1,weight_loss|light
Paneer Bhurji,dinner,412,8.7,43.5,13.8,vegetarian,mixed,0,improve_stamina|carb_rich
Rajma Chawal,lunch,484,11.8,75.7,16.7,vegetarian,south_indian,0,balanced|beginner
Dal Tadka,dinner,628,34.6,65.8,11.9,vegetarian,mixed,1,muscle_gain|high_protein
Sprouts Salad,snack,182,2.8,27.2,5.3,vegan,north_indian,1,weight_loss|light
Buttermilk,snack,239,9.8,18.8,11.7,vegetarian,south_indian,1,balanced|beginner
Fish Fry,dinner,360,19.5,56.9,5.3,non_vegetarian,mixed,1,balanced|beginner
Fish Fry,dinner,638,39.3,44.8,22.8,non_vegetarian,mixed,0,muscle_gain|high_protein
Buttermilk,snack,178,11.2,16.3,6.0,vegetarian,north_indian,1,muscle_gain|high_protein
Corn Chaat,snack,96,2.8,14.5,2.1,vegan,north_indian,1,weight_loss|light
Tofu Stir Fry,lunch,669,10.1,57.8,22.0,vegan,north_indian,0,weight_loss|light
Tofu Scramble,breakfast,359,16.4,33.1,17.8,vegan,south_indian,1,improve_stamina|carb_rich
Paneer Cubes,snack,95,2.3,12.5,3.1,vegetarian,mixed,1,balanced|beginner
Vegetable Soup,dinner,551,10.7,63.1,19.3,vegan,north_indian,0,balanced|beginner
Dal Tadka,dinner,466,12.2,31.0,11.5,vegetarian,north_indian,1,weight_loss|light
Roti Sabji,dinner,671,5.2,72.3,14.5,vegetarian,mixed,0,improve_stamina|carb_rich
Sabudana Khichdi,breakfast,361,21.5,29.1,14.4,vegetarian,mixed,1,muscle_gain|high_protein
Roasted Chana,snack,293,9.2,48.3,7.6,vegan,north_indian,1,weight_loss|light
Fruit Bowl,breakfast,389,9.4,52.9,6.4,vegan,south_indian,1,weight_loss|light
Roasted Chana,snack,112,4.0,16.6,2.3,vegan,mixed,1,weight_loss|light
Dal Tadka,dinner,460,8.3,49.2,20.4,vegetarian,mixed,0,balanced|beginner
Tofu Stir Fry,lunch,630,19.5,43.6,14.0,vegan,north_indian,1,improve_stamina|carb_rich
Tofu Stir Fry,lunch,368,11.7,45.7,14.0,vegan,mixed,0,balanced|beginner
Masala Omelette,breakfast,328,13.2,33.3,10.9,non_vegetarian,north_indian,1,improve_stamina|carb_rich
Vegetable Poha,breakfast,345,18.4,63.7,6.5,vegetarian,north_indian,1,improve_stamina|carb_rich
Vegetable Soup,dinner,615,19.8,64.7,18.5,vegan,north_indian,1,balanced|beginner
Corn Chaat,snack,228,10.7,32.9,3.9,vegan,mixed,1,weight_loss|light
Dal Tadka,dinner,679,43.1,79.7,21.3,vegetarian,north_indian,0,muscle_gain|high_protein
Grilled Chicken,dinner,382,10.9,55.5,9.5,non_vegetarian,south_indian,1,weight_loss|light
Roti Sabji,dinner,529,10.6,59.7,11.2,vegetarian,south_indian,0,balanced|beginner
Protein Shake,snack,92,6.2,10.5,2.0,vegetarian,mixed,1,balanced|beginner
Dal Rice,lunch,680,29.4,73.8,16.1,vegetarian,south_indian,0,improve_stamina|carb_rich
Paneer Bhurji,dinner,442,8.5,76.9,15.0,vegetarian,north_indian,0,weight_loss|light
Sabudana Khichdi,breakfast,377,6.7,42.6,6.4,vegetarian,north_indian,1,improve_stamina|carb_rich
Mixed Veg Curry,dinner,384,6.6,43.5,17.0,vegetarian,north_indian,0,balanced|beginner
Dal Tadka,dinner,387,11.7,58.0,11.2,vegetarian,mixed,0,improve_stamina|carb_rich
Fruit Salad,snack,186,3.8,24.6,6.4,vegan,north_indian,1,improve_stamina|carb_rich
Grilled Chicken,dinner,382,30.7,24.0,13.4,non_vegetarian,north_indian,1,muscle_gain|high_protein
Buttermilk,snack,200,6.5,17.5,9.8,vegetarian,mixed,1,weight_loss|light
Oats with Milk,breakfast,436,8.5,45.1,19.9,vegetarian,mixed,0,improve_stamina|carb_rich
Boiled Eggs,snack,296,15.1,41.5,7.7,non_vegetarian,south_indian,0,improve_stamina|carb_rich
Buttermilk,snack,93,2.9,9.3,4.1,vegetarian,north_indian,1,balanced|beginner
Sabudana Khichdi,breakfast,380,14.2,77.7,6.7,vegetarian,north_indian,1,improve_stamina|carb_rich
Dal Rice,lunch,459,31.2,42.9,24.8,vegetarian,mixed,0,muscle_gain|high_protein
Egg Curry,dinner,668,21.3,61.6,6.1,non_vegetarian,mixed,1,muscle_gain|high_protein
Buttermilk,snack,175,12.7,20.0,3.3,vegetarian,north_indian,1,improve_stamina|carb_rich
Paneer Roti,lunch,501,5.2,63.4,17.4,vegetarian,north_indian,0,weight_loss|light
Protein Shake,snack,245,3.6,48.3,1.9,vegetarian,north_indian,1,improve_stamina|carb_rich
Kadhi Rice,lunch,688,35.2,58.6,21.0,vegetarian,mixed,0,balanced|beginner
Hyderabadi Biryani,lunch,651,20.2,79.7,14.9,non_vegetarian,mixed,0,balanced|beginner
Chicken Curry Rice,lunch,520,7.0,68.5,13.3,non_vegetarian,south_indian,0,weight_loss|light
Protein Shake,snack,184,7.1,20.4,6.6,vegetarian,north_indian,1,improve_stamina|carb_rich
Egg Curry,dinner,433,14.6,66.6,11.0,non_vegetarian,south_indian,1,improve_stamina|carb_rich
Vegetable Khichdi,lunch,611,17.0,90.6,7.8,vegetarian,mixed,1,balanced|beginner
Mixed Veg Curry,dinner,482,13.9,51.4,13.6,vegetarian,north_indian,1,improve_stamina|carb_rich
Corn Chaat,snack,104,5.1,15.6,1.4,vegan,north_indian,1,balanced|beginner
Corn Chaat,snack,294,22.2,16.6,12.8,vegan,north_indian,1,muscle_gain|high_protein
Vegetable Khichdi,lunch,493,18.5,43.3,17.5,vegetarian,north_indian,1,weight_loss|light
Paneer Bhurji,dinner,504,33.0,54.3,7.7,vegetarian,mixed,1,muscle_gain|high_protein
Vegetable Khichdi,lunch,479,8.9,70.0,10.2,vegetarian,south_indian,0,weight_loss|light
Paneer Roti,lunch,598,16.6,56.3,22.1,vegetarian,south_indian,0,balanced|beginner
Sabudana Khichdi,breakfast,435,12.3,33.6,6.7,vegetarian,north_indian,0,weight_loss|light
Fish Fry,dinner,418,6.7,78.1,15.5,non_vegetarian,north_indian,0,weight_loss|light
Paneer Roti,lunch,652,12.6,56.5,12.9,vegetarian,mixed,0,balanced|beginner
Paneer Cubes,snack,196,12.2,10.7,9.9,vegetarian,north_indian,1,muscle_gain|high_protein
Fish Fry,dinner,435,19.1,51.4,18.9,non_vegetarian,south_indian,1,weight_loss|light
Roti Sabji,dinner,556,19.1,40.3,24.0,vegetarian,north_indian,0,improve_stamina|carb_rich
Masala Omelette,breakfast,334,11.7,42.2,16.1,non_vegetarian,north_indian,1,weight_loss|light
Chicken Curry Rice,lunch,450,11.1,39.8,22.1,non_vegetarian,south_indian,0,weight_loss|light
Roti Sabji,dinner,397,19.3,39.8,20.0,vegetarian,north_indian,1,weight_loss|light
Hyderabadi Biryani,lunch,358,9.1,42.9,13.5,non_vegetarian,mixed,1,weight_loss|light
Sabudana Khichdi,breakfast,368,14.0,27.3,21.2,vegetarian,south_indian,0,balanced|beginner
Protein Shake,snack,229,9.8,26.1,7.5,vegetarian,north_indian,1,muscle_gain|high_protein
Fruit Bowl,breakfast,155,5.3,13.1,7.7,vegan,north_indian,0,balanced|beginner
Idli Sambar,breakfast,241,7.7,27.0,9.2,vegetarian,north_indian,1,improve_stamina|carb_rich
Paneer Roti,lunch,646,39.4,37.1,23.1,vegetarian,north_indian,0,muscle_gain|high_protein
Roasted Chana,snack,126,4.3,11.6,5.8,vegan,north_indian,1,balanced|beginner
Fruit Salad,snack,115,3.8,16.3,2.8,vegan,south_indian,1,balanced|beginner
Protein Shake,snack,151,4.0,25.1,2.5,vegetarian,north_indian,1,improve_stamina|carb_rich
Thepla,breakfast,416,26.0,42.7,7.4,vegetarian,north_indian,1,weight_loss|light
Chicken Curry Rice,lunch,635,18.3,35.8,24.9,non_vegetarian,north_indian,0,balanced|beginner
Oats with Milk,breakfast,160,6.6,17.7,5.6,vegetarian,mixed,0,muscle_gain|high_protein
Vegetable Poha,breakfast,286,10.4,22.4,14.7,vegetarian,south_indian,1,weight_loss|light
Grilled Chicken,dinner,369,11.7,42.9,13.4,non_vegetarian,north_indian,0,balanced|beginner
Vegetable Soup,dinner,584,14.8,75.1,4.8,vegan,south_indian,1,balanced|beginner
Kadhi Rice,lunch,352,9.6,43.0,12.6,vegetarian,north_indian,0,balanced|beginner
Dal Rice,lunch,412,17.9,62.3,16.4,vegetarian,mixed,1,improve_stamina|carb_rich
Fish Fry,dinner,390,18.4,36.4,19.5,non_vegetarian,mixed,1,muscle_gain|high_protein
Upma,breakfast,381,20.1,37.4,13.4,vegetarian,north_indian,1,muscle_gain|high_protein
Kadhi Rice,lunch,682,27.5,49.9,27.7,vegetarian,mixed,0,improve_stamina|carb_rich
Mixed Veg Curry,dinner,648,29.5,59.8,5.0,vegetarian,mixed,1,muscle_gain|high_protein
Idli Sambar,breakfast,215,7.3,26.7,6.9,vegetarian,north_indian,1,weight_loss|light
Vegetable Soup,dinner,657,16.7,84.1,15.1,vegan,mixed,0,weight_loss|light
Kadhi Rice,lunch,441,8.4,74.6,9.6,vegetarian,mixed,0,balanced|beginner
Idli Sambar,breakfast,421,13.8,29.4,10.6,vegetarian,mixed,0,weight_loss|light
Fruit Salad,snack,243,4.7,40.0,5.0,vegan,mixed,1,weight_loss|light
Tofu Scramble,breakfast,278,11.8,45.9,2.8,vegan,north_indian,1,weight_loss|light
Protein Shake,snack,150,2.9,21.5,4.5,vegetarian,mixed,1,balanced|beginner
Dal Rice,lunch,411,11.6,79.3,3.6,vegetarian,north_indian,1,weight_loss|light
Sabudana Khichdi,breakfast,398,10.9,54.3,4.5,vegetarian,north_indian,1,weight_loss|light
Fruit Salad,snack,211,10.0,21.6,7.5,vegan,mixed,1,improve_stamina|carb_rich
Protein Shake,snack,123,3.0,16.4,3.9,vegetarian,mixed,1,balanced|beginner
Corn Chaat,snack,186,13.2,15.4,6.3,vegan,north_indian,1,weight_loss|light
Upma,breakfast,394,18.3,44.8,10.9,vegetarian,north_indian,1,improve_stamina|carb_rich
Paneer Bhurji,dinner,635,10.6,29.5,23.0,vegetarian,south_indian,0,weight_loss|light
Vegetable Khichdi,lunch,375,21.4,45.9,8.4,vegetarian,south_indian,1,muscle_gain|high_protein
Fish Fry,dinner,471,37.2,53.6,8.8,non_vegetarian,mixed,1,muscle_gain|high_protein
Fish Curry Rice,lunch,604,30.5,73.1,9.0,non_vegetarian,south_indian,1,balanced|beginner
Sabudana Khichdi,breakfast,153,3.5,15.9,7.0,vegetarian,north_indian,0,balanced|beginner
Dal Rice,lunch,636,19.1,63.0,15.8,vegetarian,north_indian,1,balanced|beginner
Masala Omelette,breakfast,248,13.6,28.8,6.5,non_vegetarian,north_indian,1,muscle_gain|high_protein
Tofu Stir Fry,lunch,554,14.7,76.5,9.9,vegan,mixed,1,balanced|beginner
Roasted Chana,snack,215,8.9,33.9,3.0,vegan,mixed,1,balanced|beginner
Fruit Bowl,breakfast,291,13.0,47.4,2.9,vegan,north_indian,1,balanced|beginner
Chicken Curry Rice,lunch,472,8.1,64.6,23.7,non_vegetarian,south_indian,0,improve_stamina|carb_rich
Vegetable Soup,dinner,608,9.4,71.6,7.5,vegan,mixed,0,weight_loss|light
Corn Chaat,snack,244,5.9,25.1,11.2,vegan,north_indian,1,improve_stamina|carb_rich
Fish Curry Rice,lunch,491,5.6,36.0,11.9,non_vegetarian,mixed,0,improve_stamina|carb_rich
Corn Chaat,snack,148,3.7,25.9,2.0,vegan,north_indian,1,weight_loss|light
Dal Rice,lunch,469,21.3,43.6,10.0,vegetarian,north_indian,1,muscle_gain|high_protein
Sprouts Salad,snack,162,3.3,19.5,6.4,vegan,north_indian,1,balanced|beginner
Masala Omelette,breakfast,272,9.2,17.7,15.8,non_vegetarian,north_indian,1,improve_stamina|carb_rich
Oats with Milk,breakfast,291,4.4,36.9,11.4,vegetarian,south_indian,1,weight_loss|light
Fruit Salad,snack,115,2.2,14.8,4.2,vegan,north_indian,1,balanced|beginner
Peanut Chaat,snack,226,20.3,20.6,4.9,vegetarian,north_indian,1,muscle_gain|high_protein
Pav Bhaji,lunch,440,5.1,56.4,4.5,vegetarian,mixed,0,weight_loss|light
Oats with Milk,breakfast,336,13.5,29.4,15.3,vegetarian,south_indian,1,muscle_gain|high_protein
Oats with Milk,breakfast,440,17.5,36.3,14.2,vegetarian,north_indian,0,weight_loss|light
Sabudana Khichdi,breakfast,321,10.8,34.5,12.7,vegetarian,south_indian,1,muscle_gain|high_protein
Tofu Curry,dinner,575,21.9,48.6,21.1,vegan,north_indian,1,weight_loss|light
Mixed Veg Curry,dinner,636,23.5,58.5,11.5,vegetarian,mixed,1,muscle_gain|high_protein
Masala Omelette,breakfast,448,31.8,41.4,13.3,non_vegetarian,mixed,1,muscle_gain|high_protein
Fruit Bowl,breakfast,345,3.6,55.3,9.0,vegan,mixed,1,weight_loss|light
Idli Sambar,breakfast,439,29.5,45.3,12.9,vegetarian,south_indian,1,muscle_gain|high_protein
Dal Rice,lunch,672,10.7,63.9,20.2,vegetarian,mixed,0,balanced|beginner
Paneer Sandwich,breakfast,212,15.4,27.0,2.9,vegetarian,south_indian,1,muscle_gain|high_protein
Egg Curry,dinner,646,31.8,85.5,6.7,non_vegetarian,north_indian,1,weight_loss|light
Vegetable Khichdi,lunch,449,8.5,79.8,16.2,vegetarian,north_indian,0,balanced|beginner
Vegetable Poha,breakfast,345,16.0,48.2,5.9,vegetarian,north_indian,1,balanced|beginner
Chicken Curry Rice,lunch,550,10.8,66.0,5.1,non_vegetarian,south_indian,0,improve_stamina|carb_rich
Paneer Sandwich,breakfast,325,21.0,27.3,11.8,vegetarian,north_indian,1,muscle_gain|high_protein
Paneer Bhurji,dinner,480,43.1,48.7,6.5,vegetarian,north_indian,1,muscle_gain|high_protein
Peanut Chaat,snack,115,1.7,22.5,1.0,vegetarian,mixed,1,improve_stamina|carb_rich
Boiled Eggs,snack,269,21.4,27.0,6.0,non_vegetarian,mixed,1,muscle_gain|high_protein
Upma,breakfast,255,7.2,28.8,10.1,vegetarian,south_indian,1,weight_loss|light
Vegetable Poha,breakfast,177,7.3,24.4,4.0,vegetarian,north_indian,1,weight_loss|light
Paneer Sandwich,breakfast,258,19.6,28.9,4.8,vegetarian,north_indian,1,muscle_gain|high_protein
Masala Omelette,breakfast,315,4.4,53.3,6.5,non_vegetarian,mixed,1,weight_loss|light
Protein Shake,snack,203,5.4,16.1,11.2,vegetarian,mixed,1,weight_loss|light
Dal Rice,lunch,461,10.2,68.7,22.9,vegetarian,mixed,0,improve_stamina|carb_rich
Paneer Cubes,snack,216,13.1,32.4,1.8,vegetarian,north_indian,1,muscle_gain|high_protein
Vegetable Khichdi,lunch,572,38.0,47.7,14.0,vegetarian,north_indian,1,muscle_gain|high_protein
Vegetable Poha,breakfast,194,5.2,18.9,9.1,vegetarian,south_indian,1,weight_loss|light
Peanut Chaat,snack,256,13.3,22.7,8.9,vegetarian,south_indian,1,improve_stamina|carb_rich
Fruit Bowl,breakfast,375,15.2,44.6,13.7,vegan,north_indian,1,weight_loss|light
Kadhi Rice,lunch,410,12.6,26.3,13.8,vegetarian,north_indian,1,weight_loss|light
Tofu Scramble,breakfast,258,10.6,17.3,14.0,vegan,north_indian,1,weight_loss|light
Pav Bhaji,lunch,573,19.2,37.3,10.3,vegetarian,north_indian,1,weight_loss|light
Paneer Cubes,snack,241,7.1,29.5,8.4,vegetarian,north_indian,1,improve_stamina|carb_rich
Masala Omelette,breakfast,378,4.3,47.7,15.5,non_vegetarian,north_indian,1,weight_loss|light
Protein Shake,snack,83,3.2,12.4,1.6,vegetarian,mixed,1,improve_stamina|carb_rich
Dal Rice,lunch,468,23.0,55.2,13.1,vegetarian,north_indian,1,muscle_gain|high_protein
Protein Shake,snack,95,1.2,10.3,4.6,vegetarian,north_indian,1,balanced|beginner
Sabudana Khichdi,breakfast,163,3.4,27.1,3.1,vegetarian,north_indian,0,balanced|beginner
Corn Chaat,snack,183,10.7,15.5,7.1,vegan,north_indian,1,muscle_gain|high_protein
Kadhi Rice,lunch,572,24.0,74.7,4.8,vegetarian,south_indian,1,muscle_gain|high_protein
Sabudana Khichdi,breakfast,236,6.8,29.4,8.1,vegetarian,mixed,1,balanced|beginner
Paneer Sandwich,breakfast,234,5.4,34.4,6.2,vegetarian,north_indian,1,weight_loss|light
Paneer Bhurji,dinner,541,26.5,74.2,19.7,vegetarian,mixed,1,muscle_gain|high_protein
Tofu Scramble,breakfast,273,7.2,37.2,8.2,vegan,south_indian,1,balanced|beginner
Roti Sabji,dinner,410,5.9,39.6,24.3,vegetarian,north_indian,0,balanced|beginner
Rajma Chawal,lunch,600,10.3,32.6,20.8,vegetarian,mixed,0,balanced|beginner
Roasted Chana,snack,242,9.0,33.4,5.9,vegan,north_indian,1,weight_loss|light
Fruit Salad,snack,195,2.3,25.6,7.5,vegan,north_indian,1,balanced|beginner
Paneer Sandwich,breakfast,298,6.5,45.9,7.2,vegetarian,mixed,1,balanced|beginner
Roasted Chana,snack,158,14.7,13.7,3.5,vegan,south_indian,1,muscle_gain|high_protein
Paneer Roti,lunch,631,14.3,39.0,20.4,vegetarian,mixed,1,weight_loss|light
Upma,breakfast,251,26.6,21.8,4.7,vegetarian,south_indian,1,muscle_gain|high_protein
Paneer Roti,lunch,557,5.1,61.2,8.1,vegetarian,mixed,0,improve_stamina|carb_rich
Fruit Bowl,breakfast,229,21.3,19.8,5.1,vegan,north_indian,1,muscle_gain|high_protein
Tofu Curry,dinner,458,10.8,21.8,22.1,vegan,north_indian,0,improve_stamina|carb_rich
Roasted Chana,snack,89,4.5,9.7,2.8,vegan,mixed,1,muscle_gain|high_protein
Corn Chaat,snack,124,4.1,15.6,3.9,vegan,north_indian,1,weight_loss|light
Egg Curry,dinner,517,44.5,25.0,24.2,non_vegetarian,mixed,0,muscle_gain|high_protein
Tofu Scramble,breakfast,409,12.2,40.5,3.6,vegan,north_indian,1,balanced|beginner
Kadhi Rice,lunch,416,17.7,69.8,6.3,vegetarian,mixed,1,balanced|beginner
Paneer Sandwich,breakfast,265,20.3,15.6,11.1,vegetarian,north_indian,1,muscle_gain|high_protein
Buttermilk,snack,220,16.8,35.6,3.2,vegetarian,mixed,1,improve_stamina|carb_rich
Vegetable Khichdi,lunch,362,14.6,56.3,14.2,vegetarian,mixed,1,weight_loss|light
Tofu Curry,dinner,658,22.5,57.1,24.6,vegan,north_indian,0,balanced|beginner
Paneer Roti,lunch,571,22.3,48.7,15.1,vegetarian,south_indian,1,muscle_gain|high_protein
Chicken Curry Rice,lunch,562,11.5,58.0,9.0,non_vegetarian,north_indian,0,improve_stamina|carb_rich
Chicken Curry Rice,lunch,593,22.8,67.9,13.7,non_vegetarian,south_indian,1,weight_loss|light
Paneer Roti,lunch,668,25.2,43.7,30.2,vegetarian,north_indian,0,balanced|beginner
Peanut Chaat,snack,208,10.3,16.0,9.6,vegetarian,north_indian,1,balanced|beginner
Sprouts Salad,snack,121,3.3,13.8,4.7,vegan,south_indian,1,improve_stamina|carb_rich
Egg Curry,dinner,503,38.3,51.0,19.0,non_vegetarian,north_indian,1,muscle_gain|high_protein
Tofu Scramble,breakfast,189,4.3,33.3,2.6,vegan,north_indian,1,weight_loss|light
Thepla,breakfast,256,18.5,19.4,9.3,vegetarian,south_indian,1,muscle_gain|high_protein
Fruit Salad,snack,117,3.9,12.4,4.7,vegan,north_indian,1,balanced|beginner
Sabudana Khichdi,breakfast,352,19.7,38.5,10.1,vegetarian,mixed,1,muscle_gain|high_protein
Grilled Chicken,dinner,445,26.7,57.3,4.8,non_vegetarian,north_indian,1,muscle_gain|high_protein
Paneer Roti,lunch,487,11.1,42.0,20.8,vegetarian,north_indian,0,weight_loss|light
Mixed Veg Curry,dinner,663,11.2,70.4,9.5,vegetarian,north_indian,0,weight_loss|light
Oats with Milk,breakfast,283,26.9,23.0,6.8,vegetarian,north_indian,1,muscle_gain|high_protein
Tofu Stir Fry,lunch,359,8.3,45.6,12.8,vegan,south_indian,1,weight_loss|light
Vegetable Khichdi,lunch,415,12.8,41.7,9.6,vegetarian,mixed,1,improve_stamina|carb_rich
Dal Tadka,dinner,644,43.2,49.0,17.7,vegetarian,mixed,1,muscle_gain|high_protein
Grilled Chicken,dinner,534,15.9,65.0,17.2,non_vegetarian,mixed,1,balanced|beginner
Tofu Curry,dinner,564,9.8,88.7,7.6,vegan,north_indian,0,weight_loss|light
Paneer Sandwich,breakfast,286,9.4,32.8,10.5,vegetarian,north_indian,1,balanced|beginner
Tofu Scramble,breakfast,321,19.9,37.5,10.7,vegan,north_indian,1,weight_loss|light
Tofu Stir Fry,lunch,634,30.7,50.7,4.4,vegan,north_indian,1,muscle_gain|high_protein
Chicken Curry Rice,lunch,534,12.4,81.2,7.1,non_vegetarian,mixed,1,improve_stamina|carb_rich
Buttermilk,snack,203,12.5,15.1,8.5,vegetarian,south_indian,1,muscle_gain|high_protein
Fruit Salad,snack,220,12.9,21.9,7.0,vegan,north_indian,1,muscle_gain|high_protein
Tofu Stir Fry,lunch,529,12.2,73.7,10.0,vegan,mixed,1,improve_stamina|carb_rich
Tofu Curry,dinner,551,19.7,55.8,24.4,vegan,south_indian,0,improve_stamina|carb_rich
Tofu Curry,dinner,357,22.7,40.3,14.1,vegan,north_indian,1,muscle_gain|high_protein
Thepla,breakfast,153,5.3,17.1,5.7,vegetarian,north_indian,1,weight_loss|light
Idli Sambar,breakfast,389,8.3,40.6,17.7,vegetarian,north_indian,1,balanced|beginner
Rajma Chawal,lunch,402,25.1,72.7,6.5,vegetarian,mixed,1,muscle_gain|high_protein
Egg Curry,dinner,674,33.5,28.2,21.7,non_vegetarian,mixed,0,muscle_gain|high_protein
Boiled Eggs,snack,122,5.5,15.2,3.3,non_vegetarian,south_indian,1,improve_stamina|carb_rich
Paneer Roti,lunch,353,13.3,33.3,18.0,vegetarian,south_indian,1,balanced|beginner
Paneer Sandwich,breakfast,156,6.5,26.1,1.5,vegetarian,north_indian,1,weight_loss|light
Idli Sambar,breakfast,260,11.4,24.0,10.9,vegetarian,mixed,1,improve_stamina|carb_rich
Masala Omelette,breakfast,311,7.6,62.1,7.1,non_vegetarian,north_indian,1,weight_loss|light
Corn Chaat,snack,118,4.6,7.9,6.5,vegan,mixed,1,improve_stamina|carb_rich
Buttermilk,snack,174,7.4,17.1,6.9,vegetarian,mixed,1,balanced|beginner
Oats with Milk,breakfast,336,10.7,45.3,9.5,vegetarian,north_indian,1,improve_stamina|carb_rich
Masala Omelette,breakfast,157,4.1,16.5,6.9,non_vegetarian,mixed,1,weight_loss|light
Peanut Chaat,snack,185,5.8,28.4,3.7,vegetarian,mixed,1,balanced|beginner
Grilled Chicken,dinner,698,24.0,90.3,12.8,non_vegetarian,north_indian,0,weight_loss|light
Corn Chaat,snack,97,2.2,11.1,4.0,vegan,north_indian,1,balanced|beginner
Pav Bhaji,lunch,638,12.2,54.8,12.9,vegetarian,north_indian,1,balanced|beginner
Upma,breakfast,353,21.9,26.4,14.6,vegetarian,north_indian,1,muscle_gain|high_protein
Thepla,breakfast,439,11.8,52.1,12.9,vegetarian,mixed,0,weight_loss|light
Buttermilk,snack,126,3.5,13.3,5.4,vegetarian,north_indian,1,weight_loss|light
Chicken Curry Rice,lunch,487,5.8,55.2,22.7,non_vegetarian,north_indian,0,weight_loss|light
Buttermilk,snack,221,5.2,31.8,6.2,vegetarian,south_indian,1,improve_stamina|carb_rich
Sprouts Salad,snack,273,3.8,33.9,11.1,vegan,south_indian,0,balanced|beginner
Corn Chaat,snack,243,18.0,26.9,4.9,vegan,south_indian,1,muscle_gain|high_protein
Dal Tadka,dinner,393,14.8,56.8,5.5,vegetarian,north_indian,1,weight_loss|light
Corn Chaat,snack,199,3.4,26.8,6.9,vegan,mixed,1,balanced|beginner
Fruit Salad,snack,230,11.9,23.5,7.8,vegan,mixed,1,improve_stamina|carb_rich
Mixed Veg Curry,dinner,506,13.5,53.2,15.6,vegetarian,south_indian,1,weight_loss|light
Peanut Chaat,snack,84,2.4,10.5,2.8,vegetarian,north_indian,1,weight_loss|light
Fruit Salad,snack,98,1.7,12.3,3.8,vegan,north_indian,1,weight_loss|light
Idli Sambar,breakfast,443,12.7,52.6,24.7,vegetarian,north_indian,0,weight_loss|light
Oats with Milk,breakfast,366,12.7,31.9,20.2,vegetarian,north_indian,0,improve_stamina|carb_rich
Corn Chaat,snack,102,8.9,10.4,1.8,vegan,north_indian,1,muscle_gain|high_protein
Fish Fry,dinner,516,5.9,73.9,9.5,non_vegetarian,north_indian,0,balanced|beginner
Masala Omelette,breakfast,343,5.7,20.5,11.7,non_vegetarian,south_indian,1,balanced|beginner
Roti Sabji,dinner,405,15.7,70.2,9.8,vegetarian,north_indian,1,improve_stamina|carb_rich
Tofu Stir Fry,lunch,548,16.0,41.5,24.4,vegan,north_indian,0,balanced|beginner
Paneer Bhurji,dinner,521,16.2,24.2,14.3,vegetarian,north_indian,1,improve_stamina|carb_rich
Paneer Sandwich,breakfast,288,17.3,39.3,4.3,vegetarian,mixed,1,muscle_gain|high_protein
Sabudana Khichdi,breakfast,297,11.5,43.2,6.1,vegetarian,north_indian,1,improve_stamina|carb_rich
Fruit Salad,snack,297,21.4,17.0,13.3,vegan,north_indian,1,muscle_gain|high_protein
Vegetable Poha,breakfast,173,2.4,21.4,7.1,vegetarian,north_indian,0,improve_stamina|carb_rich
Hyderabadi Biryani,lunch,505,14.4,68.6,12.9,non_vegetarian,north_indian,1,balanced|beginner
Thepla,breakfast,320,9.3,38.8,11.3,vegetarian,north_indian,1,balanced|beginner
Paneer Bhurji,dinner,584,32.3,68.8,6.1,vegetarian,north_indian,1,muscle_gain|high_protein
Sabudana Khichdi,breakfast,307,12.0,41.9,7.4,vegetarian,south_indian,1,improve_stamina|carb_rich
Protein Shake,snack,170,4.1,25.6,4.2,vegetarian,south_indian,1,improve_stamina|carb_rich
Dal Rice,lunch,646,18.1,48.7,17.8,vegetarian,north_indian,1,balanced|beginner
Paneer Bhurji,dinner,416,7.5,37.7,20.1,vegetarian,north_indian,0,improve_stamina|carb_rich
Boiled Eggs,snack,94,3.4,13.0,2.3,non_vegetarian,north_indian,1,muscle_gain|high_protein
Paneer Bhurji,dinner,392,11.9,43.6,23.2,vegetarian,mixed,0,improve_stamina|carb_rich
Kadhi Rice,lunch,399,29.3,23.7,17.2,vegetarian,north_indian,1,muscle_gain|high_protein
Fruit Salad,snack,127,7.3,12.7,4.1,vegan,south_indian,1,muscle_gain|high_protein
Tofu Curry,dinner,682,36.1,74.5,5.9,vegan,north_indian,1,muscle_gain|high_protein
Idli Sambar,breakfast,237,14.0,24.8,7.0,vegetarian,south_indian,1,muscle_gain|high_protein
Chicken Curry Rice,lunch,527,8.9,50.3,6.9,non_vegetarian,mixed,0,weight_loss|light
Kadhi Rice,lunch,366,7.8,48.5,11.6,vegetarian,north_indian,0,improve_stamina|carb_rich
Tofu Stir Fry,lunch,526,14.5,50.1,12.1,vegan,mixed,1,weight_loss|light
Kadhi Rice,lunch,587,35.3,52.8,14.3,vegetarian,north_indian,1,balanced|beginner
Chicken Curry Rice,lunch,580,19.4,48.3,22.7,non_vegetarian,north_indian,0,balanced|beginner
Tofu Curry,dinner,401,22.4,43.4,7.3,vegan,north_indian,1,balanced|beginner
Fish Curry Rice,lunch,358,13.8,35.5,14.7,non_vegetarian,north_indian,1,muscle_gain|high_protein
Rajma Chawal,lunch,608,19.2,36.7,15.1,vegetarian,north_indian,1,weight_loss|light
Roasted Chana,snack,295,24.0,23.2,9.2,vegan,mixed,1,muscle_gain|high_protein
Roasted Chana,snack,119,7.9,17.8,0.7,vegan,north_indian,1,muscle_gain|high_protein
Mixed Veg Curry,dinner,368,18.0,38.4,12.6,vegetarian,mixed,1,muscle_gain|high_protein
Fruit Bowl,breakfast,445,25.5,47.2,13.2,vegan,mixed,1,muscle_gain|high_protein
Grilled Chicken,dinner,540,14.5,37.5,16.5,non_vegetarian,mixed,1,balanced|beginner
Sabudana Khichdi,breakfast,175,8.3,21.7,4.6,vegetarian,mixed,1,weight_loss|light
Oats with Milk,breakfast,318,6.8,41.8,10.9,vegetarian,north_indian,1,weight_loss|light
Buttermilk,snack,139,6.0,13.8,5.4,vegetarian,north_indian,1,muscle_gain|high_protein
Kadhi Rice,lunch,570,22.2,30.3,19.8,vegetarian,north_indian,1,muscle_gain|high_protein
Fish Fry,dinner,426,11.0,59.0,12.4,non_vegetarian,north_indian,0,improve_stamina|carb_rich
Grilled Chicken,dinner,403,18.6,35.1,17.3,non_vegetarian,mixed,1,muscle_gain|high_protein
Vegetable Soup,dinner,580,15.1,47.9,18.3,vegan,north_indian,1,improve_stamina|carb_rich
Paneer Cubes,snack,81,2.1,6.5,4.5,vegetarian,north_indian,1,weight_loss|light
Mixed Veg Curry,dinner,625,10.7,79.3,22.2,vegetarian,north_indian,0,balanced|beginner
Rajma Chawal,lunch,446,31.5,51.1,18.0,vegetarian,mixed,1,muscle_gain|high_protein
Fish Fry,dinner,556,10.6,68.2,18.6,non_vegetarian,north_indian,0,improve_stamina|carb_rich
Paneer Sandwich,breakfast,160,12.0,19.7,2.2,vegetarian,south_indian,0,muscle_gain|high_protein
Corn Chaat,snack,157,6.0,14.4,7.0,vegan,north_indian,1,improve_stamina|carb_rich
Rajma Chawal,lunch,613,7.6,75.3,17.2,vegetarian,north_indian,0,improve_stamina|carb_rich
Corn Chaat,snack,171,2.7,21.8,6.6,vegan,north_indian,1,improve_stamina|carb_rich
Roti Sabji,dinner,587,11.4,48.8,16.5,vegetarian,mixed,0,improve_stamina|carb_rich
Fish Curry Rice,lunch,446,6.0,41.5,7.9,non_vegetarian,south_indian,0,balanced|beginner
Dal Tadka,dinner,518,25.8,55.7,11.0,vegetarian,north_indian,1,improve_stamina|carb_rich
Hyderabadi Biryani,lunch,411,18.1,29.1,20.8,non_vegetarian,mixed,1,improve_stamina|carb_rich
Kadhi Rice,lunch,683,8.5,72.5,17.9,vegetarian,mixed,0,improve_stamina|carb_rich
Roasted Chana,snack,201,9.2,34.8,5.5,vegan,north_indian,1,weight_loss|light
Mixed Veg Curry,dinner,474,11.9,60.2,16.4,vegetarian,north_indian,0,balanced|beginner
Rajma Chawal,lunch,458,11.1,35.0,13.9,vegetarian,south_indian,0,weight_loss|light
Chicken Curry Rice,lunch,540,27.2,66.5,18.2,non_vegetarian,north_indian,1,muscle_gain|high_protein
Upma,breakfast,376,10.0,73.0,5.2,vegetarian,mixed,1,balanced|beginner
Buttermilk,snack,199,9.2,21.3,6.8,vegetarian,mixed,1,improve_stamina|carb_rich
Kadhi Rice,lunch,676,8.4,106.4,10.6,vegetarian,north_indian,0,improve_stamina|carb_rich
Fruit Bowl,breakfast,397,9.6,48.9,14.6,vegan,north_indian,1,balanced|beginner
Protein Shake,snack,272,17.5,29.6,6.9,vegetarian,south_indian,0,muscle_gain|high_protein
Vegetable Poha,breakfast,327,15.4,41.2,9.8,vegetarian,north_indian,1,balanced|beginner
Kadhi Rice,lunch,390,11.6,49.1,12.9,vegetarian,mixed,0,balanced|beginner
Mixed Veg Curry,dinner,515,7.7,62.3,22.1,vegetarian,north_indian,0,weight_loss|light
Paneer Bhurji,dinner,411,10.0,50.5,12.3,vegetarian,south_indian,0,balanced|beginner
Vegetable Soup,dinner,455,12.3,55.8,10.1,vegan,north_indian,1,weight_loss|light
Protein Shake,snack,246,15.5,27.8,5.9,vegetarian,mixed,1,muscle_gain|high_protein
Fish Fry,dinner,399,6.7,54.3,13.7,non_vegetarian,south_indian,0,balanced|beginner
Thepla,breakfast,196,16.6,23.3,6.9,vegetarian,north_indian,1,improve_stamina|carb_rich
Hyderabadi Biryani,lunch,684,28.9,94.7,7.4,non_vegetarian,mixed,0,weight_loss|light
Fish Curry Rice,lunch,423,25.4,40.2,14.1,non_vegetarian,mixed,1,muscle_gain|high_protein
Tofu Curry,dinner,626,12.1,90.5,11.4,vegan,north_indian,1,improve_stamina|carb_rich
Vegetable Soup,dinner,544,11.1,42.2,25.9,vegan,mixed,0,weight_loss|light
Boiled Eggs,snack,92,6.1,11.5,1.6,non_vegetarian,mixed,1,muscle_gain|high_protein
Tofu Scramble,breakfast,227,13.5,31.9,3.1,vegan,north_indian,1,muscle_gain|high_protein
Kadhi Rice,lunch,656,12.5,51.8,13.9,vegetarian,mixed,0,improve_stamina|carb_rich
Protein Shake,snack,260,18.3,35.1,2.9,vegetarian,mixed,1,muscle_gain|high_protein
Vegetable Poha,breakfast,386,18.7,23.5,19.0,vegetarian,mixed,0,balanced|beginner
Chicken Curry Rice,lunch,609,35.4,54.5,13.7,non_vegetarian,mixed,1,muscle_gain|high_protein
Paneer Sandwich,breakfast,362,13.5,33.7,16.1,vegetarian,mixed,1,weight_loss|light
Peanut Chaat,snack,299,7.2,27.1,15.3,vegetarian,south_indian,0,weight_loss|light
Boiled Eggs,snack,243,6.9,35.9,5.8,non_vegetarian,north_indian,1,improve_stamina|carb_rich
Vegetable Soup,dinner,372,16.6,42.4,19.8,vegan,north_indian,1,weight_loss|light
Fish Fry,dinner,405,16.3,21.0,16.9,non_vegetarian,south_indian,1,weight_loss|light
Fruit Salad,snack,297,15.5,36.1,14.7,vegan,north_indian,1,weight_loss|light
Fruit Bowl,breakfast,314,6.9,51.5,6.2,vegan,mixed,1,weight_loss|light
Mixed Veg Curry,dinner,353,21.6,33.8,11.5,vegetarian,mixed,1,muscle_gain|high_protein
Sprouts Salad,snack,200,14.3,14.4,7.7,vegan,mixed,1,muscle_gain|high_protein
Rajma Chawal,lunch,404,5.3,33.2,18.6,vegetarian,north_indian,0,weight_loss|light
Vegetable Soup,dinner,612,33.8,73.4,8.1,vegan,north_indian,1,weight_loss|light
Fruit Salad,snack,153,5.8,25.8,1.6,vegan,north_indian,1,improve_stamina|carb_rich
Peanut Chaat,snack,196,4.1,19.2,9.7,vegetarian,mixed,1,improve_stamina|carb_rich
Tofu Curry,dinner,665,38.6,56.2,18.4,vegan,south_indian,1,muscle_gain|high_protein
Dal Tadka,dinner,668,11.4,111.5,6.2,vegetarian,north_indian,0,weight_loss|light
Dal Tadka,dinner,600,14.3,53.0,24.3,vegetarian,north_indian,0,weight_loss|light
Paneer Sandwich,breakfast,299,11.1,28.0,13.2,vegetarian,north_indian,1,balanced|beginner
Vegetable Khichdi,lunch,556,17.1,59.5,16.8,vegetarian,north_indian,1,weight_loss|light
Peanut Chaat,snack,172,17.0,16.4,2.7,vegetarian,mixed,1,muscle_gain|high_protein
Paneer Sandwich,breakfast,379,27.2,45.4,6.5,vegetarian,north_indian,1,muscle_gain|high_protein
Corn Chaat,snack,284,9.8,32.3,10.3,vegan,north_indian,0,balanced|beginner
Paneer Cubes,snack,244,12.6,30.8,3.9,vegetarian,north_indian,1,balanced|beginner
Vegetable Soup,dinner,589,14.1,57.9,8.1,vegan,north_indian,1,balanced|beginner
Boiled Eggs,snack,252,6.6,25.6,3.5,non_vegetarian,north_indian,1,balanced|beginner
Buttermilk,snack,203,2.8,22.5,9.5,vegetarian,mixed,1,improve_stamina|carb_rich
Tofu Curry,dinner,693,15.4,66.3,13.3,vegan,north_indian,0,improve_stamina|carb_rich
Oats with Milk,breakfast,400,25.7,40.5,18.5,vegetarian,north_indian,1,muscle_gain|high_protein
Boiled Eggs,snack,160,9.2,13.0,6.5,non_vegetarian,north_indian,1,muscle_gain|high_protein
Paneer Bhurji,dinner,621,24.6,62.6,17.8,vegetarian,north_indian,1,improve_stamina|carb_rich
Upma,breakfast,437,6.7,47.0,5.8,vegetarian,south_indian,0,balanced|beginner
Vegetable Soup,dinner,564,9.5,69.7,16.3,vegan,north_indian,0,improve_stamina|carb_rich
Chicken Curry Rice,lunch,682,17.3,56.0,9.4,non_vegetarian,north_indian,0,weight_loss|light
Paneer Roti,lunch,406,12.2,40.0,22.8,vegetarian,mixed,0,balanced|beginner
Fruit Salad,snack,293,9.5,22.4,18.7,vegan,south_indian,0,improve_stamina|carb_rich
Masala Omelette,breakfast,234,6.3,33.2,6.4,non_vegetarian,north_indian,1,balanced|beginner
Protein Shake,snack,287,4.8,35.1,11.6,vegetarian,north_indian,0,balanced|beginner
Buttermilk,snack,115,3.9,14.3,3.7,vegetarian,north_indian,1,improve_stamina|carb_rich
Paneer Bhurji,dinner,422,24.7,21.4,17.3,vegetarian,south_indian,1,muscle_gain|high_protein
Idli Sambar,breakfast,333,11.6,26.7,23.1,vegetarian,north_indian,0,weight_loss|light
Masala Omelette,breakfast,400,10.0,27.3,22.2,non_vegetarian,south_indian,0,balanced|beginner
Fish Curry Rice,lunch,580,31.9,41.1,20.4,non_vegetarian,north_indian,1,balanced|beginner
Grilled Chicken,dinner,622,28.8,69.2,13.1,non_vegetarian,north_indian,1,weight_loss|light
Upma,breakfast,226,2.6,29.7,8.7,vegetarian,north_indian,1,balanced|beginner
Tofu Scramble,breakfast,264,15.5,50.6,3.5,vegan,north_indian,1,balanced|beginner
Upma,breakfast,237,14.2,21.2,8.5,vegetarian,mixed,1,muscle_gain|high_protein
Tofu Scramble,breakfast,227,15.7,29.5,3.1,vegan,north_indian,1,muscle_gain|high_protein
Fish Fry,dinner,371,6.0,21.2,10.6,non_vegetarian,north_indian,0,balanced|beginner
Protein Shake,snack,270,24.2,28.0,4.4,vegetarian,south_indian,1,muscle_gain|high_protein
Corn Chaat,snack,116,4.9,19.3,1.1,vegan,north_indian,1,weight_loss|light
Rajma Chawal,lunch,644,52.2,63.9,7.1,vegetarian,mixed,1,muscle_gain|high_protein
Roasted Chana,snack,129,4.3,15.2,4.5,vegan,north_indian,1,improve_stamina|carb_rich
Protein Shake,snack,136,3.3,20.5,3.4,vegetarian,south_indian,1,balanced|beginner
Vegetable Khichdi,lunch,544,12.7,79.0,10.4,vegetarian,north_indian,1,improve_stamina|carb_rich
Rajma Chawal,lunch,497,15.4,46.9,13.8,vegetarian,mixed,1,balanced|beginner
Kadhi Rice,lunch,602,18.6,47.6,9.0,vegetarian,south_indian,1,weight_loss|light
Sprouts Salad,snack,120,8.8,14.5,2.0,vegan,north_indian,1,muscle_gain|high_protein
Fish Fry,dinner,393,19.0,30.9,14.8,non_vegetarian,mixed,1,improve_stamina|carb_rich
Paneer Bhurji,dinner,552,19.7,65.4,19.4,vegetarian,south_indian,1,improve_stamina|carb_rich
Sprouts Salad,snack,111,3.9,13.9,3.4,vegan,north_indian,1,weight_loss|light
Masala Omelette,breakfast,187,5.9,20.7,7.3,non_vegetarian,mixed,1,balanced|beginner
Roasted Chana,snack,92,4.0,8.5,3.9,vegan,mixed,1,balanced|beginner
Buttermilk,snack,173,4.3,17.3,8.1,vegetarian,north_indian,1,weight_loss|light
Paneer Cubes,snack,247,17.8,21.8,7.6,vegetarian,mixed,1,muscle_gain|high_protein
Mixed Veg Curry,dinner,513,32.7,62.8,21.0,vegetarian,north_indian,1,muscle_gain|high_protein
Buttermilk,snack,179,6.7,13.1,9.5,vegetarian,mixed,1,balanced|beginner
Vegetable Poha,breakfast,358,5.7,41.6,17.4,vegetarian,north_indian,1,weight_loss|light
Fruit Bowl,breakfast,293,8.0,26.2,21.5,vegan,north_indian,0,weight_loss|light
Paneer Roti,lunch,460,18.8,34.1,11.2,vegetarian,south_indian,1,muscle_gain|high_protein
Fruit Salad,snack,289,18.3,29.8,8.2,vegan,south_indian,1,muscle_gain|high_protein
Egg Curry,dinner,492,25.1,76.4,13.8,non_vegetarian,south_indian,1,muscle_gain|high_protein
Rajma Chawal,lunch,669,13.8,82.4,18.2,vegetarian,north_indian,0,improve_stamina|carb_rich
Upma,breakfast,378,34.9,40.0,10.6,vegetarian,north_indian,1,muscle_gain|high_protein
Idli Sambar,breakfast,363,22.7,41.1,8.7,vegetarian,south_indian,1,muscle_gain|high_protein
Masala Omelette,breakfast,313,17.2,45.9,4.4,non_vegetarian,south_indian,1,balanced|beginner
Sabudana Khichdi,breakfast,409,14.0,55.4,11.0,vegetarian,north_indian,1,improve_stamina|carb_rich
Buttermilk,snack,141,8.5,13.4,4.7,vegetarian,north_indian,1,muscle_gain|high_protein
Chicken Curry Rice,lunch,404,5.7,52.2,5.6,non_vegetarian,mixed,0,improve_stamina|carb_rich
Fruit Salad,snack,160,2.8,15.5,8.2,vegan,north_indian,1,weight_loss|light
Roti Sabji,dinner,418,26.4,34.8,19.2,vegetarian,north_indian,1,muscle_gain|high_protein
Boiled Eggs,snack,265,4.7,45.2,4.9,non_vegetarian,north_indian,0,improve_stamina|carb_rich
Vegetable Khichdi,lunch,683,6.5,36.3,23.3,vegetarian,mixed,0,weight_loss|light
Dal Tadka,dinner,635,11.8,57.3,20.3,vegetarian,south_indian,0,improve_stamina|carb_rich
Paneer Roti,lunch,366,16.5,35.6,14.2,vegetarian,south_indian,1,muscle_gain|high_protein
Roasted Chana,snack,274,7.2,32.8,5.9,vegan,north_indian,0,improve_stamina|carb_rich
Thepla,breakfast,347,9.4,29.2,18.3,vegetarian,south_indian,0,balanced|beginner
Fish Fry,dinner,637,10.7,73.5,13.0,non_vegetarian,south_indian,0,improve_stamina|carb_rich
Tofu Curry,dinner,359,21.0,28.7,14.6,vegan,south_indian,1,muscle_gain|high_protein
Buttermilk,snack,283,8.7,34.8,9.6,vegetarian,north_indian,0,balanced|beginner
Roasted Chana,snack,267,6.6,46.4,3.5,vegan,mixed,1,weight_loss|light
Tofu Scramble,breakfast,213,2.7,36.8,4.2,vegan,mixed,1,weight_loss|light
Sprouts Salad,snack,81,8.9,7.8,0.9,vegan,north_indian,1,muscle_gain|high_protein
Hyderabadi Biryani,lunch,509,19.9,52.1,24.1,non_vegetarian,south_indian,0,weight_loss|light
Mixed Veg Curry,dinner,397,12.8,29.0,7.3,vegetarian,north_indian,1,improve_stamina|carb_rich
Paneer Roti,lunch,683,10.7,61.6,23.9,vegetarian,north_indian,0,balanced|beginner
Oats with Milk,breakfast,198,5.8,26.2,6.0,vegetarian,mixed,1,weight_loss|light
Upma,breakfast,311,14.5,22.4,15.4,vegetarian,mixed,1,muscle_gain|high_protein
Hyderabadi Biryani,lunch,411,13.0,51.7,8.6,non_vegetarian,south_indian,1,weight_loss|light
Boiled Eggs,snack,93,3.2,15.7,1.1,non_vegetarian,north_indian,1,improve_stamina|carb_rich
Vegetable Khichdi,lunch,661,9.7,51.5,18.8,vegetarian,north_indian,0,weight_loss|light
Rajma Chawal,lunch,406,10.3,73.8,4.2,vegetarian,south_indian,0,balanced|beginner
Tofu Stir Fry,lunch,473,40.0,59.9,4.3,vegan,mixed,1,muscle_gain|high_protein
Paneer Bhurji,dinner,411,13.4,46.5,15.4,vegetarian,north_indian,1,muscle_gain|high_protein
Roasted Chana,snack,226,8.3,23.0,9.2,vegan,mixed,1,improve_stamina|carb_rich
Paneer Cubes,snack,163,4.2,19.0,6.4,vegetarian,north_indian,1,improve_stamina|carb_rich
Kadhi Rice,lunch,545,13.0,44.7,17.5,vegetarian,north_indian,1,balanced|beginner
Fruit Bowl,breakfast,321,9.8,41.3,10.1,vegan,mixed,1,balanced|beginner
Hyderabadi Biryani,lunch,651,9.6,98.1,11.5,non_vegetarian,mixed,0,balanced|beginner
Fruit Salad,snack,249,4.1,39.3,6.2,vegan,north_indian,1,weight_loss|light
Paneer Sandwich,breakfast,164,5.9,25.4,2.9,vegetarian,north_indian,1,weight_loss|light
Tofu Scramble,breakfast,228,8.8,26.2,7.8,vegan,south_indian,1,improve_stamina|carb_rich
Tofu Stir Fry,lunch,579,13.6,43.4,12.9,vegan,north_indian,1,weight_loss|light
Fish Fry,dinner,593,10.2,22.9,22.1,non_vegetarian,north_indian,0,balanced|beginner
Dal Rice,lunch,640,14.0,39.0,21.9,vegetarian,north_indian,1,weight_loss|light
Oats with Milk,breakfast,208,7.6,41.2,4.1,vegetarian,north_indian,1,improve_stamina|carb_rich
Corn Chaat,snack,83,1.2,11.0,3.1,vegan,south_indian,1,balanced|beginner
Rajma Chawal,lunch,359,14.5,46.1,9.8,vegetarian,north_indian,1,balanced|beginner
Fruit Salad,snack,147,4.7,19.5,4.3,vegan,mixed,1,improve_stamina|carb_rich
Grilled Chicken,dinner,604,44.1,56.5,12.9,non_vegetarian,mixed,1,muscle_gain|high_protein
Kadhi Rice,lunch,647,19.1,66.4,19.2,vegetarian,north_indian,1,balanced|beginner
Vegetable Khichdi,lunch,490,8.6,57.5,7.1,vegetarian,mixed,0,balanced|beginner
Oats with Milk,breakfast,316,8.4,46.8,7.7,vegetarian,mixed,1,balanced|beginner
Fish Fry,dinner,507,29.9,52.2,13.1,non_vegetarian,north_indian,1,muscle_gain|high_protein
Tofu Scramble,breakfast,442,9.5,34.8,8.9,vegan,north_indian,0,improve_stamina|carb_rich
Paneer Roti,lunch,623,23.0,39.6,19.4,vegetarian,north_indian,1,muscle_gain|high_protein
Corn Chaat,snack,91,2.8,5.5,5.6,vegan,north_indian,1,balanced|beginner
Vegetable Khichdi,lunch,633,26.7,81.8,9.4,vegetarian,mixed,1,improve_stamina|carb_rich
Kadhi Rice,lunch,585,18.2,47.9,24.3,vegetarian,north_indian,0,balanced|beginner
Idli Sambar,breakfast,204,7.1,20.8,8.4,vegetarian,mixed,1,improve_stamina|carb_rich
Upma,breakfast,302,8.6,22.0,10.4,vegetarian,north_indian,1,balanced|beginner
Protein Shake,snack,128,6.2,17.1,2.7,vegetarian,mixed,1,muscle_gain|high_protein
Chicken Curry Rice,lunch,521,6.6,69.3,16.3,non_vegetarian,north_indian,0,weight_loss|light
Grilled Chicken,dinner,432,16.8,47.9,22.7,non_vegetarian,north_indian,0,balanced|beginner
Fruit Bowl,breakfast,389,9.5,46.3,15.0,vegan,south_indian,1,weight_loss|light
Dal Tadka,dinner,501,18.9,34.4,19.1,vegetarian,north_indian,1,balanced|beginner
Sabudana Khichdi,breakfast,227,8.3,25.8,8.0,vegetarian,north_indian,1,improve_stamina|carb_rich
Vegetable Soup,dinner,444,20.0,27.5,6.9,vegan,mixed,1,weight_loss|light
Roti Sabji,dinner,551,9.2,72.7,21.3,vegetarian,mixed,0,weight_loss|light
Corn Chaat,snack,257,21.1,15.8,9.9,vegan,mixed,1,muscle_gain|high_protein
Vegetable Soup,dinner,673,16.2,24.2,23.3,vegan,mixed,0,improve_stamina|carb_rich
Peanut Chaat,snack,272,18.5,31.7,5.5,vegetarian,north_indian,1,muscle_gain|high_protein
Paneer Roti,lunch,513,17.2,77.5,10.0,vegetarian,south_indian,1,improve_stamina|carb_rich
Paneer Roti,lunch,432,13.4,60.9,10.7,vegetarian,north_indian,1,weight_loss|light
Paneer Roti,lunch,660,13.7,85.1,16.2,vegetarian,north_indian,0,improve_stamina|carb_rich
Fish Fry,dinner,389,14.8,21.1,20.4,non_vegetarian,mixed,1,weight_loss|light
Dal Tadka,dinner,683,23.9,66.6,22.0,vegetarian,south_indian,0,improve_stamina|carb_rich
Protein Shake,snack,265,4.6,46.6,4.3,vegetarian,north_indian,1,weight_loss|light
Fruit Bowl,breakfast,446,22.8,55.3,6.0,vegan,north_indian,0,improve_stamina|carb_rich
Fruit Bowl,breakfast,181,2.5,25.2,6.2,vegan,south_indian,1,balanced|beginner
Tofu Stir Fry,lunch,589,10.4,43.4,18.3,vegan,north_indian,0,improve_stamina|carb_rich
Oats with Milk,breakfast,288,19.7,25.3,15.0,vegetarian,north_indian,1,balanced|beginner
Mixed Veg Curry,dinner,471,6.9,44.7,18.1,vegetarian,north_indian,0,balanced|beginner
Paneer Roti,lunch,443,8.2,40.5,21.5,vegetarian,north_indian,0,improve_stamina|carb_rich
Fruit Bowl,breakfast,373,17.5,31.6,11.8,vegan,north_indian,1,balanced|beginner
Masala Omelette,breakfast,205,15.7,27.6,1.7,non_vegetarian,mixed,1,muscle_gain|high_protein
Sprouts Salad,snack,220,2.9,39.3,3.7,vegan,north_indian,1,improve_stamina|carb_rich
Vegetable Khichdi,lunch,683,38.1,73.7,13.3,vegetarian,mixed,1,muscle_gain|high_protein
Paneer Roti,lunch,681,15.4,64.4,9.6,vegetarian,north_indian,0,weight_loss|light
Corn Chaat,snack,182,16.3,21.0,2.0,vegan,north_indian,1,muscle_gain|high_protein
Mixed Veg Curry,dinner,423,22.0,49.4,6.8,vegetarian,north_indian,1,weight_loss|light
Roasted Chana,snack,238,15.9,28.9,4.4,vegan,south_indian,1,muscle_gain|high_protein
Tofu Stir Fry,lunch,357,12.3,44.0,11.5,vegan,north_indian,1,improve_stamina|carb_rich
Sabudana Khichdi,breakfast,374,23.6,43.1,8.6,vegetarian,south_indian,1,muscle_gain|high_protein
Sabudana Khichdi,breakfast,317,11.2,52.4,4.1,vegetarian,north_indian,1,improve_stamina|carb_rich
Paneer Cubes,snack,105,6.6,14.9,1.2,vegetarian,north_indian,1,muscle_gain|high_protein
Fish Fry,dinner,505,13.0,49.5,19.3,non_vegetarian,north_indian,1,weight_loss|light
Buttermilk,snack,162,3.9,19.8,6.0,vegetarian,north_indian,1,weight_loss|light
Vegetable Poha,breakfast,204,9.1,32.2,2.5,vegetarian,north_indian,1,weight_loss|light
Paneer Cubes,snack,92,5.8,7.0,3.7,vegetarian,north_indian,1,muscle_gain|high_protein
Peanut Chaat,snack,278,8.6,34.6,9.2,vegetarian,mixed,0,improve_stamina|carb_rich
Fish Curry Rice,lunch,497,13.2,76.1,18.7,non_vegetarian,north_indian,1,balanced|beginner
Boiled Eggs,snack,197,8.4,31.8,2.3,non_vegetarian,north_indian,1,improve_stamina|carb_rich
Thepla,breakfast,369,14.1,33.2,16.7,vegetarian,mixed,1,improve_stamina|carb_rich
Paneer Cubes,snack,271,8.6,39.0,6.5,vegetarian,south_indian,0,improve_stamina|carb_rich
Thepla,breakfast,383,8.5,49.8,13.3,vegetarian,north_indian,1,improve_stamina|carb_rich
Fish Fry,dinner,600,35.3,60.4,9.5,non_vegetarian,mixed,1,muscle_gain|high_protein
Rajma Chawal,lunch,399,16.2,47.6,11.3,vegetarian,north_indian,1,weight_loss|light
Tofu Stir Fry,lunch,534,7.3,52.5,19.1,vegan,mixed,0,improve_stamina|carb_rich
Vegetable Soup,dinner,431,9.9,26.6,12.1,vegan,north_indian,0,improve_stamina|carb_rich
Vegetable Khichdi,lunch,556,22.3,43.7,15.6,vegetarian,north_indian,1,muscle_gain|high_protein
Oats with Milk,breakfast,234,25.7,20.7,3.3,vegetarian,mixed,1,muscle_gain|high_protein
Sprouts Salad,snack,289,23.0,17.7,11.5,vegan,north_indian,1,muscle_gain|high_protein
Idli Sambar,breakfast,199,4.2,33.1,3.8,vegetarian,mixed,1,weight_loss|light
Tofu Curry,dinner,386,6.9,58.2,10.5,vegan,mixed,1,weight_loss|light
Grilled Chicken,dinner,409,5.1,39.1,20.1,non_vegetarian,north_indian,0,balanced|beginner
Oats with Milk,breakfast,165,15.8,15.4,3.0,vegetarian,north_indian,0,muscle_gain|high_protein
Kadhi Rice,lunch,637,13.3,58.2,17.8,vegetarian,mixed,1,balanced|beginner
Rajma Chawal,lunch,459,6.6,28.2,18.8,vegetarian,south_indian,0,balanced|beginner
Corn Chaat,snack,199,12.8,21.3,5.2,vegan,south_indian,1,muscle_gain|high_protein
Fish Fry,dinner,616,10.9,66.5,21.7,non_vegetarian,north_indian,0,weight_loss|light
Paneer Sandwich,breakfast,226,4.7,27.0,9.0,vegetarian,mixed,1,balanced|beginner
Tofu Scramble,breakfast,279,3.8,25.5,15.5,vegan,north_indian,1,weight_loss|light
Idli Sambar,breakfast,201,6.6,25.1,6.5,vegetarian,north_indian,1,balanced|beginner
Tofu Scramble,breakfast,410,8.8,44.3,16.4,vegan,north_indian,1,improve_stamina|carb_rich
Vegetable Poha,breakfast,426,6.2,73.8,4.1,vegetarian,north_indian,0,weight_loss|light
Idli Sambar,breakfast,398,5.8,45.7,17.8,vegetarian,south_indian,1,balanced|beginner
Paneer Roti,lunch,547,12.0,73.9,23.6,vegetarian,mixed,0,weight_loss|light
Vegetable Khichdi,lunch,658,29.1,47.9,13.7,vegetarian,north_indian,1,muscle_gain|high_protein
Chicken Curry Rice,lunch,399,43.7,50.6,7.5,non_vegetarian,north_indian,1,muscle_gain|high_protein
Vegetable Poha,breakfast,239,10.9,25.4,8.3,vegetarian,mixed,1,muscle_gain|high_protein
Oats with Milk,breakfast,444,14.6,56.5,3.9,vegetarian,north_indian,0,weight_loss|light
Hyderabadi Biryani,lunch,474,11.3,66.7,18.1,non_vegetarian,south_indian,0,weight_loss|light
Corn Chaat,snack,291,9.0,35.2,10.1,vegan,north_indian,0,improve_stamina|carb_rich
Tofu Curry,dinner,401,14.8,61.5,14.6,vegan,south_indian,1,weight_loss|light
Chicken Curry Rice,lunch,355,7.0,20.4,11.4,non_vegetarian,mixed,0,balanced|beginner
Pav Bhaji,lunch,697,31.5,78.5,14.6,vegetarian,south_indian,0,improve_stamina|carb_rich
Paneer Sandwich,breakfast,342,11.2,31.8,15.8,vegetarian,north_indian,1,weight_loss|light
Boiled Eggs,snack,121,5.9,9.4,5.6,non_vegetarian,mixed,1,balanced|beginner
Roasted Chana,snack,80,1.2,9.9,3.2,vegan,north_indian,1,weight_loss|light
Dal Rice,lunch,392,13.6,27.2,19.2,vegetarian,mixed,1,improve_stamina|carb_rich
Upma,breakfast,224,9.8,25.8,7.1,vegetarian,south_indian,1,balanced|beginner
Sprouts Salad,snack,159,8.3,22.8,2.4,vegan,south_indian,1,improve_stamina|carb_rich
Dal Tadka,dinner,578,39.3,55.8,3.1,vegetarian,north_indian,1,muscle_gain|high_protein
Egg Curry,dinner,541,14.3,29.4,19.9,non_vegetarian,north_indian,1,improve_stamina|carb_rich
Hyderabadi Biryani,lunch,696,34.6,38.8,30.8,non_vegetarian,mixed,0,weight_loss|light
Idli Sambar,breakfast,369,10.5,61.8,15.0,vegetarian,north_indian,1,improve_stamina|carb_rich
Boiled Eggs,snack,189,3.1,26.6,6.1,non_vegetarian,north_indian,1,improve_stamina|carb_rich
Protein Shake,snack,118,2.5,12.9,5.2,vegetarian,south_indian,1,improve_stamina|carb_rich
Vegetable Poha,breakfast,338,7.3,23.8,9.3,vegetarian,north_indian,1,balanced|beginner
Paneer Cubes,snack,100,1.9,18.5,1.2,vegetarian,south_indian,1,weight_loss|light
Boiled Eggs,snack,143,5.6,20.7,2.9,non_vegetarian,mixed,1,improve_stamina|carb_rich
Tofu Scramble,breakfast,439,6.1,42.9,9.1,vegan,south_indian,0,weight_loss|light
Egg Curry,dinner,589,37.4,43.4,21.9,non_vegetarian,north_indian,1,muscle_gain|high_protein
Hyderabadi Biryani,lunch,522,28.2,71.5,9.6,non_vegetarian,north_indian,1,muscle_gain|high_protein
Mixed Veg Curry,dinner,550,10.8,74.4,19.8,vegetarian,north_indian,0,balanced|beginner
Tofu Scramble,breakfast,334,4.0,43.4,13.1,vegan,north_indian,1,improve_stamina|carb_rich
Vegetable Poha,breakfast,391,9.4,49.1,14.8,vegetarian,north_indian,1,weight_loss|light
Vegetable Khichdi,lunch,518,33.8,49.3,10.3,vegetarian,mixed,1,improve_stamina|carb_rich
Paneer Roti,lunch,478,18.5,64.2,17.8,vegetarian,north_indian,1,improve_stamina|carb_rich
Paneer Bhurji,dinner,606,22.8,34.3,29.8,vegetarian,north_indian,0,weight_loss|light
Idli Sambar,breakfast,407,15.0,73.4,3.1,vegetarian,north_indian,1,weight_loss|light
Corn Chaat,snack,292,17.9,40.7,9.9,vegan,mixed,0,improve_stamina|carb_rich
Dal Tadka,dinner,374,5.7,47.5,14.6,vegetarian,south_indian,1,weight_loss|light
Idli Sambar,breakfast,191,6.3,14.6,10.2,vegetarian,north_indian,1,weight_loss|light
Fruit Bowl,breakfast,168,4.4,19.6,6.5,vegan,mixed,0,balanced|beginner
Paneer Cubes,snack,286,18.2,16.1,14.0,vegetarian,mixed,1,muscle_gain|high_protein
Paneer Roti,lunch,414,9.3,55.4,13.6,vegetarian,north_indian,1,weight_loss|light
Paneer Cubes,snack,88,6.7,10.7,1.3,vegetarian,south_indian,1,muscle_gain|high_protein
Paneer Roti,lunch,616,15.8,32.5,22.1,vegetarian,mixed,0,improve_stamina|carb_rich
Upma,breakfast,299,4.5,38.4,11.5,vegetarian,mixed,1,improve_stamina|carb_rich
Fruit Salad,snack,103,4.6,11.4,3.4,vegan,mixed,1,balanced|beginner
Paneer Cubes,snack,217,6.8,19.4,10.6,vegetarian,mixed,1,balanced|beginner
Fish Fry,dinner,690,16.1,58.8,29.6,non_vegetarian,north_indian,0,improve_stamina|carb_rich
Dal Tadka,dinner,574,22.5,69.9,18.3,vegetarian,north_indian,1,muscle_gain|high_protein
Fish Fry,dinner,591,7.7,78.1,23.7,non_vegetarian,north_indian,0,improve_stamina|carb_rich
Fruit Salad,snack,180,4.6,21.1,7.0,vegan,south_indian,1,balanced|beginner
Paneer Roti,lunch,414,14.6,50.9,21.9,vegetarian,mixed,1,balanced|beginner
Hyderabadi Biryani,lunch,594,26.6,47.1,21.4,non_vegetarian,north_indian,1,balanced|beginner
Tofu Stir Fry,lunch,698,21.1,51.7,31.3,vegan,north_indian,0,weight_loss|light
Roti Sabji,dinner,368,12.8,26.7,22.8,vegetarian,mixed,0,weight_loss|light
Fruit Bowl,breakfast,311,10.7,24.4,5.5,vegan,north_indian,1,weight_loss|light
Roti Sabji,dinner,571,25.7,79.7,21.5,vegetarian,north_indian,1,muscle_gain|high_protein
Sabudana Khichdi,breakfast,376,10.0,41.7,15.5,vegetarian,north_indian,1,weight_loss|light
Vegetable Khichdi,lunch,448,18.4,59.3,8.5,vegetarian,north_indian,1,balanced|beginner
Dal Rice,lunch,548,35.6,64.1,5.6,vegetarian,north_indian,1,muscle_gain|high_protein
Idli Sambar,breakfast,427,8.8,39.5,20.2,vegetarian,north_indian,0,balanced|beginner
Mixed Veg Curry,dinner,628,5.5,65.4,20.5,vegetarian,north_indian,0,balanced|beginner
Egg Curry,dinner,649,27.8,72.6,14.5,non_vegetarian,north_indian,1,weight_loss|light
Fish Fry,dinner,672,33.0,65.5,17.5,non_vegetarian,south_indian,0,balanced|beginner
Oats with Milk,breakfast,250,5.9,29.9,9.7,vegetarian,south_indian,1,improve_stamina|carb_rich
Egg Curry,dinner,550,9.7,64.1,17.3,non_vegetarian,north_indian,0,improve_stamina|carb_rich
Sabudana Khichdi,breakfast,349,8.3,45.5,3.0,vegetarian,north_indian,1,balanced|beginner
Fruit Bowl,breakfast,385,17.7,60.8,11.4,vegan,north_indian,1,weight_loss|light
Kadhi Rice,lunch,466,15.9,36.5,10.0,vegetarian,mixed,1,weight_loss|light
Dal Tadka,dinner,397,10.2,51.7,13.1,vegetarian,north_indian,1,weight_loss|light
Egg Curry,dinner,357,25.0,28.4,12.8,non_vegetarian,north_indian,1,muscle_gain|high_protein
Dal Rice,lunch,667,28.1,53.6,11.4,vegetarian,north_indian,1,muscle_gain|high_protein
Tofu Stir Fry,lunch,615,16.9,72.3,9.6,vegan,mixed,1,balanced|beginner
Kadhi Rice,lunch,670,11.7,78.5,20.5,vegetarian,south_indian,0,improve_stamina|carb_rich
Paneer Cubes,snack,103,1.4,9.6,5.6,vegetarian,south_indian,1,balanced|beginner
Egg Curry,dinner,522,18.7,37.4,21.5,non_vegetarian,south_indian,1,weight_loss|light
Tofu Curry,dinner,580,27.0,63.0,9.7,vegan,south_indian,1,muscle_gain|high_protein
Sprouts Salad,snack,112,6.2,9.5,4.5,vegan,north_indian,1,balanced|beginner
Dal Rice,lunch,640,7.6,39.9,22.3,vegetarian,north_indian,0,weight_loss|light
Protein Shake,snack,84,2.0,12.9,2.0,vegetarian,north_indian,1,improve_stamina|carb_rich
Pav Bhaji,lunch,358,9.4,77.9,5.9,vegetarian,north_indian,0,improve_stamina|carb_rich
Roti Sabji,dinner,374,9.9,51.4,11.0,vegetarian,mixed,0,improve_stamina|carb_rich
Dal Rice,lunch,371,15.0,29.7,9.2,vegetarian,north_indian,1,improve_stamina|carb_rich
Paneer Bhurji,dinner,471,6.8,79.5,17.9,vegetarian,north_indian,0,weight_loss|light
Dal Tadka,dinner,410,18.9,48.4,12.0,vegetarian,mixed,1,muscle_gain|high_protein
Roasted Chana,snack,99,3.8,11.2,3.5,vegan,north_indian,1,muscle_gain|high_protein
Egg Curry,dinner,380,16.4,54.8,6.5,non_vegetarian,mixed,1,balanced|beginner
Fruit Salad,snack,183,4.8,19.2,8.0,vegan,north_indian,1,balanced|beginner
Idli Sambar,breakfast,437,35.2,51.9,14.7,vegetarian,north_indian,1,muscle_gain|high_protein
Dal Tadka,dinner,691,66.6,39.7,15.7,vegetarian,north_indian,1,muscle_gain|high_protein
Paneer Sandwich,breakfast,237,5.4,21.8,12.1,vegetarian,mixed,1,improve_stamina|carb_rich
Vegetable Khichdi,lunch,417,11.4,50.7,14.0,vegetarian,south_indian,0,improve_stamina|carb_rich
Tofu Stir Fry,lunch,350,17.3,69.1,5.2,vegan,mixed,1,weight_loss|light
Fish Fry,dinner,522,9.0,65.8,24.1,non_vegetarian,north_indian,0,weight_loss|light
Masala Omelette,breakfast,419,10.5,69.8,6.3,non_vegetarian,north_indian,1,balanced|beginner
Paneer Sandwich,breakfast,193,3.6,26.3,6.4,vegetarian,north_indian,1,improve_stamina|carb_rich
Idli Sambar,breakfast,152,1.7,23.7,4.3,vegetarian,north_indian,0,improve_stamina|carb_rich
Vegetable Soup,dinner,672,8.9,65.3,11.4,vegan,north_indian,0,improve_stamina|carb_rich
Paneer Cubes,snack,226,4.9,41.6,2.4,vegetarian,north_indian,1,improve_stamina|carb_rich
Fish Fry,dinner,692,33.1,21.4,19.4,non_vegetarian,mixed,1,muscle_gain|high_protein
Pav Bhaji,lunch,688,24.2,76.5,17.9,vegetarian,mixed,0,balanced|beginner
Tofu Stir Fry,lunch,516,18.6,74.0,21.2,vegan,mixed,1,weight_loss|light
Tofu Stir Fry,lunch,672,28.0,74.8,11.3,vegan,north_indian,1,muscle_gain|high_protein
Fruit Salad,snack,249,3.6,43.6,4.5,vegan,north_indian,1,improve_stamina|carb_rich
Egg Curry,dinner,661,6.2,79.3,12.6,non_vegetarian,north_indian,0,weight_loss|light
Kadhi Rice,lunch,419,22.7,38.8,15.5,vegetarian,south_indian,1,muscle_gain|high_protein
Upma,breakfast,428,30.5,44.5,10.4,vegetarian,mixed,1,muscle_gain|high_protein
Egg Curry,dinner,519,23.6,55.8,9.8,non_vegetarian,north_indian,1,muscle_gain|high_protein
Buttermilk,snack,272,6.0,34.4,9.9,vegetarian,north_indian,0,balanced|beginner
Tofu Curry,dinner,400,29.6,46.9,11.9,vegan,north_indian,1,muscle_gain|high_protein
Fruit Salad,snack,155,2.3,24.1,4.1,vegan,north_indian,1,weight_loss|light
Vegetable Khichdi,lunch,363,16.5,27.1,22.4,vegetarian,north_indian,0,balanced|beginner
Dal Rice,lunch,649,38.7,62.0,14.4,vegetarian,south_indian,1,improve_stamina|carb_rich
Vegetable Soup,dinner,432,16.2,39.8,21.4,vegan,north_indian,1,weight_loss|light
Roti Sabji,dinner,569,9.1,27.6,20.7,vegetarian,mixed,0,balanced|beginner
Masala Omelette,breakfast,254,3.1,30.6,11.0,non_vegetarian,mixed,1,improve_stamina|carb_rich
Fruit Salad,snack,177,9.9,23.3,3.3,vegan,south_indian,1,balanced|beginner
Dal Rice,lunch,516,17.0,39.1,22.1,vegetarian,north_indian,0,improve_stamina|carb_rich
Idli Sambar,breakfast,183,4.3,30.6,3.2,vegetarian,mixed,1,balanced|beginner
Boiled Eggs,snack,193,6.3,32.7,2.4,non_vegetarian,mixed,1,improve_stamina|carb_rich
Oats with Milk,breakfast,188,9.0,22.8,5.1,vegetarian,south_indian,1,muscle_gain|high_protein
Tofu Scramble,breakfast,371,32.8,21.7,11.6,vegan,mixed,1,muscle_gain|high_protein
Peanut Chaat,snack,287,17.6,31.1,7.7,vegetarian,south_indian,0,muscle_gain|high_protein
Corn Chaat,snack,166,1.8,23.2,5.9,vegan,north_indian,1,weight_loss|light
Paneer Roti,lunch,363,11.5,41.4,6.7,vegetarian,south_indian,0,improve_stamina|carb_rich
Fruit Bowl,breakfast,395,15.2,29.4,16.5,vegan,south_indian,1,balanced|beginner
Fruit Salad,snack,212,6.2,32.8,4.3,vegan,mixed,1,weight_loss|light
Paneer Bhurji,dinner,357,6.9,45.2,13.3,vegetarian,mixed,1,weight_loss|light
Fish Fry,dinner,697,32.0,54.2,25.2,non_vegetarian,mixed,0,weight_loss|light
Fruit Bowl,breakfast,289,14.7,27.7,10.7,vegan,mixed,1,muscle_gain|high_protein
Oats with Milk,breakfast,354,21.1,37.5,6.2,vegetarian,north_indian,1,improve_stamina|carb_rich
Vegetable Poha,breakfast,330,10.9,40.3,11.0,vegetarian,north_indian,1,weight_loss|light
Vegetable Poha,breakfast,445,9.6,65.2,8.7,vegetarian,north_indian,0,weight_loss|light
Grilled Chicken,dinner,388,20.2,38.8,13.5,non_vegetarian,south_indian,1,muscle_gain|high_protein
Fruit Bowl,breakfast,377,26.3,47.1,5.9,vegan,south_indian,1,muscle_gain|high_protein
Upma,breakfast,301,10.8,26.8,14.1,vegetarian,north_indian,1,muscle_gain|high_protein
Vegetable Soup,dinner,594,16.8,53.5,21.8,vegan,mixed,1,balanced|beginner
Egg Curry,dinner,364,7.7,52.2,10.6,non_vegetarian,north_indian,1,weight_loss|light
Paneer Roti,lunch,434,17.5,39.0,4.0,vegetarian,north_indian,1,improve_stamina|carb_rich
Dal Rice,lunch,668,31.0,58.9,7.4,vegetarian,mixed,1,muscle_gain|high_protein
Paneer Bhurji,dinner,503,44.5,60.1,10.2,vegetarian,north_indian,1,muscle_gain|high_protein
Tofu Curry,dinner,668,13.3,68.4,16.8,vegan,north_indian,0,weight_loss|light
Sabudana Khichdi,breakfast,449,30.6,54.4,8.1,vegetarian,north_indian,1,muscle_gain|high_protein
Corn Chaat,snack,94,1.7,12.2,3.4,vegan,north_indian,1,weight_loss|light
Fruit Bowl,breakfast,171,2.9,24.0,5.5,vegan,mixed,0,balanced|beginner
Fish Fry,dinner,648,26.1,63.0,19.4,non_vegetarian,north_indian,1,weight_loss|light
Pav Bhaji,lunch,426,14.3,36.4,18.4,vegetarian,mixed,1,weight_loss|light
Dal Rice,lunch,671,11.5,77.3,21.7,vegetarian,north_indian,0,weight_loss|light
Protein Shake,snack,139,5.0,21.3,2.5,vegetarian,south_indian,1,balanced|beginner
Fish Curry Rice,lunch,385,10.1,64.9,14.5,non_vegetarian,mixed,0,balanced|beginner
Tofu Scramble,breakfast,202,6.5,25.8,10.5,vegan,mixed,1,balanced|beginner
Dal Rice,lunch,577,8.4,58.0,22.1,vegetarian,mixed,0,weight_loss|light
Roasted Chana,snack,238,6.7,36.4,6.6,vegan,north_indian,1,improve_stamina|carb_rich
Mixed Veg Curry,dinner,634,8.3,63.7,18.1,vegetarian,mixed,0,improve_stamina|carb_rich
Idli Sambar,breakfast,236,7.6,40.0,3.0,vegetarian,north_indian,1,balanced|beginner
Egg Curry,dinner,559,9.4,56.4,19.1,non_vegetarian,mixed,0,balanced|beginner
Tofu Scramble,breakfast,278,3.3,33.3,12.1,vegan,mixed,1,improve_stamina|carb_rich
Fruit Salad,snack,219,19.6,14.5,7.2,vegan,north_indian,1,muscle_gain|high_protein
Fruit Bowl,breakfast,373,12.3,39.0,15.3,vegan,south_indian,1,balanced|beginner
Upma,breakfast,391,18.7,56.1,7.2,vegetarian,north_indian,1,weight_loss|light
Vegetable Soup,dinner,675,17.8,75.4,20.1,vegan,mixed,0,balanced|beginner
Pav Bhaji,lunch,627,19.2,57.3,24.7,vegetarian,mixed,0,balanced|beginner
Tofu Stir Fry,lunch,421,5.9,25.8,14.9,vegan,north_indian,0,balanced|beginner
Paneer Roti,lunch,530,7.4,67.5,10.2,vegetarian,north_indian,0,improve_stamina|carb_rich
Hyderabadi Biryani,lunch,412,8.9,72.7,3.4,non_vegetarian,south_indian,0,improve_stamina|carb_rich
Fish Fry,dinner,381,7.0,38.1,5.4,non_vegetarian,mixed,1,weight_loss|light
Fruit Salad,snack,203,13.0,14.4,8.6,vegan,south_indian,1,muscle_gain|high_protein
Fish Fry,dinner,448,7.5,35.2,11.1,non_vegetarian,north_indian,0,weight_loss|light
Paneer Cubes,snack,291,8.4,32.3,11.7,vegetarian,north_indian,1,weight_loss|light
Vegetable Khichdi,lunch,467,9.3,78.9,9.8,vegetarian,north_indian,0,improve_stamina|carb_rich
Boiled Eggs,snack,285,19.4,25.2,9.3,non_vegetarian,north_indian,1,muscle_gain|high_protein
Fruit Salad,snack,200,13.1,27.2,2.5,vegan,north_indian,1,muscle_gain|high_protein
Paneer Roti,lunch,609,17.4,69.7,23.9,vegetarian,mixed,0,balanced|beginner
Rajma Chawal,lunch,375,9.1,47.9,13.0,vegetarian,mixed,0,improve_stamina|carb_rich
Tofu Stir Fry,lunch,629,16.6,66.4,10.0,vegan,north_indian,1,weight_loss|light
Vegetable Soup,dinner,457,23.1,54.2,8.7,vegan,south_indian,1,muscle_gain|high_protein
Idli Sambar,breakfast,437,17.7,61.3,4.1,vegetarian,mixed,0,balanced|beginner
Fruit Bowl,breakfast,167,6.0,12.0,9.1,vegan,north_indian,1,weight_loss|light
Mixed Veg Curry,dinner,634,10.1,63.5,25.0,vegetarian,south_indian,0,improve_stamina|carb_rich
Hyderabadi Biryani,lunch,613,19.9,66.2,11.4,non_vegetarian,mixed,1,weight_loss|light
Protein Shake,snack,290,5.8,41.9,8.5,vegetarian,north_indian,0,balanced|beginner
Vegetable Soup,dinner,375,10.8,39.5,23.2,vegan,north_indian,0,weight_loss|light
Roasted Chana,snack,89,7.9,10.1,1.1,vegan,north_indian,1,muscle_gain|high_protein
Tofu Scramble,breakfast,200,11.4,25.7,4.0,vegan,north_indian,1,muscle_gain|high_protein
Buttermilk,snack,193,2.6,14.9,12.0,vegetarian,north_indian,1,weight_loss|light
Dal Tadka,dinner,427,12.3,54.7,13.9,vegetarian,north_indian,1,weight_loss|light
Roasted Chana,snack,214,5.0,19.0,11.2,vegan,north_indian,1,weight_loss|light
Grilled Chicken,dinner,671,11.4,71.5,20.3,non_vegetarian,mixed,0,improve_stamina|carb_rich
Kadhi Rice,lunch,689,39.6,33.2,12.3,vegetarian,north_indian,1,muscle_gain|high_protein
Pav Bhaji,lunch,439,21.1,51.7,12.5,vegetarian,north_indian,1,muscle_gain|high_protein
Roasted Chana,snack,287,13.1,20.7,14.3,vegan,north_indian,1,weight_loss|light
Vegetable Soup,dinner,567,16.4,49.3,22.4,vegan,north_indian,0,weight_loss|light
Vegetable Khichdi,lunch,408,10.5,29.2,15.9,vegetarian,north_indian,0,weight_loss|light
Kadhi Rice,lunch,474,26.8,49.8,9.1,vegetarian,north_indian,1,weight_loss|light
Fish Curry Rice,lunch,376,12.3,41.4,14.6,non_vegetarian,north_indian,1,weight_loss|light
Paneer Cubes,snack,138,16.3,11.9,1.6,vegetarian,south_indian,1,muscle_gain|high_protein
Fish Fry,dinner,366,7.6,75.5,9.3,non_vegetarian,north_indian,1,weight_loss|light
Fish Curry Rice,lunch,391,12.9,43.5,14.9,non_vegetarian,north_indian,1,muscle_gain|high_protein
Boiled Eggs,snack,154,4.6,14.2,7.4,non_vegetarian,south_indian,1,weight_loss|light
Paneer Sandwich,breakfast,273,7.0,36.3,8.6,vegetarian,north_indian,1,balanced|beginner
Fruit Salad,snack,286,8.4,23.6,15.0,vegan,south_indian,0,improve_stamina|carb_rich
Boiled Eggs,snack,264,15.2,39.5,2.7,non_vegetarian,north_indian,0,muscle_gain|high_protein
Roasted Chana,snack,194,9.2,15.9,8.7,vegan,north_indian,1,muscle_gain|high_protein
Dal Tadka,dinner,506,10.8,42.2,17.4,vegetarian,mixed,0,balanced|beginner
Protein Shake,snack,208,3.8,28.7,6.8,vegetarian,south_indian,1,improve_stamina|carb_rich
Hyderabadi Biryani,lunch,357,34.6,40.9,9.7,non_vegetarian,mixed,1,muscle_gain|high_protein
Oats with Milk,breakfast,336,13.6,25.7,24.2,vegetarian,south_indian,0,balanced|beginner
Peanut Chaat,snack,189,13.2,21.7,3.8,vegetarian,south_indian,1,muscle_gain|high_protein
Dal Tadka,dinner,540,14.4,28.7,19.2,vegetarian,north_indian,1,balanced|beginner
Tofu Scramble,breakfast,384,15.0,49.3,10.7,vegan,north_indian,1,improve_stamina|carb_rich
Pav Bhaji,lunch,420,22.5,49.2,11.1,vegetarian,mixed,1,muscle_gain|high_protein
Roasted Chana,snack,124,5.5,9.3,6.1,vegan,south_indian,1,improve_stamina|carb_rich
Pav Bhaji,lunch,497,12.5,43.3,14.3,vegetarian,north_indian,1,improve_stamina|carb_rich
Kadhi Rice,lunch,577,17.0,74.0,19.4,vegetarian,south_indian,1,balanced|beginner
Buttermilk,snack,166,6.7,20.5,4.9,vegetarian,mixed,1,weight_loss|light
Protein Shake,snack,116,2.2,12.4,5.3,vegetarian,mixed,1,weight_loss|light
Oats with Milk,breakfast,231,8.5,31.8,5.7,vegetarian,mixed,1,balanced|beginner
Paneer Roti,lunch,415,19.9,28.7,4.5,vegetarian,north_indian,1,balanced|beginner
Chicken Curry Rice,lunch,475,16.4,33.1,15.0,non_vegetarian,north_indian,1,weight_loss|light
Fruit Salad,snack,171,6.2,21.6,5.1,vegan,north_indian,1,improve_stamina|carb_rich
Fish Curry Rice,lunch,628,29.2,58.6,18.2,non_vegetarian,mixed,1,balanced|beginner
Roasted Chana,snack,275,9.5,23.1,13.6,vegan,north_indian,0,balanced|beginner
Hyderabadi Biryani,lunch,576,5.6,58.0,11.1,non_vegetarian,mixed,0,improve_stamina|carb_rich
Oats with Milk,breakfast,258,8.2,28.4,10.1,vegetarian,north_indian,1,weight_loss|light
Vegetable Poha,breakfast,423,19.6,31.3,17.4,vegetarian,south_indian,0,weight_loss|light
Mixed Veg Curry,dinner,646,24.0,63.8,3.7,vegetarian,north_indian,1,muscle_gain|high_protein
Fruit Bowl,breakfast,182,3.2,18.6,8.9,vegan,mixed,1,balanced|beginner
Pav Bhaji,lunch,432,15.0,66.6,17.1,vegetarian,north_indian,1,improve_stamina|carb_rich
Roti Sabji,dinner,690,36.3,70.2,15.5,vegetarian,south_indian,0,weight_loss|light
Rajma Chawal,lunch,359,6.3,44.3,11.0,vegetarian,mixed,0,balanced|beginner
Boiled Eggs,snack,234,17.0,18.4,8.2,non_vegetarian,north_indian,1,muscle_gain|high_protein
Roasted Chana,snack,104,2.0,15.4,2.9,vegan,mixed,1,balanced|beginner
Tofu Curry,dinner,697,11.3,64.1,30.0,vegan,north_indian,0,improve_stamina|carb_rich
Peanut Chaat,snack,197,21.0,16.0,3.7,vegetarian,mixed,1,muscle_gain|high_protein
Fruit Bowl,breakfast,242,7.0,20.0,12.8,vegan,mixed,1,balanced|beginner
Tofu Scramble,breakfast,299,12.9,22.8,14.7,vegan,mixed,1,balanced|beginner
Vegetable Poha,breakfast,322,34.9,22.3,5.6,vegetarian,north_indian,1,muscle_gain|high_protein
Fruit Salad,snack,299,6.8,22.8,15.2,vegan,north_indian,0,weight_loss|light
Hyderabadi Biryani,lunch,470,9.2,63.1,18.7,non_vegetarian,north_indian,0,weight_loss|light
Dal Rice,lunch,696,32.0,98.3,5.5,vegetarian,north_indian,1,muscle_gain|high_protein
Corn Chaat,snack,179,5.9,21.7,6.1,vegan,mixed,1,muscle_gain|high_protein
Vegetable Soup,dinner,669,23.9,72.3,9.5,vegan,north_indian,1,muscle_gain|high_protein
Paneer Roti,lunch,600,12.1,77.9,22.2,vegetarian,mixed,0,weight_loss|light
Rajma Chawal,lunch,588,17.2,45.9,25.5,vegetarian,north_indian,0,weight_loss|light
Protein Shake,snack,128,4.1,14.4,4.9,vegetarian,mixed,1,balanced|beginner
Roasted Chana,snack,183,6.7,25.5,4.4,vegan,north_indian,1,balanced|beginner
Buttermilk,snack,103,4.7,15.3,1.7,vegetarian,north_indian,1,balanced|beginner
Mixed Veg Curry,dinner,624,28.5,67.1,16.1,vegetarian,south_indian,1,muscle_gain|high_protein
Vegetable Soup,dinner,518,35.8,36.1,17.6,vegan,south_indian,1,muscle_gain|high_protein
Hyderabadi Biryani,lunch,600,15.2,71.8,21.4,non_vegetarian,north_indian,1,balanced|beginner
Peanut Chaat,snack,104,3.2,9.2,5.1,vegetarian,mixed,1,improve_stamina|carb_rich
Kadhi Rice,lunch,681,19.2,72.6,3.1,vegetarian,north_indian,1,muscle_gain|high_protein
Oats with Milk,breakfast,394,5.4,45.1,10.0,vegetarian,south_indian,1,improve_stamina|carb_rich
Chicken Curry Rice,lunch,378,6.9,66.9,9.0,non_vegetarian,north_indian,0,improve_stamina|carb_rich
Oats with Milk,breakfast,291,17.7,29.8,8.6,vegetarian,north_indian,1,muscle_gain|high_protein
Boiled Eggs,snack,170,9.7,19.1,4.6,non_vegetarian,north_indian,1,muscle_gain|high_protein
Roti Sabji,dinner,654,46.2,49.1,17.2,vegetarian,mixed,1,muscle_gain|high_protein
Sprouts Salad,snack,138,8.9,17.4,2.4,vegan,south_indian,1,balanced|beginner
Vegetable Poha,breakfast,321,14.9,38.7,9.0,vegetarian,mixed,1,weight_loss|light
Dal Rice,lunch,526,13.9,52.2,8.5,vegetarian,north_indian,1,improve_stamina|carb_rich
Dal Tadka,dinner,435,30.0,44.2,3.0,vegetarian,mixed,1,muscle_gain|high_protein
Roasted Chana,snack,132,6.5,21.0,1.3,vegan,mixed,1,improve_stamina|carb_rich
Peanut Chaat,snack,122,9.6,15.7,1.2,vegetarian,north_indian,1,muscle_gain|high_protein
Vegetable Soup,dinner,696,27.8,62.0,19.2,vegan,south_indian,1,muscle_gain|high_protein
Masala Omelette,breakfast,394,9.9,37.1,19.7,non_vegetarian,mixed,0,improve_stamina|carb_rich
Thepla,breakfast,398,38.2,22.8,12.6,vegetarian,south_indian,1,muscle_gain|high_protein
Egg Curry,dinner,394,11.7,52.8,16.3,non_vegetarian,north_indian,0,improve_stamina|carb_rich
Roasted Chana,snack,205,13.2,20.0,6.2,vegan,north_indian,1,muscle_gain|high_protein
Boiled Eggs,snack,199,7.3,24.1,6.4,non_vegetarian,north_indian,1,weight_loss|light
Oats with Milk,breakfast,308,10.4,19.9,18.0,vegetarian,north_indian,1,balanced|beginner
Corn Chaat,snack,153,10.4,19.0,2.6,vegan,mixed,1,improve_stamina|carb_rich
Vegetable Khichdi,lunch,358,6.7,50.4,11.2,vegetarian,mixed,0,balanced|beginner
Protein Shake,snack,237,9.9,19.5,11.2,vegetarian,north_indian,1,weight_loss|light
Grilled Chicken,dinner,449,13.3,55.3,3.1,non_vegetarian,north_indian,1,weight_loss|light
Sprouts Salad,snack,291,7.2,27.0,20.2,vegan,north_indian,0,weight_loss|light
Egg Curry,dinner,472,18.4,67.3,4.9,non_vegetarian,mixed,1,improve_stamina|carb_rich
Corn Chaat,snack,260,3.3,48.3,3.7,vegan,south_indian,1,balanced|beginner
Paneer Roti,lunch,469,17.3,25.3,20.2,vegetarian,north_indian,1,balanced|beginner
Paneer Cubes,snack,191,7.0,18.1,8.4,vegetarian,mixed,1,improve_stamina|carb_rich
Roti Sabji,dinner,357,12.0,36.4,23.3,vegetarian,north_indian,0,balanced|beginner
Chicken Curry Rice,lunch,687,16.4,80.8,19.4,non_vegetarian,mixed,0,weight_loss|light
Sabudana Khichdi,breakfast,242,15.9,30.4,4.2,vegetarian,south_indian,1,muscle_gain|high_protein
Sprouts Salad,snack,137,8.3,12.8,4.6,vegan,north_indian,1,muscle_gain|high_protein
Vegetable Soup,dinner,468,14.9,28.5,10.6,vegan,north_indian,1,balanced|beginner
Fish Fry,dinner,623,15.5,61.9,21.8,non_vegetarian,south_indian,1,weight_loss|light
Buttermilk,snack,137,3.1,17.2,5.0,vegetarian,mixed,1,weight_loss|light
Idli Sambar,breakfast,247,15.1,25.2,12.3,vegetarian,north_indian,1,balanced|beginner
Peanut Chaat,snack,128,5.8,12.1,5.1,vegetarian,north_indian,1,weight_loss|light
Sprouts Salad,snack,173,1.9,20.7,7.6,vegan,north_indian,1,improve_stamina|carb_rich
Fish Curry Rice,lunch,608,11.5,67.4,4.7,non_vegetarian,mixed,0,improve_stamina|carb_rich
Tofu Scramble,breakfast,312,13.2,40.9,7.9,vegan,north_indian,1,muscle_gain|high_protein
Oats with Milk,breakfast,331,18.7,34.5,11.6,vegetarian,north_indian,1,weight_loss|light
Egg Curry,dinner,489,18.1,78.3,11.4,non_vegetarian,north_indian,1,improve_stamina|carb_rich
Roti Sabji,dinner,537,16.8,33.6,26.5,vegetarian,north_indian,0,balanced|beginner
Pav Bhaji,lunch,359,18.2,38.8,7.4,vegetarian,mixed,1,weight_loss|light
Sprouts Salad,snack,145,6.6,21.1,2.5,vegan,north_indian,1,weight_loss|light
Upma,breakfast,250,26.7,25.6,2.3,vegetarian,north_indian,1,muscle_gain|high_protein
Tofu Curry,dinner,679,8.7,68.6,13.2,vegan,mixed,0,improve_stamina|carb_rich
Fruit Bowl,breakfast,407,21.8,45.0,7.4,vegan,south_indian,1,improve_stamina|carb_rich
Grilled Chicken,dinner,647,7.8,106.9,8.0,non_vegetarian,mixed,0,weight_loss|light
Grilled Chicken,dinner,632,18.6,67.3,8.0,non_vegetarian,north_indian,1,weight_loss|light
Oats with Milk,breakfast,158,4.0,15.1,7.7,vegetarian,mixed,0,balanced|beginner
Buttermilk,snack,187,11.9,23.4,3.5,vegetarian,north_indian,1,muscle_gain|high_protein
Chicken Curry Rice,lunch,368,29.6,50.3,6.4,non_vegetarian,mixed,1,muscle_gain|high_protein
Paneer Sandwich,breakfast,244,5.0,40.0,5.0,vegetarian,north_indian,1,improve_stamina|carb_rich
Vegetable Soup,dinner,414,14.0,38.4,19.0,vegan,north_indian,1,balanced|beginner
Buttermilk,snack,89,7.0,10.3,1.4,vegetarian,mixed,1,muscle_gain|high_protein
Egg Curry,dinner,358,11.3,45.8,11.2,non_vegetarian,north_indian,0,balanced|beginner
Tofu Stir Fry,lunch,494,17.5,33.9,25.0,vegan,north_indian,0,balanced|beginner
Tofu Curry,dinner,615,14.0,63.9,13.9,vegan,south_indian,1,balanced|beginner
Boiled Eggs,snack,183,9.1,19.7,5.9,non_vegetarian,south_indian,1,muscle_gain|high_protein
Kadhi Rice,lunch,464,15.6,79.8,6.4,vegetarian,north_indian,1,improve_stamina|carb_rich
Vegetable Poha,breakfast,309,15.3,20.5,15.7,vegetarian,south_indian,1,muscle_gain|high_protein
Paneer Cubes,snack,193,13.8,17.8,5.7,vegetarian,north_indian,1,balanced|beginner
Fruit Salad,snack,226,6.1,28.8,7.6,vegan,north_indian,1,balanced|beginner
Fish Curry Rice,lunch,543,10.1,70.8,19.5,non_vegetarian,mixed,0,improve_stamina|carb_rich
Oats with Milk,breakfast,181,5.6,18.2,7.9,vegetarian,north_indian,1,balanced|beginner
Paneer Roti,lunch,479,21.7,63.7,5.7,vegetarian,north_indian,1,improve_stamina|carb_rich
Fruit Salad,snack,173,10.7,18.0,5.0,vegan,south_indian,1,muscle_gain|high_protein
Pav Bhaji,lunch,369,21.6,42.7,9.1,vegetarian,south_indian,1,muscle_gain|high_protein
Boiled Eggs,snack,257,4.3,30.4,10.9,non_vegetarian,north_indian,1,improve_stamina|carb_rich
Pav Bhaji,lunch,567,12.8,28.9,18.5,vegetarian,mixed,1,weight_loss|light
Chicken Curry Rice,lunch,392,13.1,33.1,6.5,non_vegetarian,north_indian,1,improve_stamina|carb_rich
Paneer Cubes,snack,272,15.3,33.3,6.2,vegetarian,north_indian,0,muscle_gain|high_protein
Thepla,breakfast,330,9.1,43.7,10.3,vegetarian,mixed,1,balanced|beginner
Hyderabadi Biryani,lunch,402,6.5,66.7,10.2,non_vegetarian,north_indian,1,weight_loss|light
Chicken Curry Rice,lunch,426,11.5,54.0,17.0,non_vegetarian,south_indian,0,balanced|beginner
Oats with Milk,breakfast,296,14.9,22.3,17.2,vegetarian,north_indian,1,balanced|beginner
Vegetable Khichdi,lunch,356,15.2,70.4,7.4,vegetarian,mixed,1,balanced|beginner
Buttermilk,snack,187,5.1,18.8,8.5,vegetarian,north_indian,1,weight_loss|light
Paneer Bhurji,dinner,503,26.7,45.7,13.7,vegetarian,north_indian,1,improve_stamina|carb_rich
Roasted Chana,snack,257,21.5,25.3,8.7,vegan,north_indian,1,muscle_gain|high_protein
Chicken Curry Rice,lunch,622,35.3,39.4,23.5,non_vegetarian,mixed,0,muscle_gain|high_protein
Buttermilk,snack,115,8.8,4.7,5.7,vegetarian,north_indian,1,muscle_gain|high_protein
Masala Omelette,breakfast,183,4.4,25.0,5.7,non_vegetarian,south_indian,1,weight_loss|light
Egg Curry,dinner,630,12.5,70.5,15.5,non_vegetarian,north_indian,1,balanced|beginner
Idli Sambar,breakfast,348,9.1,42.5,12.6,vegetarian,south_indian,1,balanced|beginner
Egg Curry,dinner,400,31.4,34.4,11.6,non_vegetarian,mixed,1,muscle_gain|high_protein
Paneer Roti,lunch,660,42.9,64.6,3.6,vegetarian,mixed,1,muscle_gain|high_protein
Vegetable Khichdi,lunch,371,15.3,26.0,22.8,vegetarian,north_indian,0,improve_stamina|carb_rich
Kadhi Rice,lunch,693,10.4,34.0,24.7,vegetarian,north_indian,0,balanced|beginner
Egg Curry,dinner,481,5.4,59.6,13.6,non_vegetarian,mixed,0,weight_loss|light
Mixed Veg Curry,dinner,500,7.0,72.5,17.4,vegetarian,south_indian,0,weight_loss|light
Dal Tadka,dinner,434,13.8,35.1,6.0,vegetarian,south_indian,1,weight_loss|light
Fruit Bowl,breakfast,387,6.0,58.2,10.2,vegan,mixed,1,improve_stamina|carb_rich
Tofu Scramble,breakfast,416,5.0,55.2,15.7,vegan,north_indian,1,improve_stamina|carb_rich
Protein Shake,snack,132,2.5,20.1,3.4,vegetarian,north_indian,1,improve_stamina|carb_rich
Oats with Milk,breakfast,187,10.5,21.4,4.9,vegetarian,north_indian,1,muscle_gain|high_protein
Oats with Milk,breakfast,394,7.7,47.4,15.8,vegetarian,south_indian,1,weight_loss|light
Egg Curry,dinner,384,10.5,37.0,18.1,non_vegetarian,mixed,0,balanced|beginner
Upma,breakfast,405,6.0,55.1,14.2,vegetarian,north_indian,1,weight_loss|light
Egg Curry,dinner,643,23.0,79.7,14.1,non_vegetarian,north_indian,1,muscle_gain|high_protein
Idli Sambar,breakfast,150,7.4,19.7,3.3,vegetarian,south_indian,0,muscle_gain|high_protein
Vegetable Soup,dinner,693,12.7,42.6,38.5,vegan,north_indian,0,improve_stamina|carb_rich
Hyderabadi Biryani,lunch,394,7.8,48.1,15.5,non_vegetarian,north_indian,0,weight_loss|light
Buttermilk,snack,154,4.6,19.9,4.9,vegetarian,north_indian,1,balanced|beginner
Fruit Salad,snack,119,3.7,12.7,4.9,vegan,mixed,1,weight_loss|light
Sprouts Salad,snack,297,10.8,27.7,13.2,vegan,north_indian,0,balanced|beginner
Oats with Milk,breakfast,374,12.1,41.5,14.4,vegetarian,north_indian,1,improve_stamina|carb_rich
Egg Curry,dinner,598,15.2,77.5,13.3,non_vegetarian,south_indian,1,balanced|beginner
Fish Curry Rice,lunch,438,17.9,29.7,9.4,non_vegetarian,north_indian,1,balanced|beginner
Tofu Curry,dinner,618,12.6,69.4,9.9,vegan,north_indian,1,weight_loss|light
Upma,breakfast,254,8.7,25.9,10.6,vegetarian,north_indian,1,weight_loss|light
Corn Chaat,snack,186,10.9,19.4,5.5,vegan,north_indian,1,muscle_gain|high_protein
Upma,breakfast,224,7.1,32.6,5.3,vegetarian,south_indian,1,balanced|beginner
Rajma Chawal,lunch,432,6.0,58.3,5.1,vegetarian,north_indian,0,balanced|beginner
Oats with Milk,breakfast,278,16.0,36.9,4.9,vegetarian,north_indian,1,muscle_gain|high_protein
Fruit Bowl,breakfast,168,9.0,16.7,5.7,vegan,south_indian,0,balanced|beginner
Grilled Chicken,dinner,537,35.3,35.4,19.2,non_vegetarian,south_indian,1,muscle_gain|high_protein
Vegetable Khichdi,lunch,522,5.9,52.1,16.8,vegetarian,north_indian,0,balanced|beginner
Protein Shake,snack,231,4.7,36.6,5.3,vegetarian,mixed,1,balanced|beginner
Tofu Curry,dinner,695,18.0,53.4,20.5,vegan,north_indian,0,improve_stamina|carb_rich
Mixed Veg Curry,dinner,429,6.3,32.2,13.2,vegetarian,mixed,0,improve_stamina|carb_rich
Grilled Chicken,dinner,616,33.1,44.1,12.2,non_vegetarian,mixed,1,muscle_gain|high_protein
Mixed Veg Curry,dinner,394,5.3,71.5,3.7,vegetarian,mixed,0,balanced|beginner
Hyderabadi Biryani,lunch,682,14.9,33.9,23.7,non_vegetarian,mixed,0,weight_loss|light
Roasted Chana,snack,93,6.2,6.5,3.9,vegan,north_indian,1,muscle_gain|high_protein
Fruit Salad,snack,175,11.3,11.6,7.7,vegan,north_indian,1,muscle_gain|high_protein
Paneer Sandwich,breakfast,298,10.3,36.0,9.9,vegetarian,south_indian,1,balanced|beginner
Rajma Chawal,lunch,431,44.4,67.5,3.4,vegetarian,north_indian,1,muscle_gain|high_protein
Oats with Milk,breakfast,251,5.1,33.0,8.7,vegetarian,north_indian,1,balanced|beginner
Roti Sabji,dinner,525,7.2,40.1,24.3,vegetarian,mixed,0,weight_loss|light
Vegetable Soup,dinner,517,16.9,51.4,19.7,vegan,south_indian,1,balanced|beginner
Grilled Chicken,dinner,520,11.8,50.6,19.6,non_vegetarian,mixed,0,weight_loss|light
Dal Rice,lunch,564,28.1,74.7,5.7,vegetarian,north_indian,1,weight_loss|light
Corn Chaat,snack,165,4.8,19.2,6.2,vegan,north_indian,1,improve_stamina|carb_rich
Fruit Bowl,breakfast,299,9.1,35.0,12.5,vegan,south_indian,1,balanced|beginner
Fish Curry Rice,lunch,368,13.3,43.6,11.3,non_vegetarian,north_indian,1,weight_loss|light
Pav Bhaji,lunch,563,11.1,57.7,21.7,vegetarian,north_indian,0,weight_loss|light
Tofu Curry,dinner,373,19.5,26.5,7.5,vegan,north_indian,1,muscle_gain|high_protein
Paneer Roti,lunch,393,14.8,53.4,9.8,vegetarian,south_indian,1,weight_loss|light
Vegetable Poha,breakfast,187,9.5,25.6,3.5,vegetarian,south_indian,1,weight_loss|light
Roasted Chana,snack,165,4.0,17.0,7.5,vegan,mixed,1,balanced|beginner
Chicken Curry Rice,lunch,677,27.2,65.0,24.2,non_vegetarian,north_indian,0,muscle_gain|high_protein
Tofu Stir Fry,lunch,410,18.8,58.2,4.7,vegan,north_indian,1,balanced|beginner
Fruit Salad,snack,103,7.0,7.4,4.1,vegan,mixed,1,balanced|beginner
Peanut Chaat,snack,108,4.5,11.0,4.2,vegetarian,north_indian,1,improve_stamina|carb_rich
Vegetable Khichdi,lunch,403,5.7,24.3,20.8,vegetarian,mixed,0,balanced|beginner
Dal Rice,lunch,597,34.4,43.3,19.8,vegetarian,north_indian,1,weight_loss|light
Dal Rice,lunch,579,10.9,64.2,19.4,vegetarian,north_indian,0,balanced|beginner
Tofu Stir Fry,lunch,479,5.8,51.5,18.4,vegan,mixed,0,improve_stamina|carb_rich
Dal Tadka,dinner,362,8.0,26.3,24.0,vegetarian,mixed,0,improve_stamina|carb_rich
Roti Sabji,dinner,552,25.8,20.3,14.0,vegetarian,north_indian,1,muscle_gain|high_protein
Idli Sambar,breakfast,270,7.5,32.9,9.7,vegetarian,north_indian,1,improve_stamina|carb_rich
Oats with Milk,breakfast,302,12.0,37.8,4.1,vegetarian,mixed,1,balanced|beginner
Roasted Chana,snack,198,5.5,23.1,7.1,vegan,south_indian,1,balanced|beginner
Roasted Chana,snack,107,4.9,6.7,5.8,vegan,north_indian,1,muscle_gain|high_protein
Paneer Roti,lunch,377,25.2,23.7,24.4,vegetarian,mixed,0,muscle_gain|high_protein
Vegetable Soup,dinner,469,30.9,31.2,19.0,vegan,north_indian,1,muscle_gain|high_protein
Roti Sabji,dinner,442,11.8,37.2,24.3,vegetarian,north_indian,0,weight_loss|light
Upma,breakfast,164,10.4,20.1,3.2,vegetarian,south_indian,1,weight_loss|light
Idli Sambar,breakfast,184,4.0,23.9,6.4,vegetarian,north_indian,1,balanced|beginner
Grilled Chicken,dinner,572,35.4,66.1,7.0,non_vegetarian,north_indian,1,weight_loss|light
Chicken Curry Rice,lunch,547,24.7,58.8,12.7,non_vegetarian,mixed,1,improve_stamina|carb_rich
Sabudana Khichdi,breakfast,303,16.1,62.0,3.0,vegetarian,north_indian,1,improve_stamina|carb_rich
Chicken Curry Rice,lunch,521,6.6,61.3,12.2,non_vegetarian,mixed,0,improve_stamina|carb_rich
Sprouts Salad,snack,113,9.1,7.4,4.2,vegan,north_indian,1,muscle_gain|high_protein
Hyderabadi Biryani,lunch,490,25.7,38.0,18.2,non_vegetarian,mixed,1,muscle_gain|high_protein
Vegetable Soup,dinner,488,13.3,54.9,14.5,vegan,mixed,1,improve_stamina|carb_rich
Fruit Bowl,breakfast,448,29.7,49.0,10.8,vegan,mixed,1,muscle_gain|high_protein
Paneer Cubes,snack,102,9.7,8.3,2.4,vegetarian,north_indian,1,muscle_gain|high_protein
Sprouts Salad,snack,154,2.6,18.5,6.4,vegan,mixed,1,balanced|beginner
Fruit Salad,snack,237,5.3,21.6,12.3,vegan,north_indian,1,weight_loss|light
Tofu Curry,dinner,532,10.5,36.6,21.7,vegan,mixed,0,improve_stamina|carb_rich
Vegetable Soup,dinner,614,19.3,65.3,13.3,vegan,south_indian,1,balanced|beginner
Roti Sabji,dinner,491,11.8,40.2,18.6,vegetarian,south_indian,0,improve_stamina|carb_rich
Hyderabadi Biryani,lunch,596,7.7,60.0,7.3,non_vegetarian,mixed,0,weight_loss|light
Pav Bhaji,lunch,643,42.6,58.5,3.2,vegetarian,north_indian,1,muscle_gain|high_protein
Fish Curry Rice,lunch,544,9.3,55.3,19.6,non_vegetarian,north_indian,0,weight_loss|light
Chicken Curry Rice,lunch,545,15.8,68.7,20.1,non_vegetarian,south_indian,1,improve_stamina|carb_rich
Buttermilk,snack,152,4.0,16.8,6.3,vegetarian,south_indian,1,balanced|beginner
Peanut Chaat,snack,208,15.8,19.5,5.6,vegetarian,south_indian,1,muscle_gain|high_protein
Vegetable Soup,dinner,364,4.3,43.0,16.2,vegan,south_indian,0,improve_stamina|carb_rich
Upma,breakfast,349,14.1,34.1,14.2,vegetarian,mixed,1,muscle_gain|high_protein
Corn Chaat,snack,136,8.6,17.7,2.2,vegan,north_indian,1,improve_stamina|carb_rich
Idli Sambar,breakfast,349,10.6,47.5,6.0,vegetarian,north_indian,1,weight_loss|light
Grilled Chicken,dinner,378,42.8,46.9,5.0,non_vegetarian,north_indian,1,muscle_gain|high_protein
Chicken Curry Rice,lunch,460,17.0,46.1,9.2,non_vegetarian,mixed,1,improve_stamina|carb_rich
Fish Curry Rice,lunch,493,11.1,61.9,18.0,non_vegetarian,south_indian,0,improve_stamina|carb_rich
Tofu Stir Fry,lunch,695,17.1,86.4,17.3,vegan,south_indian,0,improve_stamina|carb_rich
Tofu Scramble,breakfast,374,11.3,40.9,15.0,vegan,north_indian,1,balanced|beginner
Roti Sabji,dinner,691,17.7,57.0,13.2,vegetarian,north_indian,0,weight_loss|light
Masala Omelette,breakfast,416,15.1,43.5,11.9,non_vegetarian,north_indian,1,weight_loss|light
Tofu Scramble,breakfast,365,19.5,21.6,8.7,vegan,mixed,1,weight_loss|light
Fruit Bowl,breakfast,444,15.1,55.4,14.1,vegan,mixed,0,balanced|beginner
Buttermilk,snack,162,4.1,20.3,5.8,vegetarian,mixed,1,balanced|beginner
Pav Bhaji,lunch,549,19.3,32.6,24.6,vegetarian,north_indian,0,weight_loss|light
Sprouts Salad,snack,129,6.3,19.9,1.5,vegan,south_indian,1,improve_stamina|carb_rich
Grilled Chicken,dinner,419,15.1,32.0,12.3,non_vegetarian,north_indian,1,weight_loss|light
Paneer Bhurji,dinner,374,9.5,37.8,15.6,vegetarian,south_indian,0,improve_stamina|carb_rich
Grilled Chicken,dinner,386,10.8,38.3,13.4,non_vegetarian,mixed,0,improve_stamina|carb_rich
Roti Sabji,dinner,443,22.1,55.2,12.9,vegetarian,north_indian,1,muscle_gain|high_protein
Fish Fry,dinner,497,15.1,66.6,3.1,non_vegetarian,mixed,1,improve_stamina|carb_rich
Chicken Curry Rice,lunch,562,12.2,59.6,14.4,non_vegetarian,north_indian,1,weight_loss|light
Fish Curry Rice,lunch,365,11.8,29.8,23.0,non_vegetarian,mixed,0,weight_loss|light
Peanut Chaat,snack,137,5.3,15.9,4.5,vegetarian,north_indian,1,balanced|beginner
Upma,breakfast,381,11.1,50.1,17.0,vegetarian,mixed,1,improve_stamina|carb_rich
Paneer Cubes,snack,299,12.6,40.6,7.0,vegetarian,north_indian,1,weight_loss|light
Boiled Eggs,snack,83,1.6,8.3,4.1,non_vegetarian,north_indian,1,weight_loss|light
Pav Bhaji,lunch,472,8.0,51.1,18.2,vegetarian,mixed,0,weight_loss|light
Chicken Curry Rice,lunch,620,30.1,55.5,18.4,non_vegetarian,mixed,1,improve_stamina|carb_rich
Vegetable Poha,breakfast,386,14.8,53.7,4.7,vegetarian,mixed,1,weight_loss|light
Sprouts Salad,snack,83,1.5,12.3,2.3,vegan,mixed,1,improve_stamina|carb_rich
Mixed Veg Curry,dinner,691,7.1,76.0,9.5,vegetarian,mixed,0,improve_stamina|carb_rich
Boiled Eggs,snack,116,2.4,14.7,4.2,non_vegetarian,mixed,1,improve_stamina|carb_rich
Protein Shake,snack,153,5.1,10.5,8.7,vegetarian,mixed,1,improve_stamina|carb_rich
Roti Sabji,dinner,588,10.1,47.4,20.7,vegetarian,mixed,0,improve_stamina|carb_rich
Paneer Sandwich,breakfast,237,4.5,24.9,11.1,vegetarian,mixed,1,improve_stamina|carb_rich
Paneer Sandwich,breakfast,349,27.3,30.0,10.2,vegetarian,mixed,1,muscle_gain|high_protein
Fruit Salad,snack,253,7.2,29.7,9.5,vegan,north_indian,1,balanced|beginner
Grilled Chicken,dinner,520,30.6,65.0,10.5,non_vegetarian,mixed,1,muscle_gain|high_protein
Hyderabadi Biryani,lunch,353,8.6,45.8,12.0,non_vegetarian,south_indian,0,improve_stamina|carb_rich
Upma,breakfast,198,2.3,25.8,7.7,vegetarian,north_indian,1,improve_stamina|carb_rich
Chicken Curry Rice,lunch,554,19.9,65.0,4.8,non_vegetarian,mixed,1,muscle_gain|high_protein
Peanut Chaat,snack,124,3.9,13.3,5.1,vegetarian,north_indian,1,muscle_gain|high_protein
Paneer Sandwich,breakfast,193,10.0,17.0,7.7,vegetarian,north_indian,1,improve_stamina|carb_rich
Roti Sabji,dinner,399,15.7,60.5,6.9,vegetarian,north_indian,1,balanced|beginner
Fruit Bowl,breakfast,428,37.7,35.9,3.9,vegan,south_indian,1,muscle_gain|high_protein
Masala Omelette,breakfast,432,19.5,71.0,8.1,non_vegetarian,north_indian,0,improve_stamina|carb_rich
Pav Bhaji,lunch,568,16.8,42.4,15.2,vegetarian,south_indian,1,weight_loss|light
Fish Fry,dinner,651,20.0,59.0,22.2,non_vegetarian,north_indian,0,balanced|beginner
Chicken Curry Rice,lunch,385,11.3,38.0,17.5,non_vegetarian,south_indian,0,weight_loss|light
Upma,breakfast,405,15.5,38.5,4.0,vegetarian,south_indian,1,improve_stamina|carb_rich
Dal Rice,lunch,686,19.8,73.3,21.2,vegetarian,mixed,0,balanced|beginner
Roti Sabji,dinner,592,12.2,48.5,22.3,vegetarian,mixed,0,improve_stamina|carb_rich
Rajma Chawal,lunch,617,23.9,38.5,28.5,vegetarian,north_indian,0,weight_loss|light
Hyderabadi Biryani,lunch,511,18.7,50.1,3.1,non_vegetarian,mixed,1,muscle_gain|high_protein
Sabudana Khichdi,breakfast,396,20.1,49.4,9.5,vegetarian,north_indian,1,muscle_gain|high_protein
Dal Rice,lunch,407,19.9,43.2,7.9,vegetarian,mixed,1,muscle_gain|high_protein
Paneer Roti,lunch,556,17.3,75.2,8.3,vegetarian,north_indian,1,weight_loss|light
Upma,breakfast,216,3.7,38.6,3.3,vegetarian,south_indian,1,improve_stamina|carb_rich
Buttermilk,snack,228,3.7,32.2,7.4,vegetarian,north_indian,1,balanced|beginner
Fruit Bowl,breakfast,417,9.0,56.3,14.6,vegan,north_indian,1,improve_stamina|carb_rich
Mixed Veg Curry,dinner,354,3.5,46.4,14.0,vegetarian,mixed,0,balanced|beginner
Idli Sambar,breakfast,327,9.9,40.4,11.1,vegetarian,north_indian,1,balanced|beginner
Fruit Salad,snack,91,5.9,10.9,1.8,vegan,south_indian,1,improve_stamina|carb_rich
Pav Bhaji,lunch,678,5.5,61.9,22.9,vegetarian,mixed,0,weight_loss|light
Grilled Chicken,dinner,570,39.4,77.6,5.7,non_vegetarian,north_indian,1,muscle_gain|high_protein
Tofu Scramble,breakfast,222,20.4,21.7,4.0,vegan,south_indian,1,muscle_gain|high_protein
Fruit Bowl,breakfast,312,12.4,39.4,8.9,vegan,north_indian,1,weight_loss|light
Boiled Eggs,snack,132,6.1,9.1,6.7,non_vegetarian,south_indian,1,muscle_gain|high_protein
Paneer Bhurji,dinner,464,17.4,40.1,13.1,vegetarian,north_indian,1,balanced|beginner
Vegetable Soup,dinner,565,20.0,37.3,21.3,vegan,north_indian,1,weight_loss|light
Buttermilk,snack,216,5.6,28.0,7.1,vegetarian,north_indian,1,balanced|beginner
Tofu Stir Fry,lunch,643,23.2,34.6,32.9,vegan,north_indian,0,balanced|beginner
Thepla,breakfast,422,8.1,48.5,8.3,vegetarian,north_indian,0,weight_loss|light
Sprouts Salad,snack,97,4.7,8.1,4.2,vegan,north_indian,1,balanced|beginner
Tofu Scramble,breakfast,407,6.0,22.3,15.7,vegan,north_indian,1,weight_loss|light
Oats with Milk,breakfast,247,3.6,31.6,9.6,vegetarian,north_indian,1,weight_loss|light
Fish Fry,dinner,609,24.5,73.0,12.1,non_vegetarian,mixed,1,balanced|beginner
Protein Shake,snack,173,3.9,27.4,3.8,vegetarian,mixed,1,weight_loss|light
Egg Curry,dinner,362,5.6,52.1,11.4,non_vegetarian,north_indian,0,improve_stamina|carb_rich
Mixed Veg Curry,dinner,401,12.6,50.6,12.9,vegetarian,north_indian,1,improve_stamina|carb_rich
Masala Omelette,breakfast,212,9.1,25.5,6.3,non_vegetarian,north_indian,1,improve_stamina|carb_rich
Peanut Chaat,snack,255,7.2,31.3,13.1,vegetarian,mixed,1,improve_stamina|carb_rich
Egg Curry,dinner,389,43.1,30.5,5.4,non_vegetarian,mixed,1,muscle_gain|high_protein
Tofu Curry,dinner,397,11.2,63.6,14.8,vegan,south_indian,0,balanced|beginner
Roasted Chana,snack,137,4.3,18.8,3.8,vegan,north_indian,1,weight_loss|light
Paneer Bhurji,dinner,506,8.2,79.6,15.7,vegetarian,north_indian,0,balanced|beginner
Hyderabadi Biryani,lunch,531,16.4,63.1,13.6,non_vegetarian,north_indian,1,weight_loss|light
Upma,breakfast,393,8.6,57.0,6.7,vegetarian,north_indian,1,balanced|beginner
Roti Sabji,dinner,471,9.3,52.6,7.1,vegetarian,north_indian,0,improve_stamina|carb_rich
Peanut Chaat,snack,133,1.9,16.3,5.5,vegetarian,north_indian,1,weight_loss|light
Grilled Chicken,dinner,688,12.9,78.5,23.4,non_vegetarian,mixed,0,improve_stamina|carb_rich
Boiled Eggs,snack,205,5.8,35.8,2.5,non_vegetarian,mixed,1,improve_stamina|carb_rich
Hyderabadi Biryani,lunch,667,16.4,71.4,21.7,non_vegetarian,south_indian,0,weight_loss|light
Egg Curry,dinner,470,9.7,56.6,14.3,non_vegetarian,north_indian,0,weight_loss|light
Peanut Chaat,snack,273,17.9,43.2,5.4,vegetarian,north_indian,0,improve_stamina|carb_rich
Boiled Eggs,snack,169,4.4,20.5,6.2,non_vegetarian,north_indian,1,weight_loss|light
Idli Sambar,breakfast,368,7.2,42.5,24.2,vegetarian,north_indian,0,improve_stamina|carb_rich
Paneer Bhurji,dinner,525,11.1,68.6,20.5,vegetarian,south_indian,0,improve_stamina|carb_rich
Paneer Roti,lunch,515,12.5,43.3,13.7,vegetarian,north_indian,1,weight_loss|light
Fish Fry,dinner,402,29.4,36.2,11.9,non_vegetarian,north_indian,1,muscle_gain|high_protein
Pav Bhaji,lunch,518,7.7,66.8,10.5,vegetarian,mixed,0,improve_stamina|carb_rich
Oats with Milk,breakfast,150,4.4,18.3,5.3,vegetarian,north_indian,1,weight_loss|light
Fruit Salad,snack,153,6.6,10.1,8.2,vegan,mixed,1,balanced|beginner
Paneer Sandwich,breakfast,171,13.7,16.9,3.9,vegetarian,mixed,0,muscle_gain|high_protein
Vegetable Soup,dinner,589,20.0,68.6,4.4,vegan,north_indian,1,improve_stamina|carb_rich
Dal Tadka,dinner,551,21.6,73.9,7.8,vegetarian,south_indian,1,balanced|beginner
Peanut Chaat,snack,228,4.6,32.4,6.8,vegetarian,north_indian,1,balanced|beginner
Paneer Bhurji,dinner,554,5.1,62.8,12.6,vegetarian,north_indian,0,balanced|beginner
Vegetable Poha,breakfast,222,9.7,16.0,11.3,vegetarian,north_indian,1,improve_stamina|carb_rich
Protein Shake,snack,235,4.0,31.4,8.3,vegetarian,south_indian,1,balanced|beginner
Vegetable Soup,dinner,451,5.7,46.9,4.5,vegan,north_indian,0,weight_loss|light
Roasted Chana,snack,110,5.6,14.0,2.5,vegan,mixed,1,weight_loss|light
Fruit Salad,snack,159,3.7,16.4,7.3,vegan,north_indian,1,improve_stamina|carb_rich
Protein Shake,snack,157,4.2,27.4,2.0,vegetarian,north_indian,1,balanced|beginner
Paneer Sandwich,breakfast,244,12.8,18.0,11.2,vegetarian,south_indian,1,muscle_gain|high_protein
Hyderabadi Biryani,lunch,604,9.3,60.0,14.6,non_vegetarian,mixed,0,improve_stamina|carb_rich
Dal Tadka,dinner,411,17.1,56.3,13.6,vegetarian,north_indian,1,improve_stamina|carb_rich
Hyderabadi Biryani,lunch,498,8.1,66.9,5.4,non_vegetarian,north_indian,0,improve_stamina|carb_rich
Protein Shake,snack,281,14.6,36.8,8.2,vegetarian,north_indian,1,weight_loss|light
Vegetable Soup,dinner,680,8.3,66.0,21.3,vegan,north_indian,0,weight_loss|light
Vegetable Soup,dinner,575,10.5,66.1,15.2,vegan,south_indian,0,balanced|beginner
Tofu Curry,dinner,557,17.5,72.5,7.5,vegan,south_indian,1,improve_stamina|carb_rich
Mixed Veg Curry,dinner,389,5.1,41.4,5.5,vegetarian,north_indian,0,balanced|beginner
Paneer Sandwich,breakfast,417,14.8,70.9,9.3,vegetarian,south_indian,1,balanced|beginner
Tofu Curry,dinner,398,9.8,56.5,6.8,vegan,north_indian,0,balanced|beginner
Tofu Scramble,breakfast,370,7.9,58.0,8.5,vegan,south_indian,1,balanced|beginner
Egg Curry,dinner,528,9.9,66.8,17.2,non_vegetarian,north_indian,0,weight_loss|light
Fruit Bowl,breakfast,161,6.7,16.5,6.1,vegan,south_indian,0,balanced|beginner
Fruit Bowl,breakfast,170,4.8,22.9,5.1,vegan,north_indian,0,improve_stamina|carb_rich
Grilled Chicken,dinner,584,56.8,50.1,5.7,non_vegetarian,north_indian,1,muscle_gain|high_protein
Kadhi Rice,lunch,445,12.0,75.2,10.6,vegetarian,north_indian,1,improve_stamina|carb_rich
Grilled Chicken,dinner,515,9.8,80.8,6.7,non_vegetarian,mixed,0,balanced|beginner
Masala Omelette,breakfast,162,10.9,12.4,6.2,non_vegetarian,south_indian,0,improve_stamina|carb_rich
Mixed Veg Curry,dinner,368,6.9,24.7,17.6,vegetarian,mixed,0,improve_stamina|carb_rich
Peanut Chaat,snack,236,8.1,26.6,8.7,vegetarian,north_indian,1,weight_loss|light
Sabudana Khichdi,breakfast,202,5.9,31.5,4.1,vegetarian,south_indian,1,improve_stamina|carb_rich
Vegetable Khichdi,lunch,366,8.8,70.0,4.0,vegetarian,north_indian,1,weight_loss|light
Idli Sambar,breakfast,413,42.4,66.1,4.5,vegetarian,south_indian,1,muscle_gain|high_protein
Corn Chaat,snack,278,6.5,37.4,8.9,vegan,north_indian,1,weight_loss|light
Tofu Scramble,breakfast,233,6.0,26.6,9.4,vegan,mixed,1,weight_loss|light
Paneer Sandwich,breakfast,367,15.7,28.8,17.7,vegetarian,mixed,1,weight_loss|light
Paneer Roti,lunch,361,17.0,37.9,15.9,vegetarian,south_indian,1,balanced|beginner
Paneer Roti,lunch,660,13.1,73.6,7.3,vegetarian,north_indian,0,balanced|beginner
Sprouts Salad,snack,277,19.8,27.0,5.2,vegan,south_indian,0,improve_stamina|carb_rich
Buttermilk,snack,282,6.0,36.3,10.0,vegetarian,north_indian,1,weight_loss|light
Grilled Chicken,dinner,376,14.7,37.7,9.1,non_vegetarian,north_indian,1,balanced|beginner
Egg Curry,dinner,536,21.3,38.5,9.7,non_vegetarian,south_indian,1,muscle_gain|high_protein
Paneer Cubes,snack,279,7.7,30.9,11.4,vegetarian,mixed,0,improve_stamina|carb_rich
Paneer Bhurji,dinner,658,17.8,71.1,13.4,vegetarian,north_indian,0,balanced|beginner
Upma,breakfast,392,9.3,25.5,18.0,vegetarian,north_indian,1,balanced|beginner
Pav Bhaji,lunch,553,17.9,81.6,6.2,vegetarian,north_indian,1,improve_stamina|carb_rich
Paneer Cubes,snack,205,10.8,30.4,2.7,vegetarian,south_indian,1,improve_stamina|carb_rich
Fish Fry,dinner,623,25.7,66.8,15.7,non_vegetarian,north_indian,1,balanced|beginner
Paneer Sandwich,breakfast,377,10.5,53.8,9.9,vegetarian,mixed,1,weight_loss|light
Boiled Eggs,snack,91,2.5,9.3,4.1,non_vegetarian,north_indian,1,weight_loss|light
Chicken Curry Rice,lunch,635,31.5,68.8,13.3,non_vegetarian,south_indian,1,improve_stamina|carb_rich
Idli Sambar,breakfast,278,8.7,23.7,11.0,vegetarian,south_indian,1,improve_stamina|carb_rich
Tofu Scramble,breakfast,325,11.5,48.8,6.4,vegan,north_indian,1,balanced|beginner
Egg Curry,dinner,689,36.4,71.3,14.9,non_vegetarian,mixed,0,balanced|beginner
Masala Omelette,breakfast,402,7.2,23.0,12.1,non_vegetarian,south_indian,1,improve_stamina|carb_rich
Tofu Stir Fry,lunch,511,18.0,79.5,11.9,vegan,north_indian,1,improve_stamina|carb_rich
Tofu Curry,dinner,575,18.9,51.9,23.9,vegan,north_indian,0,improve_stamina|carb_rich
Fruit Bowl,breakfast,359,16.4,61.3,7.4,vegan,north_indian,1,weight_loss|light
Kadhi Rice,lunch,568,20.1,68.0,21.5,vegetarian,mixed,1,muscle_gain|high_protein
Sprouts Salad,snack,177,7.7,20.8,5.5,vegan,mixed,1,muscle_gain|high_protein
Masala Omelette,breakfast,278,4.7,34.2,11.1,non_vegetarian,north_indian,1,improve_stamina|carb_rich
Corn Chaat,snack,262,6.8,18.2,15.7,vegan,north_indian,0,balanced|beginner
Paneer Bhurji,dinner,688,5.0,78.3,20.4,vegetarian,north_indian,0,weight_loss|light
Mixed Veg Curry,dinner,650,37.2,35.5,26.9,vegetarian,mixed,0,muscle_gain|high_protein
Peanut Chaat,snack,157,4.0,21.4,4.8,vegetarian,mixed,1,improve_stamina|carb_rich
Corn Chaat,snack,177,3.4,26.3,4.9,vegan,north_indian,1,improve_stamina|carb_rich
Mixed Veg Curry,dinner,526,17.5,24.1,22.0,vegetarian,north_indian,1,weight_loss|light
Fruit Bowl,breakfast,337,8.7,68.5,8.0,vegan,mixed,1,improve_stamina|carb_rich
Hyderabadi Biryani,lunch,487,31.9,53.0,12.0,non_vegetarian,mixed,1,muscle_gain|high_protein
Pav Bhaji,lunch,531,11.6,66.4,13.7,vegetarian,mixed,0,improve_stamina|carb_rich
Sprouts Salad,snack,300,10.8,38.7,8.6,vegan,south_indian,0,improve_stamina|carb_rich
Tofu Scramble,breakfast,251,16.0,41.6,4.2,vegan,north_indian,1,balanced|beginner
Chicken Curry Rice,lunch,482,6.0,33.3,23.7,non_vegetarian,mixed,0,improve_stamina|carb_rich
Tofu Scramble,breakfast,192,2.9,17.9,10.4,vegan,mixed,1,improve_stamina|carb_rich
Tofu Stir Fry,lunch,633,18.0,78.0,6.6,vegan,north_indian,1,balanced|beginner
Masala Omelette,breakfast,429,29.9,37.6,24.6,non_vegetarian,north_indian,0,muscle_gain|high_protein
Vegetable Khichdi,lunch,409,34.7,53.1,2.8,vegetarian,mixed,1,muscle_gain|high_protein
Pav Bhaji,lunch,608,16.1,55.8,19.7,vegetarian,north_indian,1,weight_loss|light
Vegetable Soup,dinner,424,13.5,35.6,13.4,vegan,north_indian,1,weight_loss|light
Kadhi Rice,lunch,673,18.8,29.5,21.1,vegetarian,north_indian,0,weight_loss|light
Masala Omelette,breakfast,202,17.7,21.7,6.7,non_vegetarian,south_indian,1,balanced|beginner
Grilled Chicken,dinner,540,5.9,47.3,14.8,non_vegetarian,north_indian,0,balanced|beginner
Peanut Chaat,snack,227,17.5,34.2,5.3,vegetarian,north_indian,1,improve_stamina|carb_rich
Pav Bhaji,lunch,436,12.2,72.1,3.9,vegetarian,mixed,1,weight_loss|light
Corn Chaat,snack,242,5.5,26.2,10.7,vegan,south_indian,1,balanced|beginner
Dal Tadka,dinner,581,10.1,48.3,27.0,vegetarian,south_indian,0,weight_loss|light
Vegetable Poha,breakfast,238,15.9,18.3,9.1,vegetarian,north_indian,1,muscle_gain|high_protein
Protein Shake,snack,252,11.2,30.9,7.0,vegetarian,mixed,1,weight_loss|light
Egg Curry,dinner,427,19.4,67.6,15.0,non_vegetarian,south_indian,1,muscle_gain|high_protein
Peanut Chaat,snack,112,5.7,12.3,3.5,vegetarian,mixed,1,muscle_gain|high_protein
Masala Omelette,breakfast,216,4.1,34.7,4.8,non_vegetarian,north_indian,1,improve_stamina|carb_rich
Upma,breakfast,325,20.6,40.2,6.2,vegetarian,north_indian,1,muscle_gain|high_protein
Protein Shake,snack,270,10.9,40.7,4.6,vegetarian,north_indian,0,balanced|beginner
Egg Curry,dinner,650,33.1,74.7,11.3,non_vegetarian,north_indian,1,improve_stamina|carb_rich
Tofu Stir Fry,lunch,545,17.9,78.4,13.1,vegan,north_indian,1,weight_loss|light
Oats with Milk,breakfast,424,13.5,51.4,8.5,vegetarian,mixed,0,balanced|beginner
Dal Tadka,dinner,571,9.9,54.4,23.4,vegetarian,north_indian,0,weight_loss|light
Fruit Bowl,breakfast,242,11.7,23.4,13.8,vegan,mixed,1,improve_stamina|carb_rich
Dal Tadka,dinner,415,25.0,27.2,19.3,vegetarian,mixed,1,muscle_gain|high_protein
Roasted Chana,snack,247,8.7,27.3,9.2,vegan,north_indian,1,improve_stamina|carb_rich
Tofu Stir Fry,lunch,429,17.0,51.0,9.8,vegan,north_indian,1,balanced|beginner
Pav Bhaji,lunch,555,16.7,52.7,8.5,vegetarian,south_indian,1,weight_loss|light
Fish Fry,dinner,493,25.5,64.3,9.7,non_vegetarian,mixed,1,muscle_gain|high_protein
Sabudana Khichdi,breakfast,181,7.4,27.0,3.2,vegetarian,mixed,1,balanced|beginner
Oats with Milk,breakfast,328,7.3,36.8,13.9,vegetarian,north_indian,1,improve_stamina|carb_rich
Tofu Scramble,breakfast,318,36.9,29.9,8.3,vegan,north_indian,1,muscle_gain|high_protein
Upma,breakfast,328,12.7,27.6,15.6,vegetarian,north_indian,1,improve_stamina|carb_rich
Dal Rice,lunch,531,14.3,56.1,17.1,vegetarian,north_indian,1,improve_stamina|carb_rich
Tofu Curry,dinner,555,41.2,60.6,10.7,vegan,north_indian,1,muscle_gain|high_protein
Rajma Chawal,lunch,609,10.3,39.9,19.3,vegetarian,north_indian,0,weight_loss|light
Fish Curry Rice,lunch,455,14.4,47.9,17.0,non_vegetarian,mixed,1,improve_stamina|carb_rich
Paneer Roti,lunch,355,10.2,69.8,6.7,vegetarian,north_indian,1,weight_loss|light
Dal Rice,lunch,370,8.0,49.7,12.2,vegetarian,north_indian,1,weight_loss|light
Boiled Eggs,snack,297,34.3,28.7,6.1,non_vegetarian,south_indian,1,muscle_gain|high_protein
Hyderabadi Biryani,lunch,512,7.4,74.6,13.3,non_vegetarian,north_indian,0,weight_loss|light
Rajma Chawal,lunch,593,10.5,80.4,13.6,vegetarian,south_indian,0,weight_loss|light
Buttermilk,snack,206,11.2,20.1,7.1,vegetarian,north_indian,1,muscle_gain|high_protein
Pav Bhaji,lunch,640,5.1,69.4,14.3,vegetarian,mixed,0,weight_loss|light
Fish Curry Rice,lunch,587,12.8,64.0,19.4,non_vegetarian,north_indian,1,balanced|beginner
Hyderabadi Biryani,lunch,407,13.3,59.0,9.4,non_vegetarian,north_indian,1,improve_stamina|carb_rich
Dal Rice,lunch,594,18.1,65.6,3.8,vegetarian,north_indian,1,balanced|beginner
Roasted Chana,snack,273,20.8,27.2,3.2,vegan,north_indian,1,muscle_gain|high_protein
Paneer Roti,lunch,623,34.9,48.3,19.8,vegetarian,mixed,1,improve_stamina|carb_rich
Idli Sambar,breakfast,361,19.5,28.9,15.4,vegetarian,south_indian,1,muscle_gain|high_protein
Roasted Chana,snack,178,12.3,20.2,3.8,vegan,south_indian,1,muscle_gain|high_protein
Vegetable Soup,dinner,415,17.9,48.9,12.9,vegan,north_indian,1,balanced|beginner
Roti Sabji,dinner,525,18.8,64.4,14.0,vegetarian,north_indian,1,weight_loss|light
Roti Sabji,dinner,521,10.7,49.2,15.1,vegetarian,mixed,0,weight_loss|light
Dal Tadka,dinner,663,17.6,68.6,22.1,vegetarian,south_indian,0,weight_loss|light
Masala Omelette,breakfast,201,7.0,20.3,8.4,non_vegetarian,mixed,1,improve_stamina|carb_rich
Tofu Curry,dinner,544,13.1,35.5,21.4,vegan,south_indian,1,improve_stamina|carb_rich
Protein Shake,snack,217,5.8,23.2,9.3,vegetarian,mixed,1,balanced|beginner
Roti Sabji,dinner,573,30.8,22.1,16.8,vegetarian,mixed,1,muscle_gain|high_protein
Paneer Sandwich,breakfast,333,8.5,42.5,11.4,vegetarian,north_indian,1,improve_stamina|carb_rich
Vegetable Poha,breakfast,313,10.5,42.6,13.3,vegetarian,north_indian,1,weight_loss|light
Kadhi Rice,lunch,516,9.0,56.2,4.0,vegetarian,north_indian,0,weight_loss|light
Tofu Curry,dinner,595,5.2,52.2,24.6,vegan,north_indian,0,balanced|beginner
Thepla,breakfast,443,13.8,33.0,8.2,vegetarian,south_indian,0,weight_loss|light
Kadhi Rice,lunch,389,19.5,56.8,14.9,vegetarian,mixed,1,balanced|beginner
Idli Sambar,breakfast,230,6.7,17.3,12.9,vegetarian,north_indian,1,balanced|beginner
Oats with Milk,breakfast,421,5.9,35.6,11.9,vegetarian,mixed,0,improve_stamina|carb_rich
Grilled Chicken,dinner,436,6.7,56.9,14.4,non_vegetarian,north_indian,0,balanced|beginner
Paneer Sandwich,breakfast,231,4.1,31.2,7.9,vegetarian,north_indian,1,balanced|beginner
Peanut Chaat,snack,254,9.4,29.0,8.9,vegetarian,mixed,1,balanced|beginner
Tofu Stir Fry,lunch,376,26.1,29.6,7.8,vegan,mixed,1,muscle_gain|high_protein
Fruit Bowl,breakfast,368,5.7,31.3,19.9,vegan,mixed,0,improve_stamina|carb_rich
Rajma Chawal,lunch,675,5.7,73.2,18.2,vegetarian,mixed,0,balanced|beginner
Fruit Salad,snack,261,9.6,22.9,12.2,vegan,south_indian,1,weight_loss|light
Protein Shake,snack,203,3.7,17.0,11.5,vegetarian,south_indian,1,balanced|beginner
Fruit Salad,snack,224,14.2,31.0,2.8,vegan,north_indian,1,muscle_gain|high_protein
Egg Curry,dinner,572,44.1,24.4,9.8,non_vegetarian,north_indian,1,muscle_gain|high_protein
Fruit Salad,snack,131,8.2,12.1,4.4,vegan,mixed,1,improve_stamina|carb_rich
Tofu Curry,dinner,358,4.9,38.4,17.3,vegan,north_indian,0,improve_stamina|carb_rich
Protein Shake,snack,263,12.3,42.8,2.4,vegetarian,mixed,1,weight_loss|light
Vegetable Poha,breakfast,424,14.3,42.9,18.9,vegetarian,north_indian,0,balanced|beginner
Corn Chaat,snack,225,6.7,35.7,4.2,vegan,south_indian,1,weight_loss|light
Roasted Chana,snack,108,5.0,11.9,3.5,vegan,mixed,1,weight_loss|light
Boiled Eggs,snack,126,2.2,16.0,4.8,non_vegetarian,north_indian,1,improve_stamina|carb_rich
Fish Curry Rice,lunch,443,11.3,58.7,9.3,non_vegetarian,north_indian,0,improve_stamina|carb_rich
Peanut Chaat,snack,132,4.7,18.7,3.1,vegetarian,south_indian,1,improve_stamina|carb_rich
Paneer Sandwich,breakfast,408,6.0,42.8,18.6,vegetarian,mixed,0,improve_stamina|carb_rich
Thepla,breakfast,234,11.8,32.4,7.2,vegetarian,north_indian,1,balanced|beginner
Fish Fry,dinner,373,19.0,60.7,11.7,non_vegetarian,mixed,1,improve_stamina|carb_rich
Vegetable Poha,breakfast,354,7.9,50.3,10.3,vegetarian,mixed,1,balanced|beginner
Dal Tadka,dinner,523,5.8,72.3,22.4,vegetarian,south_indian,0,weight_loss|light
Roti Sabji,dinner,595,19.4,55.2,13.6,vegetarian,mixed,1,balanced|beginner
Paneer Roti,lunch,548,9.2,85.4,7.9,vegetarian,north_indian,0,improve_stamina|carb_rich
Protein Shake,snack,205,17.2,23.7,2.8,vegetarian,mixed,1,muscle_gain|high_protein
Corn Chaat,snack,212,6.6,33.8,5.8,vegan,north_indian,1,balanced|beginner
Rajma Chawal,lunch,578,8.6,71.3,17.2,vegetarian,north_indian,0,improve_stamina|carb_rich
Boiled Eggs,snack,85,7.8,8.6,1.4,non_vegetarian,south_indian,1,muscle_gain|high_protein
Hyderabadi Biryani,lunch,537,17.6,23.6,18.3,non_vegetarian,mixed,1,balanced|beginner
Boiled Eggs,snack,183,11.0,12.4,8.3,non_vegetarian,south_indian,1,balanced|beginner
Vegetable Khichdi,lunch,526,15.7,44.3,11.1,vegetarian,mixed,1,weight_loss|light
Dal Rice,lunch,403,13.8,54.0,6.6,vegetarian,north_indian,1,balanced|beginner
Grilled Chicken,dinner,539,23.6,64.8,9.8,non_vegetarian,north_indian,1,weight_loss|light
Kadhi Rice,lunch,676,18.8,41.2,17.5,vegetarian,mixed,0,balanced|beginner
Grilled Chicken,dinner,625,29.1,55.6,20.1,non_vegetarian,north_indian,1,muscle_gain|high_protein
Thepla,breakfast,177,17.0,12.3,5.1,vegetarian,south_indian,0,muscle_gain|high_protein
Oats with Milk,breakfast,219,8.1,24.6,7.8,vegetarian,mixed,1,balanced|beginner
Buttermilk,snack,101,4.3,15.8,1.4,vegetarian,north_indian,1,balanced|beginner
Paneer Bhurji,dinner,589,7.7,79.7,20.9,vegetarian,north_indian,0,weight_loss|light
Oats with Milk,breakfast,212,12.2,29.1,8.1,vegetarian,north_indian,1,balanced|beginner
Vegetable Poha,breakfast,295,12.1,40.9,9.7,vegetarian,mixed,1,improve_stamina|carb_rich
Fish Curry Rice,lunch,419,6.4,35.2,21.2,non_vegetarian,north_indian,0,balanced|beginner
Protein Shake,snack,109,6.5,12.3,2.8,vegetarian,north_indian,1,improve_stamina|carb_rich
Peanut Chaat,snack,173,15.4,11.1,5.9,vegetarian,mixed,1,muscle_gain|high_protein
Fruit Bowl,breakfast,190,5.5,22.4,7.0,vegan,mixed,1,weight_loss|light
Buttermilk,snack,150,6.5,10.9,7.6,vegetarian,mixed,1,balanced|beginner
Sprouts Salad,snack,228,3.8,24.5,10.7,vegan,north_indian,1,weight_loss|light
Thepla,breakfast,258,13.1,31.0,6.8,vegetarian,north_indian,1,muscle_gain|high_protein
Kadhi Rice,lunch,456,19.7,58.2,11.9,vegetarian,north_indian,1,balanced|beginner
Tofu Curry,dinner,389,16.5,24.6,21.1,vegan,mixed,1,weight_loss|light
Egg Curry,dinner,473,9.7,72.7,15.2,non_vegetarian,south_indian,0,balanced|beginner
Buttermilk,snack,284,8.5,32.4,10.8,vegetarian,north_indian,0,improve_stamina|carb_rich
Paneer Sandwich,breakfast,307,15.9,39.4,5.5,vegetarian,north_indian,1,weight_loss|light
Peanut Chaat,snack,161,4.8,15.9,7.2,vegetarian,north_indian,1,balanced|beginner
Protein Shake,snack,82,3.6,13.2,0.9,vegetarian,north_indian,1,muscle_gain|high_protein
Hyderabadi Biryani,lunch,668,29.9,85.3,9.7,non_vegetarian,north_indian,0,weight_loss|light
Boiled Eggs,snack,267,5.6,32.5,10.4,non_vegetarian,north_indian,0,improve_stamina|carb_rich
Vegetable Poha,breakfast,300,7.4,21.0,18.1,vegetarian,north_indian,0,weight_loss|light
Kadhi Rice,lunch,444,29.6,38.6,15.1,vegetarian,south_indian,1,muscle_gain|high_protein
Roasted Chana,snack,157,3.4,24.0,3.9,vegan,north_indian,1,improve_stamina|carb_rich
Kadhi Rice,lunch,646,12.4,34.1,21.7,vegetarian,north_indian,1,balanced|beginner
Idli Sambar,breakfast,386,5.0,50.6,14.7,vegetarian,mixed,1,weight_loss|light
Mixed Veg Curry,dinner,582,13.6,70.5,15.6,vegetarian,north_indian,1,improve_stamina|carb_rich
Hyderabadi Biryani,lunch,623,59.2,32.8,15.9,non_vegetarian,north_indian,1,muscle_gain|high_protein
Tofu Scramble,breakfast,428,18.8,58.2,3.6,vegan,south_indian,0,weight_loss|light
Roasted Chana,snack,98,6.0,8.3,3.7,vegan,mixed,1,muscle_gain|high_protein
Thepla,breakfast,323,7.9,35.0,14.0,vegetarian,north_indian,1,improve_stamina|carb_rich
Fruit Salad,snack,263,4.3,42.1,6.2,vegan,mixed,0,improve_stamina|carb_rich
Idli Sambar,breakfast,230,13.6,26.2,5.8,vegetarian,north_indian,1,muscle_gain|high_protein
Oats with Milk,breakfast,205,5.5,28.0,6.1,vegetarian,north_indian,1,balanced|beginner
Tofu Stir Fry,lunch,583,50.0,52.7,7.5,vegan,north_indian,1,muscle_gain|high_protein
Grilled Chicken,dinner,441,10.6,78.7,6.0,non_vegetarian,north_indian,0,weight_loss|light
Idli Sambar,breakfast,292,14.0,28.6,10.9,vegetarian,mixed,1,muscle_gain|high_protein
Idli Sambar,breakfast,267,9.7,22.4,13.0,vegetarian,north_indian,1,weight_loss|light
Chicken Curry Rice,lunch,652,15.8,67.1,16.4,non_vegetarian,mixed,0,weight_loss|light
Fish Fry,dinner,392,13.5,32.8,22.2,non_vegetarian,north_indian,0,improve_stamina|carb_rich
Kadhi Rice,lunch,404,14.4,36.3,14.5,vegetarian,south_indian,1,balanced|beginner
Vegetable Khichdi,lunch,368,8.3,47.7,9.1,vegetarian,north_indian,0,improve_stamina|carb_rich
Vegetable Soup,dinner,694,32.7,60.7,9.2,vegan,mixed,1,muscle_gain|high_protein
Sabudana Khichdi,breakfast,169,15.7,13.4,4.3,vegetarian,north_indian,0,muscle_gain|high_protein
Vegetable Soup,dinner,567,15.9,67.4,12.3,vegan,north_indian,1,weight_loss|light
Paneer Cubes,snack,160,3.2,14.7,8.4,vegetarian,north_indian,1,improve_stamina|carb_rich
Dal Tadka,dinner,651,19.6,96.4,7.7,vegetarian,south_indian,0,weight_loss|light
Dal Tadka,dinner,599,18.5,77.7,11.8,vegetarian,mixed,1,weight_loss|light
Thepla,breakfast,216,21.8,19.8,3.6,vegetarian,south_indian,1,muscle_gain|high_protein
Fish Curry Rice,lunch,438,13.8,76.0,8.7,non_vegetarian,north_indian,1,weight_loss|light
Thepla,breakfast,342,22.5,29.4,11.8,vegetarian,north_indian,1,muscle_gain|high_protein
Pav Bhaji,lunch,523,9.9,35.2,20.6,vegetarian,north_indian,0,balanced|beginner
Egg Curry,dinner,557,34.6,51.0,3.9,non_vegetarian,mixed,1,muscle_gain|high_protein
Dal Rice,lunch,401,13.0,48.6,13.6,vegetarian,north_indian,1,improve_stamina|carb_rich
Masala Omelette,breakfast,334,12.0,27.4,16.6,non_vegetarian,south_indian,1,weight_loss|light
Upma,breakfast,315,17.3,24.2,10.3,vegetarian,mixed,1,weight_loss|light
Tofu Scramble,breakfast,390,18.2,29.4,24.0,vegan,south_indian,0,weight_loss|light
Egg Curry,dinner,382,6.6,67.5,10.7,non_vegetarian,mixed,0,balanced|beginner
Sabudana Khichdi,breakfast,269,11.5,39.0,5.0,vegetarian,mixed,1,weight_loss|light
Corn Chaat,snack,187,13.1,20.8,4.0,vegan,mixed,1,muscle_gain|high_protein
Vegetable Soup,dinner,391,27.1,40.2,10.0,vegan,north_indian,1,muscle_gain|high_protein
Corn Chaat,snack,145,7.8,14.8,4.7,vegan,north_indian,1,improve_stamina|carb_rich
Sabudana Khichdi,breakfast,238,5.3,31.0,8.2,vegetarian,mixed,1,improve_stamina|carb_rich
Fish Curry Rice,lunch,567,23.7,60.2,19.4,non_vegetarian,north_indian,1,muscle_gain|high_protein
Fruit Salad,snack,208,13.4,19.5,6.7,vegan,north_indian,1,muscle_gain|high_protein
Fruit Bowl,breakfast,188,14.2,20.6,3.7,vegan,south_indian,1,muscle_gain|high_protein
Paneer Bhurji,dinner,646,19.8,73.3,12.0,vegetarian,mixed,1,muscle_gain|high_protein
Vegetable Poha,breakfast,185,5.4,32.6,2.0,vegetarian,north_indian,1,improve_stamina|carb_rich
Pav Bhaji,lunch,400,6.0,47.6,10.6,vegetarian,north_indian,0,balanced|beginner
Vegetable Khichdi,lunch,657,28.3,55.7,17.1,vegetarian,north_indian,1,muscle_gain|high_protein
Thepla,breakfast,377,18.7,33.0,9.6,vegetarian,mixed,1,weight_loss|light
Paneer Cubes,snack,230,7.3,24.4,9.4,vegetarian,north_indian,1,weight_loss|light
Corn Chaat,snack,184,21.5,12.6,3.7,vegan,north_indian,1,muscle_gain|high_protein
Masala Omelette,breakfast,175,11.6,21.6,3.1,non_vegetarian,north_indian,0,muscle_gain|high_protein
Vegetable Soup,dinner,633,32.6,48.3,21.7,vegan,north_indian,1,muscle_gain|high_protein
Fruit Bowl,breakfast,156,4.5,18.4,5.8,vegan,north_indian,0,muscle_gain|high_protein
Thepla,breakfast,205,11.7,15.8,8.7,vegetarian,north_indian,1,balanced|beginner
Paneer Cubes,snack,278,5.1,20.7,16.9,vegetarian,mixed,0,weight_loss|light
Tofu Stir Fry,lunch,700,9.7,58.0,33.7,vegan,north_indian,0,improve_stamina|carb_rich
Upma,breakfast,404,8.3,70.3,4.3,vegetarian,south_indian,1,improve_stamina|carb_rich
Pav Bhaji,lunch,652,27.6,44.8,19.5,vegetarian,north_indian,1,muscle_gain|high_protein
Thepla,breakfast,313,12.1,61.6,4.0,vegetarian,north_indian,1,weight_loss|light
Rajma Chawal,lunch,459,10.0,42.5,5.6,vegetarian,north_indian,0,weight_loss|light
Fish Curry Rice,lunch,380,11.1,41.8,8.3,non_vegetarian,north_indian,1,weight_loss|light
Fish Fry,dinner,676,13.0,72.9,18.9,non_vegetarian,north_indian,0,balanced|beginner
Fruit Salad,snack,214,5.6,26.0,7.8,vegan,north_indian,1,balanced|beginner
Paneer Sandwich,breakfast,354,12.6,42.9,11.5,vegetarian,north_indian,1,weight_loss|light
Peanut Chaat,snack,114,4.1,14.5,3.4,vegetarian,north_indian,1,weight_loss|light
Tofu Scramble,breakfast,383,30.2,27.2,10.2,vegan,mixed,1,muscle_gain|high_protein
Oats with Milk,breakfast,228,25.1,19.5,3.5,vegetarian,north_indian,1,muscle_gain|high_protein
Roti Sabji,dinner,446,12.3,51.7,17.1,vegetarian,north_indian,1,improve_stamina|carb_rich
Buttermilk,snack,204,5.2,18.5,10.3,vegetarian,north_indian,1,improve_stamina|carb_rich
Vegetable Poha,breakfast,282,11.4,37.9,6.9,vegetarian,north_indian,1,balanced|beginner
Boiled Eggs,snack,131,4.3,15.1,4.8,non_vegetarian,mixed,1,weight_loss|light
Roti Sabji,dinner,623,39.6,58.7,23.0,vegetarian,mixed,0,muscle_gain|high_protein
Sabudana Khichdi,breakfast,155,10.4,19.3,2.7,vegetarian,mixed,0,improve_stamina|carb_rich
Hyderabadi Biryani,lunch,493,13.3,78.4,20.1,non_vegetarian,mixed,1,improve_stamina|carb_rich
Paneer Sandwich,breakfast,261,5.8,20.0,15.2,vegetarian,mixed,1,improve_stamina|carb_rich
Upma,breakfast,319,6.3,38.5,12.7,vegetarian,mixed,1,improve_stamina|carb_rich
Sprouts Salad,snack,84,2.6,13.2,1.6,vegan,north_indian,1,balanced|beginner
Rajma Chawal,lunch,406,17.0,37.3,15.0,vegetarian,north_indian,1,weight_loss|light
Tofu Scramble,breakfast,399,31.0,45.3,6.9,vegan,south_indian,1,muscle_gain|high_protein
Mixed Veg Curry,dinner,650,15.7,99.1,8.2,vegetarian,north_indian,1,balanced|beginner
Vegetable Soup,dinner,375,5.2,59.0,18.9,vegan,north_indian,0,improve_stamina|carb_rich
Idli Sambar,breakfast,196,11.1,19.8,6.3,vegetarian,north_indian,1,muscle_gain|high_protein
Rajma Chawal,lunch,573,20.6,46.5,18.3,vegetarian,south_indian,1,muscle_gain|high_protein
Vegetable Soup,dinner,501,8.8,40.4,20.6,vegan,mixed,0,weight_loss|light
Fruit Bowl,breakfast,434,14.4,45.2,16.9,vegan,mixed,0,balanced|beginner
Vegetable Soup,dinner,673,32.7,45.9,8.3,vegan,north_indian,1,muscle_gain|high_protein
Chicken Curry Rice,lunch,531,40.4,54.9,9.1,non_vegetarian,south_indian,1,muscle_gain|high_protein
Sabudana Khichdi,breakfast,319,15.2,27.7,8.8,vegetarian,south_indian,1,improve_stamina|carb_rich
Paneer Roti,lunch,684,13.2,84.8,18.8,vegetarian,south_indian,0,balanced|beginner
Oats with Milk,breakfast,234,15.4,15.2,10.3,vegetarian,south_indian,1,muscle_gain|high_protein
Paneer Cubes,snack,228,12.6,27.0,5.7,vegetarian,north_indian,1,muscle_gain|high_protein
Dal Rice,lunch,681,15.9,56.0,18.3,vegetarian,mixed,0,weight_loss|light
Roasted Chana,snack,112,4.0,9.9,5.3,vegan,north_indian,1,improve_stamina|carb_rich
Mixed Veg Curry,dinner,450,18.6,24.9,19.5,vegetarian,north_indian,1,weight_loss|light
Fruit Salad,snack,202,8.1,22.8,6.9,vegan,mixed,1,improve_stamina|carb_rich
Thepla,breakfast,211,14.7,25.0,4.0,vegetarian,mixed,1,muscle_gain|high_protein
Hyderabadi Biryani,lunch,496,12.0,58.7,18.8,non_vegetarian,south_indian,1,weight_loss|light
Roasted Chana,snack,189,7.8,22.8,5.7,vegan,north_indian,1,balanced|beginner
Rajma Chawal,lunch,544,17.5,78.7,24.1,vegetarian,north_indian,0,weight_loss|light
Thepla,breakfast,380,29.0,56.5,8.8,vegetarian,north_indian,1,muscle_gain|high_protein
Paneer Roti,lunch,518,7.9,68.5,19.7,vegetarian,south_indian,0,weight_loss|light
Rajma Chawal,lunch,697,18.9,72.2,14.3,vegetarian,mixed,1,muscle_gain|high_protein
Sprouts Salad,snack,300,15.4,30.2,10.4,vegan,south_indian,0,muscle_gain|high_protein
Paneer Cubes,snack,279,8.1,35.7,9.0,vegetarian,south_indian,0,improve_stamina|carb_rich
Paneer Cubes,snack,116,3.8,14.4,3.8,vegetarian,south_indian,1,balanced|beginner
Vegetable Soup,dinner,660,7.2,54.0,24.4,vegan,mixed,0,balanced|beginner
Roti Sabji,dinner,374,7.8,46.5,19.1,vegetarian,south_indian,0,balanced|beginner
Paneer Bhurji,dinner,483,18.5,41.7,20.8,vegetarian,north_indian,1,improve_stamina|carb_rich
Sprouts Salad,snack,272,8.6,25.9,12.5,vegan,north_indian,1,weight_loss|light
Roti Sabji,dinner,674,24.7,39.2,13.8,vegetarian,mixed,1,muscle_gain|high_protein
Sabudana Khichdi,breakfast,256,12.5,40.2,2.8,vegetarian,north_indian,1,balanced|beginner
Vegetable Poha,breakfast,350,11.4,39.9,13.0,vegetarian,north_indian,1,improve_stamina|carb_rich
Buttermilk,snack,148,3.9,21.4,3.9,vegetarian,north_indian,1,balanced|beginner
Paneer Cubes,snack,122,5.1,19.5,1.5,vegetarian,north_indian,1,balanced|beginner
Fruit Bowl,breakfast,200,11.9,27.6,2.9,vegan,mixed,1,balanced|beginner
Pav Bhaji,lunch,676,28.3,62.9,21.1,vegetarian,north_indian,0,improve_stamina|carb_rich
Fish Curry Rice,lunch,564,13.5,80.3,9.7,non_vegetarian,mixed,1,balanced|beginner
Fruit Bowl,breakfast,301,28.9,16.8,10.5,vegan,south_indian,1,muscle_gain|high_protein
Sprouts Salad,snack,183,8.6,17.2,7.2,vegan,mixed,1,muscle_gain|high_protein
Masala Omelette,breakfast,403,8.9,26.0,15.9,non_vegetarian,south_indian,1,improve_stamina|carb_rich
Grilled Chicken,dinner,643,7.4,65.8,25.0,non_vegetarian,north_indian,0,balanced|beginner
Rajma Chawal,lunch,681,19.7,53.3,21.8,vegetarian,north_indian,0,weight_loss|light
Vegetable Soup,dinner,451,17.1,59.6,14.1,vegan,mixed,1,balanced|beginner
Masala Omelette,breakfast,307,9.1,42.3,8.5,non_vegetarian,north_indian,1,balanced|beginner
Paneer Cubes,snack,280,30.5,22.2,3.5,vegetarian,mixed,1,muscle_gain|high_protein
Paneer Roti,lunch,545,42.1,44.5,11.2,vegetarian,mixed,1,muscle_gain|high_protein
Masala Omelette,breakfast,196,6.3,21.9,7.5,non_vegetarian,north_indian,1,weight_loss|light
Fish Fry,dinner,404,16.7,50.3,11.5,non_vegetarian,mixed,1,muscle_gain|high_protein
Boiled Eggs,snack,281,5.4,23.0,16.8,non_vegetarian,south_indian,0,improve_stamina|carb_rich
Buttermilk,snack,106,2.6,13.4,3.7,vegetarian,north_indian,1,balanced|beginner
Upma,breakfast,428,13.7,60.4,10.8,vegetarian,south_indian,0,weight_loss|light
Grilled Chicken,dinner,595,12.0,92.1,7.9,non_vegetarian,north_indian,1,weight_loss|light
Chicken Curry Rice,lunch,499,18.6,66.0,19.4,non_vegetarian,mixed,1,weight_loss|light
Oats with Milk,breakfast,211,6.9,27.8,6.1,vegetarian,north_indian,1,balanced|beginner
Fish Curry Rice,lunch,522,33.1,61.8,11.2,non_vegetarian,mixed,1,muscle_gain|high_protein
Tofu Scramble,breakfast,427,29.9,43.4,8.1,vegan,south_indian,1,muscle_gain|high_protein
Idli Sambar,breakfast,294,7.7,45.3,6.5,vegetarian,mixed,1,balanced|beginner
Roti Sabji,dinner,426,9.0,38.4,9.7,vegetarian,north_indian,0,improve_stamina|carb_rich
Upma,breakfast,158,10.8,19.6,2.6,vegetarian,south_indian,0,muscle_gain|high_protein
Roti Sabji,dinner,462,5.5,65.9,4.4,vegetarian,mixed,0,weight_loss|light
Roti Sabji,dinner,549,8.6,66.9,7.9,vegetarian,north_indian,0,improve_stamina|carb_rich
Fish Curry Rice,lunch,662,22.7,59.1,19.7,non_vegetarian,mixed,1,muscle_gain|high_protein
Oats with Milk,breakfast,281,15.7,28.5,9.1,vegetarian,mixed,1,muscle_gain|high_protein
Roti Sabji,dinner,369,10.0,44.4,5.4,vegetarian,south_indian,0,improve_stamina|carb_rich
Tofu Stir Fry,lunch,354,8.7,23.3,15.1,vegan,north_indian,0,balanced|beginner
Paneer Roti,lunch,380,16.5,27.2,4.0,vegetarian,south_indian,1,balanced|beginner
Vegetable Poha,breakfast,243,12.9,20.9,9.9,vegetarian,south_indian,1,weight_loss|light
Oats with Milk,breakfast,211,8.3,14.9,11.3,vegetarian,north_indian,1,improve_stamina|carb_rich
Sabudana Khichdi,breakfast,435,19.8,48.8,14.0,vegetarian,north_indian,1,muscle_gain|high_protein
Egg Curry,dinner,573,30.2,36.4,14.6,non_vegetarian,south_indian,1,muscle_gain|high_protein
Paneer Sandwich,breakfast,319,6.4,36.9,13.4,vegetarian,north_indian,1,improve_stamina|carb_rich
Roti Sabji,dinner,604,40.9,22.5,8.8,vegetarian,north_indian,1,muscle_gain|high_protein
Tofu Stir Fry,lunch,411,15.8,38.2,20.4,vegan,north_indian,1,weight_loss|light
Tofu Stir Fry,lunch,555,13.1,70.8,19.9,vegan,mixed,1,weight_loss|light
Thepla,breakfast,366,7.0,41.4,10.0,vegetarian,north_indian,1,balanced|beginner
Boiled Eggs,snack,190,5.9,22.5,6.8,non_vegetarian,mixed,1,weight_loss|light
Fruit Salad,snack,95,4.0,8.0,4.4,vegan,north_indian,1,balanced|beginner
Tofu Scramble,breakfast,320,18.3,43.6,5.2,vegan,mixed,1,muscle_gain|high_protein
Vegetable Khichdi,lunch,391,19.6,34.6,10.2,vegetarian,north_indian,1,weight_loss|light
Tofu Stir Fry,lunch,408,12.9,78.3,9.5,vegan,mixed,1,improve_stamina|carb_rich
Idli Sambar,breakfast,415,17.3,68.4,3.8,vegetarian,mixed,1,balanced|beginner
Vegetable Poha,breakfast,433,41.5,33.6,13.4,vegetarian,mixed,1,muscle_gain|high_protein
Dal Rice,lunch,459,11.3,38.4,21.2,vegetarian,south_indian,0,improve_stamina|carb_rich
Paneer Bhurji,dinner,660,18.1,89.0,12.5,vegetarian,north_indian,0,weight_loss|light
Roasted Chana,snack,292,4.0,42.5,9.2,vegan,south_indian,0,balanced|beginner
Paneer Roti,lunch,576,16.1,28.6,16.2,vegetarian,mixed,1,weight_loss|light
Tofu Scramble,breakfast,156,2.1,21.3,5.6,vegan,south_indian,1,weight_loss|light
Oats with Milk,breakfast,275,6.4,44.5,5.5,vegetarian,north_indian,1,balanced|beginner
Hyderabadi Biryani,lunch,614,13.6,60.0,16.2,non_vegetarian,north_indian,1,weight_loss|light
Kadhi Rice,lunch,396,8.5,60.7,7.7,vegetarian,north_indian,0,balanced|beginner
Roti Sabji,dinner,638,9.6,73.6,8.7,vegetarian,north_indian,0,balanced|beginner
Oats with Milk,breakfast,178,1.8,25.5,6.1,vegetarian,mixed,0,balanced|beginner
Boiled Eggs,snack,172,2.1,18.9,8.2,non_vegetarian,south_indian,1,improve_stamina|carb_rich
Fruit Bowl,breakfast,174,2.0,18.7,8.6,vegan,mixed,1,weight_loss|light
Egg Curry,dinner,391,21.9,54.3,14.6,non_vegetarian,mixed,1,muscle_gain|high_protein
Vegetable Poha,breakfast,302,12.8,30.3,11.7,vegetarian,north_indian,1,weight_loss|light
Protein Shake,snack,291,19.4,27.3,9.0,vegetarian,north_indian,1,muscle_gain|high_protein
Fish Fry,dinner,387,5.9,45.6,24.0,non_vegetarian,north_indian,0,improve_stamina|carb_rich
Chicken Curry Rice,lunch,407,19.1,39.8,4.1,non_vegetarian,north_indian,1,weight_loss|light
Buttermilk,snack,87,5.9,7.2,3.1,vegetarian,south_indian,1,muscle_gain|high_protein
Kadhi Rice,lunch,516,7.7,61.4,5.5,vegetarian,north_indian,0,balanced|beginner
Vegetable Poha,breakfast,199,3.0,22.2,9.2,vegetarian,mixed,1,balanced|beginner
Chicken Curry Rice,lunch,603,29.0,77.8,14.0,non_vegetarian,north_indian,1,muscle_gain|high_protein
Idli Sambar,breakfast,338,22.5,42.4,5.7,vegetarian,north_indian,1,muscle_gain|high_protein
Fish Fry,dinner,361,22.2,24.2,13.5,non_vegetarian,mixed,1,muscle_gain|high_protein
Mixed Veg Curry,dinner,413,7.4,62.2,4.9,vegetarian,north_indian,0,improve_stamina|carb_rich
Kadhi Rice,lunch,351,7.4,44.0,13.0,vegetarian,south_indian,1,weight_loss|light
Egg Curry,dinner,396,18.6,36.4,15.9,non_vegetarian,north_indian,1,weight_loss|light
Fish Curry Rice,lunch,443,14.3,46.5,4.3,non_vegetarian,mixed,1,improve_stamina|carb_rich
Tofu Stir Fry,lunch,605,19.1,57.4,16.1,vegan,mixed,1,improve_stamina|carb_rich
Dal Tadka,dinner,619,30.0,61.1,3.6,vegetarian,south_indian,1,muscle_gain|high_protein
Fruit Salad,snack,84,1.3,15.8,1.0,vegan,north_indian,1,balanced|beginner
Pav Bhaji,lunch,362,16.6,41.5,11.2,vegetarian,mixed,1,muscle_gain|high_protein
Fish Curry Rice,lunch,524,14.6,63.8,4.7,non_vegetarian,south_indian,1,improve_stamina|carb_rich
Buttermilk,snack,101,4.9,8.1,4.5,vegetarian,south_indian,1,muscle_gain|high_protein
Kadhi Rice,lunch,561,11.2,48.6,12.8,vegetarian,north_indian,0,balanced|beginner
Fish Fry,dinner,687,21.4,46.2,32.5,non_vegetarian,mixed,0,weight_loss|light
Fruit Salad,snack,220,8.2,22.2,9.0,vegan,south_indian,1,improve_stamina|carb_rich
Egg Curry,dinner,434,44.1,39.2,6.1,non_vegetarian,north_indian,1,muscle_gain|high_protein
Boiled Eggs,snack,106,5.4,13.5,2.4,non_vegetarian,north_indian,1,muscle_gain|high_protein
Rajma Chawal,lunch,467,18.9,76.1,14.4,vegetarian,north_indian,1,improve_stamina|carb_rich
Pav Bhaji,lunch,424,25.8,59.9,5.2,vegetarian,north_indian,1,muscle_gain|high_protein
Pav Bhaji,lunch,380,30.5,20.3,17.6,vegetarian,north_indian,1,muscle_gain|high_protein
Dal Rice,lunch,415,8.1,57.2,8.3,vegetarian,mixed,1,weight_loss|light
Paneer Sandwich,breakfast,365,12.2,37.9,15.0,vegetarian,north_indian,1,weight_loss|light
Roasted Chana,snack,211,16.1,12.1,9.1,vegan,north_indian,1,muscle_gain|high_protein
Paneer Sandwich,breakfast,344,5.1,34.0,22.6,vegetarian,north_indian,0,improve_stamina|carb_rich
Tofu Curry,dinner,412,8.3,37.8,17.3,vegan,south_indian,0,improve_stamina|carb_rich
Paneer Cubes,snack,278,7.8,47.4,3.9,vegetarian,north_indian,1,weight_loss|light
Grilled Chicken,dinner,544,11.6,71.8,18.2,non_vegetarian,south_indian,0,weight_loss|light
Vegetable Soup,dinner,522,20.4,49.7,16.4,vegan,south_indian,1,weight_loss|light
Dal Rice,lunch,583,13.5,51.3,10.2,vegetarian,north_indian,1,balanced|beginner
Paneer Roti,lunch,523,23.5,43.1,4.0,vegetarian,north_indian,1,muscle_gain|high_protein
Sabudana Khichdi,breakfast,210,8.0,26.0,6.3,vegetarian,south_indian,1,improve_stamina|carb_rich
Paneer Cubes,snack,268,8.7,33.7,8.5,vegetarian,north_indian,0,balanced|beginner
Fish Curry Rice,lunch,356,18.9,33.3,17.4,non_vegetarian,mixed,1,improve_stamina|carb_rich
Tofu Scramble,breakfast,379,6.1,71.4,10.4,vegan,mixed,1,weight_loss|light
Pav Bhaji,lunch,499,13.5,77.1,11.1,vegetarian,north_indian,1,improve_stamina|carb_rich
Paneer Cubes,snack,230,10.6,26.6,7.0,vegetarian,north_indian,1,weight_loss|light
Grilled Chicken,dinner,550,17.5,66.0,16.9,non_vegetarian,north_indian,1,balanced|beginner
Paneer Bhurji,dinner,484,9.7,48.4,18.3,vegetarian,north_indian,0,weight_loss|light
Fruit Bowl,breakfast,233,13.3,32.1,3.6,vegan,north_indian,1,weight_loss|light
Paneer Cubes,snack,228,4.3,30.1,8.1,vegetarian,north_indian,1,weight_loss|light
Paneer Sandwich,breakfast,428,9.7,50.9,4.3,vegetarian,north_indian,0,weight_loss|light
Grilled Chicken,dinner,662,15.8,68.6,17.8,non_vegetarian,north_indian,0,improve_stamina|carb_rich
Paneer Roti,lunch,520,19.0,58.1,18.8,vegetarian,south_indian,1,weight_loss|light
Sprouts Salad,snack,290,9.5,25.3,14.1,vegan,north_indian,0,balanced|beginner
Masala Omelette,breakfast,381,12.4,60.9,8.4,non_vegetarian,north_indian,1,balanced|beginner
Egg Curry,dinner,695,17.1,110.5,6.6,non_vegetarian,north_indian,0,balanced|beginner
Dal Tadka,dinner,574,5.6,38.7,16.3,vegetarian,north_indian,0,improve_stamina|carb_rich
Vegetable Poha,breakfast,165,3.9,21.2,5.7,vegetarian,north_indian,1,weight_loss|light
Sabudana Khichdi,breakfast,193,2.9,35.8,2.5,vegetarian,south_indian,1,weight_loss|light
Roti Sabji,dinner,630,18.2,64.0,23.5,vegetarian,south_indian,0,muscle_gain|high_protein
Fish Fry,dinner,529,15.6,33.0,13.1,non_vegetarian,north_indian,1,weight_loss|light
Paneer Cubes,snack,233,7.7,27.5,5.6,vegetarian,mixed,1,balanced|beginner
Boiled Eggs,snack,190,13.1,20.4,4.5,non_vegetarian,mixed,1,improve_stamina|carb_rich
Corn Chaat,snack,126,5.3,16.4,3.2,vegan,north_indian,1,balanced|beginner
Kadhi Rice,lunch,396,6.1,52.3,14.5,vegetarian,north_indian,0,balanced|beginner
Dal Rice,lunch,372,7.3,47.4,13.7,vegetarian,north_indian,0,improve_stamina|carb_rich
Fish Fry,dinner,385,29.1,24.8,11.8,non_vegetarian,north_indian,1,muscle_gain|high_protein
Tofu Curry,dinner,616,7.7,79.4,15.5,vegan,north_indian,0,balanced|beginner
Peanut Chaat,snack,185,7.0,18.2,7.7,vegetarian,mixed,1,weight_loss|light
Idli Sambar,breakfast,152,11.0,12.5,5.1,vegetarian,north_indian,0,muscle_gain|high_protein
Paneer Roti,lunch,351,15.5,42.1,6.4,vegetarian,north_indian,1,weight_loss|light
Vegetable Soup,dinner,483,13.2,44.8,19.3,vegan,north_indian,1,balanced|beginner
Upma,breakfast,382,23.5,32.9,14.0,vegetarian,north_indian,1,muscle_gain|high_protein
Fruit Salad,snack,283,9.4,26.7,12.9,vegan,north_indian,0,improve_stamina|carb_rich
Rajma Chawal,lunch,652,18.0,68.0,10.8,vegetarian,mixed,0,balanced|beginner
Paneer Cubes,snack,98,8.0,9.5,2.2,vegetarian,north_indian,1,muscle_gain|high_protein
Corn Chaat,snack,113,4.4,12.7,4.0,vegan,north_indian,1,balanced|beginner
Vegetable Soup,dinner,455,18.3,49.6,7.9,vegan,mixed,1,weight_loss|light
Oats with Milk,breakfast,208,9.8,19.5,8.2,vegetarian,south_indian,1,balanced|beginner
Roti Sabji,dinner,673,11.6,43.4,19.9,vegetarian,mixed,0,improve_stamina|carb_rich
Tofu Scramble,breakfast,166,7.0,24.9,2.8,vegan,mixed,0,improve_stamina|carb_rich
Egg Curry,dinner,491,18.0,31.1,14.1,non_vegetarian,north_indian,1,balanced|beginner
Paneer Bhurji,dinner,427,18.2,44.2,8.2,vegetarian,north_indian,1,muscle_gain|high_protein
Fish Curry Rice,lunch,455,26.0,54.8,10.6,non_vegetarian,north_indian,1,muscle_gain|high_protein
Roti Sabji,dinner,651,24.2,40.3,30.7,vegetarian,north_indian,0,balanced|beginner
Paneer Sandwich,breakfast,317,9.3,46.0,10.5,vegetarian,north_indian,1,weight_loss|light
Vegetable Khichdi,lunch,611,10.2,36.5,34.9,vegetarian,south_indian,0,weight_loss|light
Vegetable Khichdi,lunch,369,6.1,36.4,22.5,vegetarian,mixed,0,weight_loss|light
Vegetable Khichdi,lunch,479,45.0,44.8,4.1,vegetarian,south_indian,1,muscle_gain|high_protein
Peanut Chaat,snack,274,7.9,36.7,8.2,vegetarian,south_indian,1,weight_loss|light
Dal Tadka,dinner,384,15.1,70.8,3.4,vegetarian,north_indian,1,weight_loss|light
Paneer Roti,lunch,670,12.9,69.2,5.2,vegetarian,mixed,0,weight_loss|light
Hyderabadi Biryani,lunch,663,43.0,44.6,7.8,non_vegetarian,north_indian,1,muscle_gain|high_protein
Paneer Bhurji,dinner,494,9.2,46.4,20.3,vegetarian,mixed,0,improve_stamina|carb_rich
Paneer Sandwich,breakfast,255,7.1,33.4,8.1,vegetarian,south_indian,1,improve_stamina|carb_rich
Hyderabadi Biryani,lunch,397,10.9,26.2,22.9,non_vegetarian,mixed,0,weight_loss|light
Dal Tadka,dinner,662,25.6,68.4,18.5,vegetarian,mixed,0,balanced|beginner
Hyderabadi Biryani,lunch,424,19.5,25.5,9.4,non_vegetarian,north_indian,1,improve_stamina|carb_rich
Paneer Bhurji,dinner,694,13.1,45.3,17.7,vegetarian,north_indian,0,improve_stamina|carb_rich
Peanut Chaat,snack,111,3.0,17.8,2.1,vegetarian,mixed,1,weight_loss|light
Buttermilk,snack,87,1.2,15.5,1.5,vegetarian,mixed,1,weight_loss|light
Sprouts Salad,snack,279,15.3,34.3,6.4,vegan,north_indian,0,muscle_gain|high_protein
Idli Sambar,breakfast,159,2.1,23.6,4.8,vegetarian,north_indian,1,weight_loss|light
Peanut Chaat,snack,298,7.5,35.5,11.3,vegetarian,south_indian,1,weight_loss|light
Paneer Bhurji,dinner,610,17.1,75.8,14.3,vegetarian,north_indian,1,balanced|beginner
Hyderabadi Biryani,lunch,466,8.5,58.8,17.7,non_vegetarian,north_indian,0,weight_loss|light
Grilled Chicken,dinner,622,11.1,69.1,11.9,non_vegetarian,mixed,0,improve_stamina|carb_rich
Oats with Milk,breakfast,186,5.2,31.7,2.6,vegetarian,south_indian,1,improve_stamina|carb_rich
Chicken Curry Rice,lunch,493,10.8,62.8,22.0,non_vegetarian,north_indian,0,balanced|beginner
Upma,breakfast,383,14.4,36.3,16.6,vegetarian,mixed,1,improve_stamina|carb_rich
Fish Fry,dinner,359,35.5,42.3,10.1,non_vegetarian,mixed,1,muscle_gain|high_protein
Kadhi Rice,lunch,572,34.4,68.7,6.3,vegetarian,south_indian,1,muscle_gain|high_protein
Dal Tadka,dinner,365,6.4,49.3,12.5,vegetarian,north_indian,1,weight_loss|light
Kadhi Rice,lunch,591,23.4,52.7,9.7,vegetarian,north_indian,1,muscle_gain|high_protein
Roasted Chana,snack,186,4.7,34.0,1.8,vegan,north_indian,1,balanced|beginner
Mixed Veg Curry,dinner,452,11.2,56.4,6.8,vegetarian,north_indian,0,balanced|beginner
Egg Curry,dinner,689,12.5,36.3,41.1,non_vegetarian,mixed,0,improve_stamina|carb_rich
Pav Bhaji,lunch,691,24.1,103.0,6.5,vegetarian,mixed,0,weight_loss|light
Sabudana Khichdi,breakfast,385,17.7,46.6,10.7,vegetarian,south_indian,1,weight_loss|light
Dal Rice,lunch,612,12.5,64.9,23.8,vegetarian,north_indian,0,weight_loss|light
Buttermilk,snack,289,8.4,43.8,6.3,vegetarian,south_indian,0,balanced|beginner
Paneer Roti,lunch,531,14.3,68.6,16.0,vegetarian,north_indian,1,improve_stamina|carb_rich
Oats with Milk,breakfast,362,24.8,39.9,8.3,vegetarian,north_indian,1,muscle_gain|high_protein
Tofu Curry,dinner,500,14.4,74.9,21.5,vegan,south_indian,1,weight_loss|light
Tofu Scramble,breakfast,236,7.7,30.7,7.1,vegan,north_indian,1,weight_loss|light
Masala Omelette,breakfast,339,21.5,41.6,6.6,non_vegetarian,north_indian,1,muscle_gain|high_protein
Tofu Curry,dinner,561,10.4,56.8,12.0,vegan,mixed,0,weight_loss|light
Sprouts Salad,snack,124,5.7,10.8,5.4,vegan,south_indian,1,muscle_gain|high_protein
Thepla,breakfast,307,12.4,35.0,10.3,vegetarian,north_indian,1,muscle_gain|high_protein
Rajma Chawal,lunch,679,20.6,53.9,20.2,vegetarian,north_indian,0,muscle_gain|high_protein
Peanut Chaat,snack,269,5.6,32.0,10.8,vegetarian,north_indian,0,improve_stamina|carb_rich
Paneer Bhurji,dinner,568,25.5,66.5,22.4,vegetarian,south_indian,0,muscle_gain|high_protein
Chicken Curry Rice,lunch,657,29.8,52.0,19.0,non_vegetarian,north_indian,1,muscle_gain|high_protein
Fruit Salad,snack,136,4.4,18.3,3.8,vegan,north_indian,1,weight_loss|light
Paneer Cubes,snack,195,10.7,29.9,1.9,vegetarian,north_indian,1,balanced|beginner
Fish Fry,dinner,675,25.0,61.6,23.0,non_vegetarian,south_indian,0,weight_loss|light
Roasted Chana,snack,217,9.9,24.6,6.9,vegan,north_indian,1,balanced|beginner
Roasted Chana,snack,227,12.6,26.3,5.9,vegan,south_indian,1,muscle_gain|high_protein
Fruit Bowl,breakfast,281,12.2,31.4,9.4,vegan,mixed,1,weight_loss|light
Oats with Milk,breakfast,243,6.9,31.4,7.8,vegetarian,mixed,1,weight_loss|light
Kadhi Rice,lunch,683,21.7,52.8,20.1,vegetarian,mixed,0,muscle_gain|high_protein
Pav Bhaji,lunch,672,37.5,40.5,9.4,vegetarian,north_indian,1,muscle_gain|high_protein
Fish Curry Rice,lunch,401,21.1,42.7,12.6,non_vegetarian,mixed,1,muscle_gain|high_protein
Upma,breakfast,190,4.2,13.7,11.5,vegetarian,north_indian,1,weight_loss|light
Dal Rice,lunch,496,8.5,47.9,5.8,vegetarian,mixed,0,improve_stamina|carb_rich
Protein Shake,snack,278,7.4,49.5,3.1,vegetarian,north_indian,0,balanced|beginner
Masala Omelette,breakfast,163,2.4,28.4,3.0,non_vegetarian,mixed,0,balanced|beginner
Upma,breakfast,213,6.6,27.1,6.8,vegetarian,south_indian,1,balanced|beginner
Tofu Stir Fry,lunch,655,5.2,73.9,5.8,vegan,mixed,0,weight_loss|light
Tofu Stir Fry,lunch,425,10.9,58.9,16.5,vegan,mixed,0,weight_loss|light
Peanut Chaat,snack,89,3.7,15.2,0.7,vegetarian,mixed,1,weight_loss|light
Buttermilk,snack,93,6.8,6.5,3.6,vegetarian,south_indian,1,muscle_gain|high_protein
Buttermilk,snack,147,7.5,15.0,5.0,vegetarian,mixed,1,muscle_gain|high_protein
Dal Rice,lunch,634,30.3,35.6,28.5,vegetarian,north_indian,0,weight_loss|light
Roti Sabji,dinner,609,8.3,66.8,14.4,vegetarian,north_indian,0,balanced|beginner
Chicken Curry Rice,lunch,429,14.0,55.0,22.5,non_vegetarian,north_indian,0,improve_stamina|carb_rich
Fish Fry,dinner,525,23.3,41.7,18.9,non_vegetarian,south_indian,1,improve_stamina|carb_rich
Paneer Sandwich,breakfast,374,12.1,37.9,16.0,vegetarian,mixed,1,balanced|beginner
Tofu Curry,dinner,638,18.7,51.5,9.1,vegan,north_indian,1,weight_loss|light
Grilled Chicken,dinner,547,10.8,53.8,21.3,non_vegetarian,mixed,0,improve_stamina|carb_rich
Peanut Chaat,snack,281,10.6,26.3,12.3,vegetarian,north_indian,0,muscle_gain|high_protein
Chicken Curry Rice,lunch,563,31.5,32.3,16.8,non_vegetarian,north_indian,1,muscle_gain|high_protein
Vegetable Poha,breakfast,277,25.7,24.6,6.0,vegetarian,south_indian,1,muscle_gain|high_protein
Oats with Milk,breakfast,240,4.4,38.9,5.3,vegetarian,south_indian,1,balanced|beginner
Paneer Roti,lunch,373,23.1,45.2,7.8,vegetarian,south_indian,1,muscle_gain|high_protein
Fruit Bowl,breakfast,308,9.0,37.8,10.7,vegan,mixed,1,improve_stamina|carb_rich
Dal Tadka,dinner,570,15.3,25.4,17.3,vegetarian,mixed,1,weight_loss|light
Vegetable Poha,breakfast,411,29.0,37.3,12.6,vegetarian,mixed,1,muscle_gain|high_protein
Paneer Roti,lunch,584,33.4,60.2,11.6,vegetarian,north_indian,1,improve_stamina|carb_rich
Buttermilk,snack,107,4.8,6.9,5.7,vegetarian,mixed,1,improve_stamina|carb_rich
Fruit Salad,snack,286,10.4,21.1,4.4,vegan,north_indian,1,weight_loss|light
Mixed Veg Curry,dinner,358,17.3,44.5,5.2,vegetarian,mixed,1,balanced|beginner
Pav Bhaji,lunch,610,12.5,69.9,13.6,vegetarian,mixed,1,improve_stamina|carb_rich
Protein Shake,snack,221,17.7,17.3,7.1,vegetarian,south_indian,1,muscle_gain|high_protein
Chicken Curry Rice,lunch,387,20.4,47.2,9.5,non_vegetarian,south_indian,1,muscle_gain|high_protein
Tofu Scramble,breakfast,334,5.4,35.4,5.5,vegan,mixed,1,improve_stamina|carb_rich
Fish Curry Rice,lunch,632,20.8,49.6,17.3,non_vegetarian,mixed,1,muscle_gain|high_protein
Fruit Bowl,breakfast,349,17.8,38.9,15.2,vegan,north_indian,1,balanced|beginner
Paneer Cubes,snack,121,9.8,9.1,3.9,vegetarian,north_indian,1,muscle_gain|high_protein
Fruit Bowl,breakfast,276,8.1,35.0,9.1,vegan,north_indian,1,weight_loss|light
Thepla,breakfast,329,15.0,49.4,10.7,vegetarian,north_indian,1,balanced|beginner
Dal Tadka,dinner,694,17.4,86.1,17.2,vegetarian,south_indian,0,balanced|beginner
Roti Sabji,dinner,503,8.9,52.9,17.8,vegetarian,south_indian,0,weight_loss|light
Corn Chaat,snack,227,18.1,16.0,8.0,vegan,mixed,1,muscle_gain|high_protein
Tofu Scramble,breakfast,162,5.1,18.0,6.3,vegan,south_indian,0,improve_stamina|carb_rich
Sprouts Salad,snack,173,11.3,15.9,5.6,vegan,south_indian,1,weight_loss|light
Paneer Roti,lunch,572,32.3,69.7,6.8,vegetarian,north_indian,1,balanced|beginner
Peanut Chaat,snack,205,11.1,22.7,5.9,vegetarian,mixed,1,weight_loss|light
Sabudana Khichdi,breakfast,199,12.9,19.2,6.1,vegetarian,mixed,1,improve_stamina|carb_rich
Rajma Chawal,lunch,583,39.3,48.4,14.0,vegetarian,north_indian,1,muscle_gain|high_protein
Vegetable Poha,breakfast,286,21.6,25.1,8.5,vegetarian,south_indian,1,muscle_gain|high_protein
Boiled Eggs,snack,177,12.3,14.5,6.2,non_vegetarian,north_indian,1,muscle_gain|high_protein
Mixed Veg Curry,dinner,432,40.6,31.7,14.6,vegetarian,north_indian,1,muscle_gain|high_protein
Idli Sambar,breakfast,400,10.7,42.2,20.6,vegetarian,north_indian,0,balanced|beginner
Oats with Milk,breakfast,399,10.6,56.4,11.0,vegetarian,north_indian,1,balanced|beginner
Roasted Chana,snack,93,2.5,12.0,3.0,vegan,north_indian,1,weight_loss|light
Oats with Milk,breakfast,245,13.2,24.4,8.3,vegetarian,north_indian,1,weight_loss|light
Peanut Chaat,snack,118,7.5,13.4,2.8,vegetarian,north_indian,1,muscle_gain|high_protein
Tofu Scramble,breakfast,222,5.5,33.1,5.5,vegan,south_indian,1,improve_stamina|carb_rich
Pav Bhaji,lunch,520,6.2,67.7,21.7,vegetarian,north_indian,0,balanced|beginner
Kadhi Rice,lunch,618,15.9,79.5,13.9,vegetarian,north_indian,1,weight_loss|light
Pav Bhaji,lunch,698,11.1,63.9,30.2,vegetarian,south_indian,0,weight_loss|light
Sabudana Khichdi,breakfast,442,24.6,53.4,5.6,vegetarian,south_indian,1,muscle_gain|high_protein
Roti Sabji,dinner,362,10.8,37.4,12.5,vegetarian,north_indian,1,weight_loss|light
Masala Omelette,breakfast,435,13.8,39.9,24.3,non_vegetarian,mixed,0,balanced|beginner
Grilled Chicken,dinner,418,30.5,21.6,4.1,non_vegetarian,mixed,1,muscle_gain|high_protein
Upma,breakfast,238,9.6,12.2,14.6,vegetarian,north_indian,1,weight_loss|light
Roasted Chana,snack,192,6.2,23.3,6.6,vegan,north_indian,1,improve_stamina|carb_rich
Protein Shake,snack,93,3.4,12.0,2.7,vegetarian,south_indian,1,muscle_gain|high_protein
Egg Curry,dinner,647,14.5,54.7,24.8,non_vegetarian,mixed,0,balanced|beginner
Paneer Cubes,snack,200,6.0,30.0,4.5,vegetarian,north_indian,1,improve_stamina|carb_rich
Masala Omelette,breakfast,447,26.2,56.0,19.8,non_vegetarian,north_indian,1,muscle_gain|high_protein
Paneer Sandwich,breakfast,335,12.5,26.7,11.2,vegetarian,south_indian,1,improve_stamina|carb_rich
Sprouts Salad,snack,283,9.4,29.4,11.7,vegan,mixed,0,improve_stamina|carb_rich
Boiled Eggs,snack,292,23.2,29.2,5.4,non_vegetarian,north_indian,1,muscle_gain|high_protein
Pav Bhaji,lunch,659,10.9,38.6,22.2,vegetarian,north_indian,0,weight_loss|light
Grilled Chicken,dinner,511,10.2,55.9,3.2,non_vegetarian,south_indian,0,improve_stamina|carb_rich
Fish Fry,dinner,649,15.7,65.9,22.9,non_vegetarian,south_indian,0,balanced|beginner
Fruit Bowl,breakfast,333,36.9,20.8,5.2,vegan,south_indian,1,muscle_gain|high_protein
Fruit Bowl,breakfast,291,10.5,35.2,9.4,vegan,mixed,1,muscle_gain|high_protein
Kadhi Rice,lunch,356,14.3,41.0,11.8,vegetarian,north_indian,1,muscle_gain|high_protein
Fruit Salad,snack,188,4.7,30.1,3.7,vegan,mixed,1,improve_stamina|carb_rich
Corn Chaat,snack,252,11.8,24.2,9.8,vegan,north_indian,1,muscle_gain|high_protein
Roasted Chana,snack,248,7.5,31.2,8.2,vegan,mixed,1,balanced|beginner
Kadhi Rice,lunch,595,9.6,28.8,21.3,vegetarian,north_indian,0,balanced|beginner
Oats with Milk,breakfast,229,18.6,26.9,6.1,vegetarian,north_indian,1,weight_loss|light
Thepla,breakfast,357,9.7,42.9,13.1,vegetarian,mixed,1,balanced|beginner
Paneer Sandwich,breakfast,154,3.0,17.0,6.9,vegetarian,mixed,0,improve_stamina|carb_rich
Fruit Bowl,breakfast,439,12.1,36.9,5.3,vegan,south_indian,0,improve_stamina|carb_rich
Kadhi Rice,lunch,652,14.1,64.8,22.1,vegetarian,north_indian,0,weight_loss|light
Vegetable Khichdi,lunch,510,37.6,65.3,11.9,vegetarian,north_indian,1,muscle_gain|high_protein
Grilled Chicken,dinner,513,12.1,58.1,17.0,non_vegetarian,north_indian,1,weight_loss|light
Tofu Scramble,breakfast,403,23.4,30.5,11.8,vegan,north_indian,1,muscle_gain|high_protein
Boiled Eggs,snack,243,10.1,25.4,9.1,non_vegetarian,south_indian,1,weight_loss|light
Fish Curry Rice,lunch,522,30.4,42.2,15.3,non_vegetarian,mixed,1,weight_loss|light
Fruit Bowl,breakfast,341,9.1,35.2,6.1,vegan,south_indian,1,improve_stamina|carb_rich
Vegetable Poha,breakfast,271,12.2,19.5,13.6,vegetarian,north_indian,1,improve_stamina|carb_rich
Mixed Veg Curry,dinner,535,19.3,43.8,17.0,vegetarian,north_indian,1,improve_stamina|carb_rich
Tofu Stir Fry,lunch,640,25.5,63.2,18.9,vegan,north_indian,1,improve_stamina|carb_rich
Tofu Scramble,breakfast,401,12.3,24.6,14.3,vegan,mixed,1,weight_loss|light
Upma,breakfast,349,11.3,22.7,15.2,vegetarian,mixed,1,weight_loss|light
Fish Fry,dinner,416,15.1,70.5,10.6,non_vegetarian,north_indian,1,balanced|beginner
Chicken Curry Rice,lunch,396,7.6,75.6,6.0,non_vegetarian,north_indian,0,balanced|beginner
Roasted Chana,snack,260,3.3,28.4,12.5,vegan,north_indian,1,weight_loss|light
Protein Shake,snack,190,3.2,28.6,5.3,vegetarian,mixed,1,balanced|beginner
Paneer Sandwich,breakfast,269,11.8,30.6,8.6,vegetarian,mixed,1,muscle_gain|high_protein
Idli Sambar,breakfast,258,9.7,20.9,12.8,vegetarian,north_indian,1,weight_loss|light
Protein Shake,snack,235,3.3,27.7,10.2,vegetarian,north_indian,1,weight_loss|light
Peanut Chaat,snack,210,3.4,24.6,9.0,vegetarian,north_indian,1,improve_stamina|carb_rich
Upma,breakfast,286,5.3,40.8,8.8,vegetarian,south_indian,1,weight_loss|light
Vegetable Poha,breakfast,357,9.7,43.1,4.9,vegetarian,north_indian,1,balanced|beginner
Upma,breakfast,399,15.8,56.7,8.6,vegetarian,mixed,1,muscle_gain|high_protein
Tofu Stir Fry,lunch,699,10.2,70.7,15.4,vegan,north_indian,0,weight_loss|light
Idli Sambar,breakfast,249,15.0,23.5,8.4,vegetarian,south_indian,1,muscle_gain|high_protein
Roti Sabji,dinner,381,27.9,46.2,6.8,vegetarian,north_indian,1,muscle_gain|high_protein
Paneer Roti,lunch,514,23.6,72.6,18.5,vegetarian,north_indian,1,muscle_gain|high_protein
Protein Shake,snack,130,5.5,19.9,2.0,vegetarian,north_indian,1,weight_loss|light
Fish Curry Rice,lunch,451,18.2,41.4,14.6,non_vegetarian,south_indian,1,weight_loss|light
Mixed Veg Curry,dinner,587,9.5,58.0,6.8,vegetarian,north_indian,0,improve_stamina|carb_rich
Sabudana Khichdi,breakfast,164,5.2,22.4,4.5,vegetarian,south_indian,1,weight_loss|light
Tofu Curry,dinner,521,42.1,22.4,18.2,vegan,mixed,1,muscle_gain|high_protein
Fish Curry Rice,lunch,454,40.8,44.4,17.5,non_vegetarian,mixed,1,muscle_gain|high_protein
Egg Curry,dinner,657,13.8,79.3,18.5,non_vegetarian,north_indian,0,weight_loss|light
Fruit Salad,snack,275,10.0,44.8,3.7,vegan,north_indian,0,balanced|beginner
Pav Bhaji,lunch,647,17.7,47.2,20.8,vegetarian,mixed,1,balanced|beginner
Protein Shake,snack,168,4.1,22.4,5.4,vegetarian,south_indian,1,improve_stamina|carb_rich
Buttermilk,snack,218,9.7,19.0,9.5,vegetarian,mixed,1,muscle_gain|high_protein
Vegetable Khichdi,lunch,651,29.9,30.3,22.5,vegetarian,mixed,0,muscle_gain|high_protein
Protein Shake,snack,87,2.2,10.1,3.4,vegetarian,north_indian,1,improve_stamina|carb_rich
Paneer Sandwich,breakfast,159,4.7,20.9,4.9,vegetarian,north_indian,0,improve_stamina|carb_rich
Paneer Cubes,snack,156,2.9,15.8,7.6,vegetarian,north_indian,1,weight_loss|light
Grilled Chicken,dinner,513,19.1,23.6,23.9,non_vegetarian,mixed,0,balanced|beginner
Vegetable Soup,dinner,460,5.6,53.8,12.5,vegan,north_indian,0,balanced|beginner
Fruit Salad,snack,280,11.6,17.3,15.8,vegan,north_indian,0,balanced|beginner
Rajma Chawal,lunch,577,19.5,59.0,14.3,vegetarian,north_indian,1,muscle_gain|high_protein
Egg Curry,dinner,678,15.7,69.2,10.8,non_vegetarian,north_indian,0,balanced|beginner
Buttermilk,snack,233,16.1,26.6,4.8,vegetarian,mixed,1,muscle_gain|high_protein
Roti Sabji,dinner,569,13.4,88.7,6.4,vegetarian,south_indian,1,weight_loss|light
Roti Sabji,dinner,432,11.2,57.6,13.3,vegetarian,north_indian,0,balanced|beginner
Protein Shake,snack,105,4.2,6.0,6.2,vegetarian,north_indian,1,weight_loss|light
Vegetable Soup,dinner,648,14.7,69.7,21.5,vegan,north_indian,1,weight_loss|light
Vegetable Khichdi,lunch,429,31.5,28.5,10.1,vegetarian,south_indian,1,muscle_gain|high_protein
Dal Tadka,dinner,681,17.3,57.9,28.6,vegetarian,north_indian,0,weight_loss|light
Thepla,breakfast,322,12.1,30.5,14.0,vegetarian,north_indian,1,weight_loss|light
Paneer Cubes,snack,119,1.7,19.2,2.8,vegetarian,north_indian,1,weight_loss|light
Fish Fry,dinner,475,10.2,21.5,22.3,non_vegetarian,north_indian,0,balanced|beginner
Kadhi Rice,lunch,350,18.3,21.5,4.7,vegetarian,south_indian,1,improve_stamina|carb_rich
Paneer Sandwich,breakfast,339,14.3,54.8,11.0,vegetarian,north_indian,1,weight_loss|light
Sabudana Khichdi,breakfast,241,10.5,37.8,3.2,vegetarian,north_indian,1,improve_stamina|carb_rich
Paneer Cubes,snack,190,13.6,15.0,6.7,vegetarian,north_indian,1,weight_loss|light
Kadhi Rice,lunch,470,7.8,69.5,7.6,vegetarian,north_indian,0,weight_loss|light
Paneer Cubes,snack,261,12.3,36.6,4.9,vegetarian,south_indian,0,improve_stamina|carb_rich
Vegetable Soup,dinner,516,6.8,78.2,10.8,vegan,north_indian,0,balanced|beginner
Fish Fry,dinner,411,18.7,34.3,17.9,non_vegetarian,north_indian,1,balanced|beginner
Egg Curry,dinner,588,9.8,65.2,20.2,non_vegetarian,north_indian,0,weight_loss|light
Pav Bhaji,lunch,438,9.3,46.2,18.9,vegetarian,north_indian,0,weight_loss|light
Idli Sambar,breakfast,178,14.4,20.9,2.5,vegetarian,north_indian,0,muscle_gain|high_protein
Boiled Eggs,snack,240,9.8,21.8,10.5,non_vegetarian,north_indian,1,weight_loss|light
Sprouts Salad,snack,116,4.7,11.1,4.8,vegan,mixed,1,balanced|beginner
Paneer Cubes,snack,171,4.4,14.4,9.1,vegetarian,mixed,1,weight_loss|light
Fruit Bowl,breakfast,428,35.9,28.6,19.3,vegan,north_indian,1,muscle_gain|high_protein
Thepla,breakfast,254,5.1,26.2,12.0,vegetarian,north_indian,1,improve_stamina|carb_rich
Pav Bhaji,lunch,659,13.0,76.4,5.4,vegetarian,north_indian,0,weight_loss|light
Tofu Stir Fry,lunch,532,14.7,78.6,9.1,vegan,north_indian,1,improve_stamina|carb_rich
Boiled Eggs,snack,276,4.6,31.8,12.0,non_vegetarian,north_indian,0,improve_stamina|carb_rich
Protein Shake,snack,180,12.1,18.7,4.7,vegetarian,north_indian,1,muscle_gain|high_protein
Masala Omelette,breakfast,270,9.2,46.0,3.1,non_vegetarian,mixed,1,improve_stamina|carb_rich
Pav Bhaji,lunch,664,29.9,66.3,17.7,vegetarian,mixed,0,balanced|beginner
Vegetable Khichdi,lunch,472,33.8,53.3,11.7,vegetarian,north_indian,1,muscle_gain|high_protein
Upma,breakfast,433,11.2,55.7,9.7,vegetarian,mixed,0,balanced|beginner
Paneer Bhurji,dinner,637,16.8,67.2,18.2,vegetarian,north_indian,1,weight_loss|light
Tofu Stir Fry,lunch,584,15.2,56.6,19.9,vegan,north_indian,1,weight_loss|light
Roasted Chana,snack,102,4.1,13.3,2.7,vegan,north_indian,1,weight_loss|light
Fish Fry,dinner,647,25.5,83.6,10.4,non_vegetarian,south_indian,1,balanced|beginner
Fruit Bowl,breakfast,157,7.9,20.0,3.6,vegan,north_indian,0,muscle_gain|high_protein
Tofu Curry,dinner,411,31.4,34.6,5.8,vegan,north_indian,1,muscle_gain|high_protein
Dal Tadka,dinner,691,9.3,74.9,20.1,vegetarian,mixed,0,balanced|beginner
Fruit Salad,snack,233,7.4,29.5,7.4,vegan,north_indian,1,weight_loss|light
Tofu Curry,dinner,685,14.9,47.0,20.4,vegan,north_indian,0,weight_loss|light
Fruit Bowl,breakfast,390,10.6,46.7,9.4,vegan,south_indian,1,balanced|beginner
Egg Curry,dinner,549,16.3,64.1,15.8,non_vegetarian,mixed,1,weight_loss|light
Fish Curry Rice,lunch,355,11.4,25.5,24.5,non_vegetarian,north_indian,0,weight_loss|light
Corn Chaat,snack,199,2.9,27.7,6.8,vegan,south_indian,1,weight_loss|light
Fish Curry Rice,lunch,473,21.2,55.4,9.1,non_vegetarian,mixed,1,weight_loss|light
Idli Sambar,breakfast,236,8.6,24.5,9.4,vegetarian,mixed,1,balanced|beginner
Buttermilk,snack,173,7.9,23.2,3.9,vegetarian,south_indian,1,balanced|beginner
Pav Bhaji,lunch,587,29.8,57.4,14.7,vegetarian,mixed,1,improve_stamina|carb_rich
Protein Shake,snack,204,7.2,14.2,11.3,vegetarian,mixed,1,improve_stamina|carb_rich
Mixed Veg Curry,dinner,429,5.2,52.1,21.0,vegetarian,north_indian,0,improve_stamina|carb_rich
Masala Omelette,breakfast,326,8.3,35.3,3.6,non_vegetarian,north_indian,1,improve_stamina|carb_rich
Upma,breakfast,240,6.0,17.3,14.2,vegetarian,south_indian,1,improve_stamina|carb_rich
Boiled Eggs,snack,247,5.2,38.4,5.9,non_vegetarian,north_indian,1,balanced|beginner
Kadhi Rice,lunch,582,31.6,51.0,20.2,vegetarian,mixed,1,muscle_gain|high_protein
Fish Fry,dinner,543,5.4,74.4,15.4,non_vegetarian,south_indian,0,improve_stamina|carb_rich
Sabudana Khichdi,breakfast,284,7.9,39.7,7.9,vegetarian,north_indian,1,balanced|beginner
Pav Bhaji,lunch,611,15.8,55.0,18.2,vegetarian,north_indian,1,weight_loss|light
Egg Curry,dinner,570,11.8,47.9,11.2,non_vegetarian,north_indian,0,balanced|beginner
Sabudana Khichdi,breakfast,280,9.5,32.4,10.0,vegetarian,north_indian,1,balanced|beginner
Paneer Sandwich,breakfast,292,8.7,26.7,8.9,vegetarian,north_indian,1,improve_stamina|carb_rich
Oats with Milk,breakfast,361,19.1,21.9,11.1,vegetarian,south_indian,1,balanced|beginner
Corn Chaat,snack,282,11.9,36.0,7.6,vegan,north_indian,0,balanced|beginner
Fruit Salad,snack,176,3.2,20.5,7.4,vegan,mixed,1,improve_stamina|carb_rich
Protein Shake,snack,232,3.1,31.8,8.2,vegetarian,north_indian,1,weight_loss|light
Idli Sambar,breakfast,217,8.1,24.0,7.9,vegetarian,north_indian,1,weight_loss|light
Egg Curry,dinner,508,16.5,59.4,21.6,non_vegetarian,north_indian,1,balanced|beginner
Paneer Bhurji,dinner,474,8.5,23.0,18.8,vegetarian,mixed,0,weight_loss|light
Tofu Stir Fry,lunch,424,17.1,61.2,19.3,vegan,mixed,1,weight_loss|light
Vegetable Soup,dinner,532,17.5,51.9,6.3,vegan,north_indian,1,weight_loss|light
Fruit Salad,snack,189,6.0,17.6,8.8,vegan,mixed,1,weight_loss|light
Fruit Salad,snack,116,5.7,15.4,2.5,vegan,mixed,1,muscle_gain|high_protein
Corn Chaat,snack,263,5.6,17.3,16.7,vegan,mixed,0,improve_stamina|carb_rich
Fish Fry,dinner,531,18.6,75.9,24.5,non_vegetarian,south_indian,0,balanced|beginner
Pav Bhaji,lunch,645,20.1,61.4,6.0,vegetarian,mixed,1,muscle_gain|high_protein
Protein Shake,snack,201,5.6,30.8,4.3,vegetarian,mixed,1,balanced|beginner
Vegetable Poha,breakfast,243,16.6,41.6,4.6,vegetarian,mixed,1,improve_stamina|carb_rich
Buttermilk,snack,204,6.8,27.5,5.6,vegetarian,south_indian,1,improve_stamina|carb_rich
Thepla,breakfast,267,11.7,15.3,15.3,vegetarian,north_indian,1,weight_loss|light
Corn Chaat,snack,231,7.7,28.5,7.5,vegan,south_indian,1,weight_loss|light
Paneer Bhurji,dinner,377,15.2,46.0,11.4,vegetarian,south_indian,1,improve_stamina|carb_rich
Sprouts Salad,snack,151,6.9,21.4,2.9,vegan,mixed,1,balanced|beginner
Peanut Chaat,snack,82,4.5,7.7,3.0,vegetarian,mixed,1,muscle_gain|high_protein
Masala Omelette,breakfast,333,15.0,30.0,14.0,non_vegetarian,mixed,1,muscle_gain|high_protein
Vegetable Khichdi,lunch,401,9.0,44.5,17.2,vegetarian,south_indian,0,balanced|beginner
Tofu Scramble,breakfast,156,4.5,12.9,8.2,vegan,north_indian,1,weight_loss|light
Dal Rice,lunch,484,11.6,29.0,11.6,vegetarian,mixed,0,improve_stamina|carb_rich
Oats with Milk,breakfast,251,4.9,31.2,9.6,vegetarian,south_indian,1,improve_stamina|carb_rich
Pav Bhaji,lunch,530,13.7,64.4,24.8,vegetarian,south_indian,0,balanced|beginner
Dal Rice,lunch,362,24.3,18.9,17.8,vegetarian,north_indian,1,muscle_gain|high_protein
Hyderabadi Biryani,lunch,612,17.7,54.7,21.2,non_vegetarian,north_indian,1,weight_loss|light
Masala Omelette,breakfast,432,9.7,30.0,22.4,non_vegetarian,south_indian,0,improve_stamina|carb_rich
Roti Sabji,dinner,507,23.2,22.0,17.8,vegetarian,north_indian,1,muscle_gain|high_protein
Oats with Milk,breakfast,280,8.5,40.7,3.4,vegetarian,mixed,1,balanced|beginner
Pav Bhaji,lunch,512,7.6,74.3,18.7,vegetarian,north_indian,0,weight_loss|light
Tofu Stir Fry,lunch,520,19.0,53.5,11.9,vegan,north_indian,1,balanced|beginner
Grilled Chicken,dinner,369,28.8,25.5,13.6,non_vegetarian,south_indian,1,muscle_gain|high_protein
Tofu Stir Fry,lunch,655,18.3,78.7,15.6,vegan,south_indian,1,muscle_gain|high_protein
Vegetable Khichdi,lunch,582,25.7,37.3,13.4,vegetarian,mixed,1,muscle_gain|high_protein
Roti Sabji,dinner,547,8.4,71.0,24.4,vegetarian,mixed,0,balanced|beginner
Protein Shake,snack,194,8.9,32.1,1.6,vegetarian,mixed,1,weight_loss|light
Fruit Salad,snack,279,17.6,27.1,5.3,vegan,south_indian,0,improve_stamina|carb_rich
Roasted Chana,snack,230,13.5,27.0,5.5,vegan,south_indian,1,muscle_gain|high_protein
Roti Sabji,dinner,386,6.6,54.1,12.5,vegetarian,mixed,0,balanced|beginner
Fruit Salad,snack,279,13.7,42.9,3.4,vegan,mixed,1,weight_loss|light
Sabudana Khichdi,breakfast,151,3.0,19.5,5.4,vegetarian,north_indian,0,balanced|beginner
Kadhi Rice,lunch,543,37.6,44.1,6.8,vegetarian,north_indian,1,muscle_gain|high_protein
Paneer Cubes,snack,144,2.7,26.8,1.6,vegetarian,south_indian,1,weight_loss|light
Grilled Chicken,dinner,695,29.4,33.7,35.3,non_vegetarian,mixed,0,improve_stamina|carb_rich
Sprouts Salad,snack,269,9.7,26.7,11.3,vegan,mixed,1,weight_loss|light
Tofu Stir Fry,lunch,546,10.8,54.8,13.9,vegan,mixed,0,balanced|beginner
Thepla,breakfast,309,4.7,44.7,9.6,vegetarian,mixed,1,balanced|beginner
Tofu Curry,dinner,393,25.2,59.5,12.0,vegan,north_indian,1,muscle_gain|high_protein
Kadhi Rice,lunch,483,14.2,62.7,11.0,vegetarian,mixed,1,improve_stamina|carb_rich
Roti Sabji,dinner,369,24.8,54.1,8.3,vegetarian,north_indian,1,muscle_gain|high_protein
Peanut Chaat,snack,299,23.1,48.3,6.3,vegetarian,north_indian,1,muscle_gain|high_protein
Rajma Chawal,lunch,524,29.0,60.4,8.0,vegetarian,mixed,1,improve_stamina|carb_rich
Roti Sabji,dinner,609,15.0,53.3,25.2,vegetarian,mixed,0,improve_stamina|carb_rich
Vegetable Poha,breakfast,263,9.7,35.0,8.8,vegetarian,mixed,1,weight_loss|light
Buttermilk,snack,242,20.9,12.7,9.8,vegetarian,north_indian,1,muscle_gain|high_protein
Grilled Chicken,dinner,540,25.0,25.1,23.7,non_vegetarian,mixed,0,muscle_gain|high_protein
Roti Sabji,dinner,373,10.5,48.7,11.8,vegetarian,mixed,0,improve_stamina|carb_rich
Vegetable Soup,dinner,609,16.1,50.4,26.0,vegan,south_indian,0,improve_stamina|carb_rich
Dal Rice,lunch,557,11.2,23.8,19.3,vegetarian,mixed,0,weight_loss|light
Sprouts Salad,snack,179,2.8,23.5,6.6,vegan,north_indian,1,weight_loss|light
Corn Chaat,snack,258,4.6,33.2,9.6,vegan,north_indian,1,weight_loss|light
Roasted Chana,snack,122,4.9,9.7,6.0,vegan,mixed,1,improve_stamina|carb_rich
Grilled Chicken,dinner,700,44.9,41.2,10.3,non_vegetarian,north_indian,1,muscle_gain|high_protein
Rajma Chawal,lunch,645,14.2,51.1,17.7,vegetarian,mixed,1,weight_loss|light
Tofu Scramble,breakfast,358,6.3,55.0,10.6,vegan,north_indian,1,balanced|beginner
Oats with Milk,breakfast,358,12.4,43.4,15.0,vegetarian,north_indian,1,balanced|beginner
Pav Bhaji,lunch,390,14.1,63.5,13.2,vegetarian,south_indian,1,balanced|beginner
Vegetable Poha,breakfast,344,7.7,38.0,11.3,vegetarian,mixed,1,improve_stamina|carb_rich
Boiled Eggs,snack,295,8.3,35.1,15.2,non_vegetarian,mixed,0,improve_stamina|carb_rich
Hyderabadi Biryani,lunch,481,9.7,33.5,12.0,non_vegetarian,north_indian,0,improve_stamina|carb_rich
Fish Fry,dinner,603,32.6,79.2,19.7,non_vegetarian,north_indian,1,muscle_gain|high_protein
Vegetable Khichdi,lunch,405,17.4,39.7,16.0,vegetarian,south_indian,1,muscle_gain|high_protein
Hyderabadi Biryani,lunch,418,9.4,47.9,17.3,non_vegetarian,north_indian,0,improve_stamina|carb_rich
Chicken Curry Rice,lunch,386,13.4,44.5,13.7,non_vegetarian,mixed,1,muscle_gain|high_protein
Tofu Curry,dinner,537,5.9,73.6,25.0,vegan,south_indian,0,weight_loss|light
Buttermilk,snack,128,9.0,16.5,1.8,vegetarian,mixed,1,muscle_gain|high_protein
Corn Chaat,snack,175,5.4,26.6,3.7,vegan,north_indian,1,weight_loss|light
Paneer Roti,lunch,688,14.4,48.6,34.7,vegetarian,south_indian,0,balanced|beginner
Tofu Curry,dinner,664,11.2,73.6,22.9,vegan,north_indian,0,balanced|beginner
Paneer Roti,lunch,587,33.0,46.2,8.5,vegetarian,north_indian,1,muscle_gain|high_protein
Vegetable Poha,breakfast,253,13.9,13.0,13.9,vegetarian,north_indian,1,muscle_gain|high_protein
Upma,breakfast,337,41.2,39.6,3.3,vegetarian,north_indian,1,muscle_gain|high_protein
Paneer Cubes,snack,265,9.8,26.6,10.9,vegetarian,mixed,0,balanced|beginner
Dal Tadka,dinner,463,16.3,73.7,7.5,vegetarian,mixed,1,balanced|beginner
Mixed Veg Curry,dinner,689,5.9,64.1,16.7,vegetarian,south_indian,0,weight_loss|light
Boiled Eggs,snack,272,16.1,37.8,5.9,non_vegetarian,south_indian,0,balanced|beginner
Fish Fry,dinner,613,30.9,36.5,22.1,non_vegetarian,north_indian,0,muscle_gain|high_protein
Thepla,breakfast,404,6.8,25.1,20.1,vegetarian,mixed,0,improve_stamina|carb_rich
Pav Bhaji,lunch,374,5.6,48.9,14.0,vegetarian,south_indian,0,improve_stamina|carb_rich
Vegetable Poha,breakfast,339,6.5,51.1,9.0,vegetarian,north_indian,1,balanced|beginner
Dal Tadka,dinner,388,13.8,20.6,17.9,vegetarian,north_indian,1,improve_stamina|carb_rich
Roti Sabji,dinner,617,16.7,79.0,5.9,vegetarian,south_indian,1,balanced|beginner
Tofu Curry,dinner,670,14.8,74.9,11.3,vegan,north_indian,0,balanced|beginner
Paneer Bhurji,dinner,431,11.3,71.7,7.1,vegetarian,mixed,0,balanced|beginner
Paneer Bhurji,dinner,402,6.5,49.4,16.3,vegetarian,north_indian,0,improve_stamina|carb_rich
Roti Sabji,dinner,436,24.5,42.0,15.0,vegetarian,south_indian,1,muscle_gain|high_protein
Rajma Chawal,lunch,635,8.4,39.1,17.7,vegetarian,north_indian,0,weight_loss|light
Buttermilk,snack,231,12.0,22.1,11.1,vegetarian,north_indian,1,improve_stamina|carb_rich
Buttermilk,snack,288,4.8,36.1,11.3,vegetarian,south_indian,1,weight_loss|light
Protein Shake,snack,215,7.0,22.5,8.9,vegetarian,mixed,1,improve_stamina|carb_rich
Fruit Bowl,breakfast,345,4.6,43.4,13.9,vegan,mixed,1,weight_loss|light
Roti Sabji,dinner,547,12.2,77.2,10.8,vegetarian,north_indian,1,improve_stamina|carb_rich
Chicken Curry Rice,lunch,451,14.0,73.8,9.7,non_vegetarian,north_indian,1,improve_stamina|carb_rich
Vegetable Soup,dinner,546,18.8,37.3,16.7,vegan,north_indian,1,muscle_gain|high_protein
Dal Tadka,dinner,541,11.6,53.3,19.0,vegetarian,north_indian,0,improve_stamina|carb_rich
Hyderabadi Biryani,lunch,422,19.8,75.7,3.3,non_vegetarian,north_indian,1,improve_stamina|carb_rich
Fruit Salad,snack,247,5.4,42.5,4.0,vegan,south_indian,1,improve_stamina|carb_rich
Peanut Chaat,snack,197,6.3,21.0,8.0,vegetarian,north_indian,1,improve_stamina|carb_rich
Vegetable Khichdi,lunch,629,31.3,43.8,23.9,vegetarian,south_indian,0,balanced|beginner
Masala Omelette,breakfast,368,6.5,31.4,14.6,non_vegetarian,south_indian,1,balanced|beginner
Sabudana Khichdi,breakfast,155,9.4,14.8,5.1,vegetarian,north_indian,1,weight_loss|light
Protein Shake,snack,234,8.4,28.9,10.5,vegetarian,south_indian,1,weight_loss|light
Fruit Bowl,breakfast,402,6.4,27.2,17.4,vegan,mixed,1,balanced|beginner
Pav Bhaji,lunch,449,18.1,64.8,3.4,vegetarian,mixed,1,weight_loss|light
Fruit Salad,snack,270,8.5,33.9,8.7,vegan,south_indian,1,weight_loss|light
Paneer Sandwich,breakfast,153,5.2,13.6,7.2,vegetarian,mixed,1,weight_loss|light
Dal Tadka,dinner,419,14.1,51.6,10.4,vegetarian,mixed,1,improve_stamina|carb_rich
Paneer Cubes,snack,207,8.3,20.4,8.4,vegetarian,mixed,1,improve_stamina|carb_rich
Fruit Salad,snack,284,5.2,45.7,6.4,vegan,north_indian,0,improve_stamina|carb_rich
Paneer Bhurji,dinner,355,5.8,45.2,13.6,vegetarian,mixed,1,weight_loss|light
Fruit Bowl,breakfast,403,17.8,75.9,8.8,vegan,south_indian,1,improve_stamina|carb_rich
Paneer Sandwich,breakfast,223,12.9,27.6,4.8,vegetarian,mixed,1,improve_stamina|carb_rich
Thepla,breakfast,416,5.1,62.6,12.7,vegetarian,north_indian,1,weight_loss|light
Tofu Curry,dinner,687,18.2,79.1,4.3,vegan,south_indian,0,improve_stamina|carb_rich
Tofu Stir Fry,lunch,414,6.0,35.9,13.5,vegan,north_indian,0,improve_stamina|carb_rich
Fruit Bowl,breakfast,252,20.7,32.2,2.3,vegan,north_indian,1,muscle_gain|high_protein
Pav Bhaji,lunch,358,7.9,69.8,9.2,vegetarian,north_indian,0,improve_stamina|carb_rich
Fish Fry,dinner,398,10.6,45.0,16.0,non_vegetarian,mixed,0,weight_loss|light
Boiled Eggs,snack,237,10.6,37.3,3.0,non_vegetarian,north_indian,1,improve_stamina|carb_rich
Vegetable Soup,dinner,461,18.0,57.1,8.6,vegan,north_indian,1,weight_loss|light
Hyderabadi Biryani,lunch,440,12.6,56.6,22.5,non_vegetarian,north_indian,0,balanced|beginner
Upma,breakfast,355,17.5,24.0,14.5,vegetarian,north_indian,1,improve_stamina|carb_rich
Roasted Chana,snack,213,8.4,29.2,5.1,vegan,south_indian,1,weight_loss|light
Boiled Eggs,snack,249,6.3,43.3,3.4,non_vegetarian,south_indian,1,balanced|beginner
Roti Sabji,dinner,659,38.8,30.3,24.4,vegetarian,south_indian,0,muscle_gain|high_protein
Sabudana Khichdi,breakfast,312,5.9,37.8,12.5,vegetarian,south_indian,1,weight_loss|light
Corn Chaat,snack,144,3.9,20.6,3.8,vegan,mixed,1,balanced|beginner
Vegetable Poha,breakfast,268,13.1,36.4,5.4,vegetarian,south_indian,1,muscle_gain|high_protein
Tofu Curry,dinner,581,19.0,64.5,16.5,vegan,south_indian,1,weight_loss|light
Paneer Cubes,snack,101,3.2,11.2,3.9,vegetarian,mixed,1,weight_loss|light
Upma,breakfast,446,17.1,48.5,24.6,vegetarian,mixed,0,weight_loss|light
Roasted Chana,snack,140,5.2,21.1,2.6,vegan,mixed,1,weight_loss|light
Upma,breakfast,383,18.9,32.6,17.1,vegetarian,mixed,1,improve_stamina|carb_rich
Masala Omelette,breakfast,203,9.9,18.5,8.1,non_vegetarian,mixed,1,balanced|beginner
Oats with Milk,breakfast,300,20.6,36.1,5.5,vegetarian,mixed,1,muscle_gain|high_protein
Masala Omelette,breakfast,405,17.4,38.2,22.1,non_vegetarian,mixed,0,weight_loss|light
Chicken Curry Rice,lunch,640,11.3,83.5,16.1,non_vegetarian,north_indian,0,improve_stamina|carb_rich
Idli Sambar,breakfast,152,7.0,22.0,2.7,vegetarian,north_indian,0,muscle_gain|high_protein
Thepla,breakfast,319,10.6,39.7,10.2,vegetarian,mixed,1,balanced|beginner
Thepla,breakfast,175,2.8,14.6,10.2,vegetarian,south_indian,0,improve_stamina|carb_rich
Sprouts Salad,snack,274,18.7,41.3,5.5,vegan,mixed,1,weight_loss|light
Sabudana Khichdi,breakfast,378,28.9,28.4,11.1,vegetarian,north_indian,1,muscle_gain|high_protein
Thepla,breakfast,399,10.9,38.8,10.7,vegetarian,south_indian,1,improve_stamina|carb_rich
Tofu Stir Fry,lunch,686,27.7,63.3,22.1,vegan,north_indian,0,weight_loss|light
Corn Chaat,snack,126,6.1,19.5,1.5,vegan,north_indian,1,weight_loss|light
Tofu Scramble,breakfast,271,19.9,22.7,8.8,vegan,north_indian,1,muscle_gain|high_protein
Egg Curry,dinner,526,15.6,60.8,13.8,non_vegetarian,north_indian,1,balanced|beginner
Fish Fry,dinner,618,8.7,43.5,21.9,non_vegetarian,north_indian,0,improve_stamina|carb_rich
Sabudana Khichdi,breakfast,194,3.7,26.6,6.4,vegetarian,north_indian,1,improve_stamina|carb_rich
Grilled Chicken,dinner,652,23.8,52.0,22.8,non_vegetarian,north_indian,0,muscle_gain|high_protein
Vegetable Khichdi,lunch,566,22.8,48.6,8.7,vegetarian,mixed,1,muscle_gain|high_protein
Kadhi Rice,lunch,512,9.2,44.1,20.1,vegetarian,mixed,0,weight_loss|light
Buttermilk,snack,272,9.1,34.5,8.4,vegetarian,mixed,1,weight_loss|light
Paneer Cubes,snack,192,5.4,22.9,7.0,vegetarian,mixed,1,balanced|beginner
Paneer Roti,lunch,363,4.9,47.2,13.9,vegetarian,south_indian,1,weight_loss|light
Corn Chaat,snack,264,26.9,18.7,6.7,vegan,north_indian,1,muscle_gain|high_protein
Masala Omelette,breakfast,422,26.5,34.5,21.2,non_vegetarian,north_indian,0,muscle_gain|high_protein
Paneer Cubes,snack,126,2.8,21.4,2.1,vegetarian,north_indian,1,weight_loss|light
Masala Omelette,breakfast,327,4.0,40.7,13.5,non_vegetarian,north_indian,1,improve_stamina|carb_rich
Grilled Chicken,dinner,509,12.2,66.9,15.1,non_vegetarian,mixed,1,weight_loss|light
Tofu Curry,dinner,444,22.0,50.9,19.3,vegan,north_indian,1,muscle_gain|high_protein
Roasted Chana,snack,214,5.9,24.8,8.2,vegan,south_indian,1,improve_stamina|carb_rich
Paneer Bhurji,dinner,505,13.4,36.8,13.5,vegetarian,south_indian,1,weight_loss|light
Vegetable Soup,dinner,404,9.5,49.1,15.2,vegan,mixed,0,weight_loss|light
Dal Rice,lunch,652,26.8,87.2,8.8,vegetarian,mixed,0,balanced|beginner
Tofu Stir Fry,lunch,571,15.7,84.8,7.4,vegan,north_indian,1,improve_stamina|carb_rich
Tofu Stir Fry,lunch,488,25.0,32.5,11.7,vegan,south_indian,1,muscle_gain|high_protein
Roasted Chana,snack,234,17.9,26.7,4.1,vegan,north_indian,1,muscle_gain|high_protein
Upma,breakfast,183,5.7,12.1,10.8,vegetarian,mixed,1,weight_loss|light
Tofu Curry,dinner,597,12.1,70.6,15.1,vegan,mixed,1,balanced|beginner
Buttermilk,snack,224,10.1,24.6,7.5,vegetarian,north_indian,1,improve_stamina|carb_rich
Tofu Curry,dinner,367,9.4,56.7,16.8,vegan,south_indian,0,balanced|beginner
Upma,breakfast,348,6.2,31.5,19.7,vegetarian,mixed,0,weight_loss|light
Masala Omelette,breakfast,252,10.1,26.1,9.6,non_vegetarian,north_indian,1,muscle_gain|high_protein
Peanut Chaat,snack,232,9.1,33.6,4.7,vegetarian,north_indian,1,balanced|beginner
Thepla,breakfast,191,4.7,22.1,7.6,vegetarian,north_indian,1,balanced|beginner
Protein Shake,snack,169,11.0,17.9,4.4,vegetarian,north_indian,1,muscle_gain|high_protein
Paneer Bhurji,dinner,479,26.6,31.5,10.1,vegetarian,north_indian,1,muscle_gain|high_protein
Vegetable Soup,dinner,487,21.4,49.4,12.9,vegan,mixed,1,balanced|beginner
Grilled Chicken,dinner,642,15.4,100.5,7.0,non_vegetarian,south_indian,1,improve_stamina|carb_rich
Sprouts Salad,snack,298,19.7,34.5,6.4,vegan,north_indian,1,muscle_gain|high_protein
Vegetable Soup,dinner,464,17.9,50.2,7.6,vegan,north_indian,1,improve_stamina|carb_rich
Masala Omelette,breakfast,151,2.9,13.6,8.1,non_vegetarian,north_indian,1,weight_loss|light
Vegetable Khichdi,lunch,699,33.7,86.0,10.5,vegetarian,north_indian,0,improve_stamina|carb_rich
Protein Shake,snack,273,4.2,42.5,7.1,vegetarian,north_indian,1,weight_loss|light
Hyderabadi Biryani,lunch,422,9.6,48.5,17.3,non_vegetarian,south_indian,0,improve_stamina|carb_rich
Pav Bhaji,lunch,547,13.7,61.1,17.3,vegetarian,north_indian,1,weight_loss|light
Mixed Veg Curry,dinner,662,21.6,61.3,23.5,vegetarian,north_indian,0,weight_loss|light
Roasted Chana,snack,291,11.3,31.0,10.9,vegan,south_indian,0,muscle_gain|high_protein
Corn Chaat,snack,189,4.1,21.9,7.8,vegan,mixed,1,balanced|beginner
Roti Sabji,dinner,664,36.3,65.9,15.1,vegetarian,north_indian,0,balanced|beginner
Vegetable Poha,breakfast,335,17.0,19.7,17.9,vegetarian,north_indian,1,muscle_gain|high_protein
Mixed Veg Curry,dinner,576,22.3,54.1,11.1,vegetarian,north_indian,1,muscle_gain|high_protein
Thepla,breakfast,197,11.1,25.9,3.7,vegetarian,north_indian,1,weight_loss|light
Paneer Bhurji,dinner,487,9.4,63.0,5.2,vegetarian,north_indian,0,weight_loss|light
Roti Sabji,dinner,446,44.6,41.0,16.0,vegetarian,mixed,1,muscle_gain|high_protein
Fish Fry,dinner,405,4.5,49.6,17.3,non_vegetarian,north_indian,0,balanced|beginner
Thepla,breakfast,374,12.9,46.6,7.8,vegetarian,mixed,1,weight_loss|light
Fruit Salad,snack,111,3.7,13.6,3.6,vegan,north_indian,1,improve_stamina|carb_rich
Roti Sabji,dinner,394,13.8,42.4,24.8,vegetarian,mixed,0,balanced|beginner
Buttermilk,snack,156,6.0,14.5,6.8,vegetarian,north_indian,1,improve_stamina|carb_rich
Tofu Curry,dinner,629,16.0,47.5,17.7,vegan,mixed,1,improve_stamina|carb_rich
Idli Sambar,breakfast,281,16.6,35.0,7.8,vegetarian,mixed,1,balanced|beginner
Peanut Chaat,snack,248,5.3,21.3,13.5,vegetarian,north_indian,1,improve_stamina|carb_rich
Buttermilk,snack,100,4.7,10.7,3.4,vegetarian,south_indian,1,improve_stamina|carb_rich
Chicken Curry Rice,lunch,472,27.5,69.2,11.6,non_vegetarian,south_indian,1,muscle_gain|high_protein
Roasted Chana,snack,97,3.4,8.3,4.7,vegan,south_indian,1,improve_stamina|carb_rich
Pav Bhaji,lunch,394,10.0,58.1,15.7,vegetarian,south_indian,0,improve_stamina|carb_rich
Fish Fry,dinner,693,36.3,73.6,14.3,non_vegetarian,mixed,1,muscle_gain|high_protein
Thepla,breakfast,300,18.9,36.4,3.7,vegetarian,north_indian,1,improve_stamina|carb_rich
Paneer Bhurji,dinner,661,43.1,61.0,14.0,vegetarian,south_indian,0,weight_loss|light
Tofu Curry,dinner,515,10.6,48.0,15.0,vegan,mixed,0,balanced|beginner
Vegetable Khichdi,lunch,358,13.3,49.2,8.8,vegetarian,south_indian,1,weight_loss|light
Buttermilk,snack,282,21.1,32.2,5.1,vegetarian,north_indian,1,muscle_gain|high_protein
Roasted Chana,snack,204,3.2,25.6,8.0,vegan,north_indian,1,balanced|beginner
Roasted Chana,snack,127,9.9,13.3,2.7,vegan,north_indian,1,muscle_gain|high_protein
Vegetable Poha,breakfast,421,10.9,42.2,16.4,vegetarian,north_indian,0,balanced|beginner
Kadhi Rice,lunch,371,19.2,29.1,24.3,vegetarian,south_indian,0,improve_stamina|carb_rich
Buttermilk,snack,87,0.9,12.7,2.8,vegetarian,mixed,1,improve_stamina|carb_rich
Masala Omelette,breakfast,383,8.9,58.3,12.0,non_vegetarian,mixed,1,weight_loss|light
Chicken Curry Rice,lunch,700,22.7,73.7,20.9,non_vegetarian,mixed,0,weight_loss|light
Tofu Scramble,breakfast,252,19.2,30.6,3.6,vegan,mixed,1,muscle_gain|high_protein
Peanut Chaat,snack,193,13.6,17.5,5.9,vegetarian,north_indian,1,muscle_gain|high_protein
Paneer Sandwich,breakfast,414,39.2,24.1,15.0,vegetarian,north_indian,1,muscle_gain|high_protein
Sprouts Salad,snack,253,9.1,40.0,4.0,vegan,north_indian,1,balanced|beginner
Thepla,breakfast,181,5.3,17.6,8.3,vegetarian,north_indian,1,improve_stamina|carb_rich
Idli Sambar,breakfast,242,8.6,15.1,14.2,vegetarian,north_indian,1,balanced|beginner
Mixed Veg Curry,dinner,556,5.7,72.0,6.2,vegetarian,north_indian,0,improve_stamina|carb_rich
Kadhi Rice,lunch,539,43.9,51.9,15.9,vegetarian,north_indian,1,muscle_gain|high_protein
Roasted Chana,snack,116,4.8,16.7,2.3,vegan,north_indian,1,weight_loss|light
Rajma Chawal,lunch,449,15.3,62.6,6.3,vegetarian,mixed,1,balanced|beginner
Boiled Eggs,snack,191,8.4,21.6,6.2,non_vegetarian,north_indian,1,muscle_gain|high_protein
Protein Shake,snack,243,14.9,12.1,12.8,vegetarian,north_indian,1,muscle_gain|high_protein
Oats with Milk,breakfast,224,9.2,27.9,6.4,vegetarian,north_indian,1,weight_loss|light
Vegetable Poha,breakfast,380,31.3,49.0,5.8,vegetarian,north_indian,1,muscle_gain|high_protein
Tofu Curry,dinner,459,31.9,53.5,14.0,vegan,north_indian,1,muscle_gain|high_protein
Boiled Eggs,snack,117,10.2,8.5,3.7,non_vegetarian,north_indian,1,muscle_gain|high_protein
Paneer Roti,lunch,443,23.1,42.9,17.7,vegetarian,north_indian,1,muscle_gain|high_protein
Paneer Roti,lunch,624,13.2,20.9,24.5,vegetarian,mixed,0,balanced|beginner
Mixed Veg Curry,dinner,665,19.6,98.0,8.3,vegetarian,north_indian,0,improve_stamina|carb_rich
Paneer Roti,lunch,459,34.0,40.2,8.9,vegetarian,mixed,1,balanced|beginner
Fish Curry Rice,lunch,684,15.9,78.6,20.3,non_vegetarian,north_indian,0,balanced|beginner
Grilled Chicken,dinner,359,17.2,52.1,6.8,non_vegetarian,south_indian,1,improve_stamina|carb_rich
Kadhi Rice,lunch,485,13.3,77.1,17.4,vegetarian,north_indian,1,weight_loss|light
Masala Omelette,breakfast,426,40.6,20.9,24.1,non_vegetarian,north_indian,0,muscle_gain|high_protein
Paneer Roti,lunch,514,24.6,57.5,8.1,vegetarian,north_indian,1,muscle_gain|high_protein
Boiled Eggs,snack,213,7.3,28.4,5.9,non_vegetarian,mixed,1,weight_loss|light
Paneer Cubes,snack,296,11.1,50.4,2.9,vegetarian,mixed,0,improve_stamina|carb_rich
Fish Fry,dinner,677,6.1,70.0,8.7,non_vegetarian,north_indian,0,weight_loss|light
Rajma Chawal,lunch,550,15.2,63.1,10.1,vegetarian,north_indian,1,weight_loss|light
Vegetable Poha,breakfast,397,10.1,52.6,12.7,vegetarian,south_indian,1,weight_loss|light
Sabudana Khichdi,breakfast,333,9.9,26.5,11.7,vegetarian,north_indian,1,improve_stamina|carb_rich
Egg Curry,dinner,368,20.1,27.1,18.5,non_vegetarian,north_indian,1,muscle_gain|high_protein
Oats with Milk,breakfast,319,11.3,36.9,6.7,vegetarian,north_indian,1,balanced|beginner
Corn Chaat,snack,82,5.3,9.3,1.9,vegan,mixed,1,muscle_gain|high_protein
Sprouts Salad,snack,173,7.1,19.7,5.8,vegan,north_indian,1,improve_stamina|carb_rich
Boiled Eggs,snack,195,9.0,13.4,10.0,non_vegetarian,south_indian,1,weight_loss|light
Pav Bhaji,lunch,644,19.3,65.5,7.5,vegetarian,north_indian,1,weight_loss|light
Fish Fry,dinner,520,19.4,59.1,19.1,non_vegetarian,mixed,1,muscle_gain|high_protein
Fruit Bowl,breakfast,174,9.0,13.9,7.6,vegan,north_indian,0,improve_stamina|carb_rich
Tofu Curry,dinner,378,28.1,36.7,9.9,vegan,mixed,1,muscle_gain|high_protein
Thepla,breakfast,395,13.8,57.3,18.7,vegetarian,mixed,0,balanced|beginner
Vegetable Poha,breakfast,365,12.1,46.5,11.3,vegetarian,south_indian,1,weight_loss|light
Roasted Chana,snack,274,9.6,21.1,15.4,vegan,north_indian,0,balanced|beginner
Corn Chaat,snack,99,8.0,7.7,3.1,vegan,mixed,1,muscle_gain|high_protein
Grilled Chicken,dinner,595,14.1,61.4,15.6,non_vegetarian,mixed,1,weight_loss|light
Peanut Chaat,snack,88,3.5,5.5,5.0,vegetarian,north_indian,1,weight_loss|light
Tofu Scramble,breakfast,259,2.5,30.7,11.7,vegan,south_indian,1,weight_loss|light
Tofu Stir Fry,lunch,519,16.3,52.7,10.4,vegan,mixed,1,balanced|beginner
Corn Chaat,snack,117,3.4,13.6,4.4,vegan,north_indian,1,muscle_gain|high_protein
Mixed Veg Curry,dinner,626,6.2,73.7,19.6,vegetarian,north_indian,0,balanced|beginner
Idli Sambar,breakfast,255,12.7,36.8,4.1,vegetarian,north_indian,1,weight_loss|light
Vegetable Soup,dinner,374,7.8,53.4,18.2,vegan,north_indian,0,improve_stamina|carb_rich
Tofu Stir Fry,lunch,358,16.9,41.9,9.2,vegan,north_indian,1,weight_loss|light
Tofu Curry,dinner,696,18.4,112.1,5.4,vegan,north_indian,0,balanced|beginner
Grilled Chicken,dinner,360,10.7,32.4,22.0,non_vegetarian,mixed,0,balanced|beginner
Rajma Chawal,lunch,357,6.4,33.2,12.5,vegetarian,mixed,0,improve_stamina|carb_rich
Paneer Roti,lunch,653,24.8,68.1,7.6,vegetarian,north_indian,1,muscle_gain|high_protein
Paneer Cubes,snack,151,5.8,8.2,9.2,vegetarian,mixed,1,weight_loss|light
Paneer Sandwich,breakfast,153,2.1,18.5,6.5,vegetarian,north_indian,1,weight_loss|light
Chicken Curry Rice,lunch,422,12.8,79.1,7.1,non_vegetarian,north_indian,1,balanced|beginner
Tofu Scramble,breakfast,257,7.3,32.8,8.5,vegan,mixed,1,weight_loss|light
Rajma Chawal,lunch,633,18.4,40.7,20.8,vegetarian,south_indian,1,weight_loss|light
Paneer Roti,lunch,585,17.4,61.5,17.4,vegetarian,north_indian,1,balanced|beginner
Roti Sabji,dinner,568,26.5,57.1,17.4,vegetarian,north_indian,1,muscle_gain|high_protein
Paneer Cubes,snack,235,17.0,37.5,5.5,vegetarian,north_indian,1,balanced|beginner
Protein Shake,snack,263,7.0,17.1,16.2,vegetarian,north_indian,0,improve_stamina|carb_rich
Boiled Eggs,snack,181,7.5,19.7,6.4,non_vegetarian,north_indian,1,balanced|beginner
Tofu Scramble,breakfast,236,10.5,27.6,7.2,vegan,north_indian,1,balanced|beginner
Pav Bhaji,lunch,674,34.1,29.9,16.1,vegetarian,north_indian,1,muscle_gain|high_protein
Masala Omelette,breakfast,251,12.6,23.4,9.7,non_vegetarian,north_indian,1,muscle_gain|high_protein
Masala Omelette,breakfast,449,19.4,36.7,18.4,non_vegetarian,mixed,0,improve_stamina|carb_rich
Tofu Curry,dinner,589,15.6,64.5,4.8,vegan,north_indian,1,improve_stamina|carb_rich
Boiled Eggs,snack,261,10.7,31.6,7.9,non_vegetarian,south_indian,0,muscle_gain|high_protein
Dal Tadka,dinner,585,7.2,62.6,13.4,vegetarian,north_indian,0,improve_stamina|carb_rich
Upma,breakfast,282,8.4,45.8,4.8,vegetarian,south_indian,1,weight_loss|light
Fish Curry Rice,lunch,447,25.8,42.2,15.5,non_vegetarian,mixed,1,muscle_gain|high_protein
Boiled Eggs,snack,146,3.6,26.3,1.6,non_vegetarian,mixed,1,weight_loss|light
Hyderabadi Biryani,lunch,566,42.1,50.9,10.2,non_vegetarian,north_indian,1,improve_stamina|carb_rich
Rajma Chawal,lunch,530,19.2,67.1,7.7,vegetarian,mixed,1,balanced|beginner
Dal Tadka,dinner,538,35.5,36.0,16.1,vegetarian,north_indian,1,muscle_gain|high_protein
Dal Tadka,dinner,442,41.9,23.4,11.4,vegetarian,mixed,1,muscle_gain|high_protein
Tofu Stir Fry,lunch,684,14.9,60.9,22.8,vegan,north_indian,0,improve_stamina|carb_rich
Fruit Bowl,breakfast,254,16.2,30.9,5.0,vegan,south_indian,1,muscle_gain|high_protein
Paneer Bhurji,dinner,534,18.7,70.2,3.2,vegetarian,north_indian,1,weight_loss|light
Egg Curry,dinner,537,14.3,53.2,19.2,non_vegetarian,north_indian,1,improve_stamina|carb_rich
Tofu Curry,dinner,446,17.6,67.0,5.3,vegan,north_indian,1,improve_stamina|carb_rich
Paneer Bhurji,dinner,482,17.1,34.4,17.4,vegetarian,north_indian,1,weight_loss|light
Fish Fry,dinner,447,7.3,42.4,9.6,non_vegetarian,mixed,0,improve_stamina|carb_rich
Kadhi Rice,lunch,353,13.6,50.2,7.7,vegetarian,mixed,1,improve_stamina|carb_rich
Mixed Veg Curry,dinner,385,28.9,43.2,11.5,vegetarian,north_indian,1,muscle_gain|high_protein
Paneer Sandwich,breakfast,345,19.9,31.5,10.8,vegetarian,north_indian,1,improve_stamina|carb_rich
Corn Chaat,snack,211,6.2,31.7,4.7,vegan,south_indian,1,weight_loss|light
Vegetable Soup,dinner,439,7.6,55.7,11.1,vegan,mixed,0,weight_loss|light
Protein Shake,snack,276,9.7,37.2,7.4,vegetarian,north_indian,0,balanced|beginner
Dal Rice,lunch,587,9.6,62.0,21.7,vegetarian,north_indian,0,improve_stamina|carb_rich
Oats with Milk,breakfast,282,6.4,41.7,7.5,vegetarian,mixed,1,improve_stamina|carb_rich
Masala Omelette,breakfast,251,11.1,24.8,9.7,non_vegetarian,south_indian,1,muscle_gain|high_protein
Tofu Curry,dinner,665,34.2,64.2,11.8,vegan,south_indian,1,muscle_gain|high_protein
Masala Omelette,breakfast,385,18.6,44.4,11.4,non_vegetarian,north_indian,1,muscle_gain|high_protein
Paneer Roti,lunch,682,43.8,27.6,13.5,vegetarian,south_indian,1,muscle_gain|high_protein
Peanut Chaat,snack,171,9.2,17.0,5.9,vegetarian,mixed,1,weight_loss|light
Tofu Curry,dinner,529,8.1,78.2,7.1,vegan,north_indian,0,improve_stamina|carb_rich
Egg Curry,dinner,552,24.9,60.6,18.4,non_vegetarian,mixed,1,muscle_gain|high_protein
Buttermilk,snack,289,9.2,46.2,4.9,vegetarian,south_indian,0,improve_stamina|carb_rich
Paneer Bhurji,dinner,457,12.1,54.0,17.8,vegetarian,north_indian,1,weight_loss|light
Kadhi Rice,lunch,661,14.7,71.4,9.2,vegetarian,north_indian,0,weight_loss|light
Sabudana Khichdi,breakfast,286,4.6,39.4,9.7,vegetarian,mixed,1,weight_loss|light
Idli Sambar,breakfast,196,3.5,32.5,4.1,vegetarian,mixed,1,weight_loss|light
Fish Fry,dinner,606,24.8,35.8,15.9,non_vegetarian,north_indian,1,muscle_gain|high_protein
Grilled Chicken,dinner,544,39.6,78.8,5.2,non_vegetarian,north_indian,1,muscle_gain|high_protein
Chicken Curry Rice,lunch,468,23.1,52.1,14.4,non_vegetarian,mixed,1,muscle_gain|high_protein
Fish Fry,dinner,521,34.8,23.8,12.4,non_vegetarian,south_indian,1,muscle_gain|high_protein
Fruit Bowl,breakfast,290,19.0,43.0,5.0,vegan,south_indian,1,balanced|beginner
Buttermilk,snack,182,6.5,31.3,1.8,vegetarian,north_indian,1,balanced|beginner
Dal Tadka,dinner,695,53.2,66.7,10.1,vegetarian,north_indian,1,muscle_gain|high_protein
Idli Sambar,breakfast,361,7.6,66.0,13.1,vegetarian,north_indian,1,improve_stamina|carb_rich
Thepla,breakfast,374,9.8,26.0,9.4,vegetarian,mixed,1,improve_stamina|carb_rich
Oats with Milk,breakfast,315,8.8,39.6,10.7,vegetarian,south_indian,1,balanced|beginner
Upma,breakfast,151,12.9,6.7,6.7,vegetarian,mixed,0,muscle_gain|high_protein
Sabudana Khichdi,breakfast,162,8.6,23.6,2.3,vegetarian,mixed,0,muscle_gain|high_protein
Buttermilk,snack,244,20.7,23.1,5.5,vegetarian,north_indian,1,muscle_gain|high_protein
Peanut Chaat,snack,298,6.6,53.0,7.2,vegetarian,north_indian,0,improve_stamina|carb_rich
Tofu Stir Fry,lunch,691,6.3,72.6,11.6,vegan,south_indian,0,weight_loss|light
Mixed Veg Curry,dinner,612,16.0,49.9,20.1,vegetarian,south_indian,1,balanced|beginner
Rajma Chawal,lunch,435,18.4,49.0,19.5,vegetarian,mixed,1,weight_loss|light
Vegetable Khichdi,lunch,488,22.9,52.3,11.0,vegetarian,north_indian,1,weight_loss|light
Fruit Salad,snack,101,5.4,11.1,3.0,vegan,north_indian,1,muscle_gain|high_protein
Tofu Scramble,breakfast,265,6.6,28.4,11.5,vegan,mixed,1,weight_loss|light
Paneer Bhurji,dinner,427,19.7,55.4,10.3,vegetarian,south_indian,1,muscle_gain|high_protein
Hyderabadi Biryani,lunch,488,16.2,68.0,16.5,non_vegetarian,mixed,1,weight_loss|light
Boiled Eggs,snack,146,1.8,19.8,5.3,non_vegetarian,north_indian,1,improve_stamina|carb_rich
Paneer Roti,lunch,393,18.2,33.3,4.9,vegetarian,north_indian,1,improve_stamina|carb_rich
Thepla,breakfast,371,14.7,41.6,13.3,vegetarian,south_indian,1,improve_stamina|carb_rich
Protein Shake,snack,82,3.1,6.9,3.9,vegetarian,north_indian,1,balanced|beginner
Tofu Curry,dinner,476,17.2,62.1,8.1,vegan,north_indian,1,balanced|beginner
Corn Chaat,snack,262,15.0,26.9,8.2,vegan,mixed,0,muscle_gain|high_protein
Protein Shake,snack,148,5.4,13.2,6.9,vegetarian,north_indian,1,weight_loss|light
Hyderabadi Biryani,lunch,689,15.6,77.1,21.6,non_vegetarian,south_indian,0,balanced|beginner
Kadhi Rice,lunch,489,15.5,53.6,4.9,vegetarian,north_indian,1,improve_stamina|carb_rich
Hyderabadi Biryani,lunch,607,11.0,79.3,14.1,non_vegetarian,north_indian,0,balanced|beginner
Paneer Bhurji,dinner,548,15.4,69.3,5.6,vegetarian,north_indian,1,balanced|beginner
Grilled Chicken,dinner,420,7.9,49.4,22.0,non_vegetarian,mixed,0,improve_stamina|carb_rich
Fruit Bowl,breakfast,169,3.8,13.4,9.6,vegan,south_indian,0,improve_stamina|carb_rich
Vegetable Soup,dinner,403,10.0,50.6,22.2,vegan,north_indian,0,improve_stamina|carb_rich
Upma,breakfast,155,7.4,15.9,5.5,vegetarian,north_indian,0,muscle_gain|high_protein
Peanut Chaat,snack,256,4.0,34.0,9.3,vegetarian,mixed,1,balanced|beginner
Grilled Chicken,dinner,509,25.6,29.1,21.1,non_vegetarian,mixed,1,muscle_gain|high_protein
Paneer Cubes,snack,186,22.6,11.6,3.8,vegetarian,north_indian,1,muscle_gain|high_protein
Sprouts Salad,snack,244,8.2,27.4,9.1,vegan,north_indian,1,improve_stamina|carb_rich
Grilled Chicken,dinner,359,14.8,79.0,3.6,non_vegetarian,mixed,1,balanced|beginner
Grilled Chicken,dinner,652,33.1,66.0,21.8,non_vegetarian,south_indian,0,muscle_gain|high_protein
Boiled Eggs,snack,291,11.5,48.7,3.0,non_vegetarian,north_indian,1,weight_loss|light
Vegetable Poha,breakfast,321,6.8,72.4,4.1,vegetarian,south_indian,1,weight_loss|light
Egg Curry,dinner,491,35.7,29.8,8.8,non_vegetarian,north_indian,1,muscle_gain|high_protein
Protein Shake,snack,167,9.5,11.4,7.8,vegetarian,north_indian,1,balanced|beginner
Tofu Stir Fry,lunch,450,18.3,43.4,15.5,vegan,north_indian,1,improve_stamina|carb_rich
Fish Curry Rice,lunch,591,23.1,62.7,9.9,non_vegetarian,south_indian,1,muscle_gain|high_protein
Protein Shake,snack,111,2.4,12.4,4.8,vegetarian,north_indian,1,balanced|beginner
Upma,breakfast,163,6.6,26.0,2.2,vegetarian,south_indian,0,improve_stamina|carb_rich
Paneer Bhurji,dinner,646,21.4,65.2,16.3,vegetarian,north_indian,1,muscle_gain|high_protein
Roti Sabji,dinner,598,5.5,72.3,7.6,vegetarian,mixed,0,balanced|beginner
Tofu Scramble,breakfast,300,14.4,42.7,5.3,vegan,south_indian,1,muscle_gain|high_protein
Peanut Chaat,snack,226,6.5,25.7,10.6,vegetarian,north_indian,1,balanced|beginner
Tofu Curry,dinner,612,18.8,58.2,6.3,vegan,north_indian,1,muscle_gain|high_protein
Sprouts Salad,snack,251,4.3,41.6,5.3,vegan,north_indian,1,weight_loss|light
Sprouts Salad,snack,249,11.7,16.8,12.8,vegan,mixed,1,improve_stamina|carb_rich
Mixed Veg Curry,dinner,424,11.5,23.7,24.2,vegetarian,north_indian,0,improve_stamina|carb_rich
Oats with Milk,breakfast,183,7.3,28.7,2.7,vegetarian,south_indian,1,weight_loss|light
Boiled Eggs,snack,275,12.2,34.3,7.4,non_vegetarian,mixed,0,improve_stamina|carb_rich
Vegetable Poha,breakfast,376,16.5,55.9,9.7,vegetarian,north_indian,1,balanced|beginner
Roti Sabji,dinner,493,9.1,76.3,7.0,vegetarian,north_indian,0,improve_stamina|carb_rich
Roasted Chana,snack,116,2.6,16.9,3.2,vegan,mixed,1,balanced|beginner
Fruit Bowl,breakfast,233,8.9,30.6,6.3,vegan,north_indian,1,improve_stamina|carb_rich
Buttermilk,snack,157,9.9,15.8,4.6,vegetarian,mixed,1,muscle_gain|high_protein
Sabudana Khichdi,breakfast,302,6.0,42.4,9.4,vegetarian,mixed,1,weight_loss|light
Kadhi Rice,lunch,468,40.6,40.5,3.1,vegetarian,north_indian,1,muscle_gain|high_protein
Peanut Chaat,snack,259,7.4,40.0,5.4,vegetarian,north_indian,1,improve_stamina|carb_rich
Peanut Chaat,snack,89,2.1,13.1,2.3,vegetarian,north_indian,1,improve_stamina|carb_rich
Corn Chaat,snack,131,8.8,15.7,2.5,vegan,mixed,1,muscle_gain|high_protein
Chicken Curry Rice,lunch,628,38.4,67.6,10.1,non_vegetarian,mixed,1,balanced|beginner
Tofu Curry,dinner,623,19.2,66.4,23.8,vegan,south_indian,0,weight_loss|light
Roasted Chana,snack,136,4.6,9.0,7.9,vegan,north_indian,1,weight_loss|light
Tofu Scramble,breakfast,223,18.3,25.2,3.5,vegan,north_indian,1,muscle_gain|high_protein
Boiled Eggs,snack,109,3.3,9.8,5.3,non_vegetarian,mixed,1,improve_stamina|carb_rich
Vegetable Khichdi,lunch,547,14.3,75.9,19.7,vegetarian,mixed,1,weight_loss|light
Fish Curry Rice,lunch,626,29.3,61.0,6.5,non_vegetarian,south_indian,1,muscle_gain|high_protein
Dal Tadka,dinner,650,18.2,36.8,23.8,vegetarian,north_indian,0,improve_stamina|carb_rich
Dal Tadka,dinner,509,26.2,38.6,21.4,vegetarian,south_indian,1,muscle_gain|high_protein
Fish Curry Rice,lunch,447,33.0,39.5,15.2,non_vegetarian,north_indian,1,muscle_gain|high_protein
Sabudana Khichdi,breakfast,255,10.3,29.4,8.4,vegetarian,north_indian,1,improve_stamina|carb_rich
Sprouts Salad,snack,142,2.7,18.4,5.1,vegan,mixed,1,balanced|beginner
Vegetable Poha,breakfast,272,8.5,44.3,4.3,vegetarian,north_indian,1,balanced|beginner
Kadhi Rice,lunch,489,10.9,43.7,14.3,vegetarian,north_indian,0,improve_stamina|carb_rich
Pav Bhaji,lunch,602,21.3,32.1,16.0,vegetarian,north_indian,1,muscle_gain|high_protein
Roasted Chana,snack,128,3.9,19.0,2.9,vegan,mixed,1,improve_stamina|carb_rich
Tofu Curry,dinner,635,32.1,65.0,19.9,vegan,mixed,1,muscle_gain|high_protein
Fruit Salad,snack,153,3.2,16.0,7.1,vegan,north_indian,1,balanced|beginner
Thepla,breakfast,360,5.3,49.6,12.4,vegetarian,mixed,1,balanced|beginner
Grilled Chicken,dinner,500,7.7,41.2,12.1,non_vegetarian,north_indian,0,weight_loss|light
Roti Sabji,dinner,517,28.0,25.4,9.7,vegetarian,mixed,1,muscle_gain|high_protein
Sabudana Khichdi,breakfast,176,4.5,29.0,3.1,vegetarian,north_indian,1,weight_loss|light
Vegetable Soup,dinner,586,11.1,88.1,9.3,vegan,mixed,0,improve_stamina|carb_rich
Peanut Chaat,snack,183,4.8,19.3,8.0,vegetarian,south_indian,1,balanced|beginner
Chicken Curry Rice,lunch,536,10.1,45.1,24.7,non_vegetarian,north_indian,0,balanced|beginner
Buttermilk,snack,287,11.2,17.8,16.4,vegetarian,north_indian,0,weight_loss|light
Fish Fry,dinner,353,34.1,35.4,9.0,non_vegetarian,mixed,1,muscle_gain|high_protein
Mixed Veg Curry,dinner,483,7.9,60.8,5.8,vegetarian,north_indian,0,improve_stamina|carb_rich
Sabudana Khichdi,breakfast,264,16.2,28.2,7.2,vegetarian,north_indian,1,muscle_gain|high_protein
Pav Bhaji,lunch,564,22.0,59.5,15.2,vegetarian,north_indian,1,weight_loss|light
Roasted Chana,snack,155,4.8,16.1,6.6,vegan,north_indian,1,balanced|beginner
Pav Bhaji,lunch,575,19.8,23.3,24.7,vegetarian,north_indian,0,balanced|beginner
Paneer Roti,lunch,611,7.3,60.2,9.2,vegetarian,mixed,0,balanced|beginner
Kadhi Rice,lunch,427,11.8,61.0,12.2,vegetarian,north_indian,0,balanced|beginner
Fish Curry Rice,lunch,695,54.9,63.8,10.6,non_vegetarian,north_indian,0,weight_loss|light
Thepla,breakfast,310,17.9,38.0,11.6,vegetarian,north_indian,1,balanced|beginner
Corn Chaat,snack,250,3.7,22.3,14.0,vegan,north_indian,1,improve_stamina|carb_rich
Dal Tadka,dinner,465,27.1,39.4,19.5,vegetarian,south_indian,1,muscle_gain|high_protein
Paneer Cubes,snack,172,5.1,14.8,8.8,vegetarian,south_indian,1,improve_stamina|carb_rich
Pav Bhaji,lunch,642,23.9,73.0,15.4,vegetarian,south_indian,1,balanced|beginner
Buttermilk,snack,156,5.5,16.4,6.2,vegetarian,north_indian,1,improve_stamina|carb_rich
Paneer Cubes,snack,216,3.6,24.0,9.8,vegetarian,mixed,1,improve_stamina|carb_rich
Roasted Chana,snack,202,5.6,19.9,9.3,vegan,north_indian,1,weight_loss|light
Grilled Chicken,dinner,386,5.0,26.8,24.7,non_vegetarian,north_indian,0,improve_stamina|carb_rich
Boiled Eggs,snack,150,9.3,16.1,4.1,non_vegetarian,mixed,1,muscle_gain|high_protein
Kadhi Rice,lunch,361,8.6,36.5,21.2,vegetarian,north_indian,0,balanced|beginner
Fish Curry Rice,lunch,354,5.2,54.9,18.0,non_vegetarian,north_indian,0,weight_loss|light
Peanut Chaat,snack,128,6.6,17.9,2.2,vegetarian,north_indian,1,muscle_gain|high_protein
Tofu Curry,dinner,399,14.8,69.6,8.3,vegan,north_indian,1,weight_loss|light
Grilled Chicken,dinner,532,14.7,75.1,12.6,non_vegetarian,north_indian,1,weight_loss|light
Oats with Milk,breakfast,361,18.8,25.2,8.0,vegetarian,north_indian,1,balanced|beginner
Roti Sabji,dinner,381,12.4,51.3,10.6,vegetarian,north_indian,1,weight_loss|light
Fish Fry,dinner,377,10.4,27.4,21.8,non_vegetarian,mixed,0,improve_stamina|carb_rich
Roti Sabji,dinner,380,5.9,77.2,4.9,vegetarian,north_indian,0,balanced|beginner
Vegetable Poha,breakfast,365,6.5,58.1,6.7,vegetarian,north_indian,1,improve_stamina|carb_rich
Fish Fry,dinner,688,18.9,58.7,20.9,non_vegetarian,mixed,0,balanced|beginner
Vegetable Soup,dinner,495,21.9,57.8,17.3,vegan,north_indian,1,muscle_gain|high_protein
Idli Sambar,breakfast,191,4.0,21.0,8.4,vegetarian,north_indian,1,weight_loss|light
Mixed Veg Curry,dinner,564,32.4,23.2,19.9,vegetarian,north_indian,1,muscle_gain|high_protein
Rajma Chawal,lunch,556,18.6,39.5,13.6,vegetarian,north_indian,1,improve_stamina|carb_rich
Paneer Roti,lunch,489,14.8,59.4,18.6,vegetarian,mixed,1,balanced|beginner
Sprouts Salad,snack,156,2.9,19.4,6.0,vegan,mixed,1,balanced|beginner
Peanut Chaat,snack,255,5.3,31.1,9.9,vegetarian,mixed,1,weight_loss|light
Dal Tadka,dinner,436,8.6,56.5,18.5,vegetarian,north_indian,0,balanced|beginner
Mixed Veg Curry,dinner,433,16.3,51.5,12.0,vegetarian,south_indian,1,improve_stamina|carb_rich
Paneer Roti,lunch,644,12.3,58.7,11.3,vegetarian,south_indian,1,balanced|beginner
Hyderabadi Biryani,lunch,384,8.5,60.7,14.0,non_vegetarian,north_indian,0,improve_stamina|carb_rich
Hyderabadi Biryani,lunch,467,11.4,62.0,3.0,non_vegetarian,south_indian,0,balanced|beginner
Masala Omelette,breakfast,337,18.9,31.1,19.7,non_vegetarian,south_indian,0,weight_loss|light
Buttermilk,snack,81,2.0,11.1,2.5,vegetarian,south_indian,1,improve_stamina|carb_rich
Idli Sambar,breakfast,281,21.1,14.7,12.8,vegetarian,north_indian,1,muscle_gain|high_protein
Grilled Chicken,dinner,585,19.5,46.5,18.0,non_vegetarian,south_indian,1,improve_stamina|carb_rich
Oats with Milk,breakfast,310,8.5,40.1,10.1,vegetarian,mixed,1,weight_loss|light
Sabudana Khichdi,breakfast,367,8.2,33.3,18.9,vegetarian,north_indian,0,balanced|beginner
Paneer Cubes,snack,155,17.7,10.9,3.1,vegetarian,north_indian,1,muscle_gain|high_protein
Paneer Sandwich,breakfast,170,2.9,16.7,8.7,vegetarian,north_indian,1,weight_loss|light
Boiled Eggs,snack,118,3.6,19.4,1.8,non_vegetarian,mixed,1,weight_loss|light
Fish Curry Rice,lunch,505,17.5,22.2,15.0,non_vegetarian,north_indian,1,weight_loss|light
Tofu Scramble,breakfast,206,16.6,25.1,2.5,vegan,north_indian,1,muscle_gain|high_protein
Kadhi Rice,lunch,664,16.3,76.2,16.1,vegetarian,mixed,0,weight_loss|light
Paneer Bhurji,dinner,672,11.4,67.3,11.0,vegetarian,north_indian,0,weight_loss|light
Dal Rice,lunch,652,24.3,52.4,21.4,vegetarian,mixed,0,muscle_gain|high_protein
Vegetable Khichdi,lunch,385,16.2,34.9,5.8,vegetarian,mixed,1,improve_stamina|carb_rich
Mixed Veg Curry,dinner,486,15.7,68.7,18.9,vegetarian,south_indian,1,weight_loss|light
Fish Curry Rice,lunch,629,5.1,69.9,13.0,non_vegetarian,north_indian,0,weight_loss|light
Paneer Sandwich,breakfast,296,11.8,27.0,13.0,vegetarian,north_indian,1,improve_stamina|carb_rich
Oats with Milk,breakfast,199,13.3,24.4,3.6,vegetarian,mixed,1,muscle_gain|high_protein
Roti Sabji,dinner,377,9.3,54.0,10.4,vegetarian,north_indian,1,weight_loss|light
Rajma Chawal,lunch,683,16.0,71.5,16.1,vegetarian,north_indian,0,balanced|beginner
Tofu Stir Fry,lunch,580,13.2,51.9,23.9,vegan,north_indian,0,balanced|beginner
Masala Omelette,breakfast,238,18.0,32.5,1.9,non_vegetarian,north_indian,1,muscle_gain|high_protein
Hyderabadi Biryani,lunch,369,23.8,30.6,21.1,non_vegetarian,north_indian,1,muscle_gain|high_protein
Vegetable Poha,breakfast,336,15.0,31.6,17.9,vegetarian,mixed,1,improve_stamina|carb_rich
Protein Shake,snack,273,6.3,23.7,14.9,vegetarian,south_indian,1,weight_loss|light
Tofu Scramble,breakfast,194,2.4,32.4,4.4,vegan,south_indian,1,weight_loss|light
Fruit Salad,snack,180,3.0,25.7,5.6,vegan,north_indian,1,improve_stamina|carb_rich
Boiled Eggs,snack,259,6.6,29.9,10.2,non_vegetarian,north_indian,1,weight_loss|light
Kadhi Rice,lunch,466,19.1,53.1,23.4,vegetarian,north_indian,0,muscle_gain|high_protein
Masala Omelette,breakfast,389,5.9,47.8,15.9,non_vegetarian,mixed,1,improve_stamina|carb_rich
Sprouts Salad,snack,92,2.8,13.5,2.1,vegan,mixed,1,balanced|beginner
Fish Fry,dinner,623,24.1,52.0,8.1,non_vegetarian,south_indian,1,muscle_gain|high_protein
Masala Omelette,breakfast,390,17.3,45.9,11.8,non_vegetarian,north_indian,1,muscle_gain|high_protein
Masala Omelette,breakfast,258,20.4,33.0,2.6,non_vegetarian,north_indian,1,muscle_gain|high_protein
Oats with Milk,breakfast,387,23.6,67.0,5.8,vegetarian,north_indian,1,muscle_gain|high_protein
Fish Fry,dinner,496,18.5,52.2,24.0,non_vegetarian,mixed,0,muscle_gain|high_protein
Rajma Chawal,lunch,524,17.5,41.3,13.3,vegetarian,north_indian,1,balanced|beginner
Roti Sabji,dinner,579,10.6,71.8,15.0,vegetarian,north_indian,0,balanced|beginner
Tofu Curry,dinner,550,16.9,37.5,15.1,vegan,south_indian,1,weight_loss|light
Dal Tadka,dinner,383,13.0,53.8,9.5,vegetarian,south_indian,1,balanced|beginner
Hyderabadi Biryani,lunch,678,11.8,36.8,20.5,non_vegetarian,south_indian,0,improve_stamina|carb_rich
Kadhi Rice,lunch,502,25.6,76.1,10.7,vegetarian,north_indian,1,muscle_gain|high_protein
Idli Sambar,breakfast,369,9.4,63.8,11.7,vegetarian,mixed,1,improve_stamina|carb_rich
Roasted Chana,snack,151,1.7,21.9,5.0,vegan,south_indian,1,weight_loss|light
Mixed Veg Curry,dinner,583,19.7,73.0,23.0,vegetarian,north_indian,0,weight_loss|light
Paneer Sandwich,breakfast,222,3.6,20.5,12.0,vegetarian,mixed,1,balanced|beginner
Oats with Milk,breakfast,182,4.7,18.8,8.1,vegetarian,north_indian,1,balanced|beginner
Boiled Eggs,snack,178,3.0,22.8,6.8,non_vegetarian,mixed,1,weight_loss|light
Rajma Chawal,lunch,384,5.6,32.5,14.4,vegetarian,mixed,0,improve_stamina|carb_rich
Tofu Scramble,breakfast,377,13.5,32.9,9.3,vegan,north_indian,1,weight_loss|light
Dal Rice,lunch,367,14.1,43.2,12.0,vegetarian,north_indian,1,muscle_gain|high_protein
Dal Rice,lunch,379,11.3,32.8,18.2,vegetarian,south_indian,0,improve_stamina|carb_rich
Tofu Curry,dinner,545,38.5,48.2,11.3,vegan,north_indian,1,muscle_gain|high_protein
Peanut Chaat,snack,151,3.7,15.6,6.8,vegetarian,north_indian,1,improve_stamina|carb_rich
Sprouts Salad,snack,127,4.0,18.0,3.2,vegan,north_indian,1,weight_loss|light
Vegetable Poha,breakfast,225,15.6,28.2,3.5,vegetarian,north_indian,1,muscle_gain|high_protein
Sprouts Salad,snack,203,3.0,36.0,3.4,vegan,mixed,1,improve_stamina|carb_rich
Peanut Chaat,snack,162,7.0,16.6,6.1,vegetarian,north_indian,1,muscle_gain|high_protein
Corn Chaat,snack,140,10.6,7.9,6.1,vegan,mixed,1,muscle_gain|high_protein
Upma,breakfast,228,19.9,27.2,7.7,vegetarian,south_indian,1,balanced|beginner
Tofu Curry,dinner,386,15.3,27.6,8.6,vegan,south_indian,1,balanced|beginner
Roasted Chana,snack,118,3.2,14.4,4.3,vegan,mixed,1,improve_stamina|carb_rich
Peanut Chaat,snack,284,10.1,39.4,7.0,vegetarian,north_indian,0,balanced|beginner
Tofu Curry,dinner,686,24.3,64.1,4.2,vegan,north_indian,1,muscle_gain|high_protein
Thepla,breakfast,439,17.8,61.8,17.6,vegetarian,mixed,0,improve_stamina|carb_rich
Fruit Bowl,breakfast,427,5.8,29.2,19.4,vegan,north_indian,0,weight_loss|light
Protein Shake,snack,243,10.7,24.6,9.2,vegetarian,south_indian,1,weight_loss|light
Vegetable Khichdi,lunch,596,18.9,59.1,4.8,vegetarian,north_indian,1,improve_stamina|carb_rich
Tofu Curry,dinner,514,6.0,44.9,23.8,vegan,north_indian,0,improve_stamina|carb_rich
Grilled Chicken,dinner,688,41.7,41.5,25.7,non_vegetarian,north_indian,0,muscle_gain|high_protein
Fruit Bowl,breakfast,202,3.9,21.2,9.5,vegan,south_indian,1,weight_loss|light
Fruit Salad,snack,279,9.5,28.1,11.8,vegan,north_indian,0,balanced|beginner
Sabudana Khichdi,breakfast,246,7.2,36.7,5.6,vegetarian,south_indian,1,balanced|beginner
Fish Fry,dinner,517,14.0,20.1,18.7,non_vegetarian,mixed,1,balanced|beginner
Tofu Curry,dinner,518,16.9,50.8,18.2,vegan,north_indian,1,weight_loss|light
Grilled Chicken,dinner,643,10.7,61.5,15.4,non_vegetarian,north_indian,0,weight_loss|light
Corn Chaat,snack,202,20.1,11.2,6.7,vegan,north_indian,1,muscle_gain|high_protein
Upma,breakfast,316,7.7,38.3,11.9,vegetarian,north_indian,1,balanced|beginner
Sprouts Salad,snack,102,6.5,9.8,3.2,vegan,mixed,1,improve_stamina|carb_rich
Egg Curry,dinner,585,14.5,58.4,20.9,non_vegetarian,south_indian,1,balanced|beginner
Dal Tadka,dinner,381,31.0,36.0,9.2,vegetarian,south_indian,1,muscle_gain|high_protein
Roti Sabji,dinner,614,21.8,28.5,19.3,vegetarian,mixed,1,muscle_gain|high_protein
Thepla,breakfast,180,8.9,19.1,6.0,vegetarian,mixed,1,improve_stamina|carb_rich
Grilled Chicken,dinner,517,10.7,75.8,6.9,non_vegetarian,north_indian,0,weight_loss|light
Vegetable Soup,dinner,525,43.8,59.1,14.9,vegan,south_indian,1,muscle_gain|high_protein
Fruit Bowl,breakfast,216,14.9,20.4,6.4,vegan,north_indian,1,muscle_gain|high_protein
Thepla,breakfast,410,8.8,48.6,16.4,vegetarian,north_indian,1,improve_stamina|carb_rich
Hyderabadi Biryani,lunch,439,11.0,56.5,7.2,non_vegetarian,north_indian,0,balanced|beginner
Upma,breakfast,151,9.0,20.6,2.3,vegetarian,south_indian,0,improve_stamina|carb_rich
Tofu Curry,dinner,524,23.3,67.8,7.4,vegan,mixed,1,muscle_gain|high_protein
Paneer Cubes,snack,84,4.6,7.0,3.4,vegetarian,north_indian,1,muscle_gain|high_protein
Rajma Chawal,lunch,443,12.7,79.0,5.3,vegetarian,south_indian,1,improve_stamina|carb_rich
Sabudana Khichdi,breakfast,440,21.3,50.3,9.0,vegetarian,north_indian,1,muscle_gain|high_protein
Chicken Curry Rice,lunch,355,18.0,21.8,4.5,non_vegetarian,mixed,1,weight_loss|light
Boiled Eggs,snack,89,3.9,14.6,0.9,non_vegetarian,north_indian,1,weight_loss|light
Vegetable Poha,breakfast,316,15.3,45.2,12.7,vegetarian,mixed,1,balanced|beginner
Peanut Chaat,snack,85,1.8,10.6,3.2,vegetarian,north_indian,1,balanced|beginner
Oats with Milk,breakfast,397,18.6,43.1,15.9,vegetarian,north_indian,1,improve_stamina|carb_rich
Fruit Salad,snack,182,5.0,25.0,5.3,vegan,north_indian,1,improve_stamina|carb_rich
Chicken Curry Rice,lunch,497,39.6,56.0,15.0,non_vegetarian,mixed,1,muscle_gain|high_protein
Paneer Sandwich,breakfast,169,5.1,18.7,6.7,vegetarian,north_indian,1,weight_loss|light
Buttermilk,snack,241,21.1,17.2,7.6,vegetarian,mixed,1,muscle_gain|high_protein
Hyderabadi Biryani,lunch,454,5.6,35.8,21.7,non_vegetarian,north_indian,0,weight_loss|light
Sabudana Khichdi,breakfast,324,17.7,38.7,8.1,vegetarian,south_indian,1,muscle_gain|high_protein
Fish Curry Rice,lunch,663,29.1,63.9,19.1,non_vegetarian,north_indian,0,improve_stamina|carb_rich
Fruit Salad,snack,299,13.9,30.2,11.0,vegan,mixed,0,balanced|beginner
Paneer Cubes,snack,216,5.9,26.4,7.7,vegetarian,north_indian,1,balanced|beginner
Dal Rice,lunch,615,5.3,63.8,20.3,vegetarian,mixed,0,weight_loss|light
Pav Bhaji,lunch,412,13.3,37.1,18.7,vegetarian,north_indian,1,weight_loss|light
Thepla,breakfast,438,7.2,53.9,17.6,vegetarian,north_indian,0,weight_loss|light
Dal Tadka,dinner,442,16.8,77.8,4.2,vegetarian,north_indian,1,improve_stamina|carb_rich
Dal Rice,lunch,621,51.9,46.5,12.8,vegetarian,south_indian,1,muscle_gain|high_protein
Dal Tadka,dinner,613,12.4,52.0,17.7,vegetarian,south_indian,1,balanced|beginner
Dal Rice,lunch,494,32.0,47.9,9.5,vegetarian,mixed,1,weight_loss|light
Dal Tadka,dinner,663,20.1,51.7,28.5,vegetarian,north_indian,0,improve_stamina|carb_rich
Pav Bhaji,lunch,405,15.2,49.0,12.8,vegetarian,south_indian,1,muscle_gain|high_protein
Buttermilk,snack,212,7.2,25.6,7.1,vegetarian,south_indian,1,improve_stamina|carb_rich
Fish Curry Rice,lunch,521,33.7,25.1,23.9,non_vegetarian,mixed,0,muscle_gain|high_protein
Vegetable Poha,breakfast,162,5.1,24.3,3.5,vegetarian,mixed,1,weight_loss|light
Grilled Chicken,dinner,424,32.6,77.6,4.9,non_vegetarian,north_indian,1,muscle_gain|high_protein
Mixed Veg Curry,dinner,423,26.4,62.2,10.0,vegetarian,mixed,1,muscle_gain|high_protein
Vegetable Poha,breakfast,154,5.9,17.6,5.3,vegetarian,north_indian,0,muscle_gain|high_protein
Roasted Chana,snack,191,9.2,25.5,4.1,vegan,north_indian,1,improve_stamina|carb_rich
Paneer Roti,lunch,671,26.9,42.3,30.4,vegetarian,north_indian,0,weight_loss|light
Buttermilk,snack,90,4.2,8.4,3.6,vegetarian,north_indian,1,muscle_gain|high_protein
Kadhi Rice,lunch,511,21.5,53.7,17.7,vegetarian,mixed,1,muscle_gain|high_protein
Vegetable Poha,breakfast,373,5.5,50.7,13.1,vegetarian,north_indian,1,balanced|beginner
Chicken Curry Rice,lunch,675,17.9,60.6,12.3,non_vegetarian,south_indian,0,balanced|beginner
Corn Chaat,snack,227,12.3,23.1,7.5,vegan,north_indian,1,muscle_gain|high_protein
Egg Curry,dinner,695,16.7,64.4,9.2,non_vegetarian,north_indian,0,weight_loss|light
Vegetable Poha,breakfast,435,11.8,72.5,16.7,vegetarian,north_indian,0,balanced|beginner
Roti Sabji,dinner,613,34.2,23.8,24.2,vegetarian,mixed,0,muscle_gain|high_protein
Vegetable Khichdi,lunch,456,29.1,40.4,10.7,vegetarian,north_indian,1,improve_stamina|carb_rich
Upma,breakfast,242,13.1,32.7,4.4,vegetarian,mixed,1,muscle_gain|high_protein
Corn Chaat,snack,255,7.9,27.5,10.3,vegan,north_indian,1,weight_loss|light
Peanut Chaat,snack,284,12.1,34.3,4.0,vegetarian,north_indian,0,balanced|beginner
Fruit Bowl,breakfast,403,20.0,22.0,15.8,vegan,mixed,1,muscle_gain|high_protein
Vegetable Soup,dinner,512,14.2,38.8,14.6,vegan,north_indian,1,balanced|beginner
Fruit Salad,snack,189,8.2,13.1,9.9,vegan,south_indian,1,balanced|beginner
Fruit Bowl,breakfast,308,17.1,31.8,9.8,vegan,south_indian,1,muscle_gain|high_protein
Thepla,breakfast,242,5.0,41.9,3.9,vegetarian,north_indian,1,weight_loss|light
Vegetable Soup,dinner,670,21.7,80.8,15.5,vegan,mixed,0,balanced|beginner
Vegetable Khichdi,lunch,654,9.9,53.9,22.6,vegetarian,north_indian,0,balanced|beginner
Fish Curry Rice,lunch,576,40.5,47.1,6.7,non_vegetarian,mixed,1,muscle_gain|high_protein
Dal Rice,lunch,608,29.7,36.1,26.2,vegetarian,north_indian,0,balanced|beginner
Paneer Cubes,snack,139,1.7,18.6,5.2,vegetarian,south_indian,1,improve_stamina|carb_rich
Sprouts Salad,snack,259,19.9,23.3,10.7,vegan,north_indian,1,balanced|beginner
Upma,breakfast,259,15.5,34.8,6.2,vegetarian,mixed,1,weight_loss|light
Paneer Sandwich,breakfast,315,10.5,52.9,5.3,vegetarian,south_indian,1,improve_stamina|carb_rich
Dal Rice,lunch,507,10.4,69.4,8.5,vegetarian,south_indian,0,improve_stamina|carb_rich
Kadhi Rice,lunch,644,37.6,73.6,9.2,vegetarian,south_indian,1,muscle_gain|high_protein
Dal Tadka,dinner,652,10.4,80.0,9.3,vegetarian,north_indian,0,improve_stamina|carb_rich
Protein Shake,snack,282,5.3,28.5,13.8,vegetarian,north_indian,0,balanced|beginner
Chicken Curry Rice,lunch,439,7.3,71.5,16.6,non_vegetarian,north_indian,0,weight_loss|light
Tofu Scramble,breakfast,191,5.6,14.3,10.7,vegan,south_indian,1,balanced|beginner
Chicken Curry Rice,lunch,458,5.8,45.1,17.8,non_vegetarian,north_indian,0,weight_loss|light
Roti Sabji,dinner,424,18.4,62.5,11.7,vegetarian,north_indian,1,improve_stamina|carb_rich
Pav Bhaji,lunch,579,19.9,72.6,10.7,vegetarian,north_indian,1,muscle_gain|high_protein
Kadhi Rice,lunch,628,35.4,30.4,15.8,vegetarian,south_indian,1,muscle_gain|high_protein
Fruit Salad,snack,102,3.0,13.6,3.0,vegan,mixed,1,improve_stamina|carb_rich
Fruit Salad,snack,177,2.3,25.9,5.5,vegan,south_indian,1,weight_loss|light
Mixed Veg Curry,dinner,353,9.1,27.7,18.5,vegetarian,north_indian,0,balanced|beginner
Boiled Eggs,snack,128,3.9,21.2,1.9,non_vegetarian,mixed,1,improve_stamina|carb_rich
Upma,breakfast,316,12.6,22.9,16.5,vegetarian,south_indian,1,improve_stamina|carb_rich
Peanut Chaat,snack,92,4.8,12.4,1.7,vegetarian,north_indian,1,muscle_gain|high_protein
Sprouts Salad,snack,294,32.1,37.0,3.3,vegan,south_indian,1,muscle_gain|high_protein
Paneer Bhurji,dinner,522,10.1,61.9,15.0,vegetarian,north_indian,0,balanced|beginner
Fruit Bowl,breakfast,409,10.0,36.6,16.6,vegan,mixed,1,improve_stamina|carb_rich
Paneer Bhurji,dinner,679,11.8,89.2,16.9,vegetarian,mixed,0,improve_stamina|carb_rich
Buttermilk,snack,85,5.0,11.9,1.2,vegetarian,north_indian,1,weight_loss|light
Hyderabadi Biryani,lunch,610,37.6,32.7,21.2,non_vegetarian,north_indian,1,muscle_gain|high_protein
Chicken Curry Rice,lunch,633,30.1,72.7,13.9,non_vegetarian,north_indian,1,muscle_gain|high_protein
Sabudana Khichdi,breakfast,286,3.4,40.5,9.8,vegetarian,north_indian,1,balanced|beginner
Boiled Eggs,snack,210,10.5,14.8,10.2,non_vegetarian,mixed,1,muscle_gain|high_protein
Roti Sabji,dinner,626,37.8,76.2,21.5,vegetarian,north_indian,1,muscle_gain|high_protein
Vegetable Khichdi,lunch,620,18.9,74.9,14.8,vegetarian,north_indian,1,weight_loss|light
Paneer Cubes,snack,152,4.0,20.1,4.9,vegetarian,south_indian,1,balanced|beginner
Paneer Roti,lunch,350,9.9,47.9,10.1,vegetarian,mixed,0,improve_stamina|carb_rich
Paneer Roti,lunch,469,20.0,64.9,13.9,vegetarian,south_indian,1,balanced|beginner
Fish Fry,dinner,696,23.8,70.7,14.6,non_vegetarian,north_indian,1,muscle_gain|high_protein
Peanut Chaat,snack,142,3.8,17.4,5.1,vegetarian,north_indian,1,balanced|beginner
Kadhi Rice,lunch,683,29.0,34.3,16.6,vegetarian,north_indian,1,muscle_gain|high_protein
Chicken Curry Rice,lunch,451,14.7,39.2,24.8,non_vegetarian,mixed,0,balanced|beginner
Boiled Eggs,snack,94,9.1,9.9,1.2,non_vegetarian,north_indian,1,muscle_gain|high_protein
Sprouts Salad,snack,226,3.3,24.2,10.9,vegan,south_indian,1,improve_stamina|carb_rich
Grilled Chicken,dinner,685,18.2,62.3,15.2,non_vegetarian,mixed,0,weight_loss|light
Upma,breakfast,354,9.2,36.3,15.9,vegetarian,mixed,1,balanced|beginner
Pav Bhaji,lunch,670,48.5,50.0,17.3,vegetarian,south_indian,1,muscle_gain|high_protein
Oats with Milk,breakfast,363,5.0,58.2,9.0,vegetarian,north_indian,1,improve_stamina|carb_rich
Tofu Curry,dinner,612,12.2,35.2,19.6,vegan,north_indian,1,balanced|beginner
Roasted Chana,snack,289,11.3,46.0,4.1,vegan,mixed,0,balanced|beginner
Dal Rice,lunch,554,19.8,48.2,18.5,vegetarian,mixed,1,weight_loss|light
Fruit Bowl,breakfast,329,8.2,44.7,10.1,vegan,mixed,1,improve_stamina|carb_rich
Paneer Sandwich,breakfast,256,10.5,40.1,3.7,vegetarian,south_indian,1,weight_loss|light
Vegetable Khichdi,lunch,648,24.8,78.0,13.4,vegetarian,mixed,1,weight_loss|light
Thepla,breakfast,192,4.0,16.9,10.4,vegetarian,north_indian,1,balanced|beginner
Tofu Curry,dinner,547,42.2,45.1,11.0,vegan,south_indian,1,improve_stamina|carb_rich
Thepla,breakfast,199,11.3,19.3,6.7,vegetarian,mixed,1,muscle_gain|high_protein
Fish Fry,dinner,519,42.2,32.5,24.3,non_vegetarian,mixed,0,muscle_gain|high_protein
Hyderabadi Biryani,lunch,577,20.0,78.2,8.9,non_vegetarian,north_indian,1,improve_stamina|carb_rich
Fruit Salad,snack,91,4.8,12.4,1.7,vegan,north_indian,1,balanced|beginner
Roti Sabji,dinner,514,44.1,50.8,14.1,vegetarian,north_indian,1,muscle_gain|high_protein
Oats with Milk,breakfast,156,3.2,19.5,5.8,vegetarian,north_indian,1,weight_loss|light
Corn Chaat,snack,202,6.7,32.1,3.4,vegan,south_indian,1,improve_stamina|carb_rich
Paneer Bhurji,dinner,517,6.5,76.1,7.2,vegetarian,north_indian,0,improve_stamina|carb_rich
Mixed Veg Curry,dinner,541,8.8,40.7,13.0,vegetarian,mixed,0,weight_loss|light
Boiled Eggs,snack,267,4.1,36.2,9.4,non_vegetarian,mixed,1,weight_loss|light
Roti Sabji,dinner,419,8.6,51.0,16.3,vegetarian,south_indian,0,improve_stamina|carb_rich
Sabudana Khichdi,breakfast,450,16.4,44.1,7.2,vegetarian,north_indian,0,weight_loss|light
Rajma Chawal,lunch,500,12.9,37.6,23.1,vegetarian,mixed,0,improve_stamina|carb_rich
Egg Curry,dinner,394,37.1,40.6,5.8,non_vegetarian,south_indian,1,muscle_gain|high_protein
Grilled Chicken,dinner,556,15.8,52.3,21.7,non_vegetarian,north_indian,1,balanced|beginner
Paneer Bhurji,dinner,589,19.7,75.4,12.9,vegetarian,north_indian,1,balanced|beginner
Kadhi Rice,lunch,625,10.3,76.1,23.7,vegetarian,mixed,0,balanced|beginner
Sprouts Salad,snack,114,1.9,19.5,2.1,vegan,mixed,1,weight_loss|light
Hyderabadi Biryani,lunch,524,14.9,49.5,8.3,non_vegetarian,north_indian,1,balanced|beginner
Buttermilk,snack,179,3.4,24.3,6.0,vegetarian,south_indian,1,balanced|beginner
Buttermilk,snack,160,13.0,20.3,1.6,vegetarian,north_indian,1,muscle_gain|high_protein
Peanut Chaat,snack,249,10.9,31.1,6.8,vegetarian,north_indian,1,improve_stamina|carb_rich
Corn Chaat,snack,129,4.3,21.3,1.8,vegan,north_indian,1,balanced|beginner
Protein Shake,snack,242,8.3,24.0,10.4,vegetarian,mixed,1,balanced|beginner
Upma,breakfast,406,24.5,21.4,20.4,vegetarian,north_indian,0,muscle_gain|high_protein
Boiled Eggs,snack,185,7.7,23.1,5.2,non_vegetarian,north_indian,1,weight_loss|light
Boiled Eggs,snack,166,13.8,10.9,6.0,non_vegetarian,south_indian,1,muscle_gain|high_protein
Tofu Curry,dinner,470,26.6,37.3,21.9,vegan,north_indian,1,muscle_gain|high_protein
Chicken Curry Rice,lunch,358,19.8,51.0,10.0,non_vegetarian,mixed,1,weight_loss|light
Egg Curry,dinner,510,5.0,53.4,20.6,non_vegetarian,mixed,0,balanced|beginner
Boiled Eggs,snack,179,16.3,18.4,2.9,non_vegetarian,mixed,1,muscle_gain|high_protein
Oats with Milk,breakfast,227,6.8,38.2,3.1,vegetarian,north_indian,1,improve_stamina|carb_rich
Tofu Stir Fry,lunch,582,25.4,45.4,4.8,vegan,south_indian,1,muscle_gain|high_protein
Egg Curry,dinner,363,5.9,44.2,14.8,non_vegetarian,mixed,0,balanced|beginner
Chicken Curry Rice,lunch,691,17.9,62.2,23.2,non_vegetarian,mixed,0,weight_loss|light
Grilled Chicken,dinner,513,23.3,58.9,15.9,non_vegetarian,mixed,1,muscle_gain|high_protein
Paneer Roti,lunch,624,35.8,62.8,11.7,vegetarian,mixed,1,muscle_gain|high_protein
Fruit Bowl,breakfast,274,12.3,21.7,13.4,vegan,south_indian,1,balanced|beginner
Roasted Chana,snack,165,9.2,16.9,5.3,vegan,south_indian,1,muscle_gain|high_protein
Grilled Chicken,dinner,420,19.6,59.1,7.7,non_vegetarian,mixed,1,muscle_gain|high_protein
Paneer Sandwich,breakfast,294,19.8,24.2,10.5,vegetarian,north_indian,1,muscle_gain|high_protein
Idli Sambar,breakfast,328,11.4,43.8,9.0,vegetarian,north_indian,1,balanced|beginner
Idli Sambar,breakfast,279,9.9,34.5,8.8,vegetarian,north_indian,1,improve_stamina|carb_rich
Pav Bhaji,lunch,649,30.8,48.7,9.5,vegetarian,mixed,1,muscle_gain|high_protein
Paneer Sandwich,breakfast,415,11.7,49.9,15.0,vegetarian,mixed,1,weight_loss|light
Upma,breakfast,328,33.9,33.8,10.9,vegetarian,north_indian,1,muscle_gain|high_protein
Paneer Bhurji,dinner,657,10.0,31.1,22.0,vegetarian,north_indian,0,weight_loss|light
Tofu Scramble,breakfast,243,4.4,34.4,7.6,vegan,south_indian,1,improve_stamina|carb_rich
Chicken Curry Rice,lunch,620,14.0,42.3,15.8,non_vegetarian,mixed,1,balanced|beginner
Boiled Eggs,snack,284,33.7,34.8,4.6,non_vegetarian,north_indian,1,muscle_gain|high_protein
Tofu Scramble,breakfast,395,17.7,65.7,9.3,vegan,north_indian,1,improve_stamina|carb_rich
Fish Fry,dinner,580,35.1,30.0,10.3,non_vegetarian,mixed,1,muscle_gain|high_protein
Paneer Cubes,snack,245,21.7,18.1,7.3,vegetarian,north_indian,1,muscle_gain|high_protein
Vegetable Poha,breakfast,169,2.1,23.2,6.0,vegetarian,mixed,1,weight_loss|light
Idli Sambar,breakfast,161,6.3,19.3,5.1,vegetarian,north_indian,0,balanced|beginner
Corn Chaat,snack,116,2.5,12.7,5.1,vegan,mixed,1,weight_loss|light
Tofu Stir Fry,lunch,591,18.8,60.8,18.4,vegan,mixed,1,balanced|beginner
Protein Shake,snack,287,10.2,19.9,16.0,vegetarian,mixed,0,improve_stamina|carb_rich
Vegetable Poha,breakfast,268,11.3,35.3,8.2,vegetarian,north_indian,1,improve_stamina|carb_rich
Roti Sabji,dinner,389,7.6,66.5,11.8,vegetarian,north_indian,0,improve_stamina|carb_rich
Peanut Chaat,snack,295,6.5,21.7,24.5,vegetarian,south_indian,0,weight_loss|light
Idli Sambar,breakfast,195,6.5,17.9,9.1,vegetarian,north_indian,1,improve_stamina|carb_rich
Corn Chaat,snack,287,10.6,28.9,11.8,vegan,north_indian,0,muscle_gain|high_protein
Idli Sambar,breakfast,270,25.4,29.8,3.0,vegetarian,north_indian,1,muscle_gain|high_protein
Chicken Curry Rice,lunch,618,39.7,61.4,19.0,non_vegetarian,north_indian,1,muscle_gain|high_protein
Paneer Bhurji,dinner,505,17.0,66.7,8.8,vegetarian,south_indian,1,balanced|beginner
Corn Chaat,snack,172,3.8,31.2,2.0,vegan,north_indian,1,improve_stamina|carb_rich
Fruit Salad,snack,132,6.7,18.9,2.1,vegan,south_indian,1,improve_stamina|carb_rich
Upma,breakfast,208,11.5,15.6,9.2,vegetarian,mixed,1,balanced|beginner
Fruit Salad,snack,206,3.4,22.8,9.4,vegan,north_indian,1,balanced|beginner
Vegetable Soup,dinner,628,11.7,71.2,20.4,vegan,mixed,0,improve_stamina|carb_rich
Masala Omelette,breakfast,213,8.1,30.6,4.6,non_vegetarian,mixed,1,weight_loss|light
Grilled Chicken,dinner,586,25.8,78.3,7.2,non_vegetarian,south_indian,1,weight_loss|light
Oats with Milk,breakfast,356,9.6,36.8,9.5,vegetarian,north_indian,1,balanced|beginner
Paneer Roti,lunch,597,19.3,57.7,20.2,vegetarian,north_indian,1,balanced|beginner
Sprouts Salad,snack,176,6.0,20.9,6.1,vegan,north_indian,1,improve_stamina|carb_rich
Paneer Cubes,snack,133,5.8,15.8,4.0,vegetarian,mixed,1,muscle_gain|high_protein
Sprouts Salad,snack,275,19.8,18.5,11.1,vegan,north_indian,1,muscle_gain|high_protein
Masala Omelette,breakfast,299,3.9,44.4,9.1,non_vegetarian,north_indian,1,weight_loss|light
Chicken Curry Rice,lunch,352,16.5,20.9,16.3,non_vegetarian,north_indian,1,improve_stamina|carb_rich
Corn Chaat,snack,248,4.2,35.3,7.8,vegan,south_indian,1,improve_stamina|carb_rich
Roti Sabji,dinner,489,20.0,61.1,11.8,vegetarian,mixed,1,weight_loss|light
Chicken Curry Rice,lunch,357,10.2,40.2,13.7,non_vegetarian,mixed,1,weight_loss|light
Buttermilk,snack,141,2.1,17.3,5.8,vegetarian,south_indian,1,balanced|beginner
Idli Sambar,breakfast,447,12.7,30.6,9.4,vegetarian,north_indian,0,balanced|beginner
Sprouts Salad,snack,82,3.6,5.8,4.2,vegan,north_indian,1,improve_stamina|carb_rich
Rajma Chawal,lunch,551,8.4,29.0,17.9,vegetarian,south_indian,0,balanced|beginner
Paneer Sandwich,breakfast,193,3.6,15.0,11.5,vegetarian,south_indian,1,weight_loss|light
Pav Bhaji,lunch,699,19.7,67.7,8.0,vegetarian,north_indian,0,weight_loss|light
Chicken Curry Rice,lunch,402,19.7,44.3,12.7,non_vegetarian,south_indian,1,muscle_gain|high_protein
Fruit Salad,snack,116,4.4,18.5,1.7,vegan,north_indian,1,weight_loss|light
Vegetable Khichdi,lunch,561,7.5,75.0,13.9,vegetarian,north_indian,0,weight_loss|light
Protein Shake,snack,203,4.6,31.1,4.9,vegetarian,south_indian,1,weight_loss|light
Tofu Scramble,breakfast,338,18.5,42.2,15.6,vegan,north_indian,1,balanced|beginner
Sabudana Khichdi,breakfast,289,12.1,27.1,12.1,vegetarian,north_indian,1,muscle_gain|high_protein
Oats with Milk,breakfast,329,11.6,41.4,10.1,vegetarian,mixed,1,weight_loss|light
Hyderabadi Biryani,lunch,632,40.3,44.3,4.9,non_vegetarian,mixed,1,muscle_gain|high_protein
Mixed Veg Curry,dinner,630,8.4,57.3,16.8,vegetarian,north_indian,0,weight_loss|light
Masala Omelette,breakfast,239,10.6,34.1,6.1,non_vegetarian,north_indian,1,weight_loss|light
Sprouts Salad,snack,85,4.1,8.0,3.3,vegan,north_indian,1,muscle_gain|high_protein
Upma,breakfast,192,4.2,21.3,8.3,vegetarian,north_indian,1,balanced|beginner
Tofu Scramble,breakfast,181,4.7,22.5,6.4,vegan,south_indian,1,weight_loss|light
Protein Shake,snack,204,9.7,17.4,8.8,vegetarian,north_indian,1,balanced|beginner
Oats with Milk,breakfast,153,3.5,16.1,7.0,vegetarian,north_indian,0,improve_stamina|carb_rich
Corn Chaat,snack,225,14.1,32.5,2.3,vegan,north_indian,1,muscle_gain|high_protein
Vegetable Khichdi,lunch,371,5.9,46.5,14.6,vegetarian,north_indian,0,balanced|beginner
Tofu Curry,dinner,495,12.3,42.8,7.8,vegan,mixed,1,improve_stamina|carb_rich
Paneer Cubes,snack,159,13.3,10.0,5.9,vegetarian,mixed,1,muscle_gain|high_protein
Buttermilk,snack,131,2.8,12.0,6.8,vegetarian,north_indian,1,improve_stamina|carb_rich
Fish Curry Rice,lunch,471,13.6,23.6,19.7,non_vegetarian,north_indian,1,balanced|beginner
Dal Rice,lunch,605,11.2,77.9,8.4,vegetarian,north_indian,0,weight_loss|light
Dal Rice,lunch,583,14.1,32.3,17.1,vegetarian,mixed,1,improve_stamina|carb_rich
Tofu Stir Fry,lunch,557,5.0,69.3,22.1,vegan,north_indian,0,balanced|beginner
Idli Sambar,breakfast,281,4.1,29.6,13.7,vegetarian,north_indian,1,weight_loss|light
Pav Bhaji,lunch,552,24.9,59.1,13.0,vegetarian,mixed,1,improve_stamina|carb_rich
Fruit Bowl,breakfast,341,17.1,47.0,6.6,vegan,north_indian,1,improve_stamina|carb_rich
Buttermilk,snack,109,7.8,11.9,2.4,vegetarian,mixed,1,balanced|beginner
Idli Sambar,breakfast,250,14.4,32.0,4.9,vegetarian,mixed,1,muscle_gain|high_protein
Corn Chaat,snack,234,6.9,38.4,3.8,vegan,mixed,1,balanced|beginner
Kadhi Rice,lunch,468,28.0,39.3,17.7,vegetarian,north_indian,1,muscle_gain|high_protein
Idli Sambar,breakfast,261,30.7,17.1,5.4,vegetarian,north_indian,1,muscle_gain|high_protein
Roti Sabji,dinner,473,10.4,58.6,16.4,vegetarian,mixed,0,weight_loss|light
Fish Curry Rice,lunch,603,17.8,54.8,18.5,non_vegetarian,north_indian,1,weight_loss|light
Paneer Bhurji,dinner,358,19.4,44.8,16.7,vegetarian,north_indian,1,weight_loss|light
Pav Bhaji,lunch,653,36.2,46.9,22.8,vegetarian,north_indian,0,muscle_gain|high_protein
Tofu Stir Fry,lunch,630,15.7,57.7,17.4,vegan,mixed,1,improve_stamina|carb_rich
Rajma Chawal,lunch,518,9.6,73.1,13.5,vegetarian,south_indian,0,improve_stamina|carb_rich
Tofu Curry,dinner,577,9.2,72.2,5.8,vegan,south_indian,0,balanced|beginner
Roasted Chana,snack,99,2.9,11.7,3.6,vegan,north_indian,1,improve_stamina|carb_rich
Tofu Curry,dinner,525,10.0,31.4,18.2,vegan,mixed,0,weight_loss|light
Buttermilk,snack,154,5.1,21.9,3.8,vegetarian,mixed,1,weight_loss|light
Tofu Curry,dinner,483,18.9,49.2,6.8,vegan,south_indian,1,muscle_gain|high_protein
Vegetable Poha,breakfast,157,5.7,23.7,3.0,vegetarian,north_indian,0,balanced|beginner
Egg Curry,dinner,356,22.6,54.4,2.2,non_vegetarian,mixed,1,muscle_gain|high_protein
Sprouts Salad,snack,88,8.5,8.1,1.6,vegan,south_indian,1,muscle_gain|high_protein
Paneer Bhurji,dinner,381,29.8,23.9,15.1,vegetarian,mixed,1,muscle_gain|high_protein
Roasted Chana,snack,125,2.1,14.7,5.3,vegan,north_indian,1,improve_stamina|carb_rich
Paneer Bhurji,dinner,550,9.3,65.6,19.0,vegetarian,mixed,0,improve_stamina|carb_rich
Thepla,breakfast,329,12.8,34.1,12.8,vegetarian,south_indian,1,improve_stamina|carb_rich
Vegetable Poha,breakfast,251,22.7,12.3,10.1,vegetarian,north_indian,1,muscle_gain|high_protein
Fish Curry Rice,lunch,360,14.1,54.5,6.3,non_vegetarian,south_indian,1,balanced|beginner
Fish Curry Rice,lunch,543,14.4,84.0,5.7,non_vegetarian,north_indian,1,improve_stamina|carb_rich
Rajma Chawal,lunch,356,11.6,36.9,14.8,vegetarian,north_indian,1,weight_loss|light
Vegetable Poha,breakfast,204,8.8,15.4,10.1,vegetarian,north_indian,1,improve_stamina|carb_rich
Tofu Curry,dinner,597,10.0,47.6,28.8,vegan,north_indian,0,improve_stamina|carb_rich
Dal Tadka,dinner,379,19.4,22.5,12.7,vegetarian,south_indian,1,weight_loss|light
Rajma Chawal,lunch,451,13.3,80.0,7.5,vegetarian,mixed,1,balanced|beginner
Hyderabadi Biryani,lunch,613,33.6,54.0,4.3,non_vegetarian,north_indian,1,muscle_gain|high_protein
Paneer Sandwich,breakfast,309,6.9,47.7,7.3,vegetarian,north_indian,1,weight_loss|light
Fish Curry Rice,lunch,626,6.7,72.1,21.1,non_vegetarian,mixed,0,improve_stamina|carb_rich
Tofu Stir Fry,lunch,546,9.6,76.0,13.6,vegan,mixed,0,improve_stamina|carb_rich
Masala Omelette,breakfast,232,5.1,39.3,4.0,non_vegetarian,mixed,1,improve_stamina|carb_rich
Dal Rice,lunch,351,25.9,28.7,7.1,vegetarian,mixed,1,muscle_gain|high_protein
Hyderabadi Biryani,lunch,558,5.4,63.1,20.3,non_vegetarian,mixed,0,balanced|beginner
Mixed Veg Curry,dinner,606,17.2,33.5,18.6,vegetarian,north_indian,1,weight_loss|light
Sabudana Khichdi,breakfast,380,42.9,41.3,10.2,vegetarian,mixed,1,muscle_gain|high_protein
Tofu Stir Fry,lunch,627,11.2,50.6,10.9,vegan,north_indian,0,weight_loss|light
Kadhi Rice,lunch,636,11.7,74.5,11.2,vegetarian,north_indian,0,balanced|beginner
Tofu Scramble,breakfast,266,18.0,28.5,6.5,vegan,mixed,1,muscle_gain|high_protein
Chicken Curry Rice,lunch,357,8.6,43.7,13.2,non_vegetarian,north_indian,0,balanced|beginner
Fruit Salad,snack,234,4.2,28.4,9.4,vegan,north_indian,1,weight_loss|light
Fruit Salad,snack,126,7.8,17.3,1.7,vegan,south_indian,1,improve_stamina|carb_rich
Grilled Chicken,dinner,478,22.1,36.8,17.4,non_vegetarian,mixed,1,weight_loss|light
Roasted Chana,snack,263,14.2,22.6,10.6,vegan,north_indian,0,muscle_gain|high_protein
Hyderabadi Biryani,lunch,368,23.9,49.7,4.9,non_vegetarian,mixed,1,muscle_gain|high_protein
Protein Shake,snack,144,3.0,20.9,4.1,vegetarian,south_indian,1,balanced|beginner
Fruit Salad,snack,247,11.9,34.9,4.5,vegan,south_indian,1,balanced|beginner
Mixed Veg Curry,dinner,541,11.5,65.3,21.5,vegetarian,mixed,0,improve_stamina|carb_rich
Vegetable Khichdi,lunch,654,29.4,81.2,10.4,vegetarian,north_indian,0,improve_stamina|carb_rich
Boiled Eggs,snack,86,7.4,4.5,3.5,non_vegetarian,mixed,1,muscle_gain|high_protein
Tofu Scramble,breakfast,330,22.2,28.8,11.1,vegan,mixed,1,muscle_gain|high_protein
Buttermilk,snack,146,3.2,19.2,5.0,vegetarian,north_indian,1,balanced|beginner
Dal Rice,lunch,512,13.0,75.0,15.9,vegetarian,north_indian,1,balanced|beginner
Fish Fry,dinner,546,13.7,49.8,21.5,non_vegetarian,south_indian,1,improve_stamina|carb_rich
Peanut Chaat,snack,173,5.1,15.8,8.4,vegetarian,mixed,1,balanced|beginner
Vegetable Poha,breakfast,268,7.5,21.9,14.3,vegetarian,north_indian,1,weight_loss|light
Vegetable Khichdi,lunch,490,13.0,61.3,11.6,vegetarian,north_indian,1,improve_stamina|carb_rich
Fish Fry,dinner,515,6.9,37.6,15.5,non_vegetarian,mixed,0,balanced|beginner
Vegetable Poha,breakfast,399,17.9,70.0,8.8,vegetarian,north_indian,1,balanced|beginner
Roasted Chana,snack,192,6.0,12.3,11.5,vegan,mixed,1,balanced|beginner
Grilled Chicken,dinner,414,10.1,48.7,7.3,non_vegetarian,north_indian,0,improve_stamina|carb_rich
Egg Curry,dinner,618,15.5,47.6,11.0,non_vegetarian,mixed,1,balanced|beginner
Mixed Veg Curry,dinner,491,6.1,61.8,20.9,vegetarian,south_indian,0,improve_stamina|carb_rich
Fruit Salad,snack,133,9.7,6.8,6.3,vegan,mixed,1,muscle_gain|high_protein
Mixed Veg Curry,dinner,681,34.5,74.8,13.5,vegetarian,north_indian,1,muscle_gain|high_protein
Paneer Roti,lunch,590,13.4,52.7,12.9,vegetarian,north_indian,1,weight_loss|light
Thepla,breakfast,430,14.5,23.4,17.4,vegetarian,north_indian,0,weight_loss|light
Kadhi Rice,lunch,561,34.9,71.7,7.4,vegetarian,south_indian,1,muscle_gain|high_protein
Peanut Chaat,snack,205,3.5,24.0,8.7,vegetarian,mixed,1,improve_stamina|carb_rich
Vegetable Khichdi,lunch,657,22.0,71.1,18.5,vegetarian,south_indian,0,improve_stamina|carb_rich
Vegetable Khichdi,lunch,452,19.0,58.6,9.4,vegetarian,south_indian,1,weight_loss|light
Hyderabadi Biryani,lunch,418,23.2,48.0,11.1,non_vegetarian,mixed,1,muscle_gain|high_protein
Rajma Chawal,lunch,560,28.3,64.6,9.0,vegetarian,south_indian,1,muscle_gain|high_protein
Tofu Curry,dinner,363,20.0,46.7,7.4,vegan,mixed,1,muscle_gain|high_protein
Peanut Chaat,snack,220,7.0,27.8,7.1,vegetarian,mixed,1,improve_stamina|carb_rich
Paneer Roti,lunch,568,16.3,42.5,15.7,vegetarian,mixed,1,improve_stamina|carb_rich
Sabudana Khichdi,breakfast,432,5.8,59.8,22.9,vegetarian,north_indian,0,weight_loss|light
Oats with Milk,breakfast,400,9.2,68.1,10.6,vegetarian,mixed,1,weight_loss|light
Boiled Eggs,snack,118,9.3,12.2,2.5,non_vegetarian,north_indian,1,weight_loss|light
Fish Fry,dinner,654,39.0,45.1,10.5,non_vegetarian,mixed,1,muscle_gain|high_protein
Idli Sambar,breakfast,181,1.7,25.5,6.4,vegetarian,mixed,1,weight_loss|light
Idli Sambar,breakfast,308,11.7,48.7,4.4,vegetarian,north_indian,1,weight_loss|light
Rajma Chawal,lunch,484,15.2,62.3,9.7,vegetarian,north_indian,1,weight_loss|light
Dal Tadka,dinner,494,14.0,46.8,15.9,vegetarian,mixed,1,weight_loss|light
Pav Bhaji,lunch,679,28.1,48.3,18.8,vegetarian,north_indian,1,muscle_gain|high_protein
Roti Sabji,dinner,372,17.8,53.4,6.4,vegetarian,mixed,1,muscle_gain|high_protein
Sabudana Khichdi,breakfast,381,9.6,30.6,13.6,vegetarian,north_indian,1,balanced|beginner
Egg Curry,dinner,499,5.1,53.7,15.6,non_vegetarian,south_indian,0,weight_loss|light
Buttermilk,snack,172,8.4,13.2,8.0,vegetarian,north_indian,1,improve_stamina|carb_rich
Paneer Sandwich,breakfast,329,13.6,28.4,14.9,vegetarian,north_indian,1,improve_stamina|carb_rich
Fish Fry,dinner,691,22.9,43.0,18.8,non_vegetarian,north_indian,1,muscle_gain|high_protein
Mixed Veg Curry,dinner,652,28.1,74.5,13.8,vegetarian,north_indian,0,balanced|beginner
Oats with Milk,breakfast,246,5.8,34.1,7.4,vegetarian,mixed,1,balanced|beginner
Thepla,breakfast,286,19.5,24.6,9.6,vegetarian,north_indian,1,muscle_gain|high_protein
Fish Curry Rice,lunch,529,14.8,74.5,14.3,non_vegetarian,north_indian,1,improve_stamina|carb_rich
Fruit Salad,snack,155,10.0,16.4,4.1,vegan,north_indian,1,weight_loss|light
Buttermilk,snack,88,3.2,9.9,3.2,vegetarian,north_indian,1,weight_loss|light
Paneer Bhurji,dinner,547,19.6,49.2,4.9,vegetarian,north_indian,1,improve_stamina|carb_rich
Upma,breakfast,365,8.1,24.5,17.4,vegetarian,mixed,1,improve_stamina|carb_rich
Fruit Salad,snack,289,5.9,58.1,4.7,vegan,mixed,0,balanced|beginner
Paneer Cubes,snack,261,6.4,27.7,11.5,vegetarian,north_indian,0,improve_stamina|carb_rich
Mixed Veg Curry,dinner,697,40.8,67.7,18.3,vegetarian,north_indian,1,muscle_gain|high_protein
Roti Sabji,dinner,481,17.3,40.3,13.0,vegetarian,north_indian,1,improve_stamina|carb_rich
Pav Bhaji,lunch,657,13.8,82.0,17.3,vegetarian,north_indian,0,weight_loss|light
Hyderabadi Biryani,lunch,478,6.5,29.6,19.0,non_vegetarian,mixed,0,balanced|beginner
Upma,breakfast,350,13.2,47.0,11.7,vegetarian,mixed,1,improve_stamina|carb_rich
Fruit Salad,snack,216,4.0,28.2,7.8,vegan,mixed,1,improve_stamina|carb_rich
Egg Curry,dinner,384,12.8,52.8,10.1,non_vegetarian,mixed,1,improve_stamina|carb_rich
Fruit Salad,snack,89,3.4,10.7,2.9,vegan,south_indian,1,weight_loss|light
Protein Shake,snack,268,15.3,39.7,3.0,vegetarian,mixed,0,muscle_gain|high_protein
Buttermilk,snack,235,14.6,19.8,8.7,vegetarian,mixed,1,muscle_gain|high_protein
Peanut Chaat,snack,258,13.1,38.0,3.7,vegetarian,north_indian,1,balanced|beginner
Rajma Chawal,lunch,630,19.3,59.3,24.7,vegetarian,south_indian,0,balanced|beginner
Upma,breakfast,399,17.3,48.8,11.4,vegetarian,north_indian,1,muscle_gain|high_protein
Buttermilk,snack,186,6.4,32.7,1.6,vegetarian,mixed,1,improve_stamina|carb_rich
Buttermilk,snack,249,6.1,28.8,10.0,vegetarian,south_indian,1,improve_stamina|carb_rich
Masala Omelette,breakfast,246,9.7,15.2,14.1,non_vegetarian,north_indian,1,balanced|beginner
Idli Sambar,breakfast,334,17.9,28.2,13.9,vegetarian,north_indian,1,balanced|beginner
Vegetable Soup,dinner,617,21.5,65.4,17.6,vegan,mixed,1,balanced|beginner
Fish Fry,dinner,666,11.1,65.6,26.6,non_vegetarian,south_indian,0,weight_loss|light
Paneer Bhurji,dinner,531,6.6,20.8,21.6,vegetarian,mixed,0,weight_loss|light
Kadhi Rice,lunch,449,14.5,48.3,18.0,vegetarian,north_indian,1,weight_loss|light
Upma,breakfast,285,11.8,34.5,8.6,vegetarian,mixed,1,weight_loss|light
Vegetable Soup,dinner,652,31.7,53.1,21.7,vegan,north_indian,0,balanced|beginner
Idli Sambar,breakfast,216,5.3,22.8,9.6,vegetarian,north_indian,1,improve_stamina|carb_rich
Rajma Chawal,lunch,484,15.4,43.4,18.0,vegetarian,north_indian,1,balanced|beginner
Corn Chaat,snack,167,3.8,16.0,8.3,vegan,mixed,1,balanced|beginner
Fish Curry Rice,lunch,530,40.6,29.7,12.9,non_vegetarian,north_indian,1,muscle_gain|high_protein
Pav Bhaji,lunch,516,9.4,65.7,20.7,vegetarian,north_indian,0,weight_loss|light
Fish Fry,dinner,615,6.2,69.3,13.2,non_vegetarian,south_indian,0,weight_loss|light
Grilled Chicken,dinner,601,11.3,73.8,16.9,non_vegetarian,north_indian,0,improve_stamina|carb_rich
Mixed Veg Curry,dinner,450,30.2,71.3,4.4,vegetarian,north_indian,1,muscle_gain|high_protein
Buttermilk,snack,202,9.6,14.3,10.0,vegetarian,south_indian,1,weight_loss|light
Pav Bhaji,lunch,571,14.3,79.1,18.9,vegetarian,north_indian,1,weight_loss|light
Pav Bhaji,lunch,449,12.6,62.7,4.3,vegetarian,mixed,1,improve_stamina|carb_rich
Egg Curry,dinner,477,13.2,56.6,9.5,non_vegetarian,north_indian,1,improve_stamina|carb_rich
Protein Shake,snack,207,8.1,19.6,8.9,vegetarian,mixed,1,improve_stamina|carb_rich
Vegetable Khichdi,lunch,651,13.3,51.4,20.9,vegetarian,north_indian,0,improve_stamina|carb_rich
Tofu Stir Fry,lunch,699,39.8,53.6,22.2,vegan,north_indian,0,balanced|beginner
Paneer Cubes,snack,285,7.1,38.0,9.1,vegetarian,mixed,0,improve_stamina|carb_rich
Paneer Roti,lunch,486,32.2,57.2,10.0,vegetarian,mixed,1,muscle_gain|high_protein
Upma,breakfast,326,20.8,44.6,4.2,vegetarian,south_indian,1,muscle_gain|high_protein
Hyderabadi Biryani,lunch,513,19.8,41.6,6.8,non_vegetarian,north_indian,1,weight_loss|light
Fish Fry,dinner,507,33.2,72.3,16.3,non_vegetarian,mixed,1,muscle_gain|high_protein
Buttermilk,snack,126,3.0,17.9,3.6,vegetarian,north_indian,1,balanced|beginner
Protein Shake,snack,265,10.1,44.7,2.7,vegetarian,north_indian,0,improve_stamina|carb_rich
Boiled Eggs,snack,210,11.9,26.5,4.4,non_vegetarian,south_indian,1,muscle_gain|high_protein
Paneer Roti,lunch,544,18.3,74.9,16.7,vegetarian,north_indian,1,weight_loss|light
Roti Sabji,dinner,686,18.7,70.7,7.4,vegetarian,south_indian,0,improve_stamina|carb_rich
Fruit Salad,snack,112,2.3,18.3,2.3,vegan,north_indian,1,weight_loss|light
Fish Fry,dinner,380,8.7,35.5,12.0,non_vegetarian,mixed,0,improve_stamina|carb_rich
Roti Sabji,dinner,496,16.9,74.6,4.4,vegetarian,south_indian,1,balanced|beginner
Sprouts Salad,snack,271,9.7,28.2,10.9,vegan,mixed,0,balanced|beginner
Fish Curry Rice,lunch,641,22.8,68.6,22.6,non_vegetarian,south_indian,0,muscle_gain|high_protein
Sprouts Salad,snack,145,2.7,21.2,4.2,vegan,north_indian,1,balanced|beginner
Masala Omelette,breakfast,443,20.8,39.4,13.6,non_vegetarian,mixed,0,weight_loss|light
Upma,breakfast,216,5.4,24.4,8.8,vegetarian,north_indian,1,balanced|beginner
Upma,breakfast,271,6.7,51.7,6.5,vegetarian,north_indian,1,weight_loss|light
Fish Curry Rice,lunch,586,23.4,73.2,12.9,non_vegetarian,south_indian,1,muscle_gain|high_protein
Oats with Milk,breakfast,329,3.5,49.3,10.2,vegetarian,south_indian,1,balanced|beginner
Fish Fry,dinner,494,32.5,58.5,7.4,non_vegetarian,mixed,1,muscle_gain|high_protein
Hyderabadi Biryani,lunch,637,13.6,51.3,20.3,non_vegetarian,north_indian,1,weight_loss|light
Boiled Eggs,snack,279,5.1,37.6,9.6,non_vegetarian,north_indian,0,balanced|beginner
Rajma Chawal,lunch,520,11.5,62.4,14.6,vegetarian,mixed,0,weight_loss|light
Vegetable Soup,dinner,439,16.4,66.6,9.9,vegan,north_indian,1,improve_stamina|carb_rich
Corn Chaat,snack,112,4.8,17.0,1.8,vegan,north_indian,1,balanced|beginner
Fruit Salad,snack,261,3.5,39.9,7.4,vegan,south_indian,1,weight_loss|light
Hyderabadi Biryani,lunch,523,9.4,59.9,6.3,non_vegetarian,mixed,0,balanced|beginner
Dal Rice,lunch,678,8.7,71.5,8.9,vegetarian,north_indian,0,improve_stamina|carb_rich
Mixed Veg Curry,dinner,386,6.3,42.2,11.2,vegetarian,north_indian,1,weight_loss|light
Tofu Curry,dinner,597,12.8,53.5,12.1,vegan,north_indian,1,balanced|beginner
Paneer Bhurji,dinner,404,31.1,27.0,6.5,vegetarian,north_indian,1,muscle_gain|high_protein
Vegetable Poha,breakfast,259,30.1,18.9,4.7,vegetarian,north_indian,1,muscle_gain|high_protein
Protein Shake,snack,264,27.6,28.4,2.1,vegetarian,south_indian,1,muscle_gain|high_protein
Buttermilk,snack,294,18.3,33.6,7.0,vegetarian,mixed,1,muscle_gain|high_protein
Sabudana Khichdi,breakfast,392,10.6,39.3,6.7,vegetarian,north_indian,1,weight_loss|light
Tofu Curry,dinner,408,12.4,28.7,8.7,vegan,north_indian,1,balanced|beginner
Sabudana Khichdi,breakfast,352,12.4,51.5,5.2,vegetarian,north_indian,1,improve_stamina|carb_rich
Grilled Chicken,dinner,510,33.6,56.1,8.6,non_vegetarian,mixed,1,muscle_gain|high_protein
Paneer Bhurji,dinner,385,22.5,36.5,13.2,vegetarian,north_indian,1,muscle_gain|high_protein
Upma,breakfast,396,9.2,44.0,16.8,vegetarian,mixed,1,improve_stamina|carb_rich
Mixed Veg Curry,dinner,440,7.8,54.6,17.2,vegetarian,north_indian,0,weight_loss|light
Fish Fry,dinner,597,16.7,40.2,16.7,non_vegetarian,south_indian,1,weight_loss|light
Paneer Bhurji,dinner,401,29.2,58.6,3.5,vegetarian,north_indian,1,muscle_gain|high_protein
Kadhi Rice,lunch,383,6.0,39.8,18.2,vegetarian,north_indian,0,weight_loss|light
Upma,breakfast,354,40.2,30.0,5.4,vegetarian,mixed,1,muscle_gain|high_protein
Vegetable Soup,dinner,641,11.3,37.7,36.6,vegan,north_indian,0,balanced|beginner
Fish Curry Rice,lunch,611,29.2,38.5,25.6,non_vegetarian,mixed,0,improve_stamina|carb_rich
Tofu Scramble,breakfast,428,4.1,52.5,18.6,vegan,south_indian,0,balanced|beginner
Tofu Curry,dinner,692,13.3,65.4,9.3,vegan,mixed,0,improve_stamina|carb_rich
Idli Sambar,breakfast,173,8.0,25.2,2.9,vegetarian,north_indian,0,improve_stamina|carb_rich
Hyderabadi Biryani,lunch,655,7.0,51.7,18.5,non_vegetarian,south_indian,0,weight_loss|light
Rajma Chawal,lunch,383,7.0,54.6,5.2,vegetarian,north_indian,0,improve_stamina|carb_rich
Paneer Sandwich,breakfast,246,7.5,32.4,7.4,vegetarian,mixed,1,muscle_gain|high_protein
Pav Bhaji,lunch,487,22.8,72.8,16.6,vegetarian,south_indian,1,muscle_gain|high_protein
Roasted Chana,snack,277,13.9,44.6,2.3,vegan,north_indian,0,improve_stamina|carb_rich
Protein Shake,snack,89,2.6,6.9,4.9,vegetarian,north_indian,1,improve_stamina|carb_rich
Vegetable Poha,breakfast,278,26.6,27.3,5.5,vegetarian,south_indian,1,muscle_gain|high_protein
Rajma Chawal,lunch,631,43.4,37.9,14.6,vegetarian,north_indian,1,muscle_gain|high_protein
Thepla,breakfast,359,14.3,38.4,19.7,vegetarian,mixed,0,balanced|beginner
Fish Fry,dinner,501,7.1,73.1,15.8,non_vegetarian,mixed,0,improve_stamina|carb_rich
Sprouts Salad,snack,176,5.5,19.2,7.0,vegan,south_indian,1,balanced|beginner
Corn Chaat,snack,179,12.4,18.9,4.4,vegan,mixed,1,muscle_gain|high_protein
Vegetable Khichdi,lunch,480,10.3,71.3,20.4,vegetarian,north_indian,0,improve_stamina|carb_rich
Fish Curry Rice,lunch,699,31.3,23.9,20.2,non_vegetarian,north_indian,0,muscle_gain|high_protein
Chicken Curry Rice,lunch,592,10.5,43.7,29.9,non_vegetarian,north_indian,0,improve_stamina|carb_rich
Roti Sabji,dinner,401,15.5,31.7,17.0,vegetarian,north_indian,1,improve_stamina|carb_rich
Mixed Veg Curry,dinner,648,9.0,80.4,19.3,vegetarian,north_indian,0,balanced|beginner
Dal Tadka,dinner,617,19.1,78.6,4.4,vegetarian,mixed,1,weight_loss|light
Corn Chaat,snack,190,3.6,19.1,9.4,vegan,mixed,1,improve_stamina|carb_rich
Thepla,breakfast,350,10.0,49.1,9.5,vegetarian,south_indian,1,improve_stamina|carb_rich
Boiled Eggs,snack,129,2.9,17.5,4.1,non_vegetarian,south_indian,1,improve_stamina|carb_rich
Oats with Milk,breakfast,207,4.7,35.0,3.5,vegetarian,north_indian,1,weight_loss|light
Peanut Chaat,snack,255,23.6,19.8,6.7,vegetarian,north_indian,1,muscle_gain|high_protein
Paneer Bhurji,dinner,453,9.9,40.6,7.8,vegetarian,mixed,0,balanced|beginner
Boiled Eggs,snack,206,9.8,13.7,10.6,non_vegetarian,north_indian,1,balanced|beginner
Roasted Chana,snack,236,15.6,28.8,4.4,vegan,north_indian,1,muscle_gain|high_protein
Buttermilk,snack,99,6.9,12.4,1.5,vegetarian,mixed,1,muscle_gain|high_protein
Tofu Stir Fry,lunch,388,7.8,23.1,20.8,vegan,mixed,0,balanced|beginner
Vegetable Poha,breakfast,263,11.0,48.6,3.8,vegetarian,north_indian,1,balanced|beginner
Kadhi Rice,lunch,700,30.9,47.9,28.7,vegetarian,mixed,0,muscle_gain|high_protein
Boiled Eggs,snack,199,3.8,24.1,7.9,non_vegetarian,south_indian,1,balanced|beginner
Paneer Roti,lunch,519,7.9,73.5,24.8,vegetarian,north_indian,0,weight_loss|light
Upma,breakfast,161,14.1,13.5,4.2,vegetarian,north_indian,0,muscle_gain|high_protein
Tofu Scramble,breakfast,413,11.2,74.2,7.3,vegan,south_indian,1,weight_loss|light
Grilled Chicken,dinner,667,34.1,75.9,11.9,non_vegetarian,north_indian,0,balanced|beginner
Oats with Milk,breakfast,211,11.1,14.9,10.0,vegetarian,north_indian,1,balanced|beginner
Roti Sabji,dinner,543,41.1,71.3,10.1,vegetarian,south_indian,1,muscle_gain|high_protein
Fruit Salad,snack,267,6.6,40.4,6.4,vegan,south_indian,0,improve_stamina|carb_rich
Protein Shake,snack,164,7.7,23.7,2.8,vegetarian,north_indian,1,balanced|beginner
Masala Omelette,breakfast,382,12.1,48.2,12.3,non_vegetarian,north_indian,1,weight_loss|light
Peanut Chaat,snack,82,2.2,12.7,1.8,vegetarian,north_indian,1,balanced|beginner
Hyderabadi Biryani,lunch,552,37.0,52.9,15.4,non_vegetarian,mixed,1,muscle_gain|high_protein
Dal Tadka,dinner,404,6.5,32.0,8.7,vegetarian,mixed,1,weight_loss|light
Vegetable Khichdi,lunch,532,17.3,57.4,23.2,vegetarian,south_indian,0,weight_loss|light
Hyderabadi Biryani,lunch,374,33.1,39.4,6.0,non_vegetarian,north_indian,1,muscle_gain|high_protein
Mixed Veg Curry,dinner,581,12.1,77.4,18.8,vegetarian,south_indian,1,improve_stamina|carb_rich
Roasted Chana,snack,292,10.2,40.7,7.2,vegan,south_indian,0,improve_stamina|carb_rich
Hyderabadi Biryani,lunch,459,11.5,51.7,16.1,non_vegetarian,mixed,0,weight_loss|light
Kadhi Rice,lunch,358,13.0,64.4,6.3,vegetarian,north_indian,1,improve_stamina|carb_rich
Pav Bhaji,lunch,412,15.9,40.9,23.0,vegetarian,mixed,0,weight_loss|light
Dal Tadka,dinner,622,18.8,77.8,12.6,vegetarian,mixed,1,balanced|beginner
Tofu Curry,dinner,566,28.5,69.0,19.5,vegan,north_indian,1,muscle_gain|high_protein
Corn Chaat,snack,264,6.1,42.8,5.3,vegan,south_indian,0,improve_stamina|carb_rich
Kadhi Rice,lunch,563,33.9,61.7,8.8,vegetarian,mixed,1,improve_stamina|carb_rich
Roti Sabji,dinner,698,12.2,43.5,38.8,vegetarian,mixed,0,weight_loss|light
Oats with Milk,breakfast,408,13.7,53.6,7.3,vegetarian,south_indian,1,balanced|beginner
Idli Sambar,breakfast,197,7.8,30.8,3.0,vegetarian,north_indian,1,improve_stamina|carb_rich
Fruit Salad,snack,208,4.0,25.5,8.2,vegan,mixed,1,balanced|beginner
Chicken Curry Rice,lunch,403,12.6,73.7,6.5,non_vegetarian,mixed,1,balanced|beginner
Grilled Chicken,dinner,365,16.7,26.0,18.7,non_vegetarian,south_indian,1,weight_loss|light
Tofu Scramble,breakfast,301,15.0,23.0,14.5,vegan,mixed,1,balanced|beginner
Dal Rice,lunch,531,14.6,79.0,24.4,vegetarian,mixed,0,weight_loss|light
Paneer Roti,lunch,374,26.4,36.0,10.5,vegetarian,north_indian,1,muscle_gain|high_protein
Paneer Roti,lunch,547,12.7,48.6,15.8,vegetarian,north_indian,1,balanced|beginner
Tofu Stir Fry,lunch,380,16.2,30.4,20.2,vegan,mixed,1,improve_stamina|carb_rich
Sprouts Salad,snack,229,11.3,24.1,7.7,vegan,north_indian,1,muscle_gain|high_protein
Chicken Curry Rice,lunch,506,23.7,55.9,10.9,non_vegetarian,north_indian,1,muscle_gain|high_protein
Sprouts Salad,snack,264,6.1,21.2,14.8,vegan,north_indian,1,weight_loss|light
Kadhi Rice,lunch,370,7.5,51.1,11.8,vegetarian,mixed,0,balanced|beginner
Fruit Bowl,breakfast,164,2.1,25.8,4.4,vegan,north_indian,0,balanced|beginner
Egg Curry,dinner,493,17.8,59.0,16.3,non_vegetarian,mixed,1,muscle_gain|high_protein
Mixed Veg Curry,dinner,414,9.9,47.3,22.5,vegetarian,north_indian,0,balanced|beginner
Sprouts Salad,snack,193,6.5,24.7,5.9,vegan,mixed,1,improve_stamina|carb_rich
Paneer Bhurji,dinner,501,31.9,53.5,7.7,vegetarian,north_indian,1,improve_stamina|carb_rich
Thepla,breakfast,299,19.1,41.9,3.4,vegetarian,south_indian,1,muscle_gain|high_protein
Roti Sabji,dinner,474,26.0,46.7,13.2,vegetarian,north_indian,1,muscle_gain|high_protein
Fruit Bowl,breakfast,291,16.9,37.9,5.4,vegan,north_indian,1,muscle_gain|high_protein
Masala Omelette,breakfast,240,5.0,32.7,7.8,non_vegetarian,north_indian,1,improve_stamina|carb_rich
Peanut Chaat,snack,139,7.2,12.3,5.5,vegetarian,south_indian,1,muscle_gain|high_protein
Tofu Curry,dinner,459,28.8,69.2,10.3,vegan,north_indian,1,muscle_gain|high_protein
Vegetable Soup,dinner,506,11.7,77.6,16.3,vegan,mixed,0,improve_stamina|carb_rich
Upma,breakfast,262,8.3,29.4,10.1,vegetarian,mixed,1,weight_loss|light
Tofu Curry,dinner,398,13.3,42.0,7.5,vegan,north_indian,1,balanced|beginner
Paneer Sandwich,breakfast,272,13.0,30.0,8.7,vegetarian,south_indian,1,muscle_gain|high_protein
Tofu Stir Fry,lunch,458,10.7,27.7,22.7,vegan,mixed,0,improve_stamina|carb_rich
Fruit Bowl,breakfast,425,10.7,31.2,24.8,vegan,mixed,0,weight_loss|light
Protein Shake,snack,138,2.5,10.0,8.5,vegetarian,south_indian,1,balanced|beginner
Kadhi Rice,lunch,452,11.6,57.3,15.6,vegetarian,north_indian,0,balanced|beginner
Masala Omelette,breakfast,195,17.0,23.8,6.6,non_vegetarian,north_indian,1,improve_stamina|carb_rich
Kadhi Rice,lunch,606,21.2,63.5,17.6,vegetarian,mixed,1,weight_loss|light
Hyderabadi Biryani,lunch,454,30.4,51.6,9.9,non_vegetarian,north_indian,1,muscle_gain|high_protein
Protein Shake,snack,294,11.0,25.0,15.0,vegetarian,mixed,0,improve_stamina|carb_rich
Rajma Chawal,lunch,520,9.0,61.6,10.6,vegetarian,mixed,0,weight_loss|light
Dal Rice,lunch,566,13.4,32.9,22.9,vegetarian,mixed,0,weight_loss|light
Mixed Veg Curry,dinner,438,22.8,35.8,18.7,vegetarian,mixed,1,muscle_gain|high_protein
Fish Curry Rice,lunch,453,5.3,49.8,21.0,non_vegetarian,north_indian,0,weight_loss|light
Oats with Milk,breakfast,215,8.4,12.0,12.9,vegetarian,south_indian,1,improve_stamina|carb_rich
Paneer Cubes,snack,266,9.8,26.2,11.2,vegetarian,north_indian,0,balanced|beginner
Paneer Bhurji,dinner,484,42.3,57.5,15.9,vegetarian,mixed,1,muscle_gain|high_protein
Idli Sambar,breakfast,410,8.5,58.7,4.8,vegetarian,mixed,1,improve_stamina|carb_rich
Pav Bhaji,lunch,612,39.2,61.4,4.3,vegetarian,mixed,1,muscle_gain|high_protein
Egg Curry,dinner,493,18.3,71.4,8.6,non_vegetarian,north_indian,1,weight_loss|light
Paneer Bhurji,dinner,556,35.3,48.2,8.1,vegetarian,north_indian,1,muscle_gain|high_protein
Sprouts Salad,snack,192,3.3,25.3,6.9,vegan,mixed,1,weight_loss|light
Egg Curry,dinner,519,10.6,43.0,23.2,non_vegetarian,mixed,0,improve_stamina|carb_rich
Mixed Veg Curry,dinner,503,22.4,47.0,15.0,vegetarian,mixed,1,weight_loss|light
Chicken Curry Rice,lunch,586,22.4,28.7,14.1,non_vegetarian,mixed,1,muscle_gain|high_protein
Roasted Chana,snack,91,2.5,15.1,1.4,vegan,north_indian,1,improve_stamina|carb_rich
Fish Fry,dinner,555,11.5,42.7,12.0,non_vegetarian,mixed,0,balanced|beginner
Paneer Cubes,snack,107,11.5,8.5,2.0,vegetarian,north_indian,1,muscle_gain|high_protein
Grilled Chicken,dinner,481,6.3,57.6,4.2,non_vegetarian,mixed,0,balanced|beginner
Grilled Chicken,dinner,675,19.0,72.3,21.0,non_vegetarian,north_indian,0,balanced|beginner
Thepla,breakfast,302,12.2,41.3,7.1,vegetarian,mixed,1,balanced|beginner
Sabudana Khichdi,breakfast,339,9.6,43.2,11.2,vegetarian,mixed,1,weight_loss|light
Tofu Curry,dinner,697,16.6,76.5,24.9,vegan,south_indian,0,improve_stamina|carb_rich
Paneer Roti,lunch,650,29.9,38.1,29.0,vegetarian,north_indian,0,weight_loss|light
Roti Sabji,dinner,531,40.4,49.9,8.2,vegetarian,north_indian,1,weight_loss|light
Paneer Bhurji,dinner,490,12.7,25.0,20.8,vegetarian,north_indian,1,weight_loss|light
Sprouts Salad,snack,288,4.6,23.1,17.1,vegan,mixed,0,balanced|beginner
Pav Bhaji,lunch,543,10.0,28.4,17.2,vegetarian,north_indian,0,balanced|beginner
Roasted Chana,snack,175,11.5,20.9,3.5,vegan,south_indian,1,muscle_gain|high_protein
Tofu Scramble,breakfast,285,5.3,38.3,9.8,vegan,north_indian,1,weight_loss|light
Mixed Veg Curry,dinner,534,13.8,28.3,15.8,vegetarian,north_indian,1,improve_stamina|carb_rich
Roti Sabji,dinner,411,13.5,24.6,13.9,vegetarian,north_indian,1,weight_loss|light
Kadhi Rice,lunch,699,30.9,70.5,20.8,vegetarian,south_indian,0,muscle_gain|high_protein
Grilled Chicken,dinner,650,43.1,59.6,13.6,non_vegetarian,mixed,1,weight_loss|light
Fruit Salad,snack,119,2.4,10.9,6.3,vegan,north_indian,1,weight_loss|light
Roti Sabji,dinner,488,19.2,75.8,12.7,vegetarian,south_indian,1,muscle_gain|high_protein
Tofu Curry,dinner,627,43.7,33.2,10.9,vegan,south_indian,1,muscle_gain|high_protein
Vegetable Soup,dinner,478,20.9,36.7,18.0,vegan,mixed,1,improve_stamina|carb_rich
Sabudana Khichdi,breakfast,332,8.6,54.6,11.6,vegetarian,mixed,1,weight_loss|light
Paneer Roti,lunch,549,19.8,74.3,22.7,vegetarian,north_indian,0,weight_loss|light
Masala Omelette,breakfast,322,14.9,39.7,8.7,non_vegetarian,north_indian,1,muscle_gain|high_protein
Tofu Scramble,breakfast,211,9.1,31.8,3.4,vegan,north_indian,1,balanced|beginner
Mixed Veg Curry,dinner,474,28.9,33.7,15.3,vegetarian,north_indian,1,weight_loss|light
Paneer Sandwich,breakfast,403,7.9,35.3,23.0,vegetarian,mixed,0,improve_stamina|carb_rich
Vegetable Khichdi,lunch,405,12.5,36.3,7.7,vegetarian,mixed,1,balanced|beginner
Paneer Roti,lunch,438,16.6,63.9,11.5,vegetarian,mixed,1,improve_stamina|carb_rich
Vegetable Khichdi,lunch,440,9.3,31.8,21.8,vegetarian,mixed,0,balanced|beginner
Fruit Bowl,breakfast,249,8.8,42.8,2.5,vegan,north_indian,1,improve_stamina|carb_rich
Paneer Bhurji,dinner,598,44.5,62.9,21.7,vegetarian,mixed,1,muscle_gain|high_protein
Paneer Cubes,snack,282,8.9,25.6,13.5,vegetarian,south_indian,0,improve_stamina|carb_rich
Chicken Curry Rice,lunch,437,7.7,35.3,7.7,non_vegetarian,south_indian,0,improve_stamina|carb_rich
Oats with Milk,breakfast,254,8.2,45.2,2.2,vegetarian,north_indian,1,weight_loss|light
Kadhi Rice,lunch,401,5.6,38.1,18.7,vegetarian,mixed,0,weight_loss|light
Buttermilk,snack,134,4.3,12.8,6.1,vegetarian,north_indian,1,weight_loss|light
Rajma Chawal,lunch,521,44.0,32.8,12.7,vegetarian,mixed,1,muscle_gain|high_protein
Fruit Bowl,breakfast,253,12.0,23.2,10.2,vegan,north_indian,1,muscle_gain|high_protein
Vegetable Khichdi,lunch,454,19.8,36.3,16.5,vegetarian,mixed,1,improve_stamina|carb_rich
Paneer Roti,lunch,353,8.7,20.5,11.7,vegetarian,mixed,0,improve_stamina|carb_rich
Paneer Cubes,snack,167,3.5,28.4,2.9,vegetarian,north_indian,1,balanced|beginner
Sabudana Khichdi,breakfast,302,9.3,25.8,4.4,vegetarian,south_indian,1,improve_stamina|carb_rich
Sprouts Salad,snack,226,5.6,19.5,12.0,vegan,north_indian,1,weight_loss|light
Buttermilk,snack,276,4.9,38.4,9.0,vegetarian,south_indian,0,balanced|beginner
Idli Sambar,breakfast,228,19.6,25.1,3.4,vegetarian,mixed,1,muscle_gain|high_protein
Thepla,breakfast,175,6.8,17.6,7.1,vegetarian,mixed,0,balanced|beginner
Boiled Eggs,snack,157,11.4,19.1,2.5,non_vegetarian,north_indian,1,balanced|beginner
Hyderabadi Biryani,lunch,365,19.0,52.7,5.4,non_vegetarian,south_indian,1,muscle_gain|high_protein
Vegetable Poha,breakfast,209,5.5,17.6,11.1,vegetarian,north_indian,1,balanced|beginner
Thepla,breakfast,154,8.2,10.1,7.6,vegetarian,north_indian,0,balanced|beginner
Fish Curry Rice,lunch,511,25.0,39.3,4.5,non_vegetarian,mixed,1,muscle_gain|high_protein
Hyderabadi Biryani,lunch,692,22.2,51.6,30.3,non_vegetarian,mixed,0,improve_stamina|carb_rich
Vegetable Soup,dinner,534,6.1,51.2,13.9,vegan,north_indian,0,improve_stamina|carb_rich
Roasted Chana,snack,293,6.0,41.4,11.5,vegan,mixed,0,improve_stamina|carb_rich
Vegetable Soup,dinner,363,10.6,42.9,13.3,vegan,south_indian,0,improve_stamina|carb_rich
Upma,breakfast,290,19.7,34.0,5.8,vegetarian,south_indian,1,muscle_gain|high_protein
Kadhi Rice,lunch,679,9.5,109.7,8.9,vegetarian,north_indian,0,improve_stamina|carb_rich
Kadhi Rice,lunch,447,11.7,79.4,7.4,vegetarian,mixed,0,balanced|beginner
Chicken Curry Rice,lunch,618,15.6,55.2,22.5,non_vegetarian,north_indian,0,improve_stamina|carb_rich
Buttermilk,snack,171,14.5,19.2,2.5,vegetarian,north_indian,1,muscle_gain|high_protein
Chicken Curry Rice,lunch,356,10.0,67.2,9.5,non_vegetarian,mixed,0,improve_stamina|carb_rich
Dal Rice,lunch,627,41.3,58.0,19.8,vegetarian,north_indian,1,muscle_gain|high_protein
Peanut Chaat,snack,119,6.8,10.1,4.7,vegetarian,north_indian,1,balanced|beginner
Grilled Chicken,dinner,471,22.6,37.4,21.2,non_vegetarian,mixed,1,muscle_gain|high_protein
Kadhi Rice,lunch,421,6.9,62.1,20.5,vegetarian,north_indian,0,balanced|beginner
Kadhi Rice,lunch,551,23.3,42.1,11.5,vegetarian,mixed,1,muscle_gain|high_protein
Vegetable Soup,dinner,436,5.6,36.4,13.3,vegan,north_indian,0,improve_stamina|carb_rich
Paneer Bhurji,dinner,390,5.0,67.0,6.9,vegetarian,south_indian,1,weight_loss|light
Pav Bhaji,lunch,698,32.9,70.3,18.8,vegetarian,mixed,1,muscle_gain|high_protein
Rajma Chawal,lunch,373,39.8,35.1,5.6,vegetarian,north_indian,1,muscle_gain|high_protein
Dal Tadka,dinner,641,26.3,54.1,22.7,vegetarian,mixed,0,improve_stamina|carb_rich
Upma,breakfast,330,12.5,41.8,7.6,vegetarian,mixed,1,improve_stamina|carb_rich
Vegetable Poha,breakfast,372,29.2,21.8,15.4,vegetarian,north_indian,1,muscle_gain|high_protein
Fish Curry Rice,lunch,379,6.7,42.5,16.9,non_vegetarian,mixed,0,improve_stamina|carb_rich
Fish Fry,dinner,586,35.8,49.4,15.5,non_vegetarian,mixed,1,improve_stamina|carb_rich
Grilled Chicken,dinner,634,18.3,39.1,16.7,non_vegetarian,mixed,1,balanced|beginner
Hyderabadi Biryani,lunch,445,19.7,70.2,8.1,non_vegetarian,north_indian,1,weight_loss|light
Fruit Salad,snack,156,6.4,16.0,6.0,vegan,north_indian,1,balanced|beginner
Paneer Sandwich,breakfast,313,22.2,38.1,5.2,vegetarian,south_indian,1,muscle_gain|high_protein
Hyderabadi Biryani,lunch,509,9.9,60.5,18.7,non_vegetarian,mixed,0,balanced|beginner
Sprouts Salad,snack,233,4.9,30.3,8.2,vegan,mixed,1,weight_loss|light
Chicken Curry Rice,lunch,376,14.8,36.9,17.9,non_vegetarian,north_indian,1,improve_stamina|carb_rich
Kadhi Rice,lunch,531,31.6,23.7,9.0,vegetarian,mixed,1,muscle_gain|high_protein
Vegetable Khichdi,lunch,658,43.6,38.7,21.6,vegetarian,mixed,0,muscle_gain|high_protein
Thepla,breakfast,150,11.0,10.9,5.6,vegetarian,south_indian,0,muscle_gain|high_protein
Vegetable Soup,dinner,372,21.2,32.2,20.8,vegan,north_indian,1,muscle_gain|high_protein
Paneer Sandwich,breakfast,292,5.1,19.8,18.8,vegetarian,mixed,0,weight_loss|light
Rajma Chawal,lunch,521,14.1,51.0,24.4,vegetarian,mixed,0,improve_stamina|carb_rich
Paneer Roti,lunch,482,7.8,59.1,8.0,vegetarian,mixed,0,weight_loss|light
Egg Curry,dinner,567,17.3,62.6,10.9,non_vegetarian,north_indian,1,improve_stamina|carb_rich
Protein Shake,snack,279,11.0,30.2,10.2,vegetarian,mixed,1,weight_loss|light
Vegetable Soup,dinner,405,17.2,22.3,10.1,vegan,south_indian,1,improve_stamina|carb_rich
Masala Omelette,breakfast,156,11.9,9.3,6.5,non_vegetarian,mixed,0,muscle_gain|high_protein
Idli Sambar,breakfast,207,8.0,18.5,9.4,vegetarian,south_indian,1,balanced|beginner
Fish Curry Rice,lunch,567,11.4,63.4,9.7,non_vegetarian,south_indian,0,weight_loss|light
Thepla,breakfast,362,13.2,49.6,9.1,vegetarian,north_indian,1,improve_stamina|carb_rich
Chicken Curry Rice,lunch,698,11.5,35.0,22.3,non_vegetarian,north_indian,0,weight_loss|light
Dal Rice,lunch,474,5.6,36.6,22.1,vegetarian,north_indian,0,weight_loss|light
Vegetable Khichdi,lunch,444,11.4,44.4,15.8,vegetarian,mixed,0,improve_stamina|carb_rich
Dal Tadka,dinner,503,19.6,56.0,13.3,vegetarian,north_indian,1,weight_loss|light
Tofu Scramble,breakfast,359,15.7,39.5,12.2,vegan,north_indian,1,muscle_gain|high_protein
Buttermilk,snack,240,8.5,25.6,9.4,vegetarian,south_indian,1,balanced|beginner
Paneer Roti,lunch,588,7.0,43.8,14.6,vegetarian,mixed,0,weight_loss|light
Egg Curry,dinner,619,40.1,61.8,14.8,non_vegetarian,north_indian,1,muscle_gain|high_protein
Fish Curry Rice,lunch,614,38.0,35.6,10.1,non_vegetarian,north_indian,1,muscle_gain|high_protein
Mixed Veg Curry,dinner,385,13.1,74.7,5.9,vegetarian,north_indian,1,improve_stamina|carb_rich
Fruit Bowl,breakfast,425,13.6,39.6,15.5,vegan,north_indian,0,balanced|beginner
Kadhi Rice,lunch,547,39.8,50.1,17.4,vegetarian,mixed,1,muscle_gain|high_protein
Vegetable Soup,dinner,606,18.4,23.1,24.3,vegan,south_indian,0,weight_loss|light
Idli Sambar,breakfast,390,10.6,52.2,6.7,vegetarian,south_indian,1,balanced|beginner
Tofu Scramble,breakfast,341,7.5,48.6,8.6,vegan,mixed,1,improve_stamina|carb_rich
Boiled Eggs,snack,182,9.5,17.8,6.5,non_vegetarian,north_indian,1,improve_stamina|carb_rich
Tofu Stir Fry,lunch,612,12.9,49.3,21.0,vegan,north_indian,1,balanced|beginner
Tofu Scramble,breakfast,209,4.6,19.4,10.7,vegan,south_indian,1,weight_loss|light
Dal Tadka,dinner,387,15.2,48.8,11.1,vegetarian,north_indian,1,improve_stamina|carb_rich
Corn Chaat,snack,235,16.0,28.8,4.1,vegan,south_indian,1,muscle_gain|high_protein
Roti Sabji,dinner,629,10.8,61.6,23.7,vegetarian,north_indian,0,balanced|beginner
Pav Bhaji,lunch,650,10.7,68.2,20.5,vegetarian,south_indian,0,balanced|beginner
Thepla,breakfast,241,8.5,30.8,7.2,vegetarian,mixed,1,balanced|beginner
Chicken Curry Rice,lunch,532,12.5,61.5,18.9,non_vegetarian,north_indian,1,weight_loss|light
Thepla,breakfast,182,6.0,19.2,7.4,vegetarian,south_indian,1,weight_loss|light
Vegetable Poha,breakfast,211,4.9,22.1,9.6,vegetarian,north_indian,1,improve_stamina|carb_rich
Boiled Eggs,snack,222,11.2,26.7,5.9,non_vegetarian,mixed,1,weight_loss|light
Tofu Scramble,breakfast,311,9.2,33.5,12.8,vegan,north_indian,1,improve_stamina|carb_rich
Chicken Curry Rice,lunch,586,43.9,22.2,11.5,non_vegetarian,north_indian,1,muscle_gain|high_protein
Upma,breakfast,373,9.0,75.9,9.8,vegetarian,mixed,1,weight_loss|light
Sabudana Khichdi,breakfast,429,18.4,47.6,9.8,vegetarian,south_indian,0,weight_loss|light
Tofu Scramble,breakfast,211,15.5,25.6,3.3,vegan,mixed,1,muscle_gain|high_protein
Rajma Chawal,lunch,471,14.7,76.5,13.6,vegetarian,north_indian,1,weight_loss|light
Paneer Roti,lunch,680,11.5,61.2,12.3,vegetarian,mixed,0,balanced|beginner
Tofu Scramble,breakfast,434,6.1,32.2,15.8,vegan,mixed,0,weight_loss|light
Hyderabadi Biryani,lunch,357,13.1,56.4,5.8,non_vegetarian,north_indian,1,improve_stamina|carb_rich
Dal Rice,lunch,661,23.7,82.0,13.2,vegetarian,mixed,0,balanced|beginner
Upma,breakfast,280,10.4,40.0,6.2,vegetarian,mixed,1,balanced|beginner
Dal Rice,lunch,647,14.5,55.3,8.7,vegetarian,south_indian,1,balanced|beginner
Dal Rice,lunch,562,11.2,56.9,16.9,vegetarian,north_indian,0,improve_stamina|carb_rich
Fish Fry,dinner,504,15.9,55.2,6.3,non_vegetarian,mixed,1,improve_stamina|carb_rich
Roti Sabji,dinner,413,19.8,48.1,19.5,vegetarian,north_indian,1,balanced|beginner
Boiled Eggs,snack,92,1.4,9.7,4.5,non_vegetarian,north_indian,1,balanced|beginner
Oats with Milk,breakfast,173,9.5,21.8,3.8,vegetarian,north_indian,1,weight_loss|light
Hyderabadi Biryani,lunch,571,40.6,36.8,9.9,non_vegetarian,north_indian,1,muscle_gain|high_protein
Rajma Chawal,lunch,635,18.2,73.3,10.0,vegetarian,mixed,1,weight_loss|light
Idli Sambar,breakfast,445,20.1,51.5,4.6,vegetarian,mixed,1,muscle_gain|high_protein
Dal Tadka,dinner,616,19.8,89.6,7.5,vegetarian,mixed,1,weight_loss|light
Oats with Milk,breakfast,154,6.5,21.9,3.1,vegetarian,south_indian,0,balanced|beginner
Peanut Chaat,snack,186,4.0,28.7,4.5,vegetarian,north_indian,1,weight_loss|light
Grilled Chicken,dinner,642,7.3,62.4,11.2,non_vegetarian,north_indian,0,weight_loss|light
Sprouts Salad,snack,90,5.3,11.3,1.9,vegan,north_indian,1,muscle_gain|high_protein
Boiled Eggs,snack,199,5.1,20.6,8.9,non_vegetarian,mixed,1,balanced|beginner
Masala Omelette,breakfast,322,4.1,51.7,8.1,non_vegetarian,south_indian,1,balanced|beginner
Fruit Salad,snack,167,8.6,17.8,5.4,vegan,north_indian,1,improve_stamina|carb_rich
Corn Chaat,snack,288,4.7,42.5,8.5,vegan,mixed,1,weight_loss|light
Vegetable Poha,breakfast,301,10.7,45.2,5.9,vegetarian,north_indian,1,improve_stamina|carb_rich
Grilled Chicken,dinner,634,15.5,71.7,3.4,non_vegetarian,south_indian,1,weight_loss|light
Vegetable Poha,breakfast,257,11.2,28.7,8.5,vegetarian,north_indian,1,muscle_gain|high_protein
Kadhi Rice,lunch,483,8.7,40.7,15.7,vegetarian,mixed,0,balanced|beginner
Fish Curry Rice,lunch,414,9.6,76.2,4.6,non_vegetarian,mixed,0,balanced|beginner
Paneer Roti,lunch,427,28.0,32.4,9.6,vegetarian,north_indian,1,muscle_gain|high_protein
Tofu Curry,dinner,538,10.1,53.5,8.9,vegan,south_indian,0,improve_stamina|carb_rich
Grilled Chicken,dinner,483,35.2,28.4,13.2,non_vegetarian,mixed,1,muscle_gain|high_protein
Tofu Scramble,breakfast,191,7.7,30.7,2.4,vegan,south_indian,1,muscle_gain|high_protein
Protein Shake,snack,121,9.2,14.6,1.8,vegetarian,north_indian,1,muscle_gain|high_protein
Grilled Chicken,dinner,605,10.5,72.6,5.9,non_vegetarian,mixed,0,improve_stamina|carb_rich
Tofu Stir Fry,lunch,605,13.3,76.1,20.5,vegan,mixed,1,weight_loss|light
Sprouts Salad,snack,125,2.7,15.3,4.8,vegan,north_indian,1,improve_stamina|carb_rich
Rajma Chawal,lunch,472,43.1,26.6,22.1,vegetarian,north_indian,0,muscle_gain|high_protein
Thepla,breakfast,269,15.0,24.3,10.0,vegetarian,mixed,1,muscle_gain|high_protein
Dal Tadka,dinner,361,10.7,42.1,13.5,vegetarian,north_indian,0,improve_stamina|carb_rich
Fruit Salad,snack,145,5.3,22.4,2.5,vegan,north_indian,1,muscle_gain|high_protein
Peanut Chaat,snack,238,6.0,26.0,10.1,vegetarian,north_indian,1,weight_loss|light
Rajma Chawal,lunch,492,11.1,64.6,19.0,vegetarian,north_indian,0,improve_stamina|carb_rich
Fruit Bowl,breakfast,344,17.8,37.4,10.6,vegan,north_indian,1,muscle_gain|high_protein
Tofu Scramble,breakfast,371,7.0,38.9,17.5,vegan,mixed,1,weight_loss|light
Vegetable Khichdi,lunch,527,22.1,37.5,18.0,vegetarian,north_indian,1,muscle_gain|high_protein
Idli Sambar,breakfast,192,4.3,34.0,2.6,vegetarian,mixed,1,improve_stamina|carb_rich
Tofu Curry,dinner,519,9.8,64.4,23.3,vegan,mixed,0,improve_stamina|carb_rich
Corn Chaat,snack,88,3.8,12.4,1.8,vegan,mixed,1,weight_loss|light
Boiled Eggs,snack,170,6.4,22.5,4.5,non_vegetarian,mixed,1,balanced|beginner
Vegetable Poha,breakfast,378,14.2,44.9,12.4,vegetarian,north_indian,1,weight_loss|light
Upma,breakfast,165,3.7,16.4,7.9,vegetarian,mixed,0,balanced|beginner
Vegetable Poha,breakfast,222,12.1,31.4,3.4,vegetarian,north_indian,1,muscle_gain|high_protein
Buttermilk,snack,109,3.7,16.7,2.1,vegetarian,south_indian,1,improve_stamina|carb_rich
Mixed Veg Curry,dinner,479,5.0,76.9,13.3,vegetarian,south_indian,0,balanced|beginner
Boiled Eggs,snack,126,7.3,10.6,4.9,non_vegetarian,north_indian,1,muscle_gain|high_protein
Vegetable Soup,dinner,658,7.0,48.2,23.9,vegan,mixed,0,improve_stamina|carb_rich
Protein Shake,snack,134,7.3,13.9,4.3,vegetarian,mixed,1,balanced|beginner
Grilled Chicken,dinner,496,19.7,30.5,12.7,non_vegetarian,north_indian,1,balanced|beginner
Tofu Curry,dinner,418,9.4,24.7,15.1,vegan,mixed,0,weight_loss|light
Sabudana Khichdi,breakfast,331,10.2,27.8,18.1,vegetarian,north_indian,0,improve_stamina|carb_rich
Fish Fry,dinner,360,9.1,40.6,14.8,non_vegetarian,north_indian,0,improve_stamina|carb_rich
Fish Fry,dinner,550,13.9,40.7,23.9,non_vegetarian,north_indian,0,weight_loss|light
Dal Tadka,dinner,573,40.5,72.2,18.9,vegetarian,south_indian,1,muscle_gain|high_protein
Paneer Roti,lunch,511,26.2,34.3,17.1,vegetarian,north_indian,1,muscle_gain|high_protein
Upma,breakfast,433,17.3,37.7,3.7,vegetarian,north_indian,0,balanced|beginner
Protein Shake,snack,220,7.0,31.3,3.7,vegetarian,mixed,1,balanced|beginner
Grilled Chicken,dinner,425,16.4,30.3,10.6,non_vegetarian,north_indian,1,balanced|beginner
Paneer Sandwich,breakfast,312,11.9,50.2,4.3,vegetarian,mixed,1,weight_loss|light
Pav Bhaji,lunch,628,11.9,73.5,7.5,vegetarian,north_indian,0,weight_loss|light
Paneer Roti,lunch,357,15.4,48.6,17.1,vegetarian,south_indian,1,weight_loss|light
Idli Sambar,breakfast,200,13.6,13.4,8.5,vegetarian,north_indian,1,muscle_gain|high_protein
Dal Tadka,dinner,361,21.2,60.6,8.4,vegetarian,south_indian,1,muscle_gain|high_protein
Masala Omelette,breakfast,162,1.8,20.2,6.8,non_vegetarian,north_indian,0,balanced|beginner
Masala Omelette,breakfast,423,18.3,75.9,6.7,non_vegetarian,north_indian,0,balanced|beginner
Mixed Veg Curry,dinner,373,26.7,29.0,13.3,vegetarian,north_indian,1,muscle_gain|high_protein
Thepla,breakfast,324,8.4,23.9,18.7,vegetarian,north_indian,0,weight_loss|light
Hyderabadi Biryani,lunch,681,17.2,72.7,12.0,non_vegetarian,north_indian,0,improve_stamina|carb_rich
Idli Sambar,breakfast,428,13.2,52.4,20.7,vegetarian,mixed,0,improve_stamina|carb_rich
Mixed Veg Curry,dinner,693,43.2,75.3,4.7,vegetarian,north_indian,1,muscle_gain|high_protein
Dal Tadka,dinner,668,5.1,64.7,10.5,vegetarian,mixed,0,improve_stamina|carb_rich
Protein Shake,snack,224,5.2,28.1,4.2,vegetarian,mixed,1,improve_stamina|carb_rich
Fruit Salad,snack,170,8.2,26.5,2.0,vegan,south_indian,1,weight_loss|light
Tofu Stir Fry,lunch,446,12.5,62.6,12.2,vegan,north_indian,1,weight_loss|light
Grilled Chicken,dinner,617,24.0,63.5,14.9,non_vegetarian,north_indian,1,muscle_gain|high_protein
Paneer Cubes,snack,292,17.7,20.1,13.0,vegetarian,south_indian,0,muscle_gain|high_protein
Upma,breakfast,164,6.7,25.6,2.4,vegetarian,north_indian,0,balanced|beginner
Vegetable Khichdi,lunch,596,6.1,66.4,19.3,vegetarian,mixed,0,improve_stamina|carb_rich
Paneer Sandwich,breakfast,349,27.2,48.9,9.3,vegetarian,mixed,1,muscle_gain|high_protein
Peanut Chaat,snack,137,7.0,9.5,6.7,vegetarian,north_indian,1,balanced|beginner
Egg Curry,dinner,649,5.0,63.4,16.9,non_vegetarian,mixed,0,weight_loss|light
Sabudana Khichdi,breakfast,188,14.6,18.6,4.5,vegetarian,north_indian,1,muscle_gain|high_protein
Egg Curry,dinner,613,13.2,68.4,14.4,non_vegetarian,north_indian,1,balanced|beginner
Dal Rice,lunch,460,15.8,46.5,22.8,vegetarian,north_indian,0,balanced|beginner
Chicken Curry Rice,lunch,670,12.7,55.5,15.9,non_vegetarian,north_indian,0,improve_stamina|carb_rich
Corn Chaat,snack,245,12.7,30.1,6.0,vegan,north_indian,1,muscle_gain|high_protein
Thepla,breakfast,402,9.2,31.5,14.4,vegetarian,mixed,1,improve_stamina|carb_rich
Fish Fry,dinner,650,13.1,49.7,12.7,non_vegetarian,north_indian,1,improve_stamina|carb_rich
Dal Rice,lunch,608,10.9,47.1,21.1,vegetarian,mixed,0,weight_loss|light
Sabudana Khichdi,breakfast,182,4.4,17.7,8.8,vegetarian,north_indian,1,improve_stamina|carb_rich
Peanut Chaat,snack,228,10.3,32.8,4.1,vegetarian,north_indian,1,weight_loss|light
Fruit Salad,snack,293,11.4,35.7,9.0,vegan,mixed,0,balanced|beginner
Paneer Roti,lunch,359,20.5,56.1,2.7,vegetarian,north_indian,1,muscle_gain|high_protein
Paneer Cubes,snack,267,7.8,35.7,8.0,vegetarian,mixed,0,balanced|beginner
Sabudana Khichdi,breakfast,238,14.4,25.4,6.6,vegetarian,north_indian,1,muscle_gain|high_protein
Vegetable Khichdi,lunch,472,18.2,47.5,3.9,vegetarian,south_indian,1,balanced|beginner
Pav Bhaji,lunch,362,10.9,41.7,13.6,vegetarian,mixed,0,balanced|beginner
Paneer Bhurji,dinner,404,11.7,60.1,9.9,vegetarian,north_indian,0,balanced|beginner
Masala Omelette,breakfast,314,17.5,49.5,2.3,non_vegetarian,north_indian,1,muscle_gain|high_protein
Tofu Stir Fry,lunch,388,12.5,41.5,15.6,vegan,south_indian,1,improve_stamina|carb_rich
Vegetable Khichdi,lunch,469,13.2,61.2,11.3,vegetarian,north_indian,1,improve_stamina|carb_rich
Fruit Salad,snack,243,6.6,23.5,11.5,vegan,north_indian,1,weight_loss|light
Dal Rice,lunch,359,25.0,33.0,11.0,vegetarian,north_indian,1,muscle_gain|high_protein
Corn Chaat,snack,231,15.5,24.6,5.8,vegan,mixed,1,muscle_gain|high_protein
Paneer Roti,lunch,397,5.9,53.8,14.0,vegetarian,north_indian,0,improve_stamina|carb_rich
Roasted Chana,snack,256,9.1,24.7,11.3,vegan,north_indian,1,improve_stamina|carb_rich
Thepla,breakfast,448,7.6,31.4,16.9,vegetarian,north_indian,0,balanced|beginner
Dal Rice,lunch,624,13.4,55.9,13.7,vegetarian,mixed,1,weight_loss|light
Masala Omelette,breakfast,432,44.3,38.4,6.8,non_vegetarian,south_indian,1,muscle_gain|high_protein
Egg Curry,dinner,464,6.6,57.2,11.6,non_vegetarian,north_indian,0,balanced|beginner
Roti Sabji,dinner,621,8.0,49.7,14.8,vegetarian,south_indian,0,balanced|beginner
Peanut Chaat,snack,209,10.7,20.9,7.3,vegetarian,north_indian,1,muscle_gain|high_protein
Vegetable Poha,breakfast,192,6.6,18.3,8.6,vegetarian,north_indian,1,weight_loss|light
Boiled Eggs,snack,81,3.4,10.1,2.3,non_vegetarian,mixed,1,weight_loss|light
Dal Tadka,dinner,673,30.5,66.3,18.3,vegetarian,north_indian,0,weight_loss|light
Protein Shake,snack,251,5.9,27.0,11.0,vegetarian,north_indian,1,improve_stamina|carb_rich
Tofu Curry,dinner,697,19.1,46.7,24.8,vegan,mixed,0,weight_loss|light
Fish Curry Rice,lunch,459,13.5,29.7,10.8,non_vegetarian,mixed,1,weight_loss|light
Buttermilk,snack,211,13.3,25.2,4.5,vegetarian,north_indian,1,muscle_gain|high_protein
Paneer Cubes,snack,140,8.8,13.6,4.3,vegetarian,north_indian,1,muscle_gain|high_protein
Hyderabadi Biryani,lunch,549,36.8,65.0,13.0,non_vegetarian,mixed,1,muscle_gain|high_protein
Tofu Curry,dinner,606,15.2,54.0,8.8,vegan,north_indian,1,balanced|beginner
Sabudana Khichdi,breakfast,274,7.1,14.9,18.2,vegetarian,north_indian,0,improve_stamina|carb_rich
Tofu Curry,dinner,469,9.6,31.2,23.1,vegan,north_indian,0,balanced|beginner
Paneer Bhurji,dinner,500,9.4,55.3,14.8,vegetarian,north_indian,0,weight_loss|light
Vegetable Khichdi,lunch,693,26.3,97.7,8.0,vegetarian,north_indian,0,weight_loss|light
Corn Chaat,snack,229,7.8,24.5,9.1,vegan,mixed,1,improve_stamina|carb_rich
Chicken Curry Rice,lunch,670,39.9,71.5,11.6,non_vegetarian,north_indian,1,muscle_gain|high_protein
Tofu Curry,dinner,641,16.7,64.8,23.9,vegan,south_indian,0,improve_stamina|carb_rich
Peanut Chaat,snack,181,5.2,27.2,3.7,vegetarian,north_indian,1,weight_loss|light
Upma,breakfast,358,4.3,53.1,11.1,vegetarian,mixed,1,weight_loss|light
Egg Curry,dinner,426,14.1,34.7,24.1,non_vegetarian,north_indian,0,balanced|beginner
Vegetable Soup,dinner,674,18.9,24.6,23.8,vegan,mixed,0,balanced|beginner
Fruit Bowl,breakfast,363,13.9,29.7,17.7,vegan,south_indian,1,weight_loss|light
Thepla,breakfast,185,10.3,13.7,8.3,vegetarian,mixed,1,muscle_gain|high_protein
Thepla,breakfast,364,9.5,34.4,18.5,vegetarian,mixed,0,weight_loss|light
Vegetable Khichdi,lunch,366,6.4,66.9,12.1,vegetarian,mixed,0,balanced|beginner
Dal Tadka,dinner,667,20.1,69.9,20.7,vegetarian,north_indian,0,improve_stamina|carb_rich
Kadhi Rice,lunch,660,38.4,46.0,22.6,vegetarian,south_indian,0,balanced|beginner
Tofu Scramble,breakfast,371,6.0,27.7,20.6,vegan,south_indian,0,improve_stamina|carb_rich
Roasted Chana,snack,300,4.7,44.0,9.1,vegan,south_indian,1,weight_loss|light
Vegetable Poha,breakfast,293,7.4,30.5,13.1,vegetarian,mixed,1,weight_loss|light
Masala Omelette,breakfast,450,34.4,51.4,7.9,non_vegetarian,north_indian,1,muscle_gain|high_protein
Corn Chaat,snack,270,25.9,21.2,6.7,vegan,south_indian,1,muscle_gain|high_protein
Paneer Roti,lunch,359,13.0,67.7,6.3,vegetarian,south_indian,1,balanced|beginner
Corn Chaat,snack,106,4.0,12.5,3.5,vegan,north_indian,1,balanced|beginner
Kadhi Rice,lunch,693,15.0,90.1,16.4,vegetarian,north_indian,0,balanced|beginner
Mixed Veg Curry,dinner,591,6.6,43.3,23.8,vegetarian,mixed,0,balanced|beginner
Upma,breakfast,265,6.2,35.1,8.8,vegetarian,north_indian,1,weight_loss|light
Roti Sabji,dinner,576,30.6,78.1,16.8,vegetarian,north_indian,1,muscle_gain|high_protein
Masala Omelette,breakfast,245,13.2,27.0,7.1,non_vegetarian,mixed,1,balanced|beginner
Fish Curry Rice,lunch,594,15.4,56.8,12.6,non_vegetarian,north_indian,1,improve_stamina|carb_rich
Fruit Salad,snack,246,5.5,31.0,8.9,vegan,north_indian,1,balanced|beginner
Hyderabadi Biryani,lunch,466,28.0,47.4,14.1,non_vegetarian,north_indian,1,muscle_gain|high_protein
Peanut Chaat,snack,92,2.8,10.5,3.5,vegetarian,north_indian,1,balanced|beginner
Peanut Chaat,snack,231,12.0,22.7,8.2,vegetarian,north_indian,1,muscle_gain|high_protein
Vegetable Poha,breakfast,333,8.5,39.0,13.0,vegetarian,north_indian,1,balanced|beginner
Roti Sabji,dinner,583,9.6,71.5,5.9,vegetarian,north_indian,0,balanced|beginner
Grilled Chicken,dinner,444,32.1,45.3,3.1,non_vegetarian,north_indian,1,muscle_gain|high_protein
Rajma Chawal,lunch,663,20.3,68.8,13.9,vegetarian,mixed,1,muscle_gain|high_protein
Dal Rice,lunch,625,5.5,53.7,24.6,vegetarian,north_indian,0,balanced|beginner
Kadhi Rice,lunch,679,16.4,65.8,21.3,vegetarian,north_indian,0,balanced|beginner
Fruit Bowl,breakfast,428,27.0,65.3,7.1,vegan,mixed,1,muscle_gain|high_protein
Grilled Chicken,dinner,670,12.1,72.2,22.3,non_vegetarian,north_indian,0,improve_stamina|carb_rich
Tofu Stir Fry,lunch,587,29.0,28.4,20.6,vegan,north_indian,1,muscle_gain|high_protein
Tofu Scramble,breakfast,346,7.8,53.3,8.2,vegan,north_indian,1,weight_loss|light
Vegetable Poha,breakfast,414,16.5,48.7,5.8,vegetarian,mixed,1,balanced|beginner
Rajma Chawal,lunch,494,17.8,49.4,9.0,vegetarian,north_indian,1,weight_loss|light
Paneer Cubes,snack,183,5.2,20.2,7.4,vegetarian,south_indian,1,improve_stamina|carb_rich
Corn Chaat,snack,204,18.3,15.4,5.9,vegan,north_indian,1,muscle_gain|high_protein
Fish Fry,dinner,503,20.1,69.0,6.2,non_vegetarian,south_indian,1,balanced|beginner
Grilled Chicken,dinner,383,7.9,45.0,15.7,non_vegetarian,south_indian,0,balanced|beginner
Vegetable Poha,breakfast,325,9.5,32.5,11.6,vegetarian,south_indian,1,weight_loss|light
Kadhi Rice,lunch,416,18.2,55.3,8.7,vegetarian,north_indian,1,weight_loss|light
Peanut Chaat,snack,258,8.6,28.8,9.7,vegetarian,mixed,1,improve_stamina|carb_rich
Upma,breakfast,399,33.5,45.7,5.6,vegetarian,north_indian,1,muscle_gain|high_protein
Idli Sambar,breakfast,376,13.0,34.5,17.3,vegetarian,north_indian,1,balanced|beginner
Dal Tadka,dinner,605,23.4,65.8,7.2,vegetarian,mixed,1,muscle_gain|high_protein
Oats with Milk,breakfast,418,21.7,26.1,24.3,vegetarian,mixed,0,muscle_gain|high_protein
Corn Chaat,snack,262,9.0,45.2,2.7,vegan,south_indian,1,weight_loss|light
Dal Rice,lunch,456,15.3,34.5,8.6,vegetarian,north_indian,1,balanced|beginner
Kadhi Rice,lunch,662,11.0,52.0,32.3,vegetarian,south_indian,0,balanced|beginner
Tofu Curry,dinner,393,8.8,24.4,22.0,vegan,mixed,0,weight_loss|light
Sabudana Khichdi,breakfast,441,16.7,24.8,21.0,vegetarian,north_indian,0,improve_stamina|carb_rich
Paneer Bhurji,dinner,650,6.0,59.0,21.8,vegetarian,north_indian,0,balanced|beginner
Vegetable Soup,dinner,533,21.6,38.4,7.5,vegan,mixed,1,muscle_gain|high_protein
Upma,breakfast,389,17.8,75.1,6.0,vegetarian,mixed,1,improve_stamina|carb_rich
Peanut Chaat,snack,298,5.9,34.5,12.5,vegetarian,north_indian,1,weight_loss|light
Peanut Chaat,snack,268,8.7,32.6,9.1,vegetarian,mixed,0,muscle_gain|high_protein
Grilled Chicken,dinner,410,15.2,21.0,19.3,non_vegetarian,mixed,1,balanced|beginner
Idli Sambar,breakfast,342,17.5,47.2,11.8,vegetarian,south_indian,1,weight_loss|light
Paneer Cubes,snack,233,6.6,28.0,8.5,vegetarian,north_indian,1,improve_stamina|carb_rich
Tofu Stir Fry,lunch,434,20.8,49.5,13.1,vegan,south_indian,1,muscle_gain|high_protein
Sprouts Salad,snack,176,14.2,9.7,7.3,vegan,mixed,1,muscle_gain|high_protein
Masala Omelette,breakfast,316,8.6,43.1,9.3,non_vegetarian,mixed,1,improve_stamina|carb_rich
Dal Rice,lunch,700,27.4,48.4,11.7,vegetarian,north_indian,1,muscle_gain|high_protein
Tofu Stir Fry,lunch,611,32.9,43.1,4.0,vegan,south_indian,1,muscle_gain|high_protein
Kadhi Rice,lunch,381,17.6,46.0,10.7,vegetarian,mixed,1,muscle_gain|high_protein
Dal Rice,lunch,422,15.1,45.4,16.2,vegetarian,north_indian,1,muscle_gain|high_protein
Fish Fry,dinner,521,9.3,56.5,21.3,non_vegetarian,north_indian,0,improve_stamina|carb_rich
Boiled Eggs,snack,265,10.8,26.6,10.5,non_vegetarian,north_indian,0,improve_stamina|carb_rich
Kadhi Rice,lunch,596,5.6,41.8,15.4,vegetarian,north_indian,0,improve_stamina|carb_rich
Vegetable Khichdi,lunch,561,16.6,48.2,6.3,vegetarian,mixed,1,improve_stamina|carb_rich
Vegetable Poha,breakfast,240,6.2,25.0,10.7,vegetarian,mixed,1,weight_loss|light
Mixed Veg Curry,dinner,520,27.1,53.7,5.8,vegetarian,south_indian,1,muscle_gain|high_protein
Upma,breakfast,389,6.9,60.1,9.1,vegetarian,north_indian,1,weight_loss|light
Vegetable Poha,breakfast,278,5.1,53.2,2.5,vegetarian,south_indian,1,improve_stamina|carb_rich
Paneer Cubes,snack,232,5.2,29.0,8.5,vegetarian,north_indian,1,weight_loss|light
Dal Rice,lunch,371,19.0,45.1,17.5,vegetarian,north_indian,1,weight_loss|light
Idli Sambar,breakfast,275,4.2,32.0,12.0,vegetarian,mixed,1,improve_stamina|carb_rich
Boiled Eggs,snack,81,3.8,5.9,4.0,non_vegetarian,north_indian,1,weight_loss|light
Sprouts Salad,snack,137,5.7,11.7,6.3,vegan,mixed,1,weight_loss|light
Sprouts Salad,snack,228,14.7,13.1,10.9,vegan,north_indian,1,muscle_gain|high_protein
Idli Sambar,breakfast,345,19.9,26.1,14.8,vegetarian,north_indian,1,muscle_gain|high_protein
Fruit Salad,snack,159,5.4,10.2,9.3,vegan,north_indian,1,weight_loss|light
Tofu Scramble,breakfast,363,18.7,47.3,15.0,vegan,north_indian,1,weight_loss|light
Tofu Scramble,breakfast,219,15.8,28.9,2.5,vegan,south_indian,1,muscle_gain|high_protein
Roti Sabji,dinner,433,23.7,40.0,4.1,vegetarian,mixed,1,muscle_gain|high_protein
Hyderabadi Biryani,lunch,565,42.2,75.0,4.5,non_vegetarian,north_indian,1,muscle_gain|high_protein
Thepla,breakfast,424,18.4,66.0,13.1,vegetarian,north_indian,0,weight_loss|light
Idli Sambar,breakfast,188,6.4,27.0,4.3,vegetarian,mixed,1,balanced|beginner
Tofu Stir Fry,lunch,361,25.8,30.7,11.8,vegan,mixed,1,muscle_gain|high_protein
Vegetable Khichdi,lunch,384,23.3,50.9,6.2,vegetarian,mixed,1,muscle_gain|high_protein
Oats with Milk,breakfast,397,13.1,34.1,8.8,vegetarian,north_indian,1,balanced|beginner
Fruit Salad,snack,222,9.3,20.0,9.7,vegan,north_indian,1,balanced|beginner
Roti Sabji,dinner,553,43.4,39.5,7.5,vegetarian,north_indian,1,muscle_gain|high_protein
Sprouts Salad,snack,300,3.0,41.1,11.0,vegan,north_indian,1,weight_loss|light
Sprouts Salad,snack,162,2.4,14.0,9.3,vegan,north_indian,1,balanced|beginner
Hyderabadi Biryani,lunch,668,42.5,62.0,14.4,non_vegetarian,mixed,1,muscle_gain|high_protein
Vegetable Poha,breakfast,407,29.3,47.9,4.4,vegetarian,north_indian,1,muscle_gain|high_protein
Paneer Sandwich,breakfast,448,17.9,36.4,14.1,vegetarian,mixed,0,balanced|beginner
Roti Sabji,dinner,695,13.3,41.0,19.7,vegetarian,mixed,0,weight_loss|light
Tofu Scramble,breakfast,411,7.9,30.1,16.8,vegan,south_indian,1,weight_loss|light
Dal Tadka,dinner,466,12.4,25.1,23.0,vegetarian,north_indian,0,improve_stamina|carb_rich
Sprouts Salad,snack,131,6.7,15.9,3.4,vegan,south_indian,1,muscle_gain|high_protein
Sprouts Salad,snack,250,10.6,39.0,3.5,vegan,north_indian,1,balanced|beginner
Grilled Chicken,dinner,371,13.0,40.5,14.1,non_vegetarian,south_indian,1,muscle_gain|high_protein
Hyderabadi Biryani,lunch,400,10.2,55.3,11.7,non_vegetarian,south_indian,0,improve_stamina|carb_rich
Fish Curry Rice,lunch,619,18.3,63.1,23.7,non_vegetarian,north_indian,0,muscle_gain|high_protein
Tofu Scramble,breakfast,215,17.7,21.5,4.5,vegan,north_indian,1,muscle_gain|high_protein
Idli Sambar,breakfast,295,4.7,41.8,9.5,vegetarian,south_indian,1,improve_stamina|carb_rich
Grilled Chicken,dinner,615,12.0,76.3,8.6,non_vegetarian,mixed,1,weight_loss|light
Peanut Chaat,snack,225,7.5,26.3,8.0,vegetarian,mixed,1,weight_loss|light
Hyderabadi Biryani,lunch,608,17.6,47.3,12.4,non_vegetarian,south_indian,1,balanced|beginner
Dal Tadka,dinner,420,39.5,27.0,7.0,vegetarian,south_indian,1,muscle_gain|high_protein
Protein Shake,snack,93,6.8,8.5,2.7,vegetarian,north_indian,1,muscle_gain|high_protein
Pav Bhaji,lunch,519,16.3,63.8,24.0,vegetarian,mixed,0,balanced|beginner
Grilled Chicken,dinner,352,8.8,41.8,6.4,non_vegetarian,north_indian,0,balanced|beginner
Tofu Stir Fry,lunch,627,11.0,64.9,6.1,vegan,north_indian,0,improve_stamina|carb_rich
Hyderabadi Biryani,lunch,453,13.0,56.0,10.6,non_vegetarian,north_indian,1,improve_stamina|carb_rich
Peanut Chaat,snack,229,16.8,19.9,7.1,vegetarian,north_indian,1,muscle_gain|high_protein
Roti Sabji,dinner,503,19.8,39.9,12.7,vegetarian,mixed,1,muscle_gain|high_protein
Fish Curry Rice,lunch,446,19.3,40.6,15.7,non_vegetarian,mixed,1,weight_loss|light
Fruit Salad,snack,173,7.1,27.1,2.5,vegan,north_indian,1,balanced|beginner
Dal Rice,lunch,461,19.9,29.6,12.7,vegetarian,north_indian,1,improve_stamina|carb_rich
Kadhi Rice,lunch,478,16.0,55.2,11.4,vegetarian,north_indian,1,balanced|beginner
Thepla,breakfast,399,12.5,34.7,9.0,vegetarian,mixed,1,weight_loss|light
Chicken Curry Rice,lunch,359,8.3,38.7,15.8,non_vegetarian,mixed,0,improve_stamina|carb_rich
Mixed Veg Curry,dinner,371,11.3,42.9,22.4,vegetarian,mixed,0,balanced|beginner
Idli Sambar,breakfast,362,32.4,34.7,7.2,vegetarian,north_indian,1,muscle_gain|high_protein
Paneer Roti,lunch,511,19.3,54.0,14.0,vegetarian,mixed,1,balanced|beginner
Chicken Curry Rice,lunch,615,39.7,64.0,11.2,non_vegetarian,mixed,1,muscle_gain|high_protein
Peanut Chaat,snack,112,6.6,9.6,4.3,vegetarian,north_indian,1,balanced|beginner
Paneer Sandwich,breakfast,402,18.4,63.5,11.7,vegetarian,north_indian,1,improve_stamina|carb_rich
Sprouts Salad,snack,94,1.3,12.2,3.6,vegan,north_indian,1,balanced|beginner
Hyderabadi Biryani,lunch,569,18.6,83.1,6.7,non_vegetarian,mixed,1,improve_stamina|carb_rich
Sprouts Salad,snack,230,11.2,37.6,1.8,vegan,south_indian,1,improve_stamina|carb_rich
Roasted Chana,snack,283,31.0,18.4,7.0,vegan,south_indian,1,muscle_gain|high_protein
Upma,breakfast,212,9.9,30.4,3.3,vegetarian,mixed,1,weight_loss|light
Hyderabadi Biryani,lunch,630,15.0,80.8,14.8,non_vegetarian,mixed,1,balanced|beginner
Hyderabadi Biryani,lunch,588,9.1,37.9,23.0,non_vegetarian,south_indian,0,balanced|beginner
Dal Tadka,dinner,398,13.6,29.6,20.1,vegetarian,mixed,1,balanced|beginner
Thepla,breakfast,214,11.0,33.9,1.9,vegetarian,mixed,1,weight_loss|light
Tofu Scramble,breakfast,322,7.1,37.7,13.0,vegan,mixed,1,improve_stamina|carb_rich
Paneer Roti,lunch,667,15.3,36.7,19.2,vegetarian,north_indian,0,balanced|beginner
Pav Bhaji,lunch,448,6.0,74.0,8.2,vegetarian,south_indian,0,weight_loss|light
Grilled Chicken,dinner,364,12.2,39.8,20.1,non_vegetarian,north_indian,1,improve_stamina|carb_rich
Hyderabadi Biryani,lunch,558,24.5,51.5,4.4,non_vegetarian,mixed,1,muscle_gain|high_protein
Dal Tadka,dinner,671,17.3,61.2,11.3,vegetarian,mixed,0,balanced|beginner
Paneer Sandwich,breakfast,283,10.4,39.3,6.9,vegetarian,north_indian,1,improve_stamina|carb_rich
Masala Omelette,breakfast,281,5.2,28.7,8.7,non_vegetarian,north_indian,1,balanced|beginner
Fruit Bowl,breakfast,401,17.6,46.4,19.3,vegan,mixed,0,improve_stamina|carb_rich
Boiled Eggs,snack,268,5.8,30.5,5.5,non_vegetarian,north_indian,0,improve_stamina|carb_rich
Boiled Eggs,snack,93,2.7,11.1,3.4,non_vegetarian,mixed,1,weight_loss|light
Sabudana Khichdi,breakfast,222,16.4,25.7,3.9,vegetarian,mixed,1,muscle_gain|high_protein
Protein Shake,snack,158,5.1,9.5,9.7,vegetarian,north_indian,1,balanced|beginner
Paneer Cubes,snack,266,6.0,22.2,5.0,vegetarian,north_indian,1,weight_loss|light
Egg Curry,dinner,623,36.8,48.8,23.0,non_vegetarian,south_indian,0,muscle_gain|high_protein
Vegetable Soup,dinner,700,11.3,106.9,11.3,vegan,north_indian,0,balanced|beginner
Tofu Scramble,breakfast,440,16.8,42.1,3.5,vegan,mixed,0,weight_loss|light
Protein Shake,snack,271,5.2,18.1,17.4,vegetarian,south_indian,0,balanced|beginner
Dal Tadka,dinner,518,16.7,79.9,7.2,vegetarian,south_indian,1,weight_loss|light
Sprouts Salad,snack,119,11.0,8.4,3.5,vegan,mixed,1,muscle_gain|high_protein
Fish Fry,dinner,395,17.7,56.9,7.2,non_vegetarian,mixed,1,muscle_gain|high_protein
Dal Tadka,dinner,433,7.8,32.9,10.7,vegetarian,north_indian,0,balanced|beginner
Paneer Cubes,snack,128,3.7,18.4,3.2,vegetarian,north_indian,1,weight_loss|light
Mixed Veg Curry,dinner,406,24.9,37.5,16.5,vegetarian,north_indian,1,muscle_gain|high_protein
Tofu Curry,dinner,525,24.6,42.8,11.7,vegan,mixed,1,muscle_gain|high_protein
Fish Fry,dinner,495,15.5,77.3,4.3,non_vegetarian,north_indian,1,improve_stamina|carb_rich
Masala Omelette,breakfast,372,9.0,40.5,22.0,non_vegetarian,north_indian,0,balanced|beginner
Boiled Eggs,snack,122,4.0,17.7,2.8,non_vegetarian,north_indian,1,balanced|beginner
Masala Omelette,breakfast,229,27.7,16.1,3.9,non_vegetarian,north_indian,1,muscle_gain|high_protein
Hyderabadi Biryani,lunch,385,25.6,35.3,9.1,non_vegetarian,north_indian,1,muscle_gain|high_protein
Dal Rice,lunch,539,50.7,41.2,8.2,vegetarian,north_indian,1,muscle_gain|high_protein
Protein Shake,snack,187,20.4,16.8,2.6,vegetarian,mixed,1,muscle_gain|high_protein
Fruit Salad,snack,87,2.4,13.2,2.0,vegan,north_indian,1,improve_stamina|carb_rich
Egg Curry,dinner,683,30.7,53.9,24.6,non_vegetarian,mixed,0,weight_loss|light
Roti Sabji,dinner,484,9.6,32.9,23.6,vegetarian,mixed,0,improve_stamina|carb_rich
Vegetable Poha,breakfast,254,11.8,23.3,10.4,vegetarian,south_indian,1,muscle_gain|high_protein
Boiled Eggs,snack,203,8.9,25.8,5.3,non_vegetarian,mixed,1,balanced|beginner
Paneer Sandwich,breakfast,180,2.9,27.0,5.1,vegetarian,north_indian,1,weight_loss|light
Hyderabadi Biryani,lunch,354,10.7,46.5,10.7,non_vegetarian,north_indian,0,balanced|beginner
Kadhi Rice,lunch,401,21.9,45.4,11.1,vegetarian,south_indian,1,muscle_gain|high_protein
Boiled Eggs,snack,231,4.4,33.7,6.7,non_vegetarian,north_indian,1,improve_stamina|carb_rich
Corn Chaat,snack,93,4.8,8.2,3.7,vegan,mixed,1,improve_stamina|carb_rich
Tofu Stir Fry,lunch,662,37.9,65.3,14.5,vegan,mixed,0,balanced|beginner
Protein Shake,snack,237,8.5,28.6,6.1,vegetarian,north_indian,1,improve_stamina|carb_rich
Buttermilk,snack,141,8.7,14.4,4.1,vegetarian,south_indian,1,weight_loss|light
Roti Sabji,dinner,350,5.3,22.3,9.6,vegetarian,north_indian,1,weight_loss|light
Sabudana Khichdi,breakfast,175,14.3,16.7,4.1,vegetarian,mixed,0,muscle_gain|high_protein
Roasted Chana,snack,146,2.9,20.0,4.8,vegan,mixed,1,weight_loss|light
Dal Rice,lunch,401,10.4,48.1,15.0,vegetarian,mixed,0,improve_stamina|carb_rich
Boiled Eggs,snack,277,10.6,41.4,5.2,non_vegetarian,north_indian,1,weight_loss|light
Protein Shake,snack,238,11.4,28.7,6.5,vegetarian,north_indian,1,muscle_gain|high_protein
Egg Curry,dinner,522,14.8,61.7,19.5,non_vegetarian,mixed,1,weight_loss|light
Tofu Curry,dinner,550,11.9,64.9,9.2,vegan,south_indian,0,weight_loss|light
Roti Sabji,dinner,594,12.4,33.7,21.7,vegetarian,north_indian,1,weight_loss|light
Idli Sambar,breakfast,429,14.4,77.0,10.7,vegetarian,north_indian,0,balanced|beginner
Dal Rice,lunch,446,22.1,49.7,8.7,vegetarian,south_indian,1,balanced|beginner
Vegetable Khichdi,lunch,432,10.5,20.1,18.3,vegetarian,north_indian,0,weight_loss|light
Tofu Stir Fry,lunch,543,19.7,79.9,22.9,vegan,north_indian,0,weight_loss|light
Dal Rice,lunch,589,18.1,64.6,18.1,vegetarian,north_indian,1,weight_loss|light
Mixed Veg Curry,dinner,437,11.7,58.0,13.7,vegetarian,south_indian,0,balanced|beginner
Boiled Eggs,snack,255,5.3,15.4,16.8,non_vegetarian,south_indian,0,improve_stamina|carb_rich
Peanut Chaat,snack,211,11.6,13.1,10.6,vegetarian,north_indian,1,improve_stamina|carb_rich
Fruit Salad,snack,290,17.6,28.1,9.4,vegan,north_indian,0,muscle_gain|high_protein
Boiled Eggs,snack,295,14.3,40.7,5.7,non_vegetarian,mixed,0,muscle_gain|high_protein
Masala Omelette,breakfast,241,9.4,35.3,4.8,non_vegetarian,mixed,1,balanced|beginner
Buttermilk,snack,109,10.3,8.0,3.0,vegetarian,south_indian,1,muscle_gain|high_protein
Fruit Salad,snack,89,3.7,8.2,3.8,vegan,mixed,1,weight_loss|light
Chicken Curry Rice,lunch,488,6.9,69.0,11.7,non_vegetarian,north_indian,0,balanced|beginner
Chicken Curry Rice,lunch,438,21.4,50.2,4.2,non_vegetarian,north_indian,1,muscle_gain|high_protein
Tofu Curry,dinner,597,40.8,60.6,9.4,vegan,mixed,1,improve_stamina|carb_rich
Tofu Scramble,breakfast,372,9.0,40.4,16.1,vegan,north_indian,1,improve_stamina|carb_rich
Pav Bhaji,lunch,480,21.8,54.0,15.4,vegetarian,north_indian,1,muscle_gain|high_protein
Paneer Bhurji,dinner,424,15.1,33.2,8.5,vegetarian,mixed,1,improve_stamina|carb_rich
Kadhi Rice,lunch,665,20.6,56.0,26.6,vegetarian,north_indian,0,improve_stamina|carb_rich
Fruit Salad,snack,240,4.7,26.3,10.8,vegan,mixed,1,balanced|beginner
Corn Chaat,snack,227,5.7,26.6,8.9,vegan,north_indian,1,balanced|beginner
Vegetable Soup,dinner,470,7.7,39.9,17.1,vegan,north_indian,0,balanced|beginner
Upma,breakfast,319,11.6,45.9,11.7,vegetarian,south_indian,1,balanced|beginner
Masala Omelette,breakfast,186,19.9,14.7,3.6,non_vegetarian,mixed,1,muscle_gain|high_protein
Corn Chaat,snack,228,8.2,27.6,7.4,vegan,north_indian,1,weight_loss|light
Dal Tadka,dinner,350,16.7,48.2,14.2,vegetarian,mixed,1,weight_loss|light
Vegetable Soup,dinner,668,8.2,47.0,23.3,vegan,north_indian,0,improve_stamina|carb_rich
Masala Omelette,breakfast,376,19.4,42.8,11.2,non_vegetarian,north_indian,1,weight_loss|light
Paneer Bhurji,dinner,659,65.1,47.4,10.0,vegetarian,mixed,1,muscle_gain|high_protein
Paneer Bhurji,dinner,523,42.5,21.9,13.4,vegetarian,north_indian,1,muscle_gain|high_protein
Thepla,breakfast,441,10.2,73.7,6.2,vegetarian,south_indian,0,weight_loss|light
Thepla,breakfast,176,4.8,28.0,3.4,vegetarian,south_indian,0,improve_stamina|carb_rich
Fish Fry,dinner,370,32.3,24.8,6.6,non_vegetarian,south_indian,1,muscle_gain|high_protein
Fish Curry Rice,lunch,444,8.4,38.5,9.4,non_vegetarian,south_indian,0,improve_stamina|carb_rich
Roti Sabji,dinner,447,6.4,43.1,10.0,vegetarian,north_indian,0,balanced|beginner
Paneer Bhurji,dinner,413,17.3,52.5,9.5,vegetarian,north_indian,1,balanced|beginner
Buttermilk,snack,169,3.9,21.2,6.1,vegetarian,north_indian,1,weight_loss|light
Paneer Sandwich,breakfast,160,12.2,9.5,6.7,vegetarian,north_indian,0,muscle_gain|high_protein
Vegetable Poha,breakfast,217,3.2,23.7,10.2,vegetarian,mixed,1,improve_stamina|carb_rich
Peanut Chaat,snack,187,11.1,19.2,5.6,vegetarian,mixed,1,muscle_gain|high_protein
Paneer Cubes,snack,114,3.0,17.1,2.7,vegetarian,north_indian,1,improve_stamina|carb_rich
Paneer Roti,lunch,519,14.1,52.4,17.7,vegetarian,mixed,1,improve_stamina|carb_rich
Tofu Stir Fry,lunch,479,8.1,59.0,23.8,vegan,north_indian,0,balanced|beginner
Rajma Chawal,lunch,588,17.2,75.1,5.0,vegetarian,mixed,1,improve_stamina|carb_rich
Paneer Cubes,snack,83,2.9,13.4,1.3,vegetarian,north_indian,1,weight_loss|light
Protein Shake,snack,109,8.8,11.8,2.0,vegetarian,north_indian,1,muscle_gain|high_protein
Chicken Curry Rice,lunch,620,19.6,48.0,9.8,non_vegetarian,north_indian,1,weight_loss|light
Pav Bhaji,lunch,401,5.6,29.4,16.1,vegetarian,mixed,0,improve_stamina|carb_rich
Egg Curry,dinner,456,17.0,30.9,23.3,non_vegetarian,north_indian,0,balanced|beginner
Fruit Salad,snack,161,5.4,13.5,8.1,vegan,north_indian,1,weight_loss|light
Fish Fry,dinner,661,19.5,70.0,11.5,non_vegetarian,north_indian,1,muscle_gain|high_protein
Egg Curry,dinner,642,17.6,46.2,30.2,non_vegetarian,north_indian,0,weight_loss|light
Oats with Milk,breakfast,301,12.2,32.1,11.1,vegetarian,north_indian,1,improve_stamina|carb_rich
Paneer Cubes,snack,128,2.0,17.8,4.3,vegetarian,mixed,1,improve_stamina|carb_rich
Oats with Milk,breakfast,233,13.3,18.7,9.6,vegetarian,south_indian,1,balanced|beginner
Vegetable Soup,dinner,414,21.1,60.8,5.9,vegan,north_indian,1,muscle_gain|high_protein
Vegetable Poha,breakfast,445,15.6,33.5,15.2,vegetarian,north_indian,0,weight_loss|light
Corn Chaat,snack,228,10.2,31.3,4.8,vegan,south_indian,1,improve_stamina|carb_rich
Dal Tadka,dinner,509,9.7,52.0,24.3,vegetarian,south_indian,0,balanced|beginner
Roti Sabji,dinner,393,26.2,44.0,9.0,vegetarian,north_indian,1,muscle_gain|high_protein
Paneer Bhurji,dinner,448,7.6,37.0,24.4,vegetarian,mixed,0,improve_stamina|carb_rich
Vegetable Soup,dinner,412,14.2,28.6,21.0,vegan,south_indian,1,weight_loss|light
Fruit Salad,snack,240,5.8,23.2,11.6,vegan,north_indian,1,weight_loss|light
Boiled Eggs,snack,216,5.4,30.0,6.3,non_vegetarian,south_indian,1,balanced|beginner
Vegetable Khichdi,lunch,448,38.6,61.9,8.0,vegetarian,north_indian,1,muscle_gain|high_protein
Boiled Eggs,snack,100,3.9,11.9,3.2,non_vegetarian,north_indian,1,weight_loss|light
Peanut Chaat,snack,89,3.4,7.7,4.1,vegetarian,north_indian,1,weight_loss|light
Mixed Veg Curry,dinner,462,19.7,66.1,3.4,vegetarian,mixed,1,weight_loss|light
Mixed Veg Curry,dinner,498,12.6,53.2,7.5,vegetarian,north_indian,1,weight_loss|light
Roasted Chana,snack,186,5.6,23.5,6.1,vegan,north_indian,1,weight_loss|light
Paneer Cubes,snack,296,9.6,40.4,8.0,vegetarian,north_indian,1,weight_loss|light
Tofu Stir Fry,lunch,381,17.9,69.5,9.4,vegan,south_indian,1,weight_loss|light
Vegetable Khichdi,lunch,589,36.9,34.1,13.3,vegetarian,mixed,1,muscle_gain|high_protein
Tofu Curry,dinner,700,33.0,56.3,19.0,vegan,south_indian,1,muscle_gain|high_protein
Sabudana Khichdi,breakfast,356,24.9,49.1,3.5,vegetarian,mixed,1,muscle_gain|high_protein
Paneer Bhurji,dinner,486,40.4,41.6,8.1,vegetarian,south_indian,1,muscle_gain|high_protein
Oats with Milk,breakfast,381,22.3,51.3,6.2,vegetarian,south_indian,1,muscle_gain|high_protein
Boiled Eggs,snack,232,7.3,23.8,9.9,non_vegetarian,north_indian,1,improve_stamina|carb_rich
Grilled Chicken,dinner,378,8.9,51.2,11.9,non_vegetarian,north_indian,1,weight_loss|light
Paneer Cubes,snack,262,9.0,24.7,11.8,vegetarian,north_indian,1,weight_loss|light
Fruit Bowl,breakfast,190,6.7,27.5,4.2,vegan,south_indian,1,weight_loss|light
Vegetable Poha,breakfast,201,8.3,31.8,2.7,vegetarian,north_indian,1,weight_loss|light
Masala Omelette,breakfast,269,5.1,50.8,2.6,non_vegetarian,mixed,1,weight_loss|light
Chicken Curry Rice,lunch,530,18.9,44.9,20.0,non_vegetarian,mixed,1,improve_stamina|carb_rich
Corn Chaat,snack,111,3.0,10.6,5.3,vegan,north_indian,1,weight_loss|light
Thepla,breakfast,283,7.6,29.5,12.4,vegetarian,mixed,1,weight_loss|light
Sprouts Salad,snack,86,3.4,7.0,4.2,vegan,north_indian,1,balanced|beginner
Thepla,breakfast,404,14.5,52.5,11.5,vegetarian,north_indian,1,weight_loss|light
Paneer Cubes,snack,135,4.9,19.1,3.2,vegetarian,north_indian,1,weight_loss|light
Hyderabadi Biryani,lunch,398,18.2,50.9,14.2,non_vegetarian,north_indian,1,improve_stamina|carb_rich
Tofu Stir Fry,lunch,592,5.6,78.7,11.3,vegan,south_indian,0,improve_stamina|carb_rich
Fish Fry,dinner,471,24.3,48.1,15.9,non_vegetarian,south_indian,1,muscle_gain|high_protein
Buttermilk,snack,187,3.7,24.6,6.5,vegetarian,mixed,1,improve_stamina|carb_rich
Upma,breakfast,307,5.8,64.4,5.8,vegetarian,north_indian,1,balanced|beginner
Paneer Cubes,snack,254,3.0,29.6,11.4,vegetarian,north_indian,1,improve_stamina|carb_rich
Thepla,breakfast,277,13.8,34.0,11.7,vegetarian,south_indian,1,weight_loss|light
Tofu Stir Fry,lunch,599,59.1,40.4,10.3,vegan,mixed,1,muscle_gain|high_protein
Chicken Curry Rice,lunch,529,9.4,42.8,17.4,non_vegetarian,mixed,0,improve_stamina|carb_rich
Fruit Salad,snack,225,7.7,21.2,10.2,vegan,north_indian,1,improve_stamina|carb_rich
Paneer Roti,lunch,401,19.0,58.0,13.1,vegetarian,south_indian,1,balanced|beginner
Masala Omelette,breakfast,263,23.7,28.7,3.6,non_vegetarian,north_indian,1,muscle_gain|high_protein
Vegetable Poha,breakfast,428,4.7,58.8,15.5,vegetarian,mixed,0,balanced|beginner
Protein Shake,snack,141,8.8,15.6,3.6,vegetarian,north_indian,1,muscle_gain|high_protein
Fish Curry Rice,lunch,439,19.6,54.9,6.9,non_vegetarian,north_indian,1,improve_stamina|carb_rich
Peanut Chaat,snack,111,2.9,19.7,1.3,vegetarian,north_indian,1,weight_loss|light
Grilled Chicken,dinner,447,10.1,47.7,5.3,non_vegetarian,north_indian,0,improve_stamina|carb_rich
Chicken Curry Rice,lunch,652,7.6,70.2,21.8,non_vegetarian,north_indian,0,weight_loss|light
Sabudana Khichdi,breakfast,300,5.2,31.4,14.4,vegetarian,north_indian,1,balanced|beginner
Corn Chaat,snack,161,9.2,10.2,7.8,vegan,south_indian,1,muscle_gain|high_protein
Corn Chaat,snack,262,17.9,37.4,3.9,vegan,north_indian,0,improve_stamina|carb_rich
Rajma Chawal,lunch,528,10.9,78.5,8.4,vegetarian,north_indian,0,improve_stamina|carb_rich
Hyderabadi Biryani,lunch,401,18.5,33.1,8.9,non_vegetarian,north_indian,1,muscle_gain|high_protein
Sabudana Khichdi,breakfast,158,5.3,17.9,5.8,vegetarian,south_indian,0,improve_stamina|carb_rich
Rajma Chawal,lunch,370,14.3,33.2,17.0,vegetarian,mixed,1,improve_stamina|carb_rich
Protein Shake,snack,159,13.2,11.2,5.4,vegetarian,south_indian,1,muscle_gain|high_protein
Mixed Veg Curry,dinner,559,37.3,55.3,15.3,vegetarian,north_indian,1,muscle_gain|high_protein
Dal Tadka,dinner,650,37.6,71.1,14.3,vegetarian,mixed,1,muscle_gain|high_protein
Paneer Roti,lunch,585,18.7,53.9,8.5,vegetarian,mixed,1,muscle_gain|high_protein
Peanut Chaat,snack,96,2.8,9.9,4.2,vegetarian,mixed,1,weight_loss|light
Fish Fry,dinner,619,18.8,69.5,21.2,non_vegetarian,north_indian,1,muscle_gain|high_protein
Kadhi Rice,lunch,691,8.9,50.5,20.0,vegetarian,south_indian,0,improve_stamina|carb_rich
Grilled Chicken,dinner,481,15.2,63.5,11.6,non_vegetarian,north_indian,1,weight_loss|light
Fruit Bowl,breakfast,344,7.7,42.2,13.0,vegan,north_indian,1,weight_loss|light
Idli Sambar,breakfast,204,11.5,33.1,5.6,vegetarian,north_indian,1,weight_loss|light
Buttermilk,snack,162,3.1,18.4,7.0,vegetarian,north_indian,1,improve_stamina|carb_rich
Corn Chaat,snack,180,7.6,23.4,4.7,vegan,south_indian,1,muscle_gain|high_protein
Roti Sabji,dinner,452,8.8,25.5,19.9,vegetarian,north_indian,0,weight_loss|light
Sabudana Khichdi,breakfast,223,10.3,26.9,6.2,vegetarian,north_indian,1,muscle_gain|high_protein
Vegetable Khichdi,lunch,435,30.6,40.0,23.0,vegetarian,north_indian,0,muscle_gain|high_protein
Fish Fry,dinner,660,15.5,67.7,6.6,non_vegetarian,north_indian,0,improve_stamina|carb_rich
Dal Tadka,dinner,424,12.6,35.6,22.4,vegetarian,mixed,0,weight_loss|light
Dal Tadka,dinner,641,23.5,67.1,3.5,vegetarian,mixed,1,muscle_gain|high_protein
Fruit Salad,snack,84,2.9,13.1,1.5,vegan,north_indian,1,improve_stamina|carb_rich
Sprouts Salad,snack,265,7.5,35.0,8.2,vegan,south_indian,1,weight_loss|light
Fruit Salad,snack,192,5.9,27.2,4.9,vegan,north_indian,1,balanced|beginner
Dal Rice,lunch,699,15.3,64.0,13.6,vegetarian,north_indian,0,weight_loss|light
Paneer Sandwich,breakfast,150,1.7,18.9,6.2,vegetarian,north_indian,0,improve_stamina|carb_rich
Paneer Cubes,snack,216,3.3,29.8,7.4,vegetarian,mixed,1,improve_stamina|carb_rich
Hyderabadi Biryani,lunch,667,11.0,104.0,9.6,non_vegetarian,north_indian,0,balanced|beginner
Vegetable Soup,dinner,582,41.1,54.9,24.5,vegan,mixed,0,muscle_gain|high_protein
Fruit Salad,snack,140,4.7,18.1,4.1,vegan,north_indian,1,improve_stamina|carb_rich
Chicken Curry Rice,lunch,559,44.9,51.9,10.4,non_vegetarian,mixed,1,muscle_gain|high_protein
Paneer Bhurji,dinner,368,4.7,44.8,15.6,vegetarian,mixed,0,weight_loss|light
Paneer Sandwich,breakfast,427,36.5,32.1,18.6,vegetarian,mixed,1,muscle_gain|high_protein
Corn Chaat,snack,184,2.6,15.0,11.0,vegan,mixed,1,improve_stamina|carb_rich
Paneer Roti,lunch,667,14.3,74.2,4.5,vegetarian,north_indian,0,improve_stamina|carb_rich
Oats with Milk,breakfast,432,12.5,60.1,11.9,vegetarian,north_indian,0,balanced|beginner
Sprouts Salad,snack,91,4.7,8.6,3.4,vegan,north_indian,1,muscle_gain|high_protein
Fruit Bowl,breakfast,380,13.8,43.1,22.3,vegan,south_indian,0,weight_loss|light
Paneer Sandwich,breakfast,210,11.8,25.0,5.1,vegetarian,mixed,1,muscle_gain|high_protein
Vegetable Khichdi,lunch,469,18.3,46.7,8.9,vegetarian,north_indian,1,balanced|beginner
Grilled Chicken,dinner,481,12.2,72.1,8.8,non_vegetarian,mixed,1,weight_loss|light
Egg Curry,dinner,577,6.8,50.9,13.1,non_vegetarian,mixed,0,improve_stamina|carb_rich
Fruit Bowl,breakfast,185,4.4,18.2,8.9,vegan,north_indian,1,improve_stamina|carb_rich
Vegetable Khichdi,lunch,364,10.6,33.9,24.0,vegetarian,south_indian,0,improve_stamina|carb_rich
Paneer Bhurji,dinner,561,16.5,43.5,24.4,vegetarian,north_indian,0,weight_loss|light
Upma,breakfast,219,5.4,36.2,3.6,vegetarian,north_indian,1,balanced|beginner
Fruit Salad,snack,142,2.6,22.5,3.3,vegan,mixed,1,weight_loss|light
Boiled Eggs,snack,231,13.9,15.4,10.6,non_vegetarian,south_indian,1,muscle_gain|high_protein
Peanut Chaat,snack,108,2.5,13.0,4.1,vegetarian,north_indian,1,weight_loss|light
Mixed Veg Curry,dinner,575,37.3,60.7,22.7,vegetarian,mixed,0,muscle_gain|high_protein
Tofu Scramble,breakfast,170,2.9,24.7,5.1,vegan,mixed,0,balanced|beginner
Kadhi Rice,lunch,395,6.7,60.1,9.9,vegetarian,south_indian,0,balanced|beginner
Boiled Eggs,snack,227,15.0,33.9,3.8,non_vegetarian,north_indian,1,weight_loss|light
Roti Sabji,dinner,482,11.6,20.9,18.7,vegetarian,mixed,0,weight_loss|light
Fish Fry,dinner,406,5.1,79.5,12.7,non_vegetarian,north_indian,0,balanced|beginner
Paneer Cubes,snack,175,3.9,22.9,6.0,vegetarian,mixed,1,balanced|beginner
Vegetable Soup,dinner,524,6.8,79.3,12.9,vegan,north_indian,0,weight_loss|light
Fish Curry Rice,lunch,632,14.7,97.5,7.7,non_vegetarian,north_indian,1,balanced|beginner
Thepla,breakfast,358,23.7,34.9,10.5,vegetarian,mixed,1,muscle_gain|high_protein
Sprouts Salad,snack,296,7.2,36.1,11.0,vegan,north_indian,0,balanced|beginner
Sabudana Khichdi,breakfast,360,10.4,44.5,12.4,vegetarian,north_indian,1,weight_loss|light
Oats with Milk,breakfast,285,14.8,29.7,9.3,vegetarian,north_indian,1,muscle_gain|high_protein
Kadhi Rice,lunch,637,22.0,85.2,10.4,vegetarian,mixed,1,weight_loss|light
Sprouts Salad,snack,210,5.1,23.2,8.9,vegan,south_indian,1,balanced|beginner
Peanut Chaat,snack,95,3.7,8.2,4.4,vegetarian,north_indian,1,balanced|beginner
Egg Curry,dinner,515,10.6,67.4,11.2,non_vegetarian,south_indian,0,weight_loss|light
Peanut Chaat,snack,279,18.6,27.4,8.1,vegetarian,north_indian,1,muscle_gain|high_protein
Thepla,breakfast,447,30.8,34.4,16.7,vegetarian,north_indian,1,muscle_gain|high_protein
Fish Fry,dinner,417,11.2,46.6,17.7,non_vegetarian,south_indian,0,weight_loss|light
Chicken Curry Rice,lunch,489,7.3,64.1,9.0,non_vegetarian,north_indian,0,balanced|beginner
Paneer Roti,lunch,573,11.9,50.1,8.7,vegetarian,north_indian,0,balanced|beginner
Corn Chaat,snack,207,6.4,23.8,7.7,vegan,mixed,1,balanced|beginner
Tofu Curry,dinner,588,22.6,60.7,8.2,vegan,mixed,1,muscle_gain|high_protein
Protein Shake,snack,276,15.7,38.3,3.9,vegetarian,north_indian,0,balanced|beginner
Upma,breakfast,277,4.4,46.9,5.5,vegetarian,north_indian,1,improve_stamina|carb_rich
Chicken Curry Rice,lunch,375,12.1,37.8,16.1,non_vegetarian,north_indian,1,weight_loss|light
Paneer Cubes,snack,154,6.4,19.6,4.2,vegetarian,north_indian,1,weight_loss|light
Chicken Curry Rice,lunch,434,17.4,38.7,9.9,non_vegetarian,south_indian,1,balanced|beginner
Tofu Curry,dinner,625,13.7,63.3,22.7,vegan,mixed,0,balanced|beginner
Fish Fry,dinner,477,21.8,69.5,5.5,non_vegetarian,mixed,1,muscle_gain|high_protein
Dal Tadka,dinner,379,14.3,44.9,12.4,vegetarian,north_indian,1,muscle_gain|high_protein
Tofu Scramble,breakfast,392,19.6,25.7,20.5,vegan,north_indian,0,balanced|beginner
Grilled Chicken,dinner,521,18.3,39.3,7.2,non_vegetarian,north_indian,1,improve_stamina|carb_rich
Paneer Cubes,snack,121,7.9,12.7,3.2,vegetarian,mixed,1,muscle_gain|high_protein
Mixed Veg Curry,dinner,476,17.8,37.5,14.1,vegetarian,mixed,1,improve_stamina|carb_rich
Paneer Sandwich,breakfast,271,6.5,40.2,11.3,vegetarian,north_indian,1,balanced|beginner
Mixed Veg Curry,dinner,433,8.0,63.3,8.3,vegetarian,south_indian,0,balanced|beginner
Paneer Bhurji,dinner,664,21.3,60.7,21.8,vegetarian,south_indian,0,muscle_gain|high_protein
Mixed Veg Curry,dinner,528,17.4,40.5,22.4,vegetarian,mixed,0,improve_stamina|carb_rich
Protein Shake,snack,169,8.5,18.5,5.3,vegetarian,north_indian,1,muscle_gain|high_protein
Vegetable Soup,dinner,496,14.5,69.1,12.9,vegan,mixed,1,improve_stamina|carb_rich
Dal Rice,lunch,556,36.3,41.5,11.9,vegetarian,south_indian,1,muscle_gain|high_protein
Dal Rice,lunch,683,27.9,73.5,18.2,vegetarian,south_indian,1,muscle_gain|high_protein
Sprouts Salad,snack,244,4.3,30.1,9.7,vegan,north_indian,1,improve_stamina|carb_rich
Paneer Bhurji,dinner,620,19.7,56.1,15.2,vegetarian,mixed,1,muscle_gain|high_protein
Vegetable Soup,dinner,685,26.8,44.1,30.9,vegan,north_indian,0,weight_loss|light
Paneer Sandwich,breakfast,268,9.7,35.1,7.5,vegetarian,mixed,1,weight_loss|light
Tofu Curry,dinner,391,12.6,34.7,19.0,vegan,mixed,1,weight_loss|light
Hyderabadi Biryani,lunch,430,14.5,77.7,8.1,non_vegetarian,north_indian,1,improve_stamina|carb_rich
Paneer Sandwich,breakfast,347,12.9,54.0,7.8,vegetarian,north_indian,1,improve_stamina|carb_rich
Paneer Sandwich,breakfast,235,6.7,27.0,9.0,vegetarian,north_indian,1,weight_loss|light
Roasted Chana,snack,129,8.0,18.7,1.3,vegan,mixed,1,muscle_gain|high_protein
Tofu Scramble,breakfast,390,14.3,21.6,8.0,vegan,north_indian,1,weight_loss|light
Rajma Chawal,lunch,403,5.7,51.5,15.8,vegetarian,mixed,0,improve_stamina|carb_rich
Roti Sabji,dinner,690,17.3,66.9,4.8,vegetarian,mixed,0,balanced|beginner
Protein Shake,snack,272,9.9,15.3,16.6,vegetarian,south_indian,0,weight_loss|light
Vegetable Soup,dinner,607,19.1,26.2,22.7,vegan,mixed,0,muscle_gain|high_protein
Tofu Curry,dinner,377,12.9,55.1,9.8,vegan,mixed,1,balanced|beginner
Fruit Bowl,breakfast,224,6.7,25.8,10.0,vegan,mixed,1,improve_stamina|carb_rich
Masala Omelette,breakfast,251,6.9,16.6,15.2,non_vegetarian,north_indian,1,weight_loss|light
Grilled Chicken,dinner,426,7.6,60.5,3.8,non_vegetarian,north_indian,0,balanced|beginner
Idli Sambar,breakfast,226,11.6,25.0,6.8,vegetarian,north_indian,1,weight_loss|light
Hyderabadi Biryani,lunch,475,15.0,46.8,6.7,non_vegetarian,mixed,1,improve_stamina|carb_rich
Paneer Bhurji,dinner,443,19.9,46.6,11.5,vegetarian,mixed,1,weight_loss|light
Oats with Milk,breakfast,269,10.4,23.3,7.8,vegetarian,mixed,1,weight_loss|light
Oats with Milk,breakfast,423,19.5,61.1,10.0,vegetarian,north_indian,1,muscle_gain|high_protein
Paneer Cubes,snack,175,10.8,13.0,7.3,vegetarian,north_indian,1,weight_loss|light
Oats with Milk,breakfast,429,14.7,48.1,15.9,vegetarian,north_indian,0,improve_stamina|carb_rich
Thepla,breakfast,253,7.5,45.6,2.3,vegetarian,north_indian,1,improve_stamina|carb_rich
Fruit Salad,snack,119,9.7,10.8,3.1,vegan,north_indian,1,muscle_gain|high_protein
Paneer Roti,lunch,495,8.8,75.6,4.1,vegetarian,north_indian,0,weight_loss|light
Dal Tadka,dinner,659,41.4,51.7,11.9,vegetarian,north_indian,1,muscle_gain|high_protein
Grilled Chicken,dinner,364,21.9,65.2,3.9,non_vegetarian,north_indian,1,muscle_gain|high_protein
Rajma Chawal,lunch,387,17.5,37.5,15.1,vegetarian,mixed,1,muscle_gain|high_protein
Dal Tadka,dinner,402,16.5,73.2,4.0,vegetarian,north_indian,1,improve_stamina|carb_rich
Fruit Bowl,breakfast,369,22.2,49.7,11.8,vegan,south_indian,1,muscle_gain|high_protein
Hyderabadi Biryani,lunch,429,11.6,48.9,17.0,non_vegetarian,north_indian,0,improve_stamina|carb_rich
Roti Sabji,dinner,440,10.2,48.2,18.5,vegetarian,north_indian,0,improve_stamina|carb_rich
Grilled Chicken,dinner,404,7.5,55.5,4.5,non_vegetarian,north_indian,1,weight_loss|light
Fruit Salad,snack,288,15.6,27.1,16.3,vegan,north_indian,0,balanced|beginner
Roasted Chana,snack,255,6.9,27.5,10.8,vegan,south_indian,1,weight_loss|light
Tofu Curry,dinner,629,7.0,67.4,10.1,vegan,south_indian,0,weight_loss|light
Sprouts Salad,snack,223,6.9,31.0,6.0,vegan,mixed,1,balanced|beginner
Protein Shake,snack,184,7.7,19.0,7.0,vegetarian,north_indian,1,balanced|beginner
Peanut Chaat,snack,251,7.4,30.3,8.9,vegetarian,south_indian,1,balanced|beginner
Egg Curry,dinner,487,22.4,61.2,10.6,non_vegetarian,mixed,1,muscle_gain|high_protein
Oats with Milk,breakfast,283,6.3,41.4,7.7,vegetarian,south_indian,1,weight_loss|light
Buttermilk,snack,220,15.3,22.2,5.8,vegetarian,north_indian,1,improve_stamina|carb_rich
Oats with Milk,breakfast,168,4.7,23.4,4.7,vegetarian,north_indian,0,balanced|beginner
Upma,breakfast,417,25.0,41.0,13.3,vegetarian,south_indian,1,muscle_gain|high_protein
Paneer Roti,lunch,493,44.4,30.8,10.8,vegetarian,north_indian,1,muscle_gain|high_protein
Protein Shake,snack,190,10.1,18.2,6.8,vegetarian,north_indian,1,improve_stamina|carb_rich
Paneer Roti,lunch,650,20.1,42.7,14.5,vegetarian,north_indian,1,muscle_gain|high_protein
Fruit Salad,snack,264,22.3,18.6,8.8,vegan,north_indian,1,muscle_gain|high_protein
Upma,breakfast,188,5.9,20.3,7.6,vegetarian,north_indian,1,weight_loss|light
Hyderabadi Biryani,lunch,442,8.5,70.0,12.4,non_vegetarian,mixed,0,weight_loss|light
Thepla,breakfast,190,2.5,28.6,5.6,vegetarian,south_indian,1,balanced|beginner
Paneer Sandwich,breakfast,272,16.8,26.0,8.8,vegetarian,north_indian,1,muscle_gain|high_protein
Grilled Chicken,dinner,590,11.4,78.3,14.1,non_vegetarian,mixed,0,weight_loss|light
Hyderabadi Biryani,lunch,478,15.2,47.0,8.7,non_vegetarian,north_indian,1,weight_loss|light
Dal Tadka,dinner,604,35.0,71.6,7.7,vegetarian,north_indian,1,improve_stamina|carb_rich
Vegetable Poha,breakfast,448,7.8,55.1,15.7,vegetarian,north_indian,0,improve_stamina|carb_rich
Roti Sabji,dinner,688,34.7,32.4,24.4,vegetarian,north_indian,0,muscle_gain|high_protein
Vegetable Soup,dinner,453,6.3,64.4,11.8,vegan,south_indian,0,weight_loss|light
Vegetable Poha,breakfast,438,29.2,45.6,6.7,vegetarian,south_indian,0,balanced|beginner
Upma,breakfast,398,14.7,39.9,8.8,vegetarian,north_indian,1,improve_stamina|carb_rich
Buttermilk,snack,276,8.3,24.1,13.8,vegetarian,mixed,1,weight_loss|light
Chicken Curry Rice,lunch,562,8.8,61.8,4.3,non_vegetarian,north_indian,0,improve_stamina|carb_rich
Fruit Salad,snack,107,8.9,5.3,4.6,vegan,mixed,1,muscle_gain|high_protein
Fish Fry,dinner,690,48.8,57.0,15.9,non_vegetarian,north_indian,0,improve_stamina|carb_rich
Tofu Curry,dinner,660,17.5,62.2,24.7,vegan,south_indian,0,balanced|beginner
Oats with Milk,breakfast,412,11.9,59.4,10.4,vegetarian,north_indian,1,weight_loss|light
Fruit Bowl,breakfast,389,36.7,39.7,3.2,vegan,north_indian,1,muscle_gain|high_protein
Paneer Cubes,snack,86,3.1,7.2,4.2,vegetarian,south_indian,1,balanced|beginner
Vegetable Khichdi,lunch,560,34.6,51.4,12.8,vegetarian,north_indian,1,balanced|beginner
Sabudana Khichdi,breakfast,172,8.0,19.6,5.3,vegetarian,mixed,0,balanced|beginner
Oats with Milk,breakfast,209,15.1,21.5,5.1,vegetarian,south_indian,1,muscle_gain|high_protein
Hyderabadi Biryani,lunch,594,7.6,28.2,22.5,non_vegetarian,north_indian,0,balanced|beginner
Chicken Curry Rice,lunch,578,22.9,76.0,8.7,non_vegetarian,north_indian,1,improve_stamina|carb_rich
Idli Sambar,breakfast,214,21.9,14.2,5.9,vegetarian,north_indian,1,muscle_gain|high_protein
Rajma Chawal,lunch,404,24.7,33.2,15.6,vegetarian,north_indian,1,muscle_gain|high_protein
Kadhi Rice,lunch,404,17.4,54.8,13.7,vegetarian,south_indian,1,balanced|beginner
Vegetable Khichdi,lunch,479,19.1,47.2,3.5,vegetarian,north_indian,1,balanced|beginner
Vegetable Khichdi,lunch,408,11.0,52.4,8.7,vegetarian,north_indian,0,improve_stamina|carb_rich
Vegetable Poha,breakfast,221,14.9,28.0,3.5,vegetarian,north_indian,1,muscle_gain|high_protein
Fruit Bowl,breakfast,308,26.5,18.8,11.3,vegan,mixed,1,muscle_gain|high_protein
Fish Fry,dinner,446,13.3,46.1,19.2,non_vegetarian,south_indian,1,improve_stamina|carb_rich
Paneer Sandwich,breakfast,345,6.2,66.5,8.9,vegetarian,mixed,1,balanced|beginner
Dal Rice,lunch,696,30.0,62.8,22.2,vegetarian,south_indian,0,balanced|beginner
Tofu Curry,dinner,615,11.7,41.0,16.1,vegan,mixed,0,improve_stamina|carb_rich
Sabudana Khichdi,breakfast,231,6.5,32.0,6.5,vegetarian,mixed,1,weight_loss|light
Sprouts Salad,snack,223,7.1,28.5,7.0,vegan,north_indian,1,weight_loss|light
Roasted Chana,snack,157,4.9,23.8,3.3,vegan,north_indian,1,balanced|beginner
Masala Omelette,breakfast,245,12.4,26.3,7.8,non_vegetarian,north_indian,1,muscle_gain|high_protein
Fish Fry,dinner,451,11.5,67.0,13.1,non_vegetarian,north_indian,0,improve_stamina|carb_rich
Thepla,breakfast,297,5.9,46.2,7.2,vegetarian,north_indian,1,weight_loss|light
Fruit Salad,snack,152,2.5,21.3,4.9,vegan,mixed,1,improve_stamina|carb_rich
Peanut Chaat,snack,256,8.1,31.5,8.6,vegetarian,north_indian,1,improve_stamina|carb_rich
Fruit Salad,snack,290,7.6,36.0,10.3,vegan,mixed,0,balanced|beginner
Tofu Stir Fry,lunch,641,40.7,44.8,20.4,vegan,mixed,1,weight_loss|light
Fish Fry,dinner,466,5.9,61.5,7.6,non_vegetarian,south_indian,0,weight_loss|light
Pav Bhaji,lunch,681,38.4,46.6,24.3,vegetarian,mixed,0,improve_stamina|carb_rich
Kadhi Rice,lunch,571,30.3,45.2,8.4,vegetarian,north_indian,1,muscle_gain|high_protein
Upma,breakfast,231,4.6,22.2,11.7,vegetarian,north_indian,1,improve_stamina|carb_rich
Thepla,breakfast,353,19.0,38.4,6.6,vegetarian,north_indian,1,balanced|beginner
Kadhi Rice,lunch,487,9.3,34.1,21.4,vegetarian,mixed,0,improve_stamina|carb_rich
Kadhi Rice,lunch,693,8.4,85.4,21.5,vegetarian,mixed,0,improve_stamina|carb_rich
Vegetable Soup,dinner,584,12.8,75.1,12.1,vegan,south_indian,1,weight_loss|light
Corn Chaat,snack,187,16.6,27.2,3.1,vegan,north_indian,1,weight_loss|light
Pav Bhaji,lunch,679,5.2,67.4,19.2,vegetarian,mixed,0,weight_loss|light
Tofu Scramble,breakfast,384,37.2,43.2,6.8,vegan,south_indian,1,muscle_gain|high_protein
Dal Tadka,dinner,368,11.2,39.5,15.1,vegetarian,mixed,0,improve_stamina|carb_rich
Sprouts Salad,snack,80,2.0,13.4,1.3,vegan,north_indian,1,weight_loss|light
Fruit Bowl,breakfast,394,17.3,77.4,6.4,vegan,south_indian,1,improve_stamina|carb_rich
Egg Curry,dinner,389,30.9,23.5,16.8,non_vegetarian,mixed,1,muscle_gain|high_protein
Paneer Cubes,snack,139,8.5,19.3,1.9,vegetarian,north_indian,1,balanced|beginner
Buttermilk,snack,205,6.9,21.4,8.3,vegetarian,south_indian,1,balanced|beginner
Grilled Chicken,dinner,442,33.5,68.6,5.3,non_vegetarian,north_indian,1,muscle_gain|high_protein
Hyderabadi Biryani,lunch,596,18.0,32.0,14.4,non_vegetarian,north_indian,1,improve_stamina|carb_rich
Tofu Stir Fry,lunch,634,37.8,40.5,5.2,vegan,mixed,1,muscle_gain|high_protein
Vegetable Khichdi,lunch,441,8.6,44.6,7.8,vegetarian,north_indian,0,weight_loss|light
Rajma Chawal,lunch,429,18.7,54.5,14.7,vegetarian,north_indian,1,improve_stamina|carb_rich
Sprouts Salad,snack,87,4.5,9.1,2.8,vegan,mixed,1,muscle_gain|high_protein
Kadhi Rice,lunch,352,24.9,26.3,13.2,vegetarian,south_indian,1,muscle_gain|high_protein
Fruit Salad,snack,240,5.3,33.3,7.3,vegan,mixed,1,balanced|beginner
Fruit Salad,snack,221,7.2,25.9,7.9,vegan,mixed,1,weight_loss|light
Tofu Stir Fry,lunch,568,15.3,67.8,16.3,vegan,north_indian,1,improve_stamina|carb_rich
Buttermilk,snack,248,4.3,30.6,9.8,vegetarian,north_indian,1,improve_stamina|carb_rich
Masala Omelette,breakfast,388,9.2,56.0,8.0,non_vegetarian,north_indian,1,balanced|beginner
Paneer Bhurji,dinner,350,15.2,41.8,10.4,vegetarian,south_indian,1,muscle_gain|high_protein
Dal Rice,lunch,572,19.8,49.1,21.5,vegetarian,mixed,1,weight_loss|light
Vegetable Poha,breakfast,388,9.4,77.9,10.2,vegetarian,mixed,1,weight_loss|light
Peanut Chaat,snack,297,3.9,45.8,8.3,vegetarian,mixed,0,balanced|beginner
Vegetable Khichdi,lunch,403,20.1,41.2,18.1,vegetarian,south_indian,1,muscle_gain|high_protein
Boiled Eggs,snack,111,2.2,12.2,4.9,non_vegetarian,mixed,1,balanced|beginner
Dal Tadka,dinner,630,18.1,36.4,24.6,vegetarian,north_indian,0,balanced|beginner
Paneer Roti,lunch,505,16.6,43.7,17.5,vegetarian,south_indian,1,weight_loss|light
Hyderabadi Biryani,lunch,643,18.7,70.5,18.9,non_vegetarian,mixed,1,improve_stamina|carb_rich
Mixed Veg Curry,dinner,508,14.4,55.0,19.7,vegetarian,mixed,1,balanced|beginner
Fish Fry,dinner,546,7.4,66.7,20.9,non_vegetarian,north_indian,0,improve_stamina|carb_rich
Rajma Chawal,lunch,483,26.1,56.9,9.7,vegetarian,south_indian,1,muscle_gain|high_protein
Thepla,breakfast,318,19.7,51.1,6.0,vegetarian,south_indian,1,weight_loss|light
Dal Rice,lunch,579,26.6,37.7,24.2,vegetarian,north_indian,0,improve_stamina|carb_rich
Oats with Milk,breakfast,339,12.0,31.5,15.3,vegetarian,mixed,1,weight_loss|light
Roti Sabji,dinner,455,6.6,27.6,13.0,vegetarian,north_indian,0,weight_loss|light
Tofu Stir Fry,lunch,437,19.4,65.2,3.2,vegan,north_indian,1,improve_stamina|carb_rich
Fish Curry Rice,lunch,552,10.3,62.6,3.8,non_vegetarian,mixed,0,improve_stamina|carb_rich
Buttermilk,snack,169,5.6,20.7,5.6,vegetarian,north_indian,1,balanced|beginner
Fish Curry Rice,lunch,559,19.4,42.7,8.3,non_vegetarian,south_indian,1,muscle_gain|high_protein
Boiled Eggs,snack,295,5.4,37.2,11.2,non_vegetarian,mixed,0,improve_stamina|carb_rich
Buttermilk,snack,146,5.9,17.1,4.7,vegetarian,north_indian,1,improve_stamina|carb_rich
Boiled Eggs,snack,222,7.6,27.1,7.3,non_vegetarian,north_indian,1,balanced|beginner
Vegetable Soup,dinner,438,25.2,35.3,17.9,vegan,mixed,1,muscle_gain|high_protein
Sabudana Khichdi,breakfast,379,33.9,38.9,6.4,vegetarian,mixed,1,muscle_gain|high_protein
Rajma Chawal,lunch,583,15.1,65.6,18.2,vegetarian,south_indian,1,balanced|beginner
Sabudana Khichdi,breakfast,355,19.8,27.4,3.3,vegetarian,north_indian,1,balanced|beginner
Sprouts Salad,snack,220,11.4,24.8,6.4,vegan,south_indian,1,muscle_gain|high_protein
Vegetable Poha,breakfast,272,13.0,34.3,10.9,vegetarian,north_indian,1,weight_loss|light
Roti Sabji,dinner,388,13.4,56.7,13.6,vegetarian,north_indian,1,balanced|beginner
Buttermilk,snack,164,7.1,24.7,2.6,vegetarian,mixed,1,weight_loss|light
Masala Omelette,breakfast,263,2.8,37.7,8.9,non_vegetarian,south_indian,1,improve_stamina|carb_rich
Paneer Bhurji,dinner,591,33.2,41.8,20.5,vegetarian,north_indian,1,weight_loss|light
Vegetable Soup,dinner,691,34.4,83.4,10.6,vegan,mixed,0,weight_loss|light
Sprouts Salad,snack,118,3.5,10.7,5.7,vegan,south_indian,1,balanced|beginner
Paneer Cubes,snack,295,7.3,35.5,9.0,vegetarian,north_indian,0,improve_stamina|carb_rich
Roasted Chana,snack,119,3.1,9.3,6.7,vegan,north_indian,1,improve_stamina|carb_rich
Tofu Scramble,breakfast,239,3.4,34.5,7.6,vegan,north_indian,1,balanced|beginner
Tofu Stir Fry,lunch,523,23.1,30.3,22.1,vegan,south_indian,0,muscle_gain|high_protein
Vegetable Khichdi,lunch,616,40.9,37.1,24.8,vegetarian,south_indian,0,muscle_gain|high_protein
Corn Chaat,snack,248,14.1,25.5,7.8,vegan,north_indian,1,muscle_gain|high_protein
Fruit Bowl,breakfast,199,11.4,27.4,3.1,vegan,north_indian,1,improve_stamina|carb_rich
Masala Omelette,breakfast,176,1.7,23.1,7.0,non_vegetarian,south_indian,0,balanced|beginner
Chicken Curry Rice,lunch,629,32.7,34.7,27.3,non_vegetarian,north_indian,0,balanced|beginner
Egg Curry,dinner,365,9.5,46.4,12.5,non_vegetarian,mixed,0,balanced|beginner
Tofu Curry,dinner,562,27.2,66.5,9.6,vegan,north_indian,1,balanced|beginner
Roti Sabji,dinner,607,7.8,57.2,12.2,vegetarian,mixed,0,balanced|beginner
Chicken Curry Rice,lunch,684,19.1,62.5,6.3,non_vegetarian,north_indian,0,improve_stamina|carb_rich
Buttermilk,snack,121,8.5,16.0,1.5,vegetarian,north_indian,1,weight_loss|light
Paneer Bhurji,dinner,636,6.9,46.6,16.6,vegetarian,north_indian,0,weight_loss|light
Roti Sabji,dinner,427,42.2,51.3,12.5,vegetarian,mixed,1,muscle_gain|high_protein
Upma,breakfast,270,15.8,31.5,6.6,vegetarian,mixed,1,muscle_gain|high_protein
Paneer Cubes,snack,159,3.4,19.8,6.0,vegetarian,mixed,1,weight_loss|light
Egg Curry,dinner,468,11.3,27.6,23.0,non_vegetarian,mixed,0,balanced|beginner
Boiled Eggs,snack,120,4.5,11.2,5.3,non_vegetarian,mixed,1,balanced|beginner
Dal Tadka,dinner,389,7.1,39.6,13.5,vegetarian,north_indian,0,improve_stamina|carb_rich
Pav Bhaji,lunch,571,19.3,72.1,11.4,vegetarian,north_indian,1,weight_loss|light
Tofu Stir Fry,lunch,682,15.3,73.7,17.7,vegan,north_indian,0,improve_stamina|carb_rich
Paneer Bhurji,dinner,678,27.2,48.2,17.0,vegetarian,south_indian,1,muscle_gain|high_protein
Paneer Sandwich,breakfast,378,25.7,26.8,16.9,vegetarian,south_indian,1,muscle_gain|high_protein
Roasted Chana,snack,218,13.8,27.6,5.8,vegan,north_indian,1,balanced|beginner
Protein Shake,snack,153,3.0,17.5,6.5,vegetarian,north_indian,1,improve_stamina|carb_rich
Dal Rice,lunch,650,17.6,55.1,21.4,vegetarian,south_indian,1,balanced|beginner
Tofu Scramble,breakfast,404,24.2,77.4,5.5,vegan,south_indian,1,muscle_gain|high_protein
Upma,breakfast,160,2.9,20.8,5.8,vegetarian,north_indian,0,improve_stamina|carb_rich
Fruit Salad,snack,88,6.2,12.1,0.8,vegan,north_indian,1,muscle_gain|high_protein
Tofu Stir Fry,lunch,417,25.5,42.7,12.3,vegan,north_indian,1,muscle_gain|high_protein
Tofu Scramble,breakfast,376,16.6,48.1,15.1,vegan,north_indian,1,improve_stamina|carb_rich
Vegetable Soup,dinner,644,37.1,45.8,6.6,vegan,north_indian,1,muscle_gain|high_protein
Dal Rice,lunch,448,12.6,72.2,12.0,vegetarian,south_indian,1,weight_loss|light
Protein Shake,snack,274,7.2,44.8,4.9,vegetarian,south_indian,1,weight_loss|light
Tofu Curry,dinner,399,13.8,45.0,14.6,vegan,north_indian,1,weight_loss|light
Fruit Bowl,breakfast,429,12.0,52.0,15.4,vegan,north_indian,0,balanced|beginner
Mixed Veg Curry,dinner,590,7.4,49.8,15.4,vegetarian,north_indian,0,improve_stamina|carb_rich
Idli Sambar,breakfast,333,5.9,45.0,11.4,vegetarian,south_indian,1,balanced|beginner
Sabudana Khichdi,breakfast,170,11.7,9.4,8.0,vegetarian,north_indian,0,muscle_gain|high_protein
Tofu Stir Fry,lunch,672,14.7,47.1,14.0,vegan,mixed,0,weight_loss|light
Vegetable Khichdi,lunch,383,12.7,55.1,15.9,vegetarian,north_indian,1,weight_loss|light
Roasted Chana,snack,114,1.9,13.5,4.8,vegan,north_indian,1,balanced|beginner
Hyderabadi Biryani,lunch,427,18.1,62.7,17.0,non_vegetarian,north_indian,1,muscle_gain|high_protein
Vegetable Poha,breakfast,340,10.8,68.3,6.4,vegetarian,mixed,1,improve_stamina|carb_rich
Fish Fry,dinner,643,26.4,53.5,21.2,non_vegetarian,north_indian,1,muscle_gain|high_protein
Tofu Scramble,breakfast,154,12.6,9.0,6.1,vegan,north_indian,0,muscle_gain|high_protein
Boiled Eggs,snack,190,13.6,15.3,6.6,non_vegetarian,north_indian,1,muscle_gain|high_protein
Roasted Chana,snack,161,3.7,30.2,1.4,vegan,north_indian,1,improve_stamina|carb_rich
Vegetable Poha,breakfast,380,13.5,44.4,22.7,vegetarian,mixed,0,weight_loss|light
Fruit Bowl,breakfast,303,5.7,24.2,17.7,vegan,north_indian,1,improve_stamina|carb_rich
Egg Curry,dinner,419,12.7,33.6,21.7,non_vegetarian,mixed,1,improve_stamina|carb_rich
Corn Chaat,snack,123,2.3,15.3,4.7,vegan,mixed,1,improve_stamina|carb_rich
Hyderabadi Biryani,lunch,456,13.2,50.7,15.3,non_vegetarian,north_indian,1,improve_stamina|carb_rich
Kadhi Rice,lunch,700,34.1,56.7,25.0,vegetarian,north_indian,0,muscle_gain|high_protein
Oats with Milk,breakfast,356,14.2,23.3,16.0,vegetarian,north_indian,1,improve_stamina|carb_rich
Pav Bhaji,lunch,547,10.5,78.1,10.5,vegetarian,mixed,0,weight_loss|light
Chicken Curry Rice,lunch,535,5.1,72.0,9.2,non_vegetarian,north_indian,0,improve_stamina|carb_rich
Masala Omelette,breakfast,394,6.9,37.7,15.9,non_vegetarian,north_indian,1,balanced|beginner
Pav Bhaji,lunch,521,26.8,57.6,15.7,vegetarian,south_indian,1,muscle_gain|high_protein
Fruit Salad,snack,98,8.4,10.9,1.4,vegan,north_indian,1,muscle_gain|high_protein
Dal Rice,lunch,691,7.8,71.7,13.7,vegetarian,south_indian,0,weight_loss|light
Dal Rice,lunch,544,7.4,52.1,10.0,vegetarian,north_indian,0,improve_stamina|carb_rich
Hyderabadi Biryani,lunch,425,18.2,52.2,3.5,non_vegetarian,south_indian,1,improve_stamina|carb_rich
Thepla,breakfast,433,9.5,59.1,9.2,vegetarian,north_indian,0,balanced|beginner
Peanut Chaat,snack,173,4.7,18.0,7.6,vegetarian,north_indian,1,balanced|beginner
Tofu Curry,dinner,394,28.1,43.3,8.5,vegan,north_indian,1,muscle_gain|high_protein
Paneer Cubes,snack,223,3.2,29.8,8.1,vegetarian,mixed,1,balanced|beginner
Paneer Cubes,snack,280,3.8,34.5,11.6,vegetarian,north_indian,1,weight_loss|light
Fish Curry Rice,lunch,427,27.6,59.1,6.1,non_vegetarian,north_indian,1,muscle_gain|high_protein
Vegetable Poha,breakfast,444,7.6,74.5,10.9,vegetarian,north_indian,0,weight_loss|light
Fruit Bowl,breakfast,402,5.5,29.7,19.2,vegan,north_indian,0,balanced|beginner
Fruit Salad,snack,191,16.1,10.9,7.5,vegan,south_indian,1,muscle_gain|high_protein
Rajma Chawal,lunch,493,11.9,22.4,14.9,vegetarian,south_indian,0,balanced|beginner
Dal Rice,lunch,350,10.6,42.6,12.1,vegetarian,north_indian,0,balanced|beginner
Upma,breakfast,423,10.3,51.5,15.7,vegetarian,north_indian,0,balanced|beginner
Idli Sambar,breakfast,226,11.3,15.5,11.2,vegetarian,south_indian,1,improve_stamina|carb_rich
Dal Rice,lunch,628,36.6,78.7,10.5,vegetarian,north_indian,1,muscle_gain|high_protein
Hyderabadi Biryani,lunch,675,37.6,65.0,4.0,non_vegetarian,south_indian,1,muscle_gain|high_protein
Tofu Curry,dinner,669,24.4,80.4,14.4,vegan,north_indian,0,balanced|beginner
Tofu Curry,dinner,529,6.0,65.9,4.1,vegan,north_indian,0,weight_loss|light
Upma,breakfast,357,18.7,40.7,10.8,vegetarian,mixed,1,muscle_gain|high_protein
Vegetable Poha,breakfast,307,17.1,47.8,6.9,vegetarian,north_indian,1,weight_loss|light
Roasted Chana,snack,97,5.0,13.3,1.8,vegan,mixed,1,weight_loss|light
Vegetable Khichdi,lunch,637,21.4,51.2,18.1,vegetarian,north_indian,1,muscle_gain|high_protein
Boiled Eggs,snack,164,6.6,10.0,9.4,non_vegetarian,mixed,1,balanced|beginner
Sabudana Khichdi,breakfast,285,20.9,17.3,12.1,vegetarian,mixed,1,muscle_gain|high_protein
Fruit Bowl,breakfast,338,11.8,33.9,14.2,vegan,mixed,1,weight_loss|light
Masala Omelette,breakfast,379,13.4,28.4,5.7,non_vegetarian,north_indian,1,balanced|beginner
Paneer Bhurji,dinner,592,15.7,61.9,18.5,vegetarian,south_indian,1,improve_stamina|carb_rich
Fruit Salad,snack,289,11.5,36.8,8.0,vegan,north_indian,1,weight_loss|light
Peanut Chaat,snack,210,9.7,18.1,9.1,vegetarian,mixed,1,improve_stamina|carb_rich
Fish Fry,dinner,454,30.2,42.4,3.4,non_vegetarian,north_indian,1,muscle_gain|high_protein
Rajma Chawal,lunch,464,10.4,66.0,5.2,vegetarian,mixed,0,weight_loss|light
Thepla,breakfast,239,6.6,25.9,10.0,vegetarian,north_indian,1,balanced|beginner
Oats with Milk,breakfast,367,14.7,46.0,3.2,vegetarian,north_indian,1,improve_stamina|carb_rich
Paneer Bhurji,dinner,639,18.0,76.1,23.2,vegetarian,mixed,0,improve_stamina|carb_rich
Peanut Chaat,snack,215,9.0,20.4,9.0,vegetarian,mixed,1,muscle_gain|high_protein
Paneer Bhurji,dinner,453,6.0,31.5,16.4,vegetarian,mixed,0,improve_stamina|carb_rich
Peanut Chaat,snack,288,14.4,33.7,8.1,vegetarian,north_indian,0,muscle_gain|high_protein
Corn Chaat,snack,97,5.8,10.1,2.8,vegan,north_indian,1,muscle_gain|high_protein
Rajma Chawal,lunch,595,18.2,55.4,12.3,vegetarian,mixed,1,weight_loss|light
Vegetable Khichdi,lunch,572,17.6,33.7,21.4,vegetarian,south_indian,1,weight_loss|light
Rajma Chawal,lunch,625,10.0,70.0,12.8,vegetarian,north_indian,0,improve_stamina|carb_rich
Corn Chaat,snack,151,5.7,14.2,6.6,vegan,south_indian,1,muscle_gain|high_protein
Dal Rice,lunch,357,12.1,40.0,18.4,vegetarian,north_indian,1,balanced|beginner
Kadhi Rice,lunch,356,19.1,65.0,7.5,vegetarian,north_indian,1,improve_stamina|carb_rich
Rajma Chawal,lunch,388,11.3,49.7,12.5,vegetarian,mixed,0,improve_stamina|carb_rich
Idli Sambar,breakfast,258,17.3,13.7,12.6,vegetarian,north_indian,1,muscle_gain|high_protein
Boiled Eggs,snack,228,5.2,37.4,9.4,non_vegetarian,north_indian,1,weight_loss|light
Idli Sambar,breakfast,173,5.3,20.0,6.4,vegetarian,south_indian,1,weight_loss|light
Tofu Stir Fry,lunch,599,44.4,20.3,18.8,vegan,north_indian,1,muscle_gain|high_protein
Peanut Chaat,snack,249,18.0,19.9,8.6,vegetarian,mixed,1,muscle_gain|high_protein
Dal Tadka,dinner,517,19.5,71.2,9.6,vegetarian,south_indian,1,muscle_gain|high_protein
Thepla,breakfast,257,6.4,33.3,8.7,vegetarian,mixed,1,balanced|beginner
Fish Curry Rice,lunch,648,34.0,73.2,11.4,non_vegetarian,north_indian,1,improve_stamina|carb_rich
Vegetable Poha,breakfast,170,3.5,18.7,7.5,vegetarian,south_indian,1,weight_loss|light
Idli Sambar,breakfast,185,3.0,23.7,7.0,vegetarian,south_indian,1,balanced|beginner
Corn Chaat,snack,189,8.1,26.3,4.1,vegan,mixed,1,balanced|beginner
Masala Omelette,breakfast,288,8.5,37.5,9.0,non_vegetarian,south_indian,1,weight_loss|light
Pav Bhaji,lunch,597,29.8,68.8,23.8,vegetarian,south_indian,0,muscle_gain|high_protein
Paneer Sandwich,breakfast,377,12.9,77.3,7.0,vegetarian,north_indian,1,balanced|beginner
Paneer Sandwich,breakfast,223,5.3,26.1,8.9,vegetarian,mixed,1,weight_loss|light
Dal Rice,lunch,504,12.3,70.3,10.3,vegetarian,north_indian,1,balanced|beginner
Fish Curry Rice,lunch,549,15.2,74.3,24.9,non_vegetarian,south_indian,0,weight_loss|light
Paneer Bhurji,dinner,373,8.1,70.8,10.3,vegetarian,south_indian,0,balanced|beginner
Upma,breakfast,312,19.9,43.0,3.9,vegetarian,north_indian,1,muscle_gain|high_protein
Protein Shake,snack,172,5.5,17.9,7.2,vegetarian,north_indian,1,balanced|beginner
Fish Curry Rice,lunch,700,34.4,41.6,12.7,non_vegetarian,mixed,1,muscle_gain|high_protein
Grilled Chicken,dinner,455,18.7,48.8,6.8,non_vegetarian,mixed,1,improve_stamina|carb_rich
Egg Curry,dinner,576,17.7,40.1,17.7,non_vegetarian,mixed,1,improve_stamina|carb_rich
Thepla,breakfast,326,10.0,40.1,17.3,vegetarian,north_indian,1,balanced|beginner
Dal Tadka,dinner,688,16.0,67.2,14.2,vegetarian,north_indian,0,improve_stamina|carb_rich
Dal Rice,lunch,401,18.8,33.1,5.1,vegetarian,north_indian,1,improve_stamina|carb_rich
Vegetable Poha,breakfast,209,6.0,18.3,10.5,vegetarian,south_indian,1,weight_loss|light
Idli Sambar,breakfast,272,12.2,34.4,7.1,vegetarian,mixed,1,balanced|beginner
Grilled Chicken,dinner,667,11.6,39.8,24.3,non_vegetarian,mixed,0,improve_stamina|carb_rich
Buttermilk,snack,186,5.7,17.7,8.6,vegetarian,north_indian,1,balanced|beginner
Fruit Bowl,breakfast,425,19.8,38.7,19.4,vegan,mixed,0,weight_loss|light
Peanut Chaat,snack,274,6.2,58.4,4.7,vegetarian,south_indian,0,balanced|beginner
Vegetable Soup,dinner,558,14.3,39.4,27.0,vegan,south_indian,0,improve_stamina|carb_rich
Buttermilk,snack,164,5.3,19.5,5.7,vegetarian,mixed,1,balanced|beginner
Fruit Bowl,breakfast,450,17.1,25.8,21.0,vegan,mixed,0,improve_stamina|carb_rich
Peanut Chaat,snack,232,4.0,23.6,11.4,vegetarian,mixed,1,weight_loss|light
Peanut Chaat,snack,275,13.4,21.4,12.6,vegetarian,north_indian,0,improve_stamina|carb_rich
Tofu Curry,dinner,590,14.4,29.7,20.1,vegan,mixed,1,balanced|beginner
Paneer Sandwich,breakfast,158,12.7,17.7,2.6,vegetarian,north_indian,0,muscle_gain|high_protein
Fish Fry,dinner,616,17.9,62.0,19.2,non_vegetarian,north_indian,1,balanced|beginner
Grilled Chicken,dinner,432,14.0,75.9,9.0,non_vegetarian,north_indian,1,improve_stamina|carb_rich
Tofu Stir Fry,lunch,630,14.9,75.7,21.1,vegan,north_indian,1,improve_stamina|carb_rich
Grilled Chicken,dinner,592,44.2,20.1,15.7,non_vegetarian,mixed,1,muscle_gain|high_protein
Pav Bhaji,lunch,599,33.1,24.4,20.4,vegetarian,south_indian,1,muscle_gain|high_protein
Masala Omelette,breakfast,286,10.0,49.6,2.7,non_vegetarian,north_indian,1,weight_loss|light
Tofu Curry,dinner,381,9.7,48.6,13.9,vegan,mixed,1,weight_loss|light
Egg Curry,dinner,368,26.1,28.8,13.2,non_vegetarian,north_indian,1,muscle_gain|high_protein
Grilled Chicken,dinner,566,30.9,67.4,3.3,non_vegetarian,south_indian,1,muscle_gain|high_protein
Vegetable Poha,breakfast,313,8.5,43.6,8.9,vegetarian,mixed,1,improve_stamina|carb_rich
Paneer Cubes,snack,183,6.3,23.2,5.6,vegetarian,mixed,1,improve_stamina|carb_rich
Tofu Curry,dinner,645,17.6,69.1,8.8,vegan,mixed,1,balanced|beginner
Idli Sambar,breakfast,284,3.9,30.1,13.9,vegetarian,north_indian,1,balanced|beginner
Fish Curry Rice,lunch,414,7.3,51.2,16.3,non_vegetarian,north_indian,0,improve_stamina|carb_rich
Buttermilk,snack,164,6.5,22.1,4.0,vegetarian,mixed,1,improve_stamina|carb_rich
Dal Tadka,dinner,485,13.7,30.0,22.8,vegetarian,north_indian,0,improve_stamina|carb_rich
Hyderabadi Biryani,lunch,490,20.0,38.8,18.5,non_vegetarian,north_indian,1,weight_loss|light
Upma,breakfast,421,14.0,39.2,19.4,vegetarian,north_indian,0,improve_stamina|carb_rich
Tofu Curry,dinner,431,11.4,72.5,9.2,vegan,north_indian,0,improve_stamina|carb_rich
Rajma Chawal,lunch,700,19.9,79.8,17.9,vegetarian,south_indian,0,balanced|beginner
Mixed Veg Curry,dinner,699,12.8,65.8,28.7,vegetarian,north_indian,0,weight_loss|light
Egg Curry,dinner,440,29.7,50.7,5.5,non_vegetarian,north_indian,1,muscle_gain|high_protein
Sabudana Khichdi,breakfast,150,8.0,16.5,4.4,vegetarian,north_indian,1,weight_loss|light
Paneer Bhurji,dinner,366,14.1,33.7,7.2,vegetarian,north_indian,1,balanced|beginner
Dal Rice,lunch,548,18.0,68.7,9.1,vegetarian,mixed,1,weight_loss|light
Dal Tadka,dinner,480,6.2,78.6,10.2,vegetarian,mixed,0,improve_stamina|carb_rich
Paneer Bhurji,dinner,648,11.4,94.1,12.1,vegetarian,north_indian,0,improve_stamina|carb_rich
Protein Shake,snack,238,3.4,31.3,8.9,vegetarian,mixed,1,weight_loss|light
Dal Tadka,dinner,475,17.6,55.9,13.3,vegetarian,south_indian,1,balanced|beginner
Buttermilk,snack,153,10.0,22.0,1.4,vegetarian,mixed,1,muscle_gain|high_protein
Kadhi Rice,lunch,384,21.3,47.6,8.2,vegetarian,mixed,1,muscle_gain|high_protein
Paneer Sandwich,breakfast,188,11.9,17.9,6.0,vegetarian,north_indian,1,muscle_gain|high_protein
Upma,breakfast,318,12.5,36.9,10.1,vegetarian,mixed,1,improve_stamina|carb_rich
Dal Rice,lunch,362,11.6,47.6,11.9,vegetarian,north_indian,0,balanced|beginner
Pav Bhaji,lunch,422,16.9,40.5,19.1,vegetarian,mixed,1,weight_loss|light
Vegetable Soup,dinner,634,18.9,75.1,16.0,vegan,mixed,1,balanced|beginner
Oats with Milk,breakfast,174,3.6,26.4,4.5,vegetarian,north_indian,0,improve_stamina|carb_rich
Mixed Veg Curry,dinner,605,27.0,39.9,25.4,vegetarian,north_indian,0,improve_stamina|carb_rich
Masala Omelette,breakfast,359,19.4,39.5,6.5,non_vegetarian,north_indian,1,improve_stamina|carb_rich
Upma,breakfast,275,26.7,30.8,2.5,vegetarian,south_indian,1,muscle_gain|high_protein
Paneer Cubes,snack,245,17.9,33.5,3.3,vegetarian,mixed,1,weight_loss|light
Oats with Milk,breakfast,264,15.1,23.1,10.0,vegetarian,mixed,1,weight_loss|light
Fish Fry,dinner,642,18.5,72.9,6.7,non_vegetarian,mixed,1,muscle_gain|high_protein
Dal Tadka,dinner,496,25.4,65.5,5.6,vegetarian,south_indian,1,muscle_gain|high_protein
Masala Omelette,breakfast,333,14.6,57.5,3.9,non_vegetarian,mixed,1,improve_stamina|carb_rich
Fish Curry Rice,lunch,363,10.8,59.4,13.8,non_vegetarian,north_indian,0,balanced|beginner
Fish Curry Rice,lunch,645,11.9,92.0,12.6,non_vegetarian,south_indian,0,weight_loss|light
Dal Rice,lunch,651,8.7,60.4,18.0,vegetarian,north_indian,0,improve_stamina|carb_rich
Protein Shake,snack,244,18.3,19.9,7.9,vegetarian,south_indian,1,muscle_gain|high_protein
Hyderabadi Biryani,lunch,469,10.5,63.3,7.0,non_vegetarian,mixed,0,balanced|beginner
Fruit Salad,snack,109,1.9,20.7,1.1,vegan,north_indian,1,improve_stamina|carb_rich
Thepla,breakfast,291,10.4,38.6,8.0,vegetarian,north_indian,1,weight_loss|light
Paneer Bhurji,dinner,360,19.6,52.5,4.7,vegetarian,mixed,1,muscle_gain|high_protein
Kadhi Rice,lunch,590,19.8,75.7,11.3,vegetarian,south_indian,1,balanced|beginner
Sabudana Khichdi,breakfast,380,12.2,57.5,9.8,vegetarian,north_indian,1,balanced|beginner
Grilled Chicken,dinner,646,24.2,60.8,21.0,non_vegetarian,south_indian,1,improve_stamina|carb_rich
Sabudana Khichdi,breakfast,312,28.4,20.0,10.4,vegetarian,mixed,1,muscle_gain|high_protein
Boiled Eggs,snack,173,13.2,22.4,1.8,non_vegetarian,north_indian,1,muscle_gain|high_protein
Buttermilk,snack,125,5.1,21.0,1.2,vegetarian,north_indian,1,weight_loss|light
Paneer Bhurji,dinner,628,16.5,91.4,9.3,vegetarian,north_indian,1,weight_loss|light
Rajma Chawal,lunch,620,66.1,40.1,9.3,vegetarian,north_indian,1,muscle_gain|high_protein
Sprouts Salad,snack,183,6.0,19.3,7.5,vegan,north_indian,1,weight_loss|light
Paneer Cubes,snack,171,6.8,20.8,5.2,vegetarian,north_indian,1,muscle_gain|high_protein
Peanut Chaat,snack,252,7.9,35.7,6.4,vegetarian,mixed,1,improve_stamina|carb_rich
Thepla,breakfast,355,13.1,51.5,7.6,vegetarian,north_indian,1,muscle_gain|high_protein
Vegetable Khichdi,lunch,678,13.3,69.7,10.1,vegetarian,north_indian,0,improve_stamina|carb_rich
Mixed Veg Curry,dinner,356,10.4,46.1,11.3,vegetarian,mixed,1,weight_loss|light
Chicken Curry Rice,lunch,420,8.8,34.8,23.0,non_vegetarian,south_indian,0,improve_stamina|carb_rich
Tofu Scramble,breakfast,299,24.8,22.2,9.7,vegan,mixed,1,muscle_gain|high_protein
Paneer Sandwich,breakfast,216,4.9,28.0,7.5,vegetarian,mixed,1,weight_loss|light
Roasted Chana,snack,130,4.4,22.9,1.1,vegan,south_indian,1,improve_stamina|carb_rich
Fruit Bowl,breakfast,269,7.0,51.1,3.4,vegan,north_indian,1,weight_loss|light
Fish Fry,dinner,432,19.2,26.9,19.8,non_vegetarian,south_indian,1,muscle_gain|high_protein
Sprouts Salad,snack,85,1.4,12.3,2.6,vegan,south_indian,1,balanced|beginner
Fish Fry,dinner,583,36.0,58.8,4.9,non_vegetarian,mixed,1,muscle_gain|high_protein
Dal Tadka,dinner,428,18.9,33.9,7.1,vegetarian,north_indian,1,balanced|beginner
Dal Rice,lunch,563,10.7,62.5,16.2,vegetarian,south_indian,0,improve_stamina|carb_rich
Grilled Chicken,dinner,474,8.7,43.9,11.5,non_vegetarian,north_indian,0,improve_stamina|carb_rich
Buttermilk,snack,247,4.3,46.5,2.7,vegetarian,north_indian,1,improve_stamina|carb_rich
Peanut Chaat,snack,217,26.2,12.1,5.1,vegetarian,south_indian,1,muscle_gain|high_protein
Fish Fry,dinner,611,12.2,53.5,26.5,non_vegetarian,north_indian,0,balanced|beginner
Tofu Stir Fry,lunch,663,40.2,75.1,23.7,vegan,north_indian,0,muscle_gain|high_protein
Paneer Bhurji,dinner,568,15.3,54.4,21.7,vegetarian,mixed,1,weight_loss|light
Grilled Chicken,dinner,432,7.6,35.0,14.8,non_vegetarian,north_indian,0,weight_loss|light
Rajma Chawal,lunch,570,19.3,74.7,21.4,vegetarian,mixed,1,improve_stamina|carb_rich
Rajma Chawal,lunch,453,19.6,51.7,23.7,vegetarian,mixed,0,weight_loss|light
Fish Curry Rice,lunch,442,39.5,40.7,9.9,non_vegetarian,north_indian,1,muscle_gain|high_protein
Protein Shake,snack,105,3.9,15.8,2.0,vegetarian,mixed,1,improve_stamina|carb_rich
Tofu Scramble,breakfast,429,14.3,52.3,9.5,vegan,north_indian,0,weight_loss|light
Buttermilk,snack,270,11.8,24.8,9.8,vegetarian,mixed,0,improve_stamina|carb_rich
Tofu Curry,dinner,700,18.5,57.6,20.5,vegan,mixed,0,weight_loss|light
Egg Curry,dinner,408,6.6,61.3,11.3,non_vegetarian,mixed,0,improve_stamina|carb_rich
Mixed Veg Curry,dinner,607,23.0,48.3,23.6,vegetarian,mixed,0,improve_stamina|carb_rich
Paneer Roti,lunch,386,22.2,54.1,5.4,vegetarian,south_indian,1,muscle_gain|high_protein
Peanut Chaat,snack,90,4.5,9.3,3.1,vegetarian,south_indian,1,muscle_gain|high_protein
Idli Sambar,breakfast,318,16.8,43.7,7.8,vegetarian,south_indian,1,weight_loss|light
Rajma Chawal,lunch,603,19.7,58.4,10.3,vegetarian,mixed,1,muscle_gain|high_protein
Peanut Chaat,snack,228,5.1,28.4,8.4,vegetarian,north_indian,1,balanced|beginner
Fruit Salad,snack,105,4.3,17.0,1.3,vegan,north_indian,1,improve_stamina|carb_rich
Paneer Bhurji,dinner,681,10.5,75.0,21.0,vegetarian,mixed,0,improve_stamina|carb_rich
Roti Sabji,dinner,626,36.3,27.9,22.2,vegetarian,mixed,0,muscle_gain|high_protein
Pav Bhaji,lunch,402,15.8,50.6,17.8,vegetarian,south_indian,1,improve_stamina|carb_rich
Dal Rice,lunch,697,17.8,87.9,16.5,vegetarian,mixed,0,balanced|beginner
Grilled Chicken,dinner,688,24.4,93.9,10.1,non_vegetarian,north_indian,0,weight_loss|light
Peanut Chaat,snack,128,3.2,13.2,5.8,vegetarian,mixed,1,improve_stamina|carb_rich
Mixed Veg Curry,dinner,669,7.4,48.4,18.9,vegetarian,north_indian,0,improve_stamina|carb_rich
Tofu Stir Fry,lunch,653,19.7,61.8,18.8,vegan,north_indian,0,improve_stamina|carb_rich
Vegetable Poha,breakfast,390,19.9,21.4,6.7,vegetarian,north_indian,1,improve_stamina|carb_rich
Grilled Chicken,dinner,366,15.3,24.6,12.0,non_vegetarian,north_indian,1,improve_stamina|carb_rich
Vegetable Poha,breakfast,258,5.6,31.7,9.8,vegetarian,north_indian,1,balanced|beginner
Fish Fry,dinner,657,31.3,52.6,7.6,non_vegetarian,north_indian,1,muscle_gain|high_protein
Hyderabadi Biryani,lunch,630,27.7,68.5,14.6,non_vegetarian,north_indian,1,improve_stamina|carb_rich
Paneer Roti,lunch,492,8.6,29.7,20.2,vegetarian,north_indian,0,improve_stamina|carb_rich
Masala Omelette,breakfast,412,24.7,34.4,15.8,non_vegetarian,north_indian,1,muscle_gain|high_protein
Tofu Scramble,breakfast,201,8.2,26.4,5.2,vegan,mixed,1,balanced|beginner
Thepla,breakfast,314,6.7,53.7,5.3,vegetarian,mixed,1,improve_stamina|carb_rich
Fish Curry Rice,lunch,407,7.2,52.4,15.1,non_vegetarian,mixed,0,improve_stamina|carb_rich
Idli Sambar,breakfast,308,13.0,20.8,10.8,vegetarian,mixed,1,weight_loss|light
Roasted Chana,snack,119,2.6,13.3,5.1,vegan,south_indian,1,improve_stamina|carb_rich
Boiled Eggs,snack,136,3.9,21.7,2.5,non_vegetarian,north_indian,1,balanced|beginner
Grilled Chicken,dinner,445,21.4,55.3,18.5,non_vegetarian,mixed,1,muscle_gain|high_protein
Fish Fry,dinner,534,17.0,69.5,23.0,non_vegetarian,north_indian,0,weight_loss|light
Paneer Cubes,snack,165,12.9,15.0,4.5,vegetarian,mixed,1,muscle_gain|high_protein
Masala Omelette,breakfast,383,7.5,43.5,16.5,non_vegetarian,south_indian,1,weight_loss|light
Boiled Eggs,snack,237,19.4,30.6,2.0,non_vegetarian,south_indian,1,muscle_gain|high_protein
Fish Curry Rice,lunch,612,17.3,67.3,13.9,non_vegetarian,mixed,1,balanced|beginner
Oats with Milk,breakfast,353,23.9,25.6,14.1,vegetarian,north_indian,1,muscle_gain|high_protein
Buttermilk,snack,213,10.1,25.0,6.1,vegetarian,north_indian,1,muscle_gain|high_protein
Grilled Chicken,dinner,573,34.0,57.0,11.7,non_vegetarian,north_indian,1,balanced|beginner
Paneer Sandwich,breakfast,414,14.0,58.3,10.2,vegetarian,north_indian,1,muscle_gain|high_protein
Grilled Chicken,dinner,503,18.6,80.0,12.4,non_vegetarian,north_indian,1,improve_stamina|carb_rich
Tofu Scramble,breakfast,372,9.3,38.2,16.9,vegan,north_indian,1,balanced|beginner
Masala Omelette,breakfast,177,2.2,32.0,2.9,non_vegetarian,north_indian,0,improve_stamina|carb_rich
Paneer Cubes,snack,266,16.9,28.6,7.0,vegetarian,mixed,0,muscle_gain|high_protein
Sprouts Salad,snack,167,7.2,23.2,3.6,vegan,south_indian,1,muscle_gain|high_protein
Kadhi Rice,lunch,353,9.4,37.8,15.1,vegetarian,north_indian,0,weight_loss|light
Fish Curry Rice,lunch,417,32.6,45.2,6.0,non_vegetarian,south_indian,1,muscle_gain|high_protein
Rajma Chawal,lunch,542,18.6,45.8,21.3,vegetarian,south_indian,1,balanced|beginner
Vegetable Soup,dinner,567,19.9,53.5,16.8,vegan,north_indian,1,improve_stamina|carb_rich
Vegetable Khichdi,lunch,387,16.4,38.5,10.8,vegetarian,mixed,1,balanced|beginner
Upma,breakfast,249,5.3,22.5,13.1,vegetarian,north_indian,1,balanced|beginner
Hyderabadi Biryani,lunch,370,5.1,42.8,16.5,non_vegetarian,south_indian,0,balanced|beginner
Egg Curry,dinner,356,8.9,52.9,8.9,non_vegetarian,north_indian,0,balanced|beginner
Idli Sambar,breakfast,252,11.3,43.0,5.8,vegetarian,north_indian,1,weight_loss|light
Tofu Curry,dinner,688,13.7,112.3,6.7,vegan,mixed,0,balanced|beginner
Paneer Sandwich,breakfast,219,5.5,23.2,9.6,vegetarian,north_indian,1,weight_loss|light
Fruit Bowl,breakfast,224,8.2,22.4,9.3,vegan,south_indian,1,improve_stamina|carb_rich
Vegetable Poha,breakfast,177,11.2,19.2,4.6,vegetarian,north_indian,0,muscle_gain|high_protein
Tofu Stir Fry,lunch,631,13.6,62.9,13.3,vegan,north_indian,1,improve_stamina|carb_rich
Sprouts Salad,snack,89,4.3,12.1,1.8,vegan,north_indian,1,muscle_gain|high_protein
Oats with Milk,breakfast,307,8.3,38.6,10.5,vegetarian,north_indian,1,balanced|beginner
Sabudana Khichdi,breakfast,212,3.5,16.8,12.6,vegetarian,north_indian,1,weight_loss|light
Grilled Chicken,dinner,626,11.3,69.1,5.7,non_vegetarian,north_indian,0,improve_stamina|carb_rich
Roasted Chana,snack,175,3.2,22.2,6.6,vegan,mixed,1,improve_stamina|carb_rich
Roti Sabji,dinner,633,35.0,70.6,10.7,vegetarian,south_indian,1,balanced|beginner
Hyderabadi Biryani,lunch,658,8.0,71.2,7.4,non_vegetarian,south_indian,0,improve_stamina|carb_rich
Paneer Sandwich,breakfast,191,4.5,20.2,8.6,vegetarian,mixed,1,improve_stamina|carb_rich
Fish Curry Rice,lunch,609,31.6,72.2,19.1,non_vegetarian,mixed,1,muscle_gain|high_protein
Dal Rice,lunch,593,10.1,33.7,22.8,vegetarian,south_indian,0,balanced|beginner
Paneer Sandwich,breakfast,269,11.2,29.0,15.4,vegetarian,north_indian,1,improve_stamina|carb_rich
Paneer Bhurji,dinner,369,16.4,34.9,10.8,vegetarian,north_indian,1,improve_stamina|carb_rich
Sprouts Salad,snack,272,3.7,30.4,12.7,vegan,south_indian,0,improve_stamina|carb_rich
Rajma Chawal,lunch,359,25.8,24.0,20.7,vegetarian,north_indian,1,muscle_gain|high_protein
Pav Bhaji,lunch,692,29.6,68.1,24.1,vegetarian,north_indian,0,muscle_gain|high_protein
Dal Rice,lunch,541,31.7,68.3,16.1,vegetarian,north_indian,1,muscle_gain|high_protein
Sprouts Salad,snack,92,3.9,9.6,3.4,vegan,north_indian,1,weight_loss|light
Dal Tadka,dinner,363,3.7,55.7,10.7,vegetarian,north_indian,1,weight_loss|light
Idli Sambar,breakfast,238,9.0,31.5,6.3,vegetarian,south_indian,1,weight_loss|light
Fruit Salad,snack,276,8.8,53.1,6.0,vegan,mixed,0,balanced|beginner
Vegetable Soup,dinner,504,14.2,57.8,7.6,vegan,north_indian,1,improve_stamina|carb_rich
Chicken Curry Rice,lunch,624,12.5,36.8,18.1,non_vegetarian,mixed,1,balanced|beginner
Dal Tadka,dinner,598,18.8,55.2,8.6,vegetarian,north_indian,1,improve_stamina|carb_rich
Boiled Eggs,snack,273,16.5,23.2,14.2,non_vegetarian,north_indian,0,improve_stamina|carb_rich
Chicken Curry Rice,lunch,425,14.9,42.5,19.6,non_vegetarian,north_indian,1,balanced|beginner
Paneer Bhurji,dinner,519,16.5,54.1,9.9,vegetarian,mixed,1,balanced|beginner
Dal Rice,lunch,415,19.5,21.4,24.1,vegetarian,mixed,0,muscle_gain|high_protein
Protein Shake,snack,87,3.1,12.6,1.9,vegetarian,north_indian,1,weight_loss|light
Dal Tadka,dinner,476,12.8,63.0,3.7,vegetarian,north_indian,1,balanced|beginner
Roti Sabji,dinner,637,15.1,78.6,14.3,vegetarian,south_indian,1,improve_stamina|carb_rich
Thepla,breakfast,366,15.6,62.8,2.6,vegetarian,south_indian,1,improve_stamina|carb_rich
Corn Chaat,snack,163,5.2,28.8,1.6,vegan,north_indian,1,improve_stamina|carb_rich
Roasted Chana,snack,191,7.5,15.9,9.1,vegan,north_indian,1,weight_loss|light
Peanut Chaat,snack,151,11.7,13.4,4.3,vegetarian,south_indian,1,muscle_gain|high_protein
Hyderabadi Biryani,lunch,641,20.3,66.6,19.8,non_vegetarian,north_indian,1,balanced|beginner
Mixed Veg Curry,dinner,699,27.4,40.7,33.4,vegetarian,mixed,0,improve_stamina|carb_rich
Fruit Salad,snack,276,12.2,26.2,11.1,vegan,north_indian,1,weight_loss|light
Paneer Cubes,snack,106,1.5,14.4,3.7,vegetarian,north_indian,1,weight_loss|light
Mixed Veg Curry,dinner,498,25.0,24.2,17.4,vegetarian,south_indian,1,muscle_gain|high_protein
Paneer Cubes,snack,289,15.8,28.2,10.0,vegetarian,mixed,0,muscle_gain|high_protein
Paneer Sandwich,breakfast,446,13.1,50.7,6.2,vegetarian,south_indian,0,improve_stamina|carb_rich
Fruit Bowl,breakfast,166,6.7,16.9,6.5,vegan,south_indian,0,muscle_gain|high_protein
Tofu Stir Fry,lunch,490,24.6,55.4,14.5,vegan,mixed,1,muscle_gain|high_protein
Pav Bhaji,lunch,653,10.1,70.9,23.5,vegetarian,mixed,0,balanced|beginner
Fish Fry,dinner,376,9.5,45.9,13.8,non_vegetarian,north_indian,1,weight_loss|light
Egg Curry,dinner,499,18.8,48.0,24.5,non_vegetarian,south_indian,0,weight_loss|light
Corn Chaat,snack,281,12.0,38.9,6.1,vegan,north_indian,1,weight_loss|light
Fish Curry Rice,lunch,366,5.5,63.5,8.3,non_vegetarian,north_indian,0,improve_stamina|carb_rich
Paneer Roti,lunch,688,11.5,75.6,22.0,vegetarian,north_indian,0,weight_loss|light
Buttermilk,snack,253,5.2,38.0,6.7,vegetarian,south_indian,1,improve_stamina|carb_rich
Tofu Scramble,breakfast,194,8.5,11.8,10.8,vegan,mixed,1,weight_loss|light
Paneer Cubes,snack,269,19.3,28.0,6.5,vegetarian,north_indian,1,muscle_gain|high_protein
Hyderabadi Biryani,lunch,493,27.7,47.5,19.7,non_vegetarian,north_indian,1,muscle_gain|high_protein
Dal Rice,lunch,560,13.5,59.9,4.6,vegetarian,south_indian,1,weight_loss|light
Egg Curry,dinner,361,9.5,57.7,13.5,non_vegetarian,north_indian,0,improve_stamina|carb_rich
Vegetable Khichdi,lunch,494,6.5,75.9,13.9,vegetarian,mixed,0,improve_stamina|carb_rich
Hyderabadi Biryani,lunch,631,14.1,69.7,20.2,non_vegetarian,mixed,1,improve_stamina|carb_rich
Hyderabadi Biryani,lunch,606,22.4,42.6,26.3,non_vegetarian,mixed,0,balanced|beginner
Tofu Curry,dinner,449,6.3,34.3,19.2,vegan,south_indian,0,improve_stamina|carb_rich
Dal Rice,lunch,651,6.6,78.5,15.5,vegetarian,north_indian,0,balanced|beginner
Vegetable Soup,dinner,645,10.6,65.4,9.3,vegan,south_indian,0,balanced|beginner
Buttermilk,snack,262,17.0,21.9,9.5,vegetarian,south_indian,0,muscle_gain|high_protein
Fish Fry,dinner,448,27.2,24.2,16.1,non_vegetarian,south_indian,1,muscle_gain|high_protein
Paneer Roti,lunch,698,31.7,43.1,30.4,vegetarian,north_indian,0,weight_loss|light
Dal Tadka,dinner,477,15.1,40.5,5.2,vegetarian,north_indian,1,weight_loss|light
Vegetable Poha,breakfast,427,15.8,32.8,9.8,vegetarian,mixed,0,improve_stamina|carb_rich
Sprouts Salad,snack,175,4.8,26.7,3.9,vegan,mixed,1,balanced|beginner
Pav Bhaji,lunch,674,19.1,52.2,23.3,vegetarian,north_indian,0,balanced|beginner
Roti Sabji,dinner,375,3.8,47.0,15.8,vegetarian,mixed,0,improve_stamina|carb_rich
Hyderabadi Biryani,lunch,579,16.5,91.0,5.0,non_vegetarian,north_indian,1,balanced|beginner
Chicken Curry Rice,lunch,386,7.6,33.0,6.5,non_vegetarian,mixed,1,weight_loss|light
Tofu Stir Fry,lunch,461,32.0,77.5,10.2,vegan,south_indian,1,muscle_gain|high_protein
Fish Curry Rice,lunch,468,26.7,46.4,10.2,non_vegetarian,north_indian,1,balanced|beginner
Idli Sambar,breakfast,172,10.2,23.5,2.6,vegetarian,north_indian,0,muscle_gain|high_protein
Oats with Milk,breakfast,338,7.6,41.9,12.5,vegetarian,mixed,1,improve_stamina|carb_rich
Tofu Scramble,breakfast,328,18.5,39.4,7.8,vegan,mixed,1,muscle_gain|high_protein
Protein Shake,snack,80,2.0,14.7,0.8,vegetarian,south_indian,1,improve_stamina|carb_rich
Fruit Salad,snack,294,5.9,31.0,13.7,vegan,north_indian,0,improve_stamina|carb_rich
Grilled Chicken,dinner,429,18.5,32.4,21.0,non_vegetarian,south_indian,1,improve_stamina|carb_rich
Sprouts Salad,snack,103,3.1,12.0,3.8,vegan,north_indian,1,balanced|beginner
Fruit Bowl,breakfast,327,9.6,50.5,6.7,vegan,north_indian,1,balanced|beginner
Vegetable Poha,breakfast,263,9.0,21.2,13.5,vegetarian,mixed,1,improve_stamina|carb_rich
Paneer Bhurji,dinner,481,32.4,56.8,5.4,vegetarian,mixed,1,muscle_gain|high_protein
Tofu Stir Fry,lunch,468,13.7,59.0,15.5,vegan,mixed,1,weight_loss|light
Egg Curry,dinner,429,16.9,66.1,6.1,non_vegetarian,north_indian,1,improve_stamina|carb_rich
Idli Sambar,breakfast,172,8.1,30.3,4.5,vegetarian,mixed,0,improve_stamina|carb_rich
Vegetable Khichdi,lunch,440,40.6,44.7,14.3,vegetarian,north_indian,1,muscle_gain|high_protein
Masala Omelette,breakfast,168,4.1,22.1,5.5,non_vegetarian,north_indian,0,improve_stamina|carb_rich
Chicken Curry Rice,lunch,489,25.4,58.8,7.1,non_vegetarian,mixed,1,improve_stamina|carb_rich
Kadhi Rice,lunch,512,15.5,59.4,21.1,vegetarian,north_indian,1,improve_stamina|carb_rich
Tofu Stir Fry,lunch,585,18.4,60.8,4.1,vegan,south_indian,1,balanced|beginner
Sabudana Khichdi,breakfast,406,19.7,35.9,11.4,vegetarian,mixed,1,weight_loss|light
Protein Shake,snack,183,2.7,16.1,10.4,vegetarian,north_indian,1,balanced|beginner
Fish Curry Rice,lunch,600,11.3,68.4,6.3,non_vegetarian,north_indian,0,balanced|beginner
Egg Curry,dinner,433,11.7,62.7,19.0,non_vegetarian,mixed,0,improve_stamina|carb_rich
Tofu Scramble,breakfast,266,8.2,31.6,9.5,vegan,mixed,1,weight_loss|light
Masala Omelette,breakfast,426,10.7,50.8,9.5,non_vegetarian,mixed,0,weight_loss|light
Idli Sambar,breakfast,405,14.0,54.9,9.5,vegetarian,north_indian,1,improve_stamina|carb_rich
Upma,breakfast,212,13.6,16.0,8.5,vegetarian,south_indian,1,muscle_gain|high_protein
Fish Curry Rice,lunch,356,9.2,54.2,8.4,non_vegetarian,north_indian,0,improve_stamina|carb_rich
Oats with Milk,breakfast,194,5.8,27.0,8.9,vegetarian,mixed,1,balanced|beginner
Tofu Curry,dinner,461,13.6,54.5,16.9,vegan,north_indian,1,improve_stamina|carb_rich
Sprouts Salad,snack,184,6.1,23.2,5.8,vegan,north_indian,1,balanced|beginner
Egg Curry,dinner,395,14.4,60.4,10.3,non_vegetarian,south_indian,1,improve_stamina|carb_rich
Sabudana Khichdi,breakfast,316,9.9,39.4,10.4,vegetarian,south_indian,1,improve_stamina|carb_rich
Upma,breakfast,178,11.6,21.2,3.6,vegetarian,mixed,0,muscle_gain|high_protein
Tofu Scramble,breakfast,219,6.5,28.2,10.4,vegan,north_indian,1,balanced|beginner
Tofu Stir Fry,lunch,555,16.6,38.1,16.9,vegan,north_indian,1,improve_stamina|carb_rich
Tofu Curry,dinner,474,14.6,43.2,7.1,vegan,north_indian,1,weight_loss|light
Tofu Curry,dinner,416,14.7,60.2,9.9,vegan,mixed,1,balanced|beginner
Tofu Stir Fry,lunch,691,21.3,67.5,23.5,vegan,mixed,0,weight_loss|light
Tofu Scramble,breakfast,364,19.3,41.6,10.2,vegan,mixed,1,muscle_gain|high_protein
Paneer Cubes,snack,283,9.3,25.0,6.0,vegetarian,north_indian,0,balanced|beginner
Buttermilk,snack,145,9.0,16.6,3.5,vegetarian,south_indian,1,muscle_gain|high_protein
Rajma Chawal,lunch,444,12.5,53.7,16.9,vegetarian,north_indian,1,weight_loss|light
Tofu Stir Fry,lunch,621,9.8,50.1,23.3,vegan,north_indian,0,weight_loss|light
Corn Chaat,snack,145,4.3,17.5,5.1,vegan,north_indian,1,improve_stamina|carb_rich
Buttermilk,snack,196,7.9,26.6,4.7,vegetarian,north_indian,1,weight_loss|light
Idli Sambar,breakfast,418,14.6,39.2,18.8,vegetarian,mixed,0,improve_stamina|carb_rich
Vegetable Soup,dinner,641,34.4,75.1,6.4,vegan,mixed,1,muscle_gain|high_protein
Vegetable Soup,dinner,372,16.8,34.4,7.7,vegan,south_indian,1,balanced|beginner
Dal Rice,lunch,368,5.7,20.6,24.3,vegetarian,north_indian,0,balanced|beginner
Protein Shake,snack,86,3.3,9.5,3.1,vegetarian,mixed,1,balanced|beginner
Fruit Salad,snack,209,5.4,26.7,7.1,vegan,north_indian,1,balanced|beginner
Hyderabadi Biryani,lunch,678,21.2,34.5,23.5,non_vegetarian,south_indian,0,muscle_gain|high_protein
Tofu Scramble,breakfast,353,8.8,45.1,12.1,vegan,south_indian,1,weight_loss|light
Chicken Curry Rice,lunch,589,14.4,66.1,17.9,non_vegetarian,north_indian,1,balanced|beginner
Roti Sabji,dinner,690,10.7,37.1,21.6,vegetarian,mixed,0,weight_loss|light
Paneer Bhurji,dinner,481,7.8,54.8,20.3,vegetarian,south_indian,0,balanced|beginner
Egg Curry,dinner,669,13.2,71.0,16.7,non_vegetarian,north_indian,0,improve_stamina|carb_rich
Paneer Roti,lunch,378,27.7,23.3,18.0,vegetarian,north_indian,1,muscle_gain|high_protein
Sprouts Salad,snack,231,8.8,25.5,6.8,vegan,mixed,1,weight_loss|light
Rajma Chawal,lunch,428,18.1,20.4,13.4,vegetarian,south_indian,1,weight_loss|light
Paneer Bhurji,dinner,695,16.4,29.0,24.5,vegetarian,mixed,0,balanced|beginner
Rajma Chawal,lunch,484,6.9,44.2,24.2,vegetarian,mixed,0,improve_stamina|carb_rich
Sprouts Salad,snack,130,2.2,15.3,5.5,vegan,north_indian,1,balanced|beginner
Tofu Curry,dinner,419,15.2,36.0,4.4,vegan,mixed,1,improve_stamina|carb_rich
Egg Curry,dinner,406,8.4,32.5,14.3,non_vegetarian,north_indian,0,improve_stamina|carb_rich
Paneer Sandwich,breakfast,170,6.0,16.8,7.3,vegetarian,north_indian,0,balanced|beginner
Mixed Veg Curry,dinner,484,18.9,68.2,13.9,vegetarian,south_indian,1,muscle_gain|high_protein
Fish Curry Rice,lunch,568,29.0,43.9,8.9,non_vegetarian,south_indian,1,muscle_gain|high_protein
Pav Bhaji,lunch,536,22.8,66.8,6.4,vegetarian,north_indian,1,muscle_gain|high_protein
Masala Omelette,breakfast,367,15.3,27.6,19.7,non_vegetarian,south_indian,0,balanced|beginner
Upma,breakfast,173,11.4,15.1,5.9,vegetarian,north_indian,0,muscle_gain|high_protein
Buttermilk,snack,107,2.5,9.3,5.7,vegetarian,mixed,1,weight_loss|light
Egg Curry,dinner,525,9.7,54.5,16.1,non_vegetarian,north_indian,0,improve_stamina|carb_rich
Sabudana Khichdi,breakfast,231,9.4,26.1,7.9,vegetarian,mixed,1,muscle_gain|high_protein
Peanut Chaat,snack,186,8.8,18.8,6.8,vegetarian,north_indian,1,balanced|beginner
Dal Tadka,dinner,571,8.1,21.7,24.1,vegetarian,mixed,0,improve_stamina|carb_rich
Boiled Eggs,snack,160,5.7,24.7,2.9,non_vegetarian,south_indian,1,balanced|beginner
Idli Sambar,breakfast,387,17.1,29.3,10.8,vegetarian,south_indian,1,weight_loss|light
Protein Shake,snack,94,2.2,12.0,3.3,vegetarian,mixed,1,weight_loss|light
Tofu Stir Fry,lunch,515,9.0,65.1,9.0,vegan,north_indian,0,balanced|beginner
Paneer Sandwich,breakfast,424,9.3,49.3,13.8,vegetarian,mixed,0,improve_stamina|carb_rich
Roasted Chana,snack,215,8.2,28.3,5.8,vegan,north_indian,1,improve_stamina|carb_rich
Corn Chaat,snack,198,21.3,11.7,5.6,vegan,mixed,1,muscle_gain|high_protein
Upma,breakfast,174,5.1,26.1,3.9,vegetarian,mixed,0,balanced|beginner
Buttermilk,snack,238,4.0,40.0,4.8,vegetarian,north_indian,1,weight_loss|light
Rajma Chawal,lunch,497,9.1,35.6,14.6,vegetarian,north_indian,0,weight_loss|light
Peanut Chaat,snack,239,3.9,26.8,10.8,vegetarian,north_indian,1,balanced|beginner
Peanut Chaat,snack,294,10.4,24.6,14.5,vegetarian,south_indian,0,balanced|beginner
Chicken Curry Rice,lunch,522,12.0,78.6,24.6,non_vegetarian,mixed,0,weight_loss|light
Vegetable Soup,dinner,492,9.6,48.8,20.3,vegan,south_indian,0,improve_stamina|carb_rich
Chicken Curry Rice,lunch,641,6.8,56.9,15.4,non_vegetarian,mixed,0,balanced|beginner
Upma,breakfast,330,27.1,21.1,11.3,vegetarian,south_indian,1,muscle_gain|high_protein
Roti Sabji,dinner,554,15.1,77.0,17.8,vegetarian,north_indian,1,improve_stamina|carb_rich
Sabudana Khichdi,breakfast,255,26.6,18.1,6.2,vegetarian,north_indian,1,muscle_gain|high_protein
Paneer Bhurji,dinner,609,15.8,63.4,4.2,vegetarian,mixed,1,balanced|beginner
Buttermilk,snack,182,2.8,22.2,7.5,vegetarian,north_indian,1,weight_loss|light
Dal Rice,lunch,691,7.8,72.0,27.5,vegetarian,north_indian,0,weight_loss|light
Mixed Veg Curry,dinner,584,32.8,76.8,8.1,vegetarian,mixed,1,muscle_gain|high_protein
Rajma Chawal,lunch,576,22.0,76.1,8.8,vegetarian,north_indian,1,muscle_gain|high_protein
Vegetable Soup,dinner,678,29.1,46.9,28.0,vegan,north_indian,0,improve_stamina|carb_rich
Paneer Bhurji,dinner,671,10.1,74.7,4.3,vegetarian,north_indian,0,improve_stamina|carb_rich
Rajma Chawal,lunch,663,26.1,49.4,26.8,vegetarian,north_indian,0,improve_stamina|carb_rich
Boiled Eggs,snack,209,16.1,22.1,4.4,non_vegetarian,north_indian,1,muscle_gain|high_protein
Masala Omelette,breakfast,325,4.4,36.8,14.9,non_vegetarian,mixed,1,improve_stamina|carb_rich
Protein Shake,snack,188,6.2,12.5,10.9,vegetarian,mixed,1,weight_loss|light
Vegetable Khichdi,lunch,440,9.0,31.1,13.7,vegetarian,north_indian,0,weight_loss|light
Vegetable Soup,dinner,613,24.0,43.9,23.0,vegan,south_indian,0,muscle_gain|high_protein
Fish Curry Rice,lunch,478,13.6,57.8,14.1,non_vegetarian,mixed,1,improve_stamina|carb_rich
Masala Omelette,breakfast,202,12.6,23.5,4.6,non_vegetarian,north_indian,1,muscle_gain|high_protein
Protein Shake,snack,113,4.2,13.8,3.5,vegetarian,south_indian,1,improve_stamina|carb_rich
Vegetable Poha,breakfast,253,10.9,36.7,4.7,vegetarian,mixed,1,balanced|beginner
Tofu Scramble,breakfast,226,8.7,24.7,8.2,vegan,north_indian,1,improve_stamina|carb_rich
Tofu Curry,dinner,620,18.1,61.0,24.2,vegan,south_indian,0,balanced|beginner
Paneer Roti,lunch,587,40.0,73.8,11.2,vegetarian,north_indian,1,muscle_gain|high_protein
Protein Shake,snack,179,4.7,21.8,6.5,vegetarian,north_indian,1,balanced|beginner
Masala Omelette,breakfast,409,16.6,25.9,19.9,non_vegetarian,mixed,0,weight_loss|light
Protein Shake,snack,220,17.3,14.7,8.2,vegetarian,mixed,1,muscle_gain|high_protein
Pav Bhaji,lunch,415,16.6,67.2,11.5,vegetarian,south_indian,1,balanced|beginner
Buttermilk,snack,189,3.0,35.3,2.3,vegetarian,north_indian,1,weight_loss|light
Idli Sambar,breakfast,354,10.5,33.2,23.6,vegetarian,south_indian,0,weight_loss|light
Vegetable Soup,dinner,585,15.3,63.5,23.1,vegan,mixed,0,balanced|beginner
Tofu Stir Fry,lunch,697,7.7,52.8,19.5,vegan,mixed,0,weight_loss|light
Boiled Eggs,snack,270,5.3,31.3,11.3,non_vegetarian,mixed,0,improve_stamina|carb_rich
Fruit Salad,snack,178,6.0,27.8,3.2,vegan,north_indian,1,balanced|beginner
Chicken Curry Rice,lunch,456,16.4,51.5,19.7,non_vegetarian,north_indian,1,weight_loss|light
Roti Sabji,dinner,386,26.5,29.8,14.5,vegetarian,mixed,1,muscle_gain|high_protein
Hyderabadi Biryani,lunch,659,19.9,64.7,8.1,non_vegetarian,north_indian,0,weight_loss|light
Boiled Eggs,snack,94,4.1,13.4,1.9,non_vegetarian,north_indian,1,improve_stamina|carb_rich
Roasted Chana,snack,149,3.6,16.5,6.3,vegan,mixed,1,balanced|beginner
Dal Rice,lunch,422,37.0,38.5,12.0,vegetarian,mixed,1,muscle_gain|high_protein
Rajma Chawal,lunch,432,14.5,25.7,14.6,vegetarian,south_indian,1,balanced|beginner
Paneer Cubes,snack,288,4.5,50.7,4.9,vegetarian,mixed,1,weight_loss|light
Mixed Veg Curry,dinner,489,32.9,54.8,15.9,vegetarian,north_indian,1,muscle_gain|high_protein
Tofu Scramble,breakfast,421,6.1,67.6,19.5,vegan,south_indian,0,improve_stamina|carb_rich
Thepla,breakfast,374,6.9,59.3,8.8,vegetarian,north_indian,1,balanced|beginner
Thepla,breakfast,305,6.0,47.2,7.6,vegetarian,mixed,1,weight_loss|light
Idli Sambar,breakfast,312,16.3,33.8,6.6,vegetarian,south_indian,1,improve_stamina|carb_rich
Fish Curry Rice,lunch,510,14.5,59.7,19.2,non_vegetarian,north_indian,1,improve_stamina|carb_rich
Fruit Salad,snack,234,18.9,20.3,6.5,vegan,north_indian,1,muscle_gain|high_protein
Buttermilk,snack,253,8.2,31.6,8.2,vegetarian,north_indian,1,improve_stamina|carb_rich
Mixed Veg Curry,dinner,675,27.3,70.5,10.2,vegetarian,south_indian,1,muscle_gain|high_protein
Fruit Bowl,breakfast,327,15.5,34.4,11.3,vegan,north_indian,1,muscle_gain|high_protein
Thepla,breakfast,279,6.9,40.5,7.5,vegetarian,north_indian,1,improve_stamina|carb_rich
Vegetable Khichdi,lunch,407,19.7,41.7,20.4,vegetarian,mixed,1,muscle_gain|high_protein
Paneer Bhurji,dinner,517,36.2,34.0,15.9,vegetarian,north_indian,1,muscle_gain|high_protein
Grilled Chicken,dinner,519,9.7,58.2,14.9,non_vegetarian,north_indian,0,improve_stamina|carb_rich
Rajma Chawal,lunch,519,15.8,74.5,8.7,vegetarian,north_indian,1,weight_loss|light
Protein Shake,snack,229,8.5,22.2,9.7,vegetarian,mixed,1,weight_loss|light
Upma,breakfast,154,5.5,16.7,5.9,vegetarian,south_indian,0,balanced|beginner
Masala Omelette,breakfast,350,7.1,46.5,12.0,non_vegetarian,north_indian,1,weight_loss|light
Tofu Scramble,breakfast,247,3.1,29.4,10.8,vegan,mixed,1,improve_stamina|carb_rich
Roti Sabji,dinner,359,22.5,39.0,17.5,vegetarian,south_indian,1,muscle_gain|high_protein
Boiled Eggs,snack,89,4.4,11.6,2.0,non_vegetarian,mixed,1,muscle_gain|high_protein
Fruit Bowl,breakfast,220,16.6,16.5,7.8,vegan,south_indian,1,muscle_gain|high_protein
Hyderabadi Biryani,lunch,633,33.8,22.4,18.4,non_vegetarian,south_indian,1,muscle_gain|high_protein
Grilled Chicken,dinner,648,19.9,78.0,24.2,non_vegetarian,north_indian,0,weight_loss|light
Paneer Sandwich,breakfast,370,19.4,29.4,16.1,vegetarian,north_indian,1,muscle_gain|high_protein
Paneer Cubes,snack,204,3.1,25.7,8.0,vegetarian,south_indian,1,improve_stamina|carb_rich
Mixed Veg Curry,dinner,534,6.1,56.5,12.9,vegetarian,north_indian,0,improve_stamina|carb_rich
Boiled Eggs,snack,202,3.6,39.2,1.6,non_vegetarian,south_indian,1,weight_loss|light
Tofu Curry,dinner,685,10.2,47.6,36.7,vegan,mixed,0,weight_loss|light
Paneer Cubes,snack,101,2.1,7.9,5.9,vegetarian,south_indian,1,improve_stamina|carb_rich
Tofu Scramble,breakfast,427,35.8,38.5,18.4,vegan,south_indian,1,muscle_gain|high_protein
Idli Sambar,breakfast,418,12.2,75.2,9.9,vegetarian,south_indian,1,improve_stamina|carb_rich
Vegetable Poha,breakfast,345,18.6,38.7,9.8,vegetarian,north_indian,1,muscle_gain|high_protein
Mixed Veg Curry,dinner,456,8.0,65.0,7.5,vegetarian,north_indian,0,improve_stamina|carb_rich
Vegetable Khichdi,lunch,632,19.9,43.3,16.4,vegetarian,north_indian,1,improve_stamina|carb_rich
Dal Rice,lunch,556,20.5,68.7,22.7,vegetarian,mixed,0,muscle_gain|high_protein
Mixed Veg Curry,dinner,440,28.3,60.3,5.6,vegetarian,north_indian,1,muscle_gain|high_protein
Thepla,breakfast,431,9.9,22.1,21.4,vegetarian,mixed,0,weight_loss|light
Upma,breakfast,189,3.7,29.7,4.5,vegetarian,north_indian,1,balanced|beginner
Peanut Chaat,snack,104,3.0,18.4,1.1,vegetarian,north_indian,1,balanced|beginner
Tofu Scramble,breakfast,403,18.0,45.0,11.5,vegan,north_indian,1,weight_loss|light
Upma,breakfast,440,14.8,56.3,6.1,vegetarian,north_indian,0,improve_stamina|carb_rich
Peanut Chaat,snack,124,4.5,14.5,4.2,vegetarian,north_indian,1,muscle_gain|high_protein
Fish Fry,dinner,416,10.6,62.3,11.0,non_vegetarian,north_indian,0,balanced|beginner
Grilled Chicken,dinner,529,10.6,71.3,11.8,non_vegetarian,mixed,0,weight_loss|light
Rajma Chawal,lunch,505,44.6,62.0,17.1,vegetarian,north_indian,1,muscle_gain|high_protein
Tofu Stir Fry,lunch,351,7.7,62.8,10.0,vegan,north_indian,1,weight_loss|light
Paneer Cubes,snack,239,9.0,29.4,7.3,vegetarian,north_indian,1,improve_stamina|carb_rich
Vegetable Soup,dinner,527,17.6,50.8,18.0,vegan,mixed,1,improve_stamina|carb_rich
Oats with Milk,breakfast,179,4.2,23.5,6.0,vegetarian,south_indian,0,balanced|beginner
Sabudana Khichdi,breakfast,189,18.8,11.0,6.1,vegetarian,north_indian,1,muscle_gain|high_protein
Roti Sabji,dinner,406,16.6,59.5,6.2,vegetarian,mixed,1,balanced|beginner
Pav Bhaji,lunch,555,13.7,47.0,10.0,vegetarian,north_indian,1,weight_loss|light
Thepla,breakfast,318,12.5,48.5,5.4,vegetarian,north_indian,1,improve_stamina|carb_rich
Roti Sabji,dinner,463,18.3,66.6,18.4,vegetarian,north_indian,1,balanced|beginner
Dal Rice,lunch,388,12.0,50.3,7.7,vegetarian,north_indian,1,weight_loss|light
Paneer Cubes,snack,189,7.4,19.6,7.4,vegetarian,north_indian,1,weight_loss|light
Sprouts Salad,snack,247,7.5,34.7,6.5,vegan,north_indian,1,improve_stamina|carb_rich
Kadhi Rice,lunch,650,16.3,54.6,27.7,vegetarian,north_indian,0,improve_stamina|carb_rich
Dal Rice,lunch,398,44.7,49.1,6.0,vegetarian,mixed,1,muscle_gain|high_protein
Roti Sabji,dinner,675,32.9,54.9,15.0,vegetarian,mixed,1,muscle_gain|high_protein
Sabudana Khichdi,breakfast,419,18.7,44.4,11.8,vegetarian,north_indian,1,improve_stamina|carb_rich
Sabudana Khichdi,breakfast,217,12.1,27.7,4.5,vegetarian,north_indian,1,muscle_gain|high_protein
Fruit Salad,snack,108,7.3,13.8,1.7,vegan,north_indian,1,muscle_gain|high_protein
Vegetable Poha,breakfast,339,23.2,25.2,13.1,vegetarian,mixed,1,muscle_gain|high_protein
Paneer Sandwich,breakfast,285,23.4,17.9,10.8,vegetarian,mixed,1,muscle_gain|high_protein
Rajma Chawal,lunch,453,19.8,59.1,10.1,vegetarian,mixed,1,improve_stamina|carb_rich
Tofu Stir Fry,lunch,549,19.4,74.8,18.6,vegan,south_indian,1,balanced|beginner
Vegetable Poha,breakfast,298,24.1,25.3,8.5,vegetarian,north_indian,1,muscle_gain|high_protein
Masala Omelette,breakfast,209,7.8,23.4,7.5,non_vegetarian,north_indian,1,balanced|beginner
Tofu Curry,dinner,573,13.6,71.6,14.4,vegan,mixed,1,improve_stamina|carb_rich
Fruit Salad,snack,81,3.7,10.8,1.8,vegan,north_indian,1,weight_loss|light
Sprouts Salad,snack,108,3.7,12.5,3.9,vegan,mixed,1,muscle_gain|high_protein
Tofu Scramble,breakfast,305,15.9,30.2,10.7,vegan,north_indian,1,muscle_gain|high_protein
Boiled Eggs,snack,126,4.7,11.7,5.6,non_vegetarian,south_indian,1,improve_stamina|carb_rich
Upma,breakfast,340,23.1,48.5,6.0,vegetarian,mixed,1,muscle_gain|high_protein
Fruit Salad,snack,241,11.6,23.0,9.2,vegan,mixed,1,weight_loss|light
Upma,breakfast,306,12.9,37.8,8.7,vegetarian,mixed,1,improve_stamina|carb_rich
Hyderabadi Biryani,lunch,386,17.4,39.9,16.7,non_vegetarian,mixed,1,improve_stamina|carb_rich
Vegetable Soup,dinner,468,7.8,68.8,18.7,vegan,south_indian,0,weight_loss|light
Hyderabadi Biryani,lunch,642,14.8,46.1,31.4,non_vegetarian,mixed,0,weight_loss|light
Mixed Veg Curry,dinner,397,11.5,35.4,8.4,vegetarian,mixed,0,balanced|beginner
Vegetable Soup,dinner,610,13.5,64.0,15.7,vegan,north_indian,1,balanced|beginner
Dal Rice,lunch,619,41.9,53.2,11.5,vegetarian,north_indian,1,muscle_gain|high_protein
Oats with Milk,breakfast,417,14.4,30.9,20.7,vegetarian,north_indian,0,improve_stamina|carb_rich
Paneer Cubes,snack,170,5.5,19.3,6.4,vegetarian,mixed,1,weight_loss|light
Chicken Curry Rice,lunch,453,12.8,49.4,16.3,non_vegetarian,mixed,1,improve_stamina|carb_rich
Sprouts Salad,snack,110,4.8,17.4,1.4,vegan,north_indian,1,improve_stamina|carb_rich
Sabudana Khichdi,breakfast,227,7.1,34.4,4.7,vegetarian,north_indian,1,improve_stamina|carb_rich
Peanut Chaat,snack,238,3.4,30.4,9.3,vegetarian,south_indian,1,weight_loss|light
Boiled Eggs,snack,97,6.2,9.4,3.0,non_vegetarian,north_indian,1,muscle_gain|high_protein
Fish Curry Rice,lunch,446,14.5,56.2,10.7,non_vegetarian,north_indian,1,weight_loss|light
Paneer Bhurji,dinner,572,22.3,59.0,3.6,vegetarian,north_indian,1,muscle_gain|high_protein
Tofu Scramble,breakfast,230,7.6,29.0,7.2,vegan,north_indian,1,balanced|beginner
Buttermilk,snack,159,6.1,14.3,7.2,vegetarian,north_indian,1,balanced|beginner
Tofu Stir Fry,lunch,674,23.3,71.4,19.3,vegan,north_indian,0,balanced|beginner
Fish Fry,dinner,525,16.1,79.5,19.6,non_vegetarian,mixed,1,weight_loss|light
Buttermilk,snack,267,15.5,22.2,10.5,vegetarian,mixed,0,muscle_gain|high_protein
Protein Shake,snack,179,3.0,16.3,9.7,vegetarian,north_indian,1,improve_stamina|carb_rich
Vegetable Soup,dinner,547,19.0,75.6,7.8,vegan,mixed,1,weight_loss|light
Grilled Chicken,dinner,531,11.3,42.9,20.2,non_vegetarian,north_indian,0,balanced|beginner
Paneer Sandwich,breakfast,344,9.0,50.6,8.7,vegetarian,south_indian,1,balanced|beginner
Egg Curry,dinner,658,11.9,78.7,5.1,non_vegetarian,north_indian,0,balanced|beginner
Dal Rice,lunch,565,5.0,30.7,24.2,vegetarian,north_indian,0,improve_stamina|carb_rich
Roasted Chana,snack,238,3.7,24.9,11.6,vegan,north_indian,1,improve_stamina|carb_rich
Peanut Chaat,snack,126,6.8,18.8,1.5,vegetarian,north_indian,1,improve_stamina|carb_rich
Kadhi Rice,lunch,420,7.3,67.8,14.8,vegetarian,mixed,0,balanced|beginner
Sabudana Khichdi,breakfast,375,24.5,32.6,12.9,vegetarian,north_indian,1,muscle_gain|high_protein
Idli Sambar,breakfast,417,44.1,64.6,3.1,vegetarian,north_indian,1,muscle_gain|high_protein
Vegetable Khichdi,lunch,663,5.6,33.0,23.4,vegetarian,south_indian,0,improve_stamina|carb_rich
Protein Shake,snack,148,5.7,17.0,5.0,vegetarian,north_indian,1,muscle_gain|high_protein
Tofu Curry,dinner,400,11.3,49.9,13.7,vegan,south_indian,0,improve_stamina|carb_rich
Masala Omelette,breakfast,354,40.0,43.8,3.9,non_vegetarian,north_indian,1,muscle_gain|high_protein
Vegetable Soup,dinner,461,7.2,40.1,23.9,vegan,north_indian,0,weight_loss|light
Kadhi Rice,lunch,682,23.2,68.7,25.0,vegetarian,mixed,0,muscle_gain|high_protein
Vegetable Soup,dinner,357,16.4,21.2,23.6,vegan,north_indian,0,balanced|beginner
Chicken Curry Rice,lunch,582,32.5,40.0,20.8,non_vegetarian,north_indian,1,balanced|beginner
Paneer Sandwich,breakfast,369,31.0,29.3,18.0,vegetarian,north_indian,1,muscle_gain|high_protein
Oats with Milk,breakfast,233,3.4,36.7,6.0,vegetarian,south_indian,1,improve_stamina|carb_rich
Peanut Chaat,snack,251,10.1,24.9,10.1,vegetarian,north_indian,1,balanced|beginner
Sprouts Salad,snack,248,10.1,22.0,11.1,vegan,north_indian,1,muscle_gain|high_protein
Protein Shake,snack,243,14.0,27.3,7.2,vegetarian,north_indian,1,improve_stamina|carb_rich
Vegetable Soup,dinner,568,43.7,66.2,4.8,vegan,north_indian,1,muscle_gain|high_protein
Fruit Bowl,breakfast,205,19.0,17.3,4.8,vegan,south_indian,1,muscle_gain|high_protein
Vegetable Soup,dinner,454,19.3,30.5,9.2,vegan,north_indian,1,improve_stamina|carb_rich
Paneer Cubes,snack,184,3.5,17.7,9.4,vegetarian,mixed,1,balanced|beginner
Paneer Sandwich,breakfast,211,11.2,24.1,6.5,vegetarian,south_indian,1,balanced|beginner
Fish Curry Rice,lunch,659,30.4,51.5,23.7,non_vegetarian,north_indian,0,improve_stamina|carb_rich
Egg Curry,dinner,615,15.9,36.5,20.9,non_vegetarian,mixed,1,weight_loss|light
Dal Tadka,dinner,361,13.1,38.7,17.7,vegetarian,mixed,1,weight_loss|light
Fish Curry Rice,lunch,597,5.4,45.5,17.4,non_vegetarian,north_indian,0,balanced|beginner
Fruit Salad,snack,106,8.1,12.7,1.6,vegan,north_indian,1,muscle_gain|high_protein
Paneer Cubes,snack,176,13.4,11.3,7.0,vegetarian,mixed,1,muscle_gain|high_protein
Idli Sambar,breakfast,339,14.5,54.7,6.7,vegetarian,north_indian,1,balanced|beginner
Dal Rice,lunch,698,14.5,72.5,24.9,vegetarian,north_indian,0,improve_stamina|carb_rich
Pav Bhaji,lunch,373,11.0,45.1,8.0,vegetarian,mixed,1,weight_loss|light
Hyderabadi Biryani,lunch,520,15.4,46.2,20.0,non_vegetarian,mixed,1,improve_stamina|carb_rich
Rajma Chawal,lunch,450,15.2,57.6,23.0,vegetarian,north_indian,0,balanced|beginner
Paneer Cubes,snack,282,7.0,55.7,7.8,vegetarian,north_indian,0,balanced|beginner
Vegetable Soup,dinner,600,16.4,61.9,8.6,vegan,north_indian,1,weight_loss|light
Hyderabadi Biryani,lunch,531,8.6,23.3,18.7,non_vegetarian,north_indian,0,weight_loss|light
Paneer Cubes,snack,133,4.3,10.6,7.0,vegetarian,south_indian,1,weight_loss|light
Buttermilk,snack,170,4.3,29.6,2.3,vegetarian,north_indian,1,improve_stamina|carb_rich
Boiled Eggs,snack,117,1.9,22.3,1.2,non_vegetarian,north_indian,1,balanced|beginner
Hyderabadi Biryani,lunch,650,16.3,56.3,26.9,non_vegetarian,north_indian,0,improve_stamina|carb_rich
Tofu Curry,dinner,523,32.2,50.8,16.6,vegan,north_indian,1,muscle_gain|high_protein
Dal Tadka,dinner,417,12.7,62.2,11.1,vegetarian,mixed,1,improve_stamina|carb_rich
Egg Curry,dinner,572,9.8,49.2,24.2,non_vegetarian,south_indian,0,weight_loss|light
Tofu Curry,dinner,632,40.2,73.9,23.0,vegan,north_indian,0,muscle_gain|high_protein
Peanut Chaat,snack,221,5.6,37.3,4.8,vegetarian,mixed,1,balanced|beginner
Thepla,breakfast,419,19.2,56.0,17.7,vegetarian,north_indian,1,balanced|beginner
Grilled Chicken,dinner,618,41.9,61.4,10.4,non_vegetarian,south_indian,1,weight_loss|light
Fruit Bowl,breakfast,297,5.9,40.5,9.8,vegan,north_indian,1,improve_stamina|carb_rich
Oats with Milk,breakfast,348,19.5,23.9,10.4,vegetarian,north_indian,1,weight_loss|light
Mixed Veg Curry,dinner,444,31.6,41.4,21.4,vegetarian,south_indian,1,muscle_gain|high_protein
Sabudana Khichdi,breakfast,276,20.6,12.6,13.4,vegetarian,north_indian,1,muscle_gain|high_protein
Paneer Roti,lunch,435,13.3,50.1,10.4,vegetarian,mixed,1,weight_loss|light
Sprouts Salad,snack,226,7.1,19.8,11.1,vegan,mixed,1,weight_loss|light
Dal Rice,lunch,546,15.0,59.1,19.7,vegetarian,mixed,1,balanced|beginner
Vegetable Poha,breakfast,200,17.5,20.1,3.2,vegetarian,mixed,1,improve_stamina|carb_rich
Chicken Curry Rice,lunch,445,17.7,76.1,12.9,non_vegetarian,north_indian,1,balanced|beginner
Dal Rice,lunch,466,20.1,21.9,17.8,vegetarian,north_indian,1,muscle_gain|high_protein
Buttermilk,snack,288,3.6,42.5,8.9,vegetarian,mixed,1,weight_loss|light
Masala Omelette,breakfast,277,14.5,27.4,9.7,non_vegetarian,north_indian,1,weight_loss|light
Hyderabadi Biryani,lunch,504,10.0,75.9,15.8,non_vegetarian,mixed,0,improve_stamina|carb_rich
Chicken Curry Rice,lunch,383,10.1,27.4,21.2,non_vegetarian,mixed,0,improve_stamina|carb_rich
Pav Bhaji,lunch,596,11.9,70.0,4.7,vegetarian,mixed,0,weight_loss|light
Dal Rice,lunch,414,19.3,34.3,9.1,vegetarian,south_indian,1,balanced|beginner
Boiled Eggs,snack,211,16.9,12.9,8.3,non_vegetarian,north_indian,1,muscle_gain|high_protein
Vegetable Poha,breakfast,383,28.2,41.8,8.0,vegetarian,north_indian,1,muscle_gain|high_protein
Masala Omelette,breakfast,352,13.2,47.7,8.9,non_vegetarian,north_indian,1,weight_loss|light
Protein Shake,snack,227,7.1,25.7,8.7,vegetarian,north_indian,1,balanced|beginner
Vegetable Soup,dinner,424,44.4,28.2,5.1,vegan,north_indian,1,muscle_gain|high_protein
Fish Curry Rice,lunch,681,18.9,38.8,22.8,non_vegetarian,mixed,0,balanced|beginner
Protein Shake,snack,162,2.3,23.1,5.2,vegetarian,mixed,1,balanced|beginner
Roasted Chana,snack,231,15.4,23.0,6.5,vegan,south_indian,1,muscle_gain|high_protein
Fruit Salad,snack,110,6.5,7.6,5.0,vegan,mixed,1,muscle_gain|high_protein
Peanut Chaat,snack,108,2.3,16.0,2.9,vegetarian,north_indian,1,weight_loss|light
Roasted Chana,snack,204,3.4,37.0,2.9,vegan,north_indian,1,weight_loss|light
Protein Shake,snack,166,2.8,30.5,2.2,vegetarian,mixed,1,improve_stamina|carb_rich
Masala Omelette,breakfast,448,16.2,48.5,5.7,non_vegetarian,north_indian,0,weight_loss|light
Buttermilk,snack,210,13.3,26.7,3.7,vegetarian,south_indian,1,muscle_gain|high_protein
Sprouts Salad,snack,206,3.3,24.9,8.5,vegan,south_indian,1,weight_loss|light
Sprouts Salad,snack,258,9.9,42.8,3.0,vegan,north_indian,1,improve_stamina|carb_rich
Paneer Sandwich,breakfast,234,12.3,34.0,3.4,vegetarian,north_indian,1,balanced|beginner
Upma,breakfast,270,5.6,28.8,12.3,vegetarian,north_indian,1,weight_loss|light
Peanut Chaat,snack,289,10.9,20.8,15.4,vegetarian,mixed,0,improve_stamina|carb_rich
Paneer Bhurji,dinner,599,30.0,76.8,7.1,vegetarian,north_indian,1,weight_loss|light
Dal Tadka,dinner,363,7.7,42.1,15.0,vegetarian,north_indian,1,weight_loss|light
Buttermilk,snack,212,6.0,32.2,4.7,vegetarian,north_indian,1,balanced|beginner
Paneer Cubes,snack,88,3.5,11.3,2.4,vegetarian,mixed,1,improve_stamina|carb_rich
Vegetable Khichdi,lunch,551,23.6,35.5,24.2,vegetarian,north_indian,0,muscle_gain|high_protein
Masala Omelette,breakfast,264,17.1,31.2,5.5,non_vegetarian,north_indian,1,muscle_gain|high_protein
Thepla,breakfast,237,8.3,34.9,5.0,vegetarian,north_indian,1,improve_stamina|carb_rich
Dal Tadka,dinner,556,13.9,55.8,10.0,vegetarian,north_indian,1,weight_loss|light
Buttermilk,snack,131,6.7,20.6,1.2,vegetarian,north_indian,1,muscle_gain|high_protein
Fish Curry Rice,lunch,556,36.1,71.5,5.7,non_vegetarian,north_indian,1,muscle_gain|high_protein
Peanut Chaat,snack,125,3.8,19.3,2.5,vegetarian,north_indian,1,weight_loss|light
Paneer Cubes,snack,152,2.9,27.3,2.1,vegetarian,south_indian,1,balanced|beginner
Tofu Curry,dinner,382,12.0,34.0,18.6,vegan,mixed,1,balanced|beginner
Rajma Chawal,lunch,360,6.1,70.0,6.2,vegetarian,north_indian,0,balanced|beginner
Dal Tadka,dinner,660,13.1,49.0,17.4,vegetarian,north_indian,0,balanced|beginner
Grilled Chicken,dinner,529,8.1,76.1,11.1,non_vegetarian,mixed,0,improve_stamina|carb_rich
Boiled Eggs,snack,98,2.4,12.6,3.4,non_vegetarian,north_indian,1,weight_loss|light
Fruit Bowl,breakfast,418,20.4,41.9,15.1,vegan,south_indian,1,muscle_gain|high_protein
Hyderabadi Biryani,lunch,380,14.2,58.6,12.0,non_vegetarian,north_indian,1,improve_stamina|carb_rich
Tofu Curry,dinner,651,12.1,57.0,14.6,vegan,mixed,0,weight_loss|light
Dal Rice,lunch,488,17.5,68.6,18.1,vegetarian,north_indian,1,balanced|beginner
Buttermilk,snack,118,1.9,15.9,4.1,vegetarian,south_indian,1,improve_stamina|carb_rich
Hyderabadi Biryani,lunch,538,13.0,55.9,18.4,non_vegetarian,north_indian,1,weight_loss|light
Paneer Cubes,snack,174,6.8,26.2,3.1,vegetarian,mixed,1,improve_stamina|carb_rich
Fruit Bowl,breakfast,256,8.5,33.6,7.5,vegan,mixed,1,balanced|beginner
Boiled Eggs,snack,108,3.7,7.4,6.1,non_vegetarian,north_indian,1,improve_stamina|carb_rich
Sprouts Salad,snack,259,4.3,43.4,5.3,vegan,south_indian,1,improve_stamina|carb_rich
Rajma Chawal,lunch,579,12.2,76.6,19.6,vegetarian,mixed,1,improve_stamina|carb_rich
Corn Chaat,snack,185,7.2,12.1,10.4,vegan,north_indian,1,balanced|beginner
Fruit Bowl,breakfast,334,23.8,33.8,8.5,vegan,south_indian,1,muscle_gain|high_protein
Paneer Bhurji,dinner,403,9.6,49.8,14.8,vegetarian,mixed,0,improve_stamina|carb_rich
Dal Rice,lunch,699,19.5,79.0,11.1,vegetarian,mixed,0,improve_stamina|carb_rich
Idli Sambar,breakfast,242,22.0,29.6,1.8,vegetarian,north_indian,1,muscle_gain|high_protein
Paneer Bhurji,dinner,575,36.6,54.3,13.4,vegetarian,north_indian,1,muscle_gain|high_protein
Idli Sambar,breakfast,313,13.9,31.4,11.8,vegetarian,mixed,1,weight_loss|light
Sprouts Salad,snack,145,11.7,15.8,2.6,vegan,north_indian,1,muscle_gain|high_protein
Roasted Chana,snack,249,5.2,32.0,8.9,vegan,north_indian,1,improve_stamina|carb_rich
Oats with Milk,breakfast,227,5.0,26.6,9.2,vegetarian,north_indian,1,improve_stamina|carb_rich
Chicken Curry Rice,lunch,502,16.7,57.2,7.7,non_vegetarian,north_indian,1,weight_loss|light
Masala Omelette,breakfast,188,16.2,20.1,3.1,non_vegetarian,north_indian,1,muscle_gain|high_protein
Sprouts Salad,snack,288,11.9,24.0,6.6,vegan,north_indian,0,improve_stamina|carb_rich
Vegetable Soup,dinner,503,19.6,33.4,23.6,vegan,north_indian,0,balanced|beginner
Upma,breakfast,207,3.2,25.0,8.6,vegetarian,mixed,1,weight_loss|light
Buttermilk,snack,126,3.5,15.4,4.5,vegetarian,south_indian,1,balanced|beginner
Mixed Veg Curry,dinner,605,23.4,42.7,25.8,vegetarian,north_indian,0,weight_loss|light
Thepla,breakfast,339,14.2,57.8,2.6,vegetarian,north_indian,1,weight_loss|light
Buttermilk,snack,211,7.3,16.8,10.9,vegetarian,mixed,1,weight_loss|light
Egg Curry,dinner,405,6.9,54.6,20.5,non_vegetarian,mixed,0,improve_stamina|carb_rich
Vegetable Khichdi,lunch,457,9.0,66.3,8.2,vegetarian,north_indian,0,balanced|beginner
Hyderabadi Biryani,lunch,519,14.8,60.0,6.3,non_vegetarian,north_indian,1,improve_stamina|carb_rich
Roti Sabji,dinner,597,6.4,60.2,11.4,vegetarian,mixed,0,weight_loss|light
Protein Shake,snack,176,3.8,25.9,4.8,vegetarian,south_indian,1,weight_loss|light
Fish Fry,dinner,657,14.1,90.9,13.2,non_vegetarian,mixed,0,improve_stamina|carb_rich
Roasted Chana,snack,286,6.7,44.7,6.4,vegan,north_indian,1,weight_loss|light
Paneer Bhurji,dinner,428,43.1,25.0,5.6,vegetarian,north_indian,1,muscle_gain|high_protein
Chicken Curry Rice,lunch,445,9.7,44.5,9.5,non_vegetarian,north_indian,0,weight_loss|light
Idli Sambar,breakfast,376,26.8,47.7,5.3,vegetarian,mixed,1,muscle_gain|high_protein
Protein Shake,snack,127,1.4,15.0,5.7,vegetarian,north_indian,1,balanced|beginner
Tofu Stir Fry,lunch,388,19.7,46.7,4.3,vegan,north_indian,1,muscle_gain|high_protein
Kadhi Rice,lunch,615,13.9,46.2,20.4,vegetarian,north_indian,1,weight_loss|light
Vegetable Poha,breakfast,435,19.7,77.2,10.8,vegetarian,mixed,0,balanced|beginner
Dal Rice,lunch,428,4.9,54.6,17.3,vegetarian,north_indian,0,improve_stamina|carb_rich
Masala Omelette,breakfast,274,14.0,26.1,9.2,non_vegetarian,south_indian,1,improve_stamina|carb_rich
Pav Bhaji,lunch,358,18.9,27.7,17.7,vegetarian,north_indian,1,balanced|beginner
Kadhi Rice,lunch,428,16.8,60.4,8.9,vegetarian,north_indian,1,improve_stamina|carb_rich
Oats with Milk,breakfast,214,3.3,38.0,3.5,vegetarian,mixed,1,improve_stamina|carb_rich
Fish Curry Rice,lunch,559,10.5,79.8,8.4,non_vegetarian,north_indian,0,improve_stamina|carb_rich
Fish Fry,dinner,382,6.6,51.6,13.2,non_vegetarian,south_indian,1,weight_loss|light
Boiled Eggs,snack,258,6.5,23.0,13.3,non_vegetarian,north_indian,1,weight_loss|light
Roti Sabji,dinner,513,16.7,43.7,7.5,vegetarian,north_indian,1,balanced|beginner
Grilled Chicken,dinner,500,18.6,23.8,19.0,non_vegetarian,north_indian,1,improve_stamina|carb_rich
Tofu Scramble,breakfast,194,9.1,12.9,10.0,vegan,north_indian,1,balanced|beginner
Fruit Salad,snack,178,9.4,13.7,7.9,vegan,north_indian,1,weight_loss|light
Upma,breakfast,348,7.3,35.1,14.5,vegetarian,north_indian,1,weight_loss|light
Grilled Chicken,dinner,492,12.4,66.3,10.0,non_vegetarian,mixed,1,balanced|beginner
Paneer Sandwich,breakfast,275,16.8,26.1,9.0,vegetarian,mixed,1,muscle_gain|high_protein
Rajma Chawal,lunch,507,28.7,43.9,13.9,vegetarian,north_indian,1,weight_loss|light
Roti Sabji,dinner,369,28.8,33.9,9.9,vegetarian,north_indian,1,muscle_gain|high_protein
Peanut Chaat,snack,208,4.5,37.3,2.7,vegetarian,north_indian,1,improve_stamina|carb_rich
Hyderabadi Biryani,lunch,550,9.8,71.6,16.6,non_vegetarian,south_indian,0,improve_stamina|carb_rich
Fruit Salad,snack,97,2.4,11.7,3.6,vegan,south_indian,1,balanced|beginner
Grilled Chicken,dinner,442,9.9,39.7,7.5,non_vegetarian,north_indian,0,balanced|beginner
Roti Sabji,dinner,556,26.6,44.8,22.1,vegetarian,south_indian,0,muscle_gain|high_protein
Vegetable Poha,breakfast,193,8.7,26.5,4.1,vegetarian,mixed,1,improve_stamina|carb_rich
Roasted Chana,snack,131,4.6,20.4,2.3,vegan,north_indian,1,improve_stamina|carb_rich
Sprouts Salad,snack,129,8.0,9.8,5.3,vegan,north_indian,1,muscle_gain|high_protein
Roasted Chana,snack,218,19.7,19.6,4.8,vegan,south_indian,1,muscle_gain|high_protein
Rajma Chawal,lunch,374,29.6,36.2,4.3,vegetarian,north_indian,1,muscle_gain|high_protein
Vegetable Khichdi,lunch,583,30.8,64.1,6.2,vegetarian,south_indian,1,muscle_gain|high_protein
Thepla,breakfast,325,4.0,54.0,7.5,vegetarian,north_indian,1,weight_loss|light
Tofu Stir Fry,lunch,605,27.2,78.6,8.1,vegan,south_indian,1,balanced|beginner
Pav Bhaji,lunch,552,35.6,76.6,11.0,vegetarian,north_indian,1,muscle_gain|high_protein
Idli Sambar,breakfast,438,12.5,43.9,8.4,vegetarian,north_indian,0,balanced|beginner
Protein Shake,snack,105,2.2,12.8,4.1,vegetarian,north_indian,1,balanced|beginner
Egg Curry,dinner,551,12.6,27.4,17.2,non_vegetarian,mixed,1,balanced|beginner
Dal Tadka,dinner,522,8.6,31.0,30.0,vegetarian,south_indian,0,weight_loss|light
Vegetable Poha,breakfast,167,5.2,22.3,4.9,vegetarian,mixed,0,balanced|beginner
Fish Fry,dinner,580,19.1,77.0,20.0,non_vegetarian,north_indian,1,weight_loss|light
Roasted Chana,snack,164,5.1,26.5,2.7,vegan,north_indian,1,improve_stamina|carb_rich
Buttermilk,snack,170,3.4,28.8,3.0,vegetarian,mixed,1,balanced|beginner
Fruit Salad,snack,180,4.8,19.2,7.7,vegan,north_indian,1,improve_stamina|carb_rich
Chicken Curry Rice,lunch,592,20.6,87.4,6.0,non_vegetarian,mixed,1,balanced|beginner
Hyderabadi Biryani,lunch,370,5.6,45.3,15.2,non_vegetarian,mixed,0,weight_loss|light
Sprouts Salad,snack,168,7.1,22.1,4.2,vegan,mixed,1,balanced|beginner
Pav Bhaji,lunch,397,41.5,21.9,21.7,vegetarian,north_indian,1,muscle_gain|high_protein
Fish Curry Rice,lunch,405,18.0,56.3,12.7,non_vegetarian,mixed,1,weight_loss|light
Grilled Chicken,dinner,460,8.4,42.6,6.1,non_vegetarian,north_indian,0,balanced|beginner
Mixed Veg Curry,dinner,371,18.4,35.8,13.8,vegetarian,north_indian,1,muscle_gain|high_protein
Roti Sabji,dinner,508,12.4,46.5,20.1,vegetarian,south_indian,1,weight_loss|light
Paneer Bhurji,dinner,455,19.9,53.4,18.0,vegetarian,mixed,1,weight_loss|light
Paneer Roti,lunch,544,43.1,31.0,24.1,vegetarian,north_indian,0,muscle_gain|high_protein
Fruit Salad,snack,105,6.9,12.8,2.0,vegan,north_indian,1,balanced|beginner
Mixed Veg Curry,dinner,639,5.9,60.8,24.9,vegetarian,mixed,0,balanced|beginner
Egg Curry,dinner,664,5.1,70.8,24.1,non_vegetarian,north_indian,0,balanced|beginner
Vegetable Khichdi,lunch,360,20.5,31.2,22.0,vegetarian,north_indian,1,muscle_gain|high_protein
Chicken Curry Rice,lunch,695,13.5,70.7,19.2,non_vegetarian,north_indian,0,balanced|beginner
Vegetable Poha,breakfast,345,18.0,59.5,7.4,vegetarian,mixed,1,weight_loss|light
Vegetable Poha,breakfast,355,10.4,45.0,11.7,vegetarian,north_indian,1,weight_loss|light
Roti Sabji,dinner,664,11.6,39.6,37.8,vegetarian,north_indian,0,weight_loss|light
Fish Fry,dinner,664,30.8,45.3,26.7,non_vegetarian,mixed,0,muscle_gain|high_protein
Paneer Bhurji,dinner,552,32.5,56.8,10.6,vegetarian,north_indian,1,weight_loss|light
Hyderabadi Biryani,lunch,681,9.3,72.0,24.7,non_vegetarian,mixed,0,balanced|beginner
Dal Rice,lunch,444,21.0,51.4,13.2,vegetarian,north_indian,1,muscle_gain|high_protein
Fish Fry,dinner,685,16.3,79.3,19.9,non_vegetarian,south_indian,0,improve_stamina|carb_rich
Paneer Cubes,snack,214,8.9,17.5,10.2,vegetarian,north_indian,1,balanced|beginner
Peanut Chaat,snack,261,11.5,29.1,8.6,vegetarian,north_indian,0,balanced|beginner
Fruit Salad,snack,295,31.7,21.9,4.2,vegan,south_indian,1,muscle_gain|high_protein
Hyderabadi Biryani,lunch,543,13.9,71.5,15.6,non_vegetarian,mixed,1,balanced|beginner
Corn Chaat,snack,223,14.9,16.7,8.7,vegan,north_indian,1,balanced|beginner
Tofu Curry,dinner,559,34.2,69.9,21.8,vegan,mixed,1,muscle_gain|high_protein
Egg Curry,dinner,640,19.1,72.8,20.5,non_vegetarian,mixed,1,balanced|beginner
Peanut Chaat,snack,116,4.9,13.9,3.5,vegetarian,south_indian,1,balanced|beginner
Corn Chaat,snack,152,6.2,24.6,1.9,vegan,north_indian,1,weight_loss|light
Mixed Veg Curry,dinner,514,10.6,59.1,24.5,vegetarian,mixed,0,improve_stamina|carb_rich
Paneer Roti,lunch,604,17.9,51.8,24.1,vegetarian,north_indian,0,balanced|beginner
Mixed Veg Curry,dinner,444,9.3,47.4,21.9,vegetarian,south_indian,0,balanced|beginner
Peanut Chaat,snack,255,8.0,40.0,4.7,vegetarian,south_indian,1,weight_loss|light
Corn Chaat,snack,122,9.0,10.3,3.9,vegan,south_indian,1,muscle_gain|high_protein
Buttermilk,snack,297,14.6,37.9,3.9,vegetarian,mixed,1,weight_loss|light
Tofu Curry,dinner,482,11.9,74.6,21.4,vegan,north_indian,0,improve_stamina|carb_rich
Paneer Cubes,snack,106,3.7,12.6,3.6,vegetarian,north_indian,1,muscle_gain|high_protein
Chicken Curry Rice,lunch,620,12.7,34.4,20.9,non_vegetarian,north_indian,1,improve_stamina|carb_rich
Vegetable Soup,dinner,406,19.4,36.0,10.7,vegan,north_indian,1,weight_loss|light
Grilled Chicken,dinner,584,19.5,31.8,22.1,non_vegetarian,north_indian,0,improve_stamina|carb_rich
Vegetable Soup,dinner,595,7.5,73.8,16.6,vegan,north_indian,0,improve_stamina|carb_rich
Masala Omelette,breakfast,196,4.4,15.6,11.2,non_vegetarian,north_indian,1,weight_loss|light
Boiled Eggs,snack,141,3.1,19.0,4.6,non_vegetarian,north_indian,1,weight_loss|light
Fish Fry,dinner,630,8.6,56.0,19.4,non_vegetarian,mixed,0,improve_stamina|carb_rich
Mixed Veg Curry,dinner,436,5.7,52.4,22.4,vegetarian,south_indian,0,balanced|beginner
Paneer Roti,lunch,398,10.7,32.3,22.0,vegetarian,mixed,0,weight_loss|light
Fish Fry,dinner,539,14.7,53.5,8.8,non_vegetarian,north_indian,1,balanced|beginner
Corn Chaat,snack,249,15.9,25.9,6.9,vegan,north_indian,1,muscle_gain|high_protein
Tofu Curry,dinner,489,15.5,37.2,12.4,vegan,south_indian,1,improve_stamina|carb_rich
Paneer Roti,lunch,562,19.5,32.0,14.8,vegetarian,south_indian,1,weight_loss|light
Corn Chaat,snack,216,13.7,25.2,4.8,vegan,mixed,1,muscle_gain|high_protein
Fruit Salad,snack,293,10.7,42.8,6.2,vegan,north_indian,0,improve_stamina|carb_rich
Buttermilk,snack,120,2.6,8.7,7.3,vegetarian,south_indian,1,balanced|beginner
Fruit Salad,snack,198,8.8,18.1,8.3,vegan,south_indian,1,improve_stamina|carb_rich
Tofu Stir Fry,lunch,549,28.9,45.7,19.6,vegan,south_indian,1,muscle_gain|high_protein
Egg Curry,dinner,692,30.2,92.7,8.4,non_vegetarian,north_indian,0,improve_stamina|carb_rich
Vegetable Poha,breakfast,220,5.5,34.9,3.7,vegetarian,mixed,1,weight_loss|light
Egg Curry,dinner,362,14.6,65.1,3.1,non_vegetarian,north_indian,1,balanced|beginner
Tofu Curry,dinner,439,16.1,68.9,13.9,vegan,mixed,1,balanced|beginner
Peanut Chaat,snack,158,3.1,23.8,4.2,vegetarian,north_indian,1,improve_stamina|carb_rich
Vegetable Soup,dinner,449,9.8,55.9,14.4,vegan,south_indian,0,improve_stamina|carb_rich
Chicken Curry Rice,lunch,437,16.8,53.8,16.3,non_vegetarian,mixed,1,balanced|beginner
Mixed Veg Curry,dinner,561,16.7,59.6,17.2,vegetarian,mixed,1,balanced|beginner
Vegetable Soup,dinner,357,21.4,44.7,7.1,vegan,north_indian,1,muscle_gain|high_protein
Kadhi Rice,lunch,358,25.3,30.9,4.9,vegetarian,north_indian,1,muscle_gain|high_protein
Roasted Chana,snack,277,18.7,27.6,7.7,vegan,north_indian,1,muscle_gain|high_protein
Chicken Curry Rice,lunch,694,18.8,73.1,17.4,non_vegetarian,south_indian,0,improve_stamina|carb_rich
Protein Shake,snack,280,12.1,31.2,9.4,vegetarian,mixed,0,muscle_gain|high_protein
Vegetable Khichdi,lunch,407,29.1,40.0,10.9,vegetarian,south_indian,1,muscle_gain|high_protein
Peanut Chaat,snack,109,6.1,12.4,2.9,vegetarian,south_indian,1,muscle_gain|high_protein
Peanut Chaat,snack,203,4.0,24.9,7.9,vegetarian,south_indian,1,weight_loss|light
Roti Sabji,dinner,561,8.4,47.7,26.2,vegetarian,south_indian,0,weight_loss|light
Idli Sambar,breakfast,322,5.7,20.3,16.8,vegetarian,north_indian,1,improve_stamina|carb_rich
Protein Shake,snack,228,4.1,41.4,3.1,vegetarian,north_indian,1,weight_loss|light
Thepla,breakfast,261,3.8,40.5,7.0,vegetarian,south_indian,1,improve_stamina|carb_rich
Fruit Salad,snack,160,4.0,15.9,7.5,vegan,mixed,1,improve_stamina|carb_rich
Vegetable Khichdi,lunch,531,18.5,30.5,24.1,vegetarian,mixed,0,weight_loss|light
Roasted Chana,snack,203,2.5,22.6,9.6,vegan,mixed,1,balanced|beginner
Corn Chaat,snack,257,19.5,20.8,5.7,vegan,north_indian,1,muscle_gain|high_protein
Tofu Stir Fry,lunch,421,10.8,62.4,6.5,vegan,north_indian,0,improve_stamina|carb_rich
Roti Sabji,dinner,400,31.3,41.2,8.6,vegetarian,north_indian,1,muscle_gain|high_protein
Mixed Veg Curry,dinner,403,15.8,61.0,7.6,vegetarian,north_indian,1,weight_loss|light
Rajma Chawal,lunch,428,17.9,74.9,8.1,vegetarian,north_indian,1,improve_stamina|carb_rich
Sprouts Salad,snack,213,4.7,18.5,11.4,vegan,south_indian,1,weight_loss|light
Fish Curry Rice,lunch,548,43.5,65.7,10.6,non_vegetarian,south_indian,1,muscle_gain|high_protein
Oats with Milk,breakfast,318,11.6,53.8,3.4,vegetarian,mixed,1,balanced|beginner
Boiled Eggs,snack,233,7.8,35.3,4.7,non_vegetarian,mixed,1,weight_loss|light
Paneer Bhurji,dinner,477,15.9,25.1,12.6,vegetarian,north_indian,1,weight_loss|light
Fish Fry,dinner,392,11.9,50.8,8.8,non_vegetarian,south_indian,1,weight_loss|light
Buttermilk,snack,214,15.6,19.8,6.1,vegetarian,north_indian,1,muscle_gain|high_protein
Dal Tadka,dinner,509,35.2,56.5,11.3,vegetarian,mixed,1,muscle_gain|high_protein
Fish Curry Rice,lunch,410,18.6,64.9,12.9,non_vegetarian,north_indian,1,improve_stamina|carb_rich
Vegetable Soup,dinner,490,18.9,45.1,24.0,vegan,north_indian,0,muscle_gain|high_protein
Vegetable Khichdi,lunch,652,37.8,72.6,7.8,vegetarian,mixed,1,muscle_gain|high_protein
Grilled Chicken,dinner,491,24.8,78.1,3.6,non_vegetarian,north_indian,1,muscle_gain|high_protein
Vegetable Poha,breakfast,200,9.6,13.0,10.4,vegetarian,south_indian,1,improve_stamina|carb_rich
Chicken Curry Rice,lunch,631,16.1,69.5,23.6,non_vegetarian,north_indian,0,improve_stamina|carb_rich
Fruit Bowl,breakfast,398,6.2,67.7,9.6,vegan,south_indian,1,balanced|beginner
Paneer Sandwich,breakfast,440,12.5,70.4,5.1,vegetarian,mixed,0,weight_loss|light
Egg Curry,dinner,463,24.3,66.0,5.9,non_vegetarian,north_indian,1,muscle_gain|high_protein
Tofu Curry,dinner,369,5.3,45.8,8.3,vegan,north_indian,1,weight_loss|light
Pav Bhaji,lunch,356,8.5,42.4,13.8,vegetarian,north_indian,1,weight_loss|light
Protein Shake,snack,227,4.5,38.8,3.9,vegetarian,mixed,1,balanced|beginner
Pav Bhaji,lunch,365,13.9,53.3,14.4,vegetarian,mixed,1,balanced|beginner
Mixed Veg Curry,dinner,455,8.4,59.1,16.5,vegetarian,north_indian,0,improve_stamina|carb_rich
Tofu Stir Fry,lunch,659,25.8,92.5,7.4,vegan,north_indian,0,improve_stamina|carb_rich
Fruit Salad,snack,283,21.8,29.1,6.3,vegan,south_indian,1,muscle_gain|high_protein
Fruit Salad,snack,120,1.8,13.6,5.4,vegan,mixed,1,balanced|beginner
Pav Bhaji,lunch,616,16.7,56.1,7.0,vegetarian,north_indian,1,improve_stamina|carb_rich
Vegetable Khichdi,lunch,558,7.9,77.6,17.5,vegetarian,south_indian,0,weight_loss|light
Protein Shake,snack,151,3.2,21.2,4.6,vegetarian,north_indian,1,improve_stamina|carb_rich
Tofu Stir Fry,lunch,419,5.4,56.5,15.3,vegan,south_indian,0,improve_stamina|carb_rich
Vegetable Poha,breakfast,217,24.4,11.8,6.1,vegetarian,north_indian,1,muscle_gain|high_protein
Roasted Chana,snack,241,10.2,29.0,7.2,vegan,north_indian,1,balanced|beginner
Tofu Curry,dinner,505,18.6,62.0,15.0,vegan,south_indian,1,balanced|beginner
Vegetable Khichdi,lunch,684,12.0,96.9,13.9,vegetarian,south_indian,0,improve_stamina|carb_rich
Egg Curry,dinner,363,8.4,64.8,6.8,non_vegetarian,mixed,1,weight_loss|light
Egg Curry,dinner,699,37.8,60.9,22.8,non_vegetarian,south_indian,0,muscle_gain|high_protein
Idli Sambar,breakfast,162,3.6,20.8,5.7,vegetarian,north_indian,1,weight_loss|light
Dal Tadka,dinner,516,19.3,54.5,8.1,vegetarian,north_indian,1,improve_stamina|carb_rich
Protein Shake,snack,150,7.1,10.0,7.7,vegetarian,north_indian,1,balanced|beginner
Peanut Chaat,snack,200,8.4,25.7,5.3,vegetarian,mixed,1,muscle_gain|high_protein
Peanut Chaat,snack,118,3.4,15.2,3.8,vegetarian,north_indian,1,weight_loss|light
Fish Fry,dinner,550,38.8,64.0,8.9,non_vegetarian,south_indian,1,muscle_gain|high_protein
Sabudana Khichdi,breakfast,436,34.4,41.4,15.2,vegetarian,north_indian,1,muscle_gain|high_protein
Peanut Chaat,snack,119,7.3,13.9,2.7,vegetarian,north_indian,1,muscle_gain|high_protein
Paneer Cubes,snack,156,4.9,11.2,8.8,vegetarian,north_indian,1,weight_loss|light
Vegetable Khichdi,lunch,560,32.1,60.7,10.8,vegetarian,north_indian,1,muscle_gain|high_protein
Fish Fry,dinner,566,30.1,50.8,24.4,non_vegetarian,mixed,0,muscle_gain|high_protein
Boiled Eggs,snack,138,4.5,16.5,4.8,non_vegetarian,mixed,1,weight_loss|light
Paneer Sandwich,breakfast,397,9.6,60.9,9.3,vegetarian,north_indian,1,weight_loss|light
Fish Fry,dinner,588,11.7,54.6,17.6,non_vegetarian,north_indian,0,balanced|beginner
Oats with Milk,breakfast,249,7.7,20.6,12.7,vegetarian,south_indian,1,improve_stamina|carb_rich
Fruit Bowl,breakfast,358,13.3,36.2,14.6,vegan,north_indian,1,improve_stamina|carb_rich
Dal Tadka,dinner,605,34.7,20.3,18.4,vegetarian,mixed,1,muscle_gain|high_protein
Fish Curry Rice,lunch,591,17.2,56.5,21.1,non_vegetarian,north_indian,1,improve_stamina|carb_rich
Corn Chaat,snack,297,14.1,30.7,8.4,vegan,north_indian,1,weight_loss|light
Buttermilk,snack,140,5.2,15.6,5.1,vegetarian,mixed,1,muscle_gain|high_protein
Vegetable Poha,breakfast,438,5.1,71.8,13.6,vegetarian,south_indian,0,weight_loss|light
Tofu Curry,dinner,460,9.2,59.6,11.7,vegan,south_indian,0,weight_loss|light
Peanut Chaat,snack,205,14.4,28.3,2.0,vegetarian,north_indian,1,muscle_gain|high_protein
Fish Fry,dinner,671,11.8,54.3,23.9,non_vegetarian,north_indian,0,improve_stamina|carb_rich
Vegetable Soup,dinner,468,28.4,64.0,8.9,vegan,south_indian,1,muscle_gain|high_protein
Hyderabadi Biryani,lunch,615,12.5,34.1,21.3,non_vegetarian,mixed,1,weight_loss|light
Chicken Curry Rice,lunch,684,18.5,49.9,12.1,non_vegetarian,mixed,0,improve_stamina|carb_rich
Fruit Bowl,breakfast,205,2.3,28.6,7.2,vegan,south_indian,1,balanced|beginner
Tofu Curry,dinner,472,8.8,77.6,11.1,vegan,north_indian,0,balanced|beginner
Thepla,breakfast,413,6.6,31.6,15.7,vegetarian,north_indian,1,improve_stamina|carb_rich
Paneer Roti,lunch,447,30.8,64.9,12.1,vegetarian,south_indian,1,muscle_gain|high_protein
Egg Curry,dinner,642,30.2,45.7,11.9,non_vegetarian,north_indian,1,muscle_gain|high_protein
Grilled Chicken,dinner,352,19.3,35.3,11.7,non_vegetarian,south_indian,1,muscle_gain|high_protein
Paneer Roti,lunch,530,18.9,36.3,23.8,vegetarian,mixed,0,weight_loss|light
Vegetable Soup,dinner,458,14.9,55.1,15.7,vegan,south_indian,1,improve_stamina|carb_rich
Mixed Veg Curry,dinner,409,12.7,39.8,13.2,vegetarian,north_indian,1,improve_stamina|carb_rich
Kadhi Rice,lunch,613,16.2,52.9,7.8,vegetarian,north_indian,1,improve_stamina|carb_rich
Paneer Roti,lunch,521,17.3,79.0,13.2,vegetarian,north_indian,1,weight_loss|light
Vegetable Khichdi,lunch,610,22.8,87.5,6.6,vegetarian,north_indian,1,improve_stamina|carb_rich
Grilled Chicken,dinner,402,17.5,44.1,15.7,non_vegetarian,north_indian,1,improve_stamina|carb_rich
Dal Rice,lunch,401,13.2,45.8,14.8,vegetarian,north_indian,1,weight_loss|light
Fruit Salad,snack,298,13.8,15.0,17.6,vegan,south_indian,0,balanced|beginner
Roti Sabji,dinner,451,17.9,58.5,15.9,vegetarian,north_indian,1,balanced|beginner
Fruit Bowl,breakfast,294,21.4,19.1,12.1,vegan,north_indian,1,muscle_gain|high_protein
Paneer Sandwich,breakfast,301,14.3,30.0,11.1,vegetarian,north_indian,1,weight_loss|light
Mixed Veg Curry,dinner,656,9.4,61.5,28.3,vegetarian,north_indian,0,balanced|beginner
Mixed Veg Curry,dinner,679,14.8,106.9,7.8,vegetarian,north_indian,0,weight_loss|light
Mixed Veg Curry,dinner,612,21.5,69.2,21.0,vegetarian,mixed,1,muscle_gain|high_protein
Roti Sabji,dinner,398,6.1,47.6,16.8,vegetarian,north_indian,0,improve_stamina|carb_rich
Vegetable Soup,dinner,672,9.1,110.1,8.3,vegan,mixed,0,weight_loss|light
Buttermilk,snack,241,10.7,33.3,5.1,vegetarian,mixed,1,weight_loss|light
Hyderabadi Biryani,lunch,388,24.8,26.0,13.9,non_vegetarian,north_indian,1,muscle_gain|high_protein
Oats with Milk,breakfast,203,3.4,33.9,4.2,vegetarian,north_indian,1,balanced|beginner
Paneer Roti,lunch,662,31.5,91.4,5.7,vegetarian,mixed,0,weight_loss|light
Pav Bhaji,lunch,409,15.7,24.8,9.0,vegetarian,north_indian,1,balanced|beginner
Upma,breakfast,448,9.7,46.4,24.9,vegetarian,north_indian,0,weight_loss|light
Paneer Roti,lunch,688,10.3,67.5,11.3,vegetarian,south_indian,0,balanced|beginner
Masala Omelette,breakfast,397,12.8,28.1,24.7,non_vegetarian,south_indian,0,weight_loss|light
Fish Curry Rice,lunch,464,38.1,44.6,13.4,non_vegetarian,north_indian,1,muscle_gain|high_protein
Roasted Chana,snack,130,2.2,13.3,6.4,vegan,mixed,1,balanced|beginner
Boiled Eggs,snack,244,10.0,20.1,11.6,non_vegetarian,north_indian,1,weight_loss|light
Fruit Salad,snack,287,9.8,39.1,7.6,vegan,north_indian,1,weight_loss|light
Paneer Bhurji,dinner,500,15.3,69.3,8.0,vegetarian,north_indian,1,weight_loss|light
Rajma Chawal,lunch,574,33.7,74.6,6.5,vegetarian,mixed,1,muscle_gain|high_protein
Hyderabadi Biryani,lunch,627,5.4,76.4,21.9,non_vegetarian,north_indian,0,weight_loss|light
Fruit Salad,snack,202,6.0,28.1,5.5,vegan,mixed,1,balanced|beginner
Paneer Cubes,snack,140,2.3,14.1,7.0,vegetarian,mixed,1,weight_loss|light
Rajma Chawal,lunch,555,14.5,44.0,24.6,vegetarian,mixed,0,improve_stamina|carb_rich
Roti Sabji,dinner,407,21.5,42.7,8.5,vegetarian,north_indian,1,weight_loss|light
Fish Curry Rice,lunch,471,5.4,37.4,21.6,non_vegetarian,mixed,0,balanced|beginner
Roasted Chana,snack,223,17.8,24.0,4.2,vegan,mixed,1,muscle_gain|high_protein
Dal Rice,lunch,574,19.5,60.6,14.6,vegetarian,north_indian,1,improve_stamina|carb_rich
Corn Chaat,snack,119,7.8,10.7,3.9,vegan,north_indian,1,muscle_gain|high_protein
Vegetable Khichdi,lunch,621,49.6,36.2,18.4,vegetarian,south_indian,1,muscle_gain|high_protein
Roasted Chana,snack,183,9.2,17.7,6.8,vegan,south_indian,1,muscle_gain|high_protein
Protein Shake,snack,137,2.1,10.9,8.2,vegetarian,mixed,1,improve_stamina|carb_rich
Sprouts Salad,snack,227,2.6,30.9,8.3,vegan,south_indian,1,improve_stamina|carb_rich
Tofu Curry,dinner,589,38.4,45.0,16.6,vegan,north_indian,1,improve_stamina|carb_rich
Paneer Sandwich,breakfast,205,8.2,19.0,8.9,vegetarian,south_indian,1,weight_loss|light
Rajma Chawal,lunch,520,27.7,23.7,21.2,vegetarian,mixed,1,muscle_gain|high_protein
Grilled Chicken,dinner,525,16.4,40.3,6.9,non_vegetarian,mixed,1,weight_loss|light
Peanut Chaat,snack,135,1.7,17.2,5.4,vegetarian,north_indian,1,improve_stamina|carb_rich
Upma,breakfast,414,31.2,32.3,14.1,vegetarian,north_indian,1,muscle_gain|high_protein
Masala Omelette,breakfast,265,5.1,26.6,13.0,non_vegetarian,mixed,1,balanced|beginner
Kadhi Rice,lunch,450,15.5,48.0,22.9,vegetarian,south_indian,0,weight_loss|light
Vegetable Soup,dinner,422,21.3,39.8,11.3,vegan,north_indian,1,balanced|beginner
Thepla,breakfast,200,9.1,30.6,2.8,vegetarian,north_indian,1,weight_loss|light
Roasted Chana,snack,193,8.5,12.3,10.5,vegan,north_indian,1,weight_loss|light
Masala Omelette,breakfast,224,10.2,39.5,6.4,non_vegetarian,north_indian,1,weight_loss|light
Masala Omelette,breakfast,348,9.6,63.4,4.0,non_vegetarian,mixed,1,balanced|beginner
Peanut Chaat,snack,181,4.9,19.9,7.5,vegetarian,north_indian,1,balanced|beginner
Egg Curry,dinner,432,11.8,56.0,14.0,non_vegetarian,south_indian,0,improve_stamina|carb_rich
Dal Rice,lunch,567,6.8,62.7,5.6,vegetarian,south_indian,0,balanced|beginner
Fruit Salad,snack,86,2.5,13.0,1.9,vegan,south_indian,1,balanced|beginner
Egg Curry,dinner,637,10.3,75.5,21.7,non_vegetarian,north_indian,0,balanced|beginner
Boiled Eggs,snack,286,25.9,28.3,3.5,non_vegetarian,mixed,1,muscle_gain|high_protein
Peanut Chaat,snack,234,10.5,22.8,9.1,vegetarian,mixed,1,muscle_gain|high_protein
Egg Curry,dinner,616,10.5,49.5,17.8,non_vegetarian,mixed,0,improve_stamina|carb_rich
Thepla,breakfast,201,8.1,31.7,2.9,vegetarian,north_indian,1,improve_stamina|carb_rich
Paneer Cubes,snack,108,6.0,11.1,3.4,vegetarian,north_indian,1,muscle_gain|high_protein
Protein Shake,snack,202,7.3,32.1,3.1,vegetarian,north_indian,1,balanced|beginner
Fruit Bowl,breakfast,216,2.6,33.1,6.2,vegan,mixed,1,weight_loss|light
Grilled Chicken,dinner,404,8.5,44.9,23.3,non_vegetarian,mixed,0,balanced|beginner
Sprouts Salad,snack,281,8.6,30.1,11.5,vegan,mixed,0,balanced|beginner
Fruit Salad,snack,223,7.7,28.6,6.7,vegan,mixed,1,balanced|beginner
Oats with Milk,breakfast,396,12.1,39.2,13.3,vegetarian,north_indian,1,balanced|beginner
Chicken Curry Rice,lunch,364,16.4,35.0,14.4,non_vegetarian,north_indian,1,muscle_gain|high_protein
Tofu Scramble,breakfast,336,8.5,33.7,13.8,vegan,north_indian,1,weight_loss|light
Chicken Curry Rice,lunch,685,14.0,63.7,18.4,non_vegetarian,north_indian,0,weight_loss|light
Egg Curry,dinner,589,15.9,58.1,3.9,non_vegetarian,mixed,1,balanced|beginner
Fruit Salad,snack,148,6.4,12.8,6.6,vegan,north_indian,1,balanced|beginner
Vegetable Poha,breakfast,154,4.9,20.4,4.5,vegetarian,south_indian,0,improve_stamina|carb_rich
Paneer Cubes,snack,137,8.6,15.9,3.1,vegetarian,north_indian,1,muscle_gain|high_protein
Roasted Chana,snack,283,27.8,22.4,12.4,vegan,north_indian,1,muscle_gain|high_protein
Oats with Milk,breakfast,217,10.7,15.5,10.5,vegetarian,north_indian,1,balanced|beginner
Protein Shake,snack,131,3.3,17.5,4.1,vegetarian,south_indian,1,improve_stamina|carb_rich
Mixed Veg Curry,dinner,436,15.8,24.7,15.9,vegetarian,mixed,1,improve_stamina|carb_rich
Egg Curry,dinner,394,17.4,39.7,10.5,non_vegetarian,mixed,1,improve_stamina|carb_rich
Fruit Bowl,breakfast,334,14.2,24.4,20.9,vegan,south_indian,0,improve_stamina|carb_rich
Kadhi Rice,lunch,396,5.3,21.2,15.3,vegetarian,mixed,0,balanced|beginner
Dal Rice,lunch,670,37.2,66.5,11.2,vegetarian,mixed,1,muscle_gain|high_protein
Roti Sabji,dinner,368,15.2,26.7,11.9,vegetarian,south_indian,1,weight_loss|light
Sprouts Salad,snack,291,8.1,27.7,13.9,vegan,south_indian,1,weight_loss|light
Peanut Chaat,snack,284,10.7,37.2,14.2,vegetarian,north_indian,1,weight_loss|light
Upma,breakfast,350,17.5,32.1,13.7,vegetarian,mixed,1,muscle_gain|high_protein
Vegetable Poha,breakfast,274,12.7,38.2,5.3,vegetarian,south_indian,1,improve_stamina|carb_rich
Paneer Roti,lunch,498,16.8,73.5,5.2,vegetarian,south_indian,1,improve_stamina|carb_rich
Pav Bhaji,lunch,527,11.4,68.4,12.1,vegetarian,south_indian,0,balanced|beginner
Vegetable Khichdi,lunch,562,16.8,62.8,9.6,vegetarian,south_indian,1,balanced|beginner
Boiled Eggs,snack,189,4.2,22.3,7.6,non_vegetarian,north_indian,1,improve_stamina|carb_rich
Sabudana Khichdi,breakfast,246,2.9,32.8,9.3,vegetarian,mixed,1,improve_stamina|carb_rich
Fruit Salad,snack,297,21.6,21.2,11.3,vegan,mixed,1,muscle_gain|high_protein
Chicken Curry Rice,lunch,664,35.1,83.7,7.7,non_vegetarian,mixed,1,muscle_gain|high_protein
Corn Chaat,snack,283,18.5,33.9,5.6,vegan,south_indian,1,muscle_gain|high_protein
Egg Curry,dinner,556,19.5,61.1,14.8,non_vegetarian,south_indian,1,balanced|beginner
Roti Sabji,dinner,490,19.7,58.6,9.9,vegetarian,north_indian,1,improve_stamina|carb_rich
Dal Tadka,dinner,456,5.1,31.7,17.9,vegetarian,south_indian,0,improve_stamina|carb_rich
Mixed Veg Curry,dinner,642,29.1,50.2,23.2,vegetarian,north_indian,0,balanced|beginner
Pav Bhaji,lunch,501,16.5,56.6,13.5,vegetarian,south_indian,1,balanced|beginner
Peanut Chaat,snack,202,3.9,15.8,11.9,vegetarian,north_indian,1,improve_stamina|carb_rich
Upma,breakfast,192,9.1,18.7,7.2,vegetarian,mixed,1,weight_loss|light
Buttermilk,snack,176,5.5,26.5,3.8,vegetarian,south_indian,1,improve_stamina|carb_rich
Tofu Stir Fry,lunch,686,7.3,66.8,13.2,vegan,south_indian,0,weight_loss|light
Grilled Chicken,dinner,626,22.7,78.3,12.1,non_vegetarian,north_indian,1,balanced|beginner
Chicken Curry Rice,lunch,657,38.2,66.4,13.4,non_vegetarian,north_indian,0,improve_stamina|carb_rich
Fruit Bowl,breakfast,420,11.9,58.9,13.9,vegan,north_indian,1,weight_loss|light
Boiled Eggs,snack,148,11.3,12.4,4.6,non_vegetarian,mixed,1,muscle_gain|high_protein
Tofu Stir Fry,lunch,576,17.9,79.0,9.4,vegan,north_indian,1,improve_stamina|carb_rich
Fruit Bowl,breakfast,295,10.3,39.4,14.4,vegan,south_indian,1,weight_loss|light
Vegetable Soup,dinner,409,11.0,20.5,20.5,vegan,mixed,0,improve_stamina|carb_rich
Upma,breakfast,229,9.4,22.5,9.3,vegetarian,south_indian,1,muscle_gain|high_protein
Egg Curry,dinner,376,20.8,36.0,13.2,non_vegetarian,south_indian,1,muscle_gain|high_protein
Fish Curry Rice,lunch,568,15.3,76.0,4.0,non_vegetarian,mixed,1,balanced|beginner
Buttermilk,snack,189,16.1,14.5,5.7,vegetarian,north_indian,1,muscle_gain|high_protein
Boiled Eggs,snack,283,4.4,32.5,12.5,non_vegetarian,north_indian,0,balanced|beginner
Tofu Stir Fry,lunch,486,13.4,52.4,7.5,vegan,mixed,1,weight_loss|light
Kadhi Rice,lunch,565,34.7,32.2,16.7,vegetarian,north_indian,1,muscle_gain|high_protein
Roti Sabji,dinner,676,20.0,66.3,23.2,vegetarian,south_indian,0,balanced|beginner
Roasted Chana,snack,225,21.2,22.6,3.5,vegan,south_indian,1,muscle_gain|high_protein
Idli Sambar,breakfast,187,2.8,25.8,6.4,vegetarian,north_indian,1,improve_stamina|carb_rich
Grilled Chicken,dinner,482,14.7,46.1,17.5,non_vegetarian,mixed,1,balanced|beginner
Vegetable Poha,breakfast,321,7.5,30.7,22.6,vegetarian,south_indian,0,balanced|beginner
Masala Omelette,breakfast,367,6.5,59.0,8.4,non_vegetarian,north_indian,1,balanced|beginner
Tofu Curry,dinner,458,6.4,52.0,19.1,vegan,mixed,0,balanced|beginner
Sprouts Salad,snack,287,23.9,21.0,9.4,vegan,north_indian,1,muscle_gain|high_protein
Vegetable Khichdi,lunch,384,5.6,52.1,5.7,vegetarian,south_indian,0,improve_stamina|carb_rich
Peanut Chaat,snack,145,6.0,11.2,7.2,vegetarian,north_indian,1,improve_stamina|carb_rich
Fruit Bowl,breakfast,171,7.7,14.3,7.7,vegan,north_indian,0,muscle_gain|high_protein
Grilled Chicken,dinner,424,8.2,51.3,16.9,non_vegetarian,north_indian,0,improve_stamina|carb_rich
Fruit Bowl,breakfast,413,25.0,44.5,11.4,vegan,north_indian,1,muscle_gain|high_protein
Paneer Cubes,snack,228,4.8,29.3,8.1,vegetarian,north_indian,1,improve_stamina|carb_rich
Paneer Sandwich,breakfast,439,24.3,32.5,20.7,vegetarian,south_indian,0,muscle_gain|high_protein
Rajma Chawal,lunch,662,18.1,78.0,23.3,vegetarian,north_indian,0,balanced|beginner
Paneer Cubes,snack,95,2.0,9.1,4.8,vegetarian,north_indian,1,weight_loss|light
Peanut Chaat,snack,102,3.4,16.0,1.8,vegetarian,north_indian,1,balanced|beginner
Tofu Curry,dinner,626,14.5,78.0,6.3,vegan,north_indian,1,weight_loss|light
Pav Bhaji,lunch,358,3.9,37.6,18.1,vegetarian,south_indian,0,weight_loss|light
Fish Curry Rice,lunch,510,19.2,54.8,11.0,non_vegetarian,north_indian,1,weight_loss|light
Upma,breakfast,390,18.2,36.6,11.9,vegetarian,south_indian,1,balanced|beginner
Tofu Scramble,breakfast,433,12.2,75.3,9.1,vegan,south_indian,0,balanced|beginner
Idli Sambar,breakfast,203,8.2,31.4,3.1,vegetarian,south_indian,1,balanced|beginner
Fruit Bowl,breakfast,259,13.2,22.8,10.5,vegan,north_indian,1,muscle_gain|high_protein
Dal Rice,lunch,639,10.6,69.9,4.5,vegetarian,north_indian,0,improve_stamina|carb_rich
Paneer Sandwich,breakfast,229,15.3,27.9,4.2,vegetarian,mixed,1,muscle_gain|high_protein
Paneer Roti,lunch,483,14.1,39.3,11.7,vegetarian,north_indian,1,weight_loss|light
Masala Omelette,breakfast,380,14.3,60.3,5.7,non_vegetarian,mixed,1,balanced|beginner
Grilled Chicken,dinner,444,5.9,54.2,4.3,non_vegetarian,mixed,0,balanced|beginner
Vegetable Soup,dinner,497,8.7,69.9,23.8,vegan,mixed,0,improve_stamina|carb_rich
Peanut Chaat,snack,217,7.5,38.0,2.0,vegetarian,north_indian,1,weight_loss|light
Chicken Curry Rice,lunch,602,21.3,58.8,19.2,non_vegetarian,north_indian,1,balanced|beginner
Vegetable Poha,breakfast,388,14.3,35.8,17.4,vegetarian,south_indian,1,muscle_gain|high_protein
Pav Bhaji,lunch,563,13.3,53.4,8.3,vegetarian,mixed,1,balanced|beginner
Fruit Salad,snack,286,9.5,28.0,12.6,vegan,north_indian,0,muscle_gain|high_protein
Upma,breakfast,314,13.2,56.8,8.8,vegetarian,south_indian,1,weight_loss|light
Paneer Bhurji,dinner,650,46.7,36.0,22.5,vegetarian,north_indian,0,muscle_gain|high_protein
Paneer Sandwich,breakfast,196,5.9,15.7,10.4,vegetarian,mixed,1,weight_loss|light
Peanut Chaat,snack,108,4.5,10.8,4.2,vegetarian,north_indian,1,muscle_gain|high_protein
Protein Shake,snack,107,6.6,14.8,1.5,vegetarian,mixed,1,muscle_gain|high_protein
Hyderabadi Biryani,lunch,592,11.2,68.8,18.4,non_vegetarian,mixed,0,weight_loss|light
Tofu Scramble,breakfast,189,6.2,25.9,5.0,vegan,south_indian,1,balanced|beginner
Grilled Chicken,dinner,597,31.4,60.1,13.7,non_vegetarian,south_indian,1,muscle_gain|high_protein
Tofu Stir Fry,lunch,600,7.9,30.5,22.2,vegan,north_indian,0,weight_loss|light
Fruit Bowl,breakfast,209,5.2,36.8,2.7,vegan,mixed,1,balanced|beginner
Fruit Salad,snack,132,9.8,14.7,2.6,vegan,mixed,1,improve_stamina|carb_rich
Egg Curry,dinner,423,17.8,40.4,12.7,non_vegetarian,north_indian,1,balanced|beginner
Paneer Roti,lunch,387,15.1,52.7,9.0,vegetarian,south_indian,1,improve_stamina|carb_rich
Sabudana Khichdi,breakfast,157,4.0,21.4,4.7,vegetarian,north_indian,0,improve_stamina|carb_rich
Peanut Chaat,snack,204,5.9,27.2,6.1,vegetarian,north_indian,1,improve_stamina|carb_rich
Vegetable Soup,dinner,586,25.2,64.5,15.4,vegan,north_indian,1,muscle_gain|high_protein
Fruit Salad,snack,213,15.6,20.3,5.8,vegan,north_indian,1,muscle_gain|high_protein
Oats with Milk,breakfast,253,15.2,31.4,5.2,vegetarian,north_indian,1,muscle_gain|high_protein
Vegetable Soup,dinner,388,15.0,40.3,20.4,vegan,south_indian,1,balanced|beginner
Dal Rice,lunch,657,7.6,56.5,20.9,vegetarian,south_indian,0,improve_stamina|carb_rich
Idli Sambar,breakfast,267,12.6,33.0,7.0,vegetarian,south_indian,1,muscle_gain|high_protein
Protein Shake,snack,161,4.1,19.6,5.9,vegetarian,mixed,1,weight_loss|light
Protein Shake,snack,120,3.5,17.3,3.0,vegetarian,north_indian,1,balanced|beginner
Egg Curry,dinner,547,41.2,33.8,5.3,non_vegetarian,mixed,1,muscle_gain|high_protein
Hyderabadi Biryani,lunch,556,36.2,22.1,16.4,non_vegetarian,mixed,1,muscle_gain|high_protein
Vegetable Soup,dinner,422,14.4,34.6,22.6,vegan,north_indian,0,weight_loss|light
Chicken Curry Rice,lunch,524,16.8,50.7,13.2,non_vegetarian,mixed,1,balanced|beginner
Roasted Chana,snack,205,6.4,15.0,11.5,vegan,north_indian,1,balanced|beginner
Fruit Salad,snack,230,12.9,22.5,7.8,vegan,south_indian,1,muscle_gain|high_protein
Paneer Roti,lunch,470,39.1,33.7,7.5,vegetarian,mixed,1,muscle_gain|high_protein
Hyderabadi Biryani,lunch,647,23.8,67.4,18.4,non_vegetarian,south_indian,1,balanced|beginner
Protein Shake,snack,97,2.7,8.7,4.9,vegetarian,mixed,1,improve_stamina|carb_rich
Hyderabadi Biryani,lunch,498,31.7,50.0,14.6,non_vegetarian,mixed,1,muscle_gain|high_protein
Oats with Milk,breakfast,243,12.3,38.0,2.5,vegetarian,north_indian,1,improve_stamina|carb_rich
Fruit Salad,snack,166,2.9,24.7,4.7,vegan,north_indian,1,balanced|beginner
Rajma Chawal,lunch,446,29.7,37.4,9.5,vegetarian,mixed,1,muscle_gain|high_protein
Peanut Chaat,snack,192,5.8,31.7,3.0,vegetarian,south_indian,1,weight_loss|light
Grilled Chicken,dinner,605,22.2,79.9,9.7,non_vegetarian,south_indian,1,balanced|beginner
Egg Curry,dinner,506,5.4,78.3,19.1,non_vegetarian,north_indian,0,balanced|beginner
Kadhi Rice,lunch,386,13.2,38.1,21.9,vegetarian,north_indian,1,improve_stamina|carb_rich
Sprouts Salad,snack,113,8.1,9.3,3.8,vegan,mixed,1,muscle_gain|high_protein
Mixed Veg Curry,dinner,651,28.5,82.8,9.8,vegetarian,north_indian,0,weight_loss|light
Thepla,breakfast,309,15.3,37.3,8.2,vegetarian,mixed,1,weight_loss|light
Tofu Curry,dinner,369,22.8,34.6,18.4,vegan,north_indian,1,muscle_gain|high_protein
Thepla,breakfast,319,5.4,44.0,10.6,vegetarian,north_indian,1,improve_stamina|carb_rich
Dal Rice,lunch,678,18.0,39.5,16.8,vegetarian,mixed,1,muscle_gain|high_protein
Oats with Milk,breakfast,308,15.7,35.6,8.7,vegetarian,north_indian,1,muscle_gain|high_protein
Dal Tadka,dinner,534,10.4,65.3,15.7,vegetarian,north_indian,0,weight_loss|light
Buttermilk,snack,235,3.6,32.7,7.9,vegetarian,north_indian,1,weight_loss|light
Tofu Stir Fry,lunch,412,34.1,60.5,5.6,vegan,mixed,1,muscle_gain|high_protein
Paneer Roti,lunch,587,39.2,59.2,9.7,vegetarian,mixed,1,balanced|beginner
Hyderabadi Biryani,lunch,444,19.2,58.4,7.3,non_vegetarian,north_indian,1,improve_stamina|carb_rich
Boiled Eggs,snack,139,3.7,21.0,3.2,non_vegetarian,north_indian,1,improve_stamina|carb_rich
Tofu Stir Fry,lunch,502,11.6,65.0,22.1,vegan,south_indian,0,weight_loss|light
Rajma Chawal,lunch,548,11.3,34.1,23.7,vegetarian,north_indian,0,weight_loss|light
Grilled Chicken,dinner,568,8.7,79.3,16.2,non_vegetarian,mixed,0,weight_loss|light
Boiled Eggs,snack,286,9.0,30.8,11.5,non_vegetarian,north_indian,1,weight_loss|light
Kadhi Rice,lunch,474,16.8,39.8,4.3,vegetarian,mixed,1,balanced|beginner
Peanut Chaat,snack,222,7.2,28.0,7.0,vegetarian,north_indian,1,balanced|beginner
Roti Sabji,dinner,570,8.4,46.3,17.7,vegetarian,north_indian,0,balanced|beginner
Dal Tadka,dinner,421,9.8,66.9,4.6,vegetarian,north_indian,0,improve_stamina|carb_rich
Dal Tadka,dinner,431,15.7,32.3,19.7,vegetarian,north_indian,1,improve_stamina|carb_rich
Dal Tadka,dinner,541,42.0,35.9,14.5,vegetarian,south_indian,1,muscle_gain|high_protein
Grilled Chicken,dinner,554,15.6,55.8,18.7,non_vegetarian,mixed,1,weight_loss|light
Paneer Sandwich,breakfast,389,14.9,33.8,9.3,vegetarian,mixed,1,weight_loss|light
Grilled Chicken,dinner,359,15.4,23.2,22.4,non_vegetarian,north_indian,0,improve_stamina|carb_rich
Vegetable Soup,dinner,506,16.3,45.5,16.8,vegan,mixed,1,improve_stamina|carb_rich
Peanut Chaat,snack,100,4.3,11.8,3.1,vegetarian,north_indian,1,improve_stamina|carb_rich
Tofu Curry,dinner,493,10.8,51.6,9.6,vegan,mixed,0,weight_loss|light
Egg Curry,dinner,418,26.9,50.5,8.3,non_vegetarian,north_indian,1,muscle_gain|high_protein
Sabudana Khichdi,breakfast,245,6.0,13.8,16.2,vegetarian,mixed,1,improve_stamina|carb_rich
Egg Curry,dinner,503,7.2,58.6,6.6,non_vegetarian,north_indian,0,weight_loss|light
Egg Curry,dinner,590,25.6,21.2,23.5,non_vegetarian,north_indian,0,muscle_gain|high_protein
Fish Curry Rice,lunch,617,8.0,69.2,24.9,non_vegetarian,north_indian,0,weight_loss|light
Vegetable Poha,breakfast,349,19.4,32.1,6.0,vegetarian,mixed,1,balanced|beginner
Tofu Scramble,breakfast,224,9.1,25.3,7.6,vegan,mixed,1,weight_loss|light
Kadhi Rice,lunch,577,29.3,42.2,20.8,vegetarian,north_indian,1,muscle_gain|high_protein
Roasted Chana,snack,144,9.4,16.5,3.2,vegan,south_indian,1,balanced|beginner
Sabudana Khichdi,breakfast,151,9.5,17.0,3.7,vegetarian,mixed,0,muscle_gain|high_protein
Roti Sabji,dinner,418,23.6,23.0,22.7,vegetarian,north_indian,0,muscle_gain|high_protein
Hyderabadi Biryani,lunch,561,19.7,71.6,24.1,non_vegetarian,mixed,0,muscle_gain|high_protein
Corn Chaat,snack,276,9.3,32.1,12.8,vegan,north_indian,0,improve_stamina|carb_rich
Fish Curry Rice,lunch,528,19.1,38.3,14.0,non_vegetarian,mixed,1,weight_loss|light
Rajma Chawal,lunch,377,14.7,44.3,3.2,vegetarian,mixed,1,improve_stamina|carb_rich
Oats with Milk,breakfast,442,19.1,44.6,18.5,vegetarian,north_indian,0,weight_loss|light
Corn Chaat,snack,282,11.9,18.4,15.4,vegan,north_indian,0,muscle_gain|high_protein
Vegetable Khichdi,lunch,548,19.9,33.2,21.1,vegetarian,north_indian,1,muscle_gain|high_protein
Fruit Bowl,breakfast,226,4.7,30.1,7.6,vegan,north_indian,1,balanced|beginner
Fish Fry,dinner,436,7.9,53.7,17.2,non_vegetarian,mixed,0,improve_stamina|carb_rich
Thepla,breakfast,413,10.3,62.9,6.7,vegetarian,mixed,1,weight_loss|light
Hyderabadi Biryani,lunch,418,18.5,60.2,4.1,non_vegetarian,mixed,1,improve_stamina|carb_rich
Mixed Veg Curry,dinner,415,11.6,62.8,8.6,vegetarian,mixed,0,improve_stamina|carb_rich
Sprouts Salad,snack,193,4.5,13.7,11.6,vegan,south_indian,1,weight_loss|light
Hyderabadi Biryani,lunch,444,15.7,47.5,6.2,non_vegetarian,mixed,1,balanced|beginner
Fish Curry Rice,lunch,599,5.9,65.1,21.8,non_vegetarian,north_indian,0,weight_loss|light
Boiled Eggs,snack,82,1.6,8.4,4.0,non_vegetarian,south_indian,1,improve_stamina|carb_rich
Fish Curry Rice,lunch,452,15.1,28.0,23.1,non_vegetarian,north_indian,0,weight_loss|light
Egg Curry,dinner,403,10.1,34.7,18.3,non_vegetarian,north_indian,0,weight_loss|light
Tofu Scramble,breakfast,174,4.5,24.7,4.8,vegan,south_indian,0,improve_stamina|carb_rich
Dal Rice,lunch,477,25.5,58.4,18.2,vegetarian,mixed,1,muscle_gain|high_protein
Corn Chaat,snack,119,3.1,10.3,6.2,vegan,north_indian,1,weight_loss|light
Kadhi Rice,lunch,385,4.7,52.7,13.9,vegetarian,mixed,1,weight_loss|light
Paneer Sandwich,breakfast,438,24.9,22.3,16.1,vegetarian,mixed,1,muscle_gain|high_protein
Dal Tadka,dinner,420,17.0,38.9,19.0,vegetarian,south_indian,1,weight_loss|light
Pav Bhaji,lunch,350,10.9,40.5,12.9,vegetarian,north_indian,1,weight_loss|light
Mixed Veg Curry,dinner,523,8.1,24.6,22.7,vegetarian,north_indian,0,balanced|beginner
Paneer Roti,lunch,631,36.7,65.4,12.1,vegetarian,mixed,1,improve_stamina|carb_rich
Paneer Sandwich,breakfast,172,6.0,20.6,5.7,vegetarian,south_indian,0,improve_stamina|carb_rich
Paneer Roti,lunch,443,31.1,24.2,3.5,vegetarian,north_indian,1,muscle_gain|high_protein
Vegetable Poha,breakfast,442,10.3,71.2,10.6,vegetarian,north_indian,0,improve_stamina|carb_rich
Tofu Curry,dinner,465,15.3,26.2,20.2,vegan,mixed,1,improve_stamina|carb_rich
Rajma Chawal,lunch,573,21.8,51.6,19.6,vegetarian,south_indian,1,weight_loss|light
Paneer Sandwich,breakfast,395,4.5,56.9,13.1,vegetarian,mixed,1,weight_loss|light
Hyderabadi Biryani,lunch,405,6.8,46.5,12.9,non_vegetarian,north_indian,0,improve_stamina|carb_rich
Hyderabadi Biryani,lunch,574,31.8,42.3,19.3,non_vegetarian,mixed,1,weight_loss|light
Paneer Cubes,snack,81,2.1,9.3,3.2,vegetarian,north_indian,1,improve_stamina|carb_rich
Dal Rice,lunch,444,10.6,24.1,17.8,vegetarian,south_indian,0,balanced|beginner
Tofu Curry,dinner,683,18.0,62.2,6.6,vegan,south_indian,0,balanced|beginner
Dal Tadka,dinner,695,21.9,57.0,14.7,vegetarian,north_indian,1,muscle_gain|high_protein
Mixed Veg Curry,dinner,677,9.0,72.4,23.1,vegetarian,mixed,0,weight_loss|light
Peanut Chaat,snack,192,6.4,20.3,7.8,vegetarian,south_indian,1,improve_stamina|carb_rich
Vegetable Khichdi,lunch,396,5.5,62.1,18.3,vegetarian,north_indian,0,weight_loss|light
Oats with Milk,breakfast,381,6.9,51.2,21.8,vegetarian,north_indian,0,weight_loss|light
Dal Tadka,dinner,401,14.9,55.3,7.7,vegetarian,north_indian,1,improve_stamina|carb_rich
Idli Sambar,breakfast,154,4.6,10.7,8.9,vegetarian,mixed,0,balanced|beginner
Sabudana Khichdi,breakfast,212,11.3,25.3,5.4,vegetarian,north_indian,1,muscle_gain|high_protein
Dal Tadka,dinner,481,10.2,55.0,21.3,vegetarian,north_indian,0,improve_stamina|carb_rich
Tofu Scramble,breakfast,339,8.4,41.4,12.5,vegan,north_indian,1,balanced|beginner
Roti Sabji,dinner,557,27.0,42.7,19.8,vegetarian,north_indian,1,balanced|beginner
Sprouts Salad,snack,121,3.0,10.6,6.3,vegan,north_indian,1,balanced|beginner
Corn Chaat,snack,201,16.8,24.2,2.3,vegan,north_indian,1,muscle_gain|high_protein
Thepla,breakfast,329,27.9,24.0,10.6,vegetarian,mixed,1,muscle_gain|high_protein
Sprouts Salad,snack,160,6.2,17.8,5.7,vegan,mixed,1,muscle_gain|high_protein
Mixed Veg Curry,dinner,523,28.3,48.2,20.1,vegetarian,north_indian,1,muscle_gain|high_protein
Tofu Scramble,breakfast,213,8.0,18.9,9.8,vegan,mixed,1,weight_loss|light
Vegetable Khichdi,lunch,420,8.5,72.0,11.9,vegetarian,mixed,0,balanced|beginner
Vegetable Khichdi,lunch,685,23.6,66.2,9.7,vegetarian,mixed,1,muscle_gain|high_protein
Roti Sabji,dinner,504,19.6,53.3,13.2,vegetarian,mixed,1,weight_loss|light
Peanut Chaat,snack,213,2.6,32.0,6.4,vegetarian,north_indian,1,balanced|beginner
Kadhi Rice,lunch,512,10.8,46.8,21.5,vegetarian,north_indian,0,improve_stamina|carb_rich
Masala Omelette,breakfast,361,11.3,74.9,6.4,non_vegetarian,mixed,1,improve_stamina|carb_rich
Tofu Scramble,breakfast,245,14.2,28.7,6.0,vegan,north_indian,1,muscle_gain|high_protein
Masala Omelette,breakfast,320,4.7,29.2,17.6,non_vegetarian,mixed,1,balanced|beginner
Grilled Chicken,dinner,637,5.3,79.2,23.6,non_vegetarian,north_indian,0,weight_loss|light
Tofu Scramble,breakfast,356,9.1,60.0,7.1,vegan,mixed,1,balanced|beginner
Fish Curry Rice,lunch,451,5.6,66.6,22.4,non_vegetarian,north_indian,0,improve_stamina|carb_rich
Masala Omelette,breakfast,406,14.8,55.9,18.8,non_vegetarian,mixed,0,weight_loss|light
Tofu Curry,dinner,611,7.2,42.8,20.5,vegan,north_indian,0,improve_stamina|carb_rich
Egg Curry,dinner,510,9.0,78.7,6.2,non_vegetarian,north_indian,0,balanced|beginner
Chicken Curry Rice,lunch,568,17.5,63.5,7.3,non_vegetarian,mixed,1,improve_stamina|carb_rich
Protein Shake,snack,248,7.6,29.0,9.1,vegetarian,mixed,1,weight_loss|light
Idli Sambar,breakfast,210,3.1,25.8,8.6,vegetarian,north_indian,1,weight_loss|light
Fish Fry,dinner,497,13.7,57.2,22.2,non_vegetarian,north_indian,0,balanced|beginner
Chicken Curry Rice,lunch,482,10.8,62.4,16.8,non_vegetarian,mixed,0,improve_stamina|carb_rich
Sabudana Khichdi,breakfast,274,7.0,29.6,11.8,vegetarian,north_indian,1,improve_stamina|carb_rich
Mixed Veg Curry,dinner,366,16.7,39.4,12.5,vegetarian,north_indian,1,muscle_gain|high_protein
Fish Fry,dinner,669,17.4,61.9,18.5,non_vegetarian,south_indian,0,balanced|beginner
Mixed Veg Curry,dinner,363,18.2,43.7,8.0,vegetarian,mixed,1,balanced|beginner
Vegetable Soup,dinner,492,10.9,43.7,11.2,vegan,north_indian,0,improve_stamina|carb_rich
Rajma Chawal,lunch,387,15.9,73.1,8.7,vegetarian,mixed,1,balanced|beginner
Paneer Roti,lunch,624,31.5,58.7,16.7,vegetarian,north_indian,1,weight_loss|light
Egg Curry,dinner,553,42.6,41.1,13.2,non_vegetarian,north_indian,1,muscle_gain|high_protein
Vegetable Khichdi,lunch,604,17.9,76.6,13.6,vegetarian,mixed,1,balanced|beginner
Fruit Bowl,breakfast,342,18.0,43.9,14.8,vegan,mixed,1,improve_stamina|carb_rich
Fruit Bowl,breakfast,151,5.9,13.7,6.8,vegan,north_indian,0,balanced|beginner
Paneer Roti,lunch,423,17.3,47.8,14.3,vegetarian,north_indian,1,muscle_gain|high_protein
Protein Shake,snack,210,12.7,19.3,7.2,vegetarian,north_indian,1,muscle_gain|high_protein
Paneer Cubes,snack,284,3.4,35.0,11.9,vegetarian,mixed,0,balanced|beginner
Kadhi Rice,lunch,364,3.7,48.4,14.1,vegetarian,mixed,0,improve_stamina|carb_rich
Boiled Eggs,snack,156,7.3,18.4,4.5,non_vegetarian,south_indian,1,balanced|beginner
Peanut Chaat,snack,113,6.1,17.4,1.1,vegetarian,mixed,1,muscle_gain|high_protein
Tofu Curry,dinner,600,23.6,60.8,19.1,vegan,north_indian,1,muscle_gain|high_protein
Mixed Veg Curry,dinner,655,8.6,71.9,6.8,vegetarian,south_indian,0,improve_stamina|carb_rich
Paneer Roti,lunch,632,14.8,59.0,21.9,vegetarian,north_indian,1,balanced|beginner
Roasted Chana,snack,234,16.7,20.1,7.6,vegan,south_indian,1,muscle_gain|high_protein
Dal Rice,lunch,505,15.4,36.7,11.5,vegetarian,north_indian,1,balanced|beginner
Pav Bhaji,lunch,590,10.5,69.2,19.9,vegetarian,south_indian,0,weight_loss|light
Protein Shake,snack,94,3.4,9.3,4.0,vegetarian,north_indian,1,balanced|beginner
Sabudana Khichdi,breakfast,296,8.1,35.4,10.9,vegetarian,north_indian,1,balanced|beginner
Fish Curry Rice,lunch,410,5.1,50.2,17.3,non_vegetarian,mixed,0,weight_loss|light
Peanut Chaat,snack,121,3.5,18.5,2.6,vegetarian,north_indian,1,improve_stamina|carb_rich
Hyderabadi Biryani,lunch,484,20.5,34.5,13.7,non_vegetarian,north_indian,1,muscle_gain|high_protein
Egg Curry,dinner,424,16.8,20.4,22.4,non_vegetarian,north_indian,0,improve_stamina|carb_rich
Chicken Curry Rice,lunch,501,6.0,37.3,11.8,non_vegetarian,mixed,0,improve_stamina|carb_rich
Paneer Bhurji,dinner,643,17.7,30.7,24.5,vegetarian,north_indian,0,balanced|beginner
Buttermilk,snack,234,16.9,29.1,9.0,vegetarian,mixed,1,balanced|beginner
Tofu Curry,dinner,360,11.0,36.0,24.9,vegan,south_indian,0,weight_loss|light
Rajma Chawal,lunch,578,9.8,40.6,17.6,vegetarian,north_indian,0,improve_stamina|carb_rich
Idli Sambar,breakfast,295,7.3,38.9,9.6,vegetarian,south_indian,1,weight_loss|light
Boiled Eggs,snack,134,8.6,14.2,3.6,non_vegetarian,mixed,1,muscle_gain|high_protein
Oats with Milk,breakfast,431,25.6,36.9,12.0,vegetarian,south_indian,1,muscle_gain|high_protein
Kadhi Rice,lunch,522,9.9,49.1,19.2,vegetarian,mixed,0,weight_loss|light
Paneer Roti,lunch,350,33.9,30.1,7.4,vegetarian,mixed,1,muscle_gain|high_protein
Sabudana Khichdi,breakfast,280,6.9,45.9,5.2,vegetarian,mixed,1,improve_stamina|carb_rich
Sprouts Salad,snack,125,3.6,16.1,4.0,vegan,north_indian,1,balanced|beginner
Vegetable Soup,dinner,353,27.3,46.1,9.6,vegan,mixed,1,muscle_gain|high_protein
Sprouts Salad,snack,206,9.8,33.9,1.6,vegan,mixed,1,balanced|beginner
Fruit Bowl,breakfast,170,4.6,10.5,10.7,vegan,north_indian,0,balanced|beginner
Paneer Sandwich,breakfast,397,5.5,24.3,14.2,vegetarian,north_indian,1,weight_loss|light
Kadhi Rice,lunch,424,28.2,31.4,3.8,vegetarian,mixed,1,muscle_gain|high_protein
Tofu Stir Fry,lunch,546,6.9,38.0,14.7,vegan,south_indian,0,balanced|beginner
Dal Tadka,dinner,663,24.0,87.7,10.8,vegetarian,north_indian,0,improve_stamina|carb_rich
Corn Chaat,snack,187,6.1,21.8,6.7,vegan,north_indian,1,improve_stamina|carb_rich
Fruit Salad,snack,80,2.5,9.8,2.7,vegan,north_indian,1,improve_stamina|carb_rich
Peanut Chaat,snack,184,14.0,9.4,8.4,vegetarian,south_indian,1,muscle_gain|high_protein
Chicken Curry Rice,lunch,499,15.0,70.7,7.8,non_vegetarian,north_indian,1,improve_stamina|carb_rich
Vegetable Soup,dinner,583,11.2,38.6,22.8,vegan,north_indian,0,improve_stamina|carb_rich
Fish Fry,dinner,359,20.2,45.3,7.6,non_vegetarian,south_indian,1,muscle_gain|high_protein
Tofu Scramble,breakfast,439,28.5,39.8,24.9,vegan,north_indian,0,muscle_gain|high_protein
Sabudana Khichdi,breakfast,249,6.1,30.1,9.4,vegetarian,south_indian,1,balanced|beginner
Paneer Bhurji,dinner,407,12.1,41.0,20.1,vegetarian,mixed,1,weight_loss|light
Corn Chaat,snack,202,7.4,31.9,3.2,vegan,north_indian,1,weight_loss|light
Sprouts Salad,snack,93,1.7,14.0,2.5,vegan,north_indian,1,balanced|beginner
Thepla,breakfast,432,12.6,54.7,14.2,vegetarian,north_indian,0,balanced|beginner
Vegetable Soup,dinner,669,5.6,64.2,13.5,vegan,mixed,0,balanced|beginner
Upma,breakfast,381,20.9,44.9,9.7,vegetarian,north_indian,1,muscle_gain|high_protein
Sprouts Salad,snack,109,4.7,11.3,4.0,vegan,north_indian,1,improve_stamina|carb_rich
Egg Curry,dinner,628,6.5,76.7,5.4,non_vegetarian,mixed,0,weight_loss|light
Vegetable Khichdi,lunch,397,43.4,39.5,10.4,vegetarian,north_indian,1,muscle_gain|high_protein
Thepla,breakfast,362,9.2,38.8,9.1,vegetarian,north_indian,1,balanced|beginner
Fish Curry Rice,lunch,365,6.0,53.9,10.7,non_vegetarian,mixed,0,improve_stamina|carb_rich
Tofu Scramble,breakfast,313,18.6,21.8,14.0,vegan,north_indian,1,muscle_gain|high_protein
Dal Tadka,dinner,467,11.6,58.9,16.4,vegetarian,mixed,0,improve_stamina|carb_rich
Mixed Veg Curry,dinner,678,10.7,53.1,18.1,vegetarian,mixed,0,balanced|beginner
Pav Bhaji,lunch,359,17.7,67.5,7.9,vegetarian,north_indian,1,weight_loss|light
Grilled Chicken,dinner,607,10.1,47.7,23.2,non_vegetarian,north_indian,0,balanced|beginner
Tofu Curry,dinner,631,25.2,63.0,18.3,vegan,south_indian,1,weight_loss|light
Thepla,breakfast,386,34.6,17.5,16.3,vegetarian,mixed,1,muscle_gain|high_protein
Fruit Bowl,breakfast,415,11.6,52.3,16.3,vegan,mixed,1,balanced|beginner
Paneer Roti,lunch,418,14.9,31.0,23.9,vegetarian,north_indian,0,weight_loss|light
Corn Chaat,snack,288,5.9,33.6,13.8,vegan,south_indian,1,weight_loss|light
Thepla,breakfast,206,3.6,25.4,8.2,vegetarian,north_indian,1,weight_loss|light
Boiled Eggs,snack,170,3.7,20.3,6.7,non_vegetarian,mixed,1,balanced|beginner
Fruit Bowl,breakfast,272,11.9,19.8,13.7,vegan,south_indian,1,balanced|beginner
Oats with Milk,breakfast,213,12.4,18.8,7.9,vegetarian,north_indian,1,muscle_gain|high_protein
Egg Curry,dinner,684,6.1,61.5,14.6,non_vegetarian,north_indian,0,balanced|beginner
Sprouts Salad,snack,294,7.6,35.3,11.0,vegan,mixed,0,improve_stamina|carb_rich
Fruit Bowl,breakfast,275,11.6,22.1,3.2,vegan,north_indian,1,improve_stamina|carb_rich
Hyderabadi Biryani,lunch,613,30.5,59.7,15.8,non_vegetarian,south_indian,1,weight_loss|light
Tofu Scramble,breakfast,423,7.7,77.9,12.7,vegan,south_indian,0,balanced|beginner
Paneer Roti,lunch,686,36.1,61.9,12.5,vegetarian,mixed,1,muscle_gain|high_protein
Fruit Salad,snack,112,3.5,19.4,1.3,vegan,north_indian,1,balanced|beginner
Fish Curry Rice,lunch,546,19.3,54.0,15.2,non_vegetarian,north_indian,1,improve_stamina|carb_rich
Kadhi Rice,lunch,571,6.3,65.3,5.6,vegetarian,north_indian,0,weight_loss|light
Egg Curry,dinner,482,5.7,58.3,4.8,non_vegetarian,mixed,0,balanced|beginner
Thepla,breakfast,392,6.5,71.2,12.9,vegetarian,mixed,1,balanced|beginner
Pav Bhaji,lunch,658,10.5,62.9,27.3,vegetarian,south_indian,0,improve_stamina|carb_rich
Fruit Salad,snack,221,5.5,31.4,6.2,vegan,south_indian,1,weight_loss|light
Roti Sabji,dinner,590,15.6,40.2,28.9,vegetarian,north_indian,0,improve_stamina|carb_rich
Vegetable Soup,dinner,561,34.9,75.9,18.7,vegan,north_indian,1,muscle_gain|high_protein
Dal Rice,lunch,383,8.3,40.3,17.5,vegetarian,north_indian,0,weight_loss|light
Upma,breakfast,445,27.6,43.8,13.8,vegetarian,mixed,1,muscle_gain|high_protein
Idli Sambar,breakfast,182,9.2,11.4,9.5,vegetarian,north_indian,1,balanced|beginner
Boiled Eggs,snack,282,18.6,33.4,5.7,non_vegetarian,north_indian,1,muscle_gain|high_protein
Hyderabadi Biryani,lunch,538,44.7,46.9,15.3,non_vegetarian,north_indian,1,muscle_gain|high_protein
Masala Omelette,breakfast,401,18.1,61.8,8.7,non_vegetarian,north_indian,1,muscle_gain|high_protein
Idli Sambar,breakfast,354,13.5,53.4,11.5,vegetarian,north_indian,1,weight_loss|light
Protein Shake,snack,217,7.9,17.2,11.0,vegetarian,mixed,1,balanced|beginner
Rajma Chawal,lunch,378,19.3,66.7,8.4,vegetarian,north_indian,1,weight_loss|light
Dal Rice,lunch,481,19.3,39.3,10.6,vegetarian,south_indian,1,weight_loss|light
Fruit Bowl,breakfast,150,5.3,17.4,5.2,vegan,mixed,0,improve_stamina|carb_rich
Tofu Stir Fry,lunch,634,15.6,74.0,4.8,vegan,mixed,1,balanced|beginner
Fish Fry,dinner,482,14.0,76.6,19.5,non_vegetarian,south_indian,1,weight_loss|light
Thepla,breakfast,384,5.2,47.4,16.3,vegetarian,north_indian,1,improve_stamina|carb_rich
Roti Sabji,dinner,444,18.5,74.9,11.7,vegetarian,north_indian,1,balanced|beginner
Pav Bhaji,lunch,678,25.1,97.3,7.4,vegetarian,north_indian,0,weight_loss|light
Tofu Stir Fry,lunch,522,7.6,63.4,12.0,vegan,south_indian,0,weight_loss|light
Dal Tadka,dinner,502,22.6,45.7,13.1,vegetarian,north_indian,1,muscle_gain|high_protein
Paneer Bhurji,dinner,605,18.9,42.4,27.8,vegetarian,north_indian,0,balanced|beginner
Paneer Roti,lunch,556,5.1,59.1,13.0,vegetarian,south_indian,0,balanced|beginner
Sprouts Salad,snack,215,2.8,25.9,9.3,vegan,mixed,1,balanced|beginner
Fruit Salad,snack,200,8.1,24.2,11.0,vegan,mixed,1,weight_loss|light
Tofu Scramble,breakfast,371,22.0,29.6,15.0,vegan,mixed,1,muscle_gain|high_protein
Roasted Chana,snack,128,4.2,13.1,5.4,vegan,north_indian,1,improve_stamina|carb_rich
Paneer Bhurji,dinner,577,41.9,74.6,19.6,vegetarian,mixed,1,muscle_gain|high_protein
Paneer Bhurji,dinner,586,19.6,75.5,17.8,vegetarian,mixed,1,improve_stamina|carb_rich
Masala Omelette,breakfast,385,39.2,28.1,4.4,non_vegetarian,south_indian,1,muscle_gain|high_protein
Fish Fry,dinner,628,11.1,59.8,25.7,non_vegetarian,south_indian,0,weight_loss|light
Thepla,breakfast,376,12.5,23.6,24.7,vegetarian,south_indian,0,balanced|beginner
Fruit Bowl,breakfast,218,4.8,26.9,8.2,vegan,mixed,1,weight_loss|light
Fruit Bowl,breakfast,359,22.4,45.4,6.6,vegan,south_indian,1,muscle_gain|high_protein
Tofu Stir Fry,lunch,407,17.3,40.2,21.7,vegan,south_indian,1,balanced|beginner
Dal Rice,lunch,676,21.5,61.3,24.8,vegetarian,north_indian,0,balanced|beginner
Tofu Curry,dinner,458,15.5,51.1,17.8,vegan,north_indian,1,weight_loss|light
Peanut Chaat,snack,240,3.8,35.9,6.9,vegetarian,south_indian,1,improve_stamina|carb_rich
Vegetable Poha,breakfast,321,9.3,53.3,5.0,vegetarian,north_indian,1,balanced|beginner
Upma,breakfast,426,34.8,30.4,10.9,vegetarian,south_indian,1,muscle_gain|high_protein
Tofu Curry,dinner,398,42.2,36.9,10.5,vegan,north_indian,1,muscle_gain|high_protein
Masala Omelette,breakfast,410,19.4,26.7,6.0,non_vegetarian,north_indian,1,improve_stamina|carb_rich
Pav Bhaji,lunch,583,18.8,56.1,12.9,vegetarian,south_indian,1,weight_loss|light
Fruit Salad,snack,229,7.2,28.9,10.8,vegan,north_indian,1,weight_loss|light
Corn Chaat,snack,153,2.7,27.2,2.4,vegan,mixed,1,improve_stamina|carb_rich
Tofu Stir Fry,lunch,471,19.1,34.9,21.7,vegan,north_indian,1,balanced|beginner
Hyderabadi Biryani,lunch,484,16.1,38.7,17.9,non_vegetarian,north_indian,1,improve_stamina|carb_rich
Pav Bhaji,lunch,411,15.9,23.3,16.0,vegetarian,south_indian,1,improve_stamina|carb_rich
Egg Curry,dinner,632,11.9,85.1,14.4,non_vegetarian,mixed,0,weight_loss|light
Fruit Salad,snack,88,2.2,10.8,3.2,vegan,north_indian,1,balanced|beginner
Grilled Chicken,dinner,653,9.8,40.3,37.2,non_vegetarian,north_indian,0,improve_stamina|carb_rich
Thepla,breakfast,375,22.7,41.5,9.8,vegetarian,north_indian,1,muscle_gain|high_protein
Thepla,breakfast,408,6.4,53.3,15.2,vegetarian,mixed,1,improve_stamina|carb_rich
Fish Fry,dinner,651,34.5,76.6,18.6,non_vegetarian,north_indian,1,muscle_gain|high_protein
Oats with Milk,breakfast,204,11.4,12.9,10.1,vegetarian,north_indian,1,muscle_gain|high_protein
Upma,breakfast,252,21.6,29.6,3.0,vegetarian,north_indian,1,muscle_gain|high_protein
Tofu Curry,dinner,503,16.6,68.0,17.4,vegan,north_indian,1,weight_loss|light
Buttermilk,snack,264,9.5,30.1,9.4,vegetarian,south_indian,1,weight_loss|light
Pav Bhaji,lunch,632,16.1,78.8,15.4,vegetarian,north_indian,1,balanced|beginner
Chicken Curry Rice,lunch,551,12.7,69.7,17.1,non_vegetarian,north_indian,1,improve_stamina|carb_rich
Protein Shake,snack,103,5.7,15.0,1.3,vegetarian,north_indian,1,muscle_gain|high_protein
Paneer Bhurji,dinner,467,43.3,25.5,3.5,vegetarian,south_indian,1,muscle_gain|high_protein
Kadhi Rice,lunch,516,14.5,21.9,20.6,vegetarian,north_indian,1,weight_loss|light
Masala Omelette,breakfast,174,7.7,27.1,2.3,non_vegetarian,south_indian,0,improve_stamina|carb_rich
Fish Curry Rice,lunch,610,18.1,73.4,13.8,non_vegetarian,north_indian,1,balanced|beginner
Thepla,breakfast,153,4.0,18.2,5.8,vegetarian,mixed,0,balanced|beginner
Masala Omelette,breakfast,398,18.6,49.7,10.3,non_vegetarian,south_indian,1,muscle_gain|high_protein
Fish Fry,dinner,380,22.3,33.3,14.1,non_vegetarian,south_indian,1,muscle_gain|high_protein
Mixed Veg Curry,dinner,589,8.2,71.3,22.8,vegetarian,south_indian,0,weight_loss|light
Egg Curry,dinner,535,16.8,62.6,13.4,non_vegetarian,mixed,1,weight_loss|light
Upma,breakfast,171,3.5,23.6,5.5,vegetarian,mixed,1,weight_loss|light
Dal Tadka,dinner,447,33.1,60.2,11.8,vegetarian,mixed,1,muscle_gain|high_protein
Kadhi Rice,lunch,417,16.9,33.2,14.6,vegetarian,south_indian,1,improve_stamina|carb_rich
Buttermilk,snack,221,8.3,22.5,8.9,vegetarian,mixed,1,improve_stamina|carb_rich
Idli Sambar,breakfast,374,3.9,49.5,14.5,vegetarian,north_indian,1,improve_stamina|carb_rich
Tofu Scramble,breakfast,395,13.9,58.2,7.9,vegan,north_indian,1,balanced|beginner
Mixed Veg Curry,dinner,363,10.6,47.0,11.5,vegetarian,north_indian,1,weight_loss|light
Peanut Chaat,snack,235,18.4,39.2,4.3,vegetarian,mixed,1,weight_loss|light
Paneer Sandwich,breakfast,231,8.4,35.9,4.0,vegetarian,mixed,1,balanced|beginner
Vegetable Poha,breakfast,190,8.9,24.9,4.4,vegetarian,mixed,1,improve_stamina|carb_rich
Roasted Chana,snack,190,3.2,19.9,9.2,vegan,mixed,1,balanced|beginner
Masala Omelette,breakfast,184,5.0,24.1,5.9,non_vegetarian,mixed,1,balanced|beginner
Thepla,breakfast,178,3.0,33.5,2.0,vegetarian,mixed,1,weight_loss|light
Vegetable Poha,breakfast,157,4.0,21.3,4.8,vegetarian,north_indian,1,weight_loss|light
Tofu Stir Fry,lunch,529,28.0,79.5,16.7,vegan,north_indian,1,muscle_gain|high_protein
Sprouts Salad,snack,217,13.9,31.0,2.2,vegan,mixed,1,muscle_gain|high_protein
Masala Omelette,breakfast,166,7.1,10.0,9.3,non_vegetarian,north_indian,0,balanced|beginner
Roasted Chana,snack,221,10.9,14.1,11.5,vegan,south_indian,1,muscle_gain|high_protein
Egg Curry,dinner,360,4.2,46.6,14.2,non_vegetarian,north_indian,1,weight_loss|light
Vegetable Soup,dinner,643,16.7,74.7,18.0,vegan,south_indian,1,weight_loss|light
Egg Curry,dinner,555,12.9,52.2,13.5,non_vegetarian,south_indian,1,improve_stamina|carb_rich
Vegetable Khichdi,lunch,376,19.7,28.5,18.2,vegetarian,north_indian,1,balanced|beginner
Tofu Scramble,breakfast,311,9.8,55.0,3.0,vegan,mixed,1,weight_loss|light
Paneer Roti,lunch,474,19.6,59.3,8.8,vegetarian,mixed,1,muscle_gain|high_protein
Kadhi Rice,lunch,546,17.7,82.6,5.2,vegetarian,mixed,1,balanced|beginner
Mixed Veg Curry,dinner,565,10.7,42.1,24.3,vegetarian,mixed,0,improve_stamina|carb_rich
Tofu Scramble,breakfast,362,33.1,36.5,3.6,vegan,north_indian,1,muscle_gain|high_protein
Sabudana Khichdi,breakfast,381,19.8,40.6,19.0,vegetarian,north_indian,0,balanced|beginner
Paneer Roti,lunch,527,32.8,68.7,21.4,vegetarian,north_indian,1,muscle_gain|high_protein
Chicken Curry Rice,lunch,375,13.6,45.8,12.0,non_vegetarian,mixed,1,weight_loss|light
Oats with Milk,breakfast,404,14.0,71.1,11.4,vegetarian,north_indian,1,balanced|beginner
Sabudana Khichdi,breakfast,163,8.7,21.4,3.3,vegetarian,north_indian,0,muscle_gain|high_protein
Tofu Stir Fry,lunch,470,11.3,79.5,17.7,vegan,mixed,0,weight_loss|light
Oats with Milk,breakfast,447,16.6,60.2,3.1,vegetarian,north_indian,0,improve_stamina|carb_rich
Vegetable Poha,breakfast,396,9.0,24.9,22.4,vegetarian,mixed,0,weight_loss|light
Paneer Roti,lunch,540,35.6,71.6,21.2,vegetarian,mixed,1,muscle_gain|high_protein
Masala Omelette,breakfast,393,5.8,75.6,9.0,non_vegetarian,north_indian,1,weight_loss|light
Paneer Sandwich,breakfast,298,13.8,20.3,4.5,vegetarian,south_indian,1,weight_loss|light
Idli Sambar,breakfast,156,14.5,16.9,2.0,vegetarian,mixed,0,muscle_gain|high_protein
Fruit Bowl,breakfast,209,4.5,30.8,5.7,vegan,south_indian,1,improve_stamina|carb_rich
Idli Sambar,breakfast,412,11.2,77.8,5.3,vegetarian,south_indian,1,improve_stamina|carb_rich
Upma,breakfast,414,13.1,48.6,14.9,vegetarian,mixed,1,balanced|beginner
Dal Rice,lunch,629,15.2,61.8,11.2,vegetarian,north_indian,1,balanced|beginner
Vegetable Poha,breakfast,245,4.3,41.2,4.8,vegetarian,north_indian,1,weight_loss|light
Thepla,breakfast,333,7.5,47.4,8.5,vegetarian,north_indian,1,weight_loss|light
Tofu Curry,dinner,642,19.2,59.9,5.0,vegan,mixed,1,muscle_gain|high_protein
Buttermilk,snack,237,16.9,30.9,3.0,vegetarian,mixed,1,muscle_gain|high_protein
Paneer Roti,lunch,688,6.7,71.8,12.3,vegetarian,south_indian,0,balanced|beginner
Oats with Milk,breakfast,305,22.9,20.1,12.0,vegetarian,north_indian,1,muscle_gain|high_protein
Upma,breakfast,203,6.9,21.7,8.0,vegetarian,mixed,1,improve_stamina|carb_rich
Thepla,breakfast,231,14.3,34.1,7.4,vegetarian,south_indian,1,balanced|beginner
Paneer Roti,lunch,522,16.3,43.0,23.3,vegetarian,north_indian,0,weight_loss|light
Mixed Veg Curry,dinner,432,8.6,59.4,8.1,vegetarian,mixed,0,balanced|beginner
Vegetable Khichdi,lunch,491,41.4,63.5,3.3,vegetarian,north_indian,1,muscle_gain|high_protein
Dal Tadka,dinner,502,6.3,56.7,22.8,vegetarian,south_indian,0,weight_loss|light
Thepla,breakfast,274,15.2,36.8,7.4,vegetarian,north_indian,1,balanced|beginner
Fish Fry,dinner,669,19.0,76.6,12.9,non_vegetarian,mixed,0,weight_loss|light
Roti Sabji,dinner,648,10.4,47.0,21.0,vegetarian,south_indian,0,weight_loss|light
Vegetable Poha,breakfast,438,5.8,43.7,17.3,vegetarian,mixed,0,weight_loss|light
Dal Tadka,dinner,419,15.4,49.7,19.0,vegetarian,south_indian,1,weight_loss|light
Dal Tadka,dinner,595,44.7,41.3,11.9,vegetarian,north_indian,1,muscle_gain|high_protein
Sabudana Khichdi,breakfast,434,30.3,35.0,10.5,vegetarian,north_indian,0,weight_loss|light
Fish Fry,dinner,394,11.0,55.7,6.3,non_vegetarian,north_indian,0,balanced|beginner
Dal Tadka,dinner,585,10.2,28.9,18.9,vegetarian,south_indian,0,weight_loss|light
Protein Shake,snack,215,5.9,25.2,8.1,vegetarian,mixed,1,improve_stamina|carb_rich
Paneer Roti,lunch,675,14.2,34.8,39.7,vegetarian,mixed,0,weight_loss|light
Fruit Salad,snack,132,3.3,12.9,6.3,vegan,south_indian,1,balanced|beginner
Fish Curry Rice,lunch,507,9.8,50.1,4.9,non_vegetarian,north_indian,0,weight_loss|light
Dal Rice,lunch,440,12.0,58.4,13.7,vegetarian,south_indian,1,weight_loss|light
Fish Fry,dinner,447,18.8,23.0,21.4,non_vegetarian,north_indian,1,weight_loss|light
Oats with Milk,breakfast,176,6.4,21.4,5.6,vegetarian,north_indian,1,weight_loss|light
Dal Tadka,dinner,520,16.8,22.9,24.9,vegetarian,mixed,0,improve_stamina|carb_rich
Paneer Sandwich,breakfast,305,5.5,35.1,13.1,vegetarian,north_indian,1,weight_loss|light
Sprouts Salad,snack,156,14.2,16.5,2.3,vegan,mixed,1,muscle_gain|high_protein
Oats with Milk,breakfast,444,10.0,57.5,15.4,vegetarian,mixed,0,weight_loss|light
Rajma Chawal,lunch,438,9.4,39.6,18.8,vegetarian,mixed,0,weight_loss|light
Dal Tadka,dinner,381,14.4,62.1,4.9,vegetarian,north_indian,1,improve_stamina|carb_rich
Tofu Stir Fry,lunch,512,6.9,48.9,9.5,vegan,south_indian,0,balanced|beginner
Sabudana Khichdi,breakfast,260,7.8,26.0,11.6,vegetarian,north_indian,1,balanced|beginner
Fruit Bowl,breakfast,412,18.6,46.2,13.3,vegan,north_indian,1,muscle_gain|high_protein
Thepla,breakfast,259,7.3,18.6,15.0,vegetarian,north_indian,1,weight_loss|light
Fish Curry Rice,lunch,534,32.8,39.2,12.2,non_vegetarian,south_indian,1,muscle_gain|high_protein
Tofu Scramble,breakfast,371,17.0,42.2,11.6,vegan,north_indian,1,muscle_gain|high_protein
Mixed Veg Curry,dinner,461,14.9,61.4,15.7,vegetarian,south_indian,1,balanced|beginner
Rajma Chawal,lunch,680,6.1,70.6,22.3,vegetarian,mixed,0,improve_stamina|carb_rich
Oats with Milk,breakfast,252,10.0,20.3,12.3,vegetarian,north_indian,1,muscle_gain|high_protein
Fish Fry,dinner,635,8.1,52.3,20.2,non_vegetarian,north_indian,0,weight_loss|light
Thepla,breakfast,395,27.9,41.9,9.3,vegetarian,north_indian,1,muscle_gain|high_protein
Thepla,breakfast,388,11.1,45.0,14.7,vegetarian,north_indian,1,improve_stamina|carb_rich
Roasted Chana,snack,156,13.3,15.7,3.1,vegan,north_indian,1,muscle_gain|high_protein
Fish Curry Rice,lunch,429,6.0,30.5,19.7,non_vegetarian,north_indian,0,balanced|beginner
Chicken Curry Rice,lunch,687,12.9,68.6,16.0,non_vegetarian,north_indian,0,balanced|beginner
Fruit Bowl,breakfast,352,5.9,22.0,12.2,vegan,north_indian,1,weight_loss|light
Oats with Milk,breakfast,414,11.6,58.7,3.1,vegetarian,mixed,1,balanced|beginner
Fish Curry Rice,lunch,688,19.3,93.2,12.7,non_vegetarian,mixed,0,balanced|beginner
Mixed Veg Curry,dinner,670,13.7,64.3,12.4,vegetarian,north_indian,0,balanced|beginner
Dal Rice,lunch,552,7.7,64.6,3.1,vegetarian,south_indian,0,improve_stamina|carb_rich
Paneer Bhurji,dinner,619,15.6,71.7,9.9,vegetarian,north_indian,1,weight_loss|light
Vegetable Khichdi,lunch,571,17.1,78.5,3.7,vegetarian,mixed,1,improve_stamina|carb_rich
Sabudana Khichdi,breakfast,371,15.2,21.0,23.3,vegetarian,mixed,0,weight_loss|light
Masala Omelette,breakfast,412,12.6,58.9,18.6,non_vegetarian,south_indian,0,weight_loss|light
Mixed Veg Curry,dinner,453,37.5,27.6,24.5,vegetarian,mixed,0,muscle_gain|high_protein
Paneer Bhurji,dinner,444,14.6,28.1,22.7,vegetarian,north_indian,0,improve_stamina|carb_rich
Tofu Stir Fry,lunch,616,14.1,78.4,24.5,vegan,north_indian,0,balanced|beginner
Paneer Bhurji,dinner,537,19.8,41.8,12.1,vegetarian,mixed,1,improve_stamina|carb_rich
Paneer Cubes,snack,167,13.3,20.3,2.2,vegetarian,north_indian,1,muscle_gain|high_protein
Boiled Eggs,snack,97,3.2,15.4,1.6,non_vegetarian,mixed,1,balanced|beginner
Oats with Milk,breakfast,304,13.1,17.6,17.4,vegetarian,north_indian,1,balanced|beginner
Grilled Chicken,dinner,592,15.1,67.8,21.5,non_vegetarian,north_indian,1,weight_loss|light
Vegetable Poha,breakfast,218,5.5,25.8,8.4,vegetarian,south_indian,1,improve_stamina|carb_rich
Paneer Roti,lunch,549,18.5,30.7,20.3,vegetarian,north_indian,1,balanced|beginner
Roasted Chana,snack,85,2.0,11.2,2.8,vegan,south_indian,1,weight_loss|light
Masala Omelette,breakfast,200,13.0,22.4,4.7,non_vegetarian,north_indian,1,muscle_gain|high_protein
Vegetable Poha,breakfast,245,9.7,30.6,7.1,vegetarian,mixed,1,balanced|beginner
Fish Fry,dinner,354,40.1,37.5,4.6,non_vegetarian,north_indian,1,muscle_gain|high_protein
Vegetable Soup,dinner,527,17.4,59.1,14.0,vegan,mixed,1,weight_loss|light
Fruit Salad,snack,119,1.8,17.6,3.5,vegan,north_indian,1,balanced|beginner
Idli Sambar,breakfast,199,6.1,18.4,9.5,vegetarian,south_indian,1,balanced|beginner
Roti Sabji,dinner,458,7.5,51.3,12.8,vegetarian,north_indian,0,improve_stamina|carb_rich
Tofu Curry,dinner,493,39.3,21.1,22.5,vegan,mixed,0,muscle_gain|high_protein
Thepla,breakfast,410,12.3,64.6,5.3,vegetarian,south_indian,1,improve_stamina|carb_rich
Oats with Milk,breakfast,227,8.2,21.8,9.9,vegetarian,north_indian,1,weight_loss|light
Tofu Curry,dinner,591,10.4,40.9,22.6,vegan,north_indian,0,weight_loss|light
Dal Rice,lunch,583,18.1,63.8,16.7,vegetarian,mixed,1,weight_loss|light
Tofu Stir Fry,lunch,574,13.2,77.9,15.3,vegan,south_indian,1,improve_stamina|carb_rich
Paneer Roti,lunch,377,7.7,43.7,15.7,vegetarian,north_indian,0,balanced|beginner
Fish Fry,dinner,696,37.2,72.5,14.6,non_vegetarian,north_indian,0,balanced|beginner
Peanut Chaat,snack,152,6.0,12.3,7.4,vegetarian,south_indian,1,weight_loss|light
Chicken Curry Rice,lunch,564,12.5,37.8,18.3,non_vegetarian,north_indian,1,weight_loss|light
Grilled Chicken,dinner,459,12.8,65.4,4.6,non_vegetarian,north_indian,1,balanced|beginner
Oats with Milk,breakfast,347,11.4,44.2,10.8,vegetarian,mixed,1,improve_stamina|carb_rich
Masala Omelette,breakfast,387,12.7,35.2,21.9,non_vegetarian,south_indian,0,balanced|beginner
Tofu Stir Fry,lunch,414,15.3,53.2,6.5,vegan,north_indian,1,balanced|beginner
Thepla,breakfast,220,4.0,35.7,4.8,vegetarian,mixed,1,weight_loss|light
Sabudana Khichdi,breakfast,195,3.5,30.2,4.9,vegetarian,north_indian,1,improve_stamina|carb_rich
Dal Rice,lunch,696,21.2,104.2,7.7,vegetarian,north_indian,0,weight_loss|light
Hyderabadi Biryani,lunch,503,9.9,67.6,8.4,non_vegetarian,north_indian,0,improve_stamina|carb_rich
Kadhi Rice,lunch,609,31.2,66.9,11.9,vegetarian,mixed,1,improve_stamina|carb_rich
Tofu Scramble,breakfast,197,9.5,10.8,11.1,vegan,north_indian,1,weight_loss|light
Rajma Chawal,lunch,498,5.6,65.8,7.4,vegetarian,mixed,0,weight_loss|light
Paneer Bhurji,dinner,639,10.5,36.1,37.5,vegetarian,north_indian,0,improve_stamina|carb_rich
Corn Chaat,snack,218,11.6,29.1,4.2,vegan,north_indian,1,muscle_gain|high_protein
Egg Curry,dinner,602,12.6,60.0,14.6,non_vegetarian,north_indian,1,weight_loss|light
Dal Tadka,dinner,571,5.2,67.3,17.7,vegetarian,north_indian,0,weight_loss|light
Egg Curry,dinner,544,14.6,74.1,11.6,non_vegetarian,mixed,1,balanced|beginner
Sprouts Salad,snack,172,3.8,28.2,3.4,vegan,south_indian,1,balanced|beginner
Tofu Stir Fry,lunch,517,5.1,25.2,23.8,vegan,north_indian,0,balanced|beginner
Hyderabadi Biryani,lunch,394,19.9,75.4,3.9,non_vegetarian,north_indian,1,muscle_gain|high_protein
Roasted Chana,snack,270,6.9,21.1,21.4,vegan,north_indian,0,improve_stamina|carb_rich
Kadhi Rice,lunch,471,14.1,25.6,15.7,vegetarian,mixed,1,improve_stamina|carb_rich
Egg Curry,dinner,542,12.3,34.9,17.7,non_vegetarian,north_indian,1,weight_loss|light
Mixed Veg Curry,dinner,406,18.9,54.2,15.0,vegetarian,mixed,1,weight_loss|light
Idli Sambar,breakfast,187,4.7,26.2,5.4,vegetarian,south_indian,1,balanced|beginner
Thepla,breakfast,233,6.4,27.3,8.8,vegetarian,north_indian,1,balanced|beginner
Mixed Veg Curry,dinner,565,28.6,66.0,17.8,vegetarian,north_indian,1,muscle_gain|high_protein
Masala Omelette,breakfast,177,7.3,29.9,1.6,non_vegetarian,north_indian,0,balanced|beginner
Tofu Curry,dinner,400,30.0,29.2,14.6,vegan,north_indian,1,muscle_gain|high_protein
Tofu Curry,dinner,652,11.4,78.5,19.5,vegan,mixed,0,weight_loss|light
Vegetable Poha,breakfast,271,5.6,48.6,3.6,vegetarian,south_indian,1,improve_stamina|carb_rich
Dal Rice,lunch,576,9.1,54.5,14.6,vegetarian,mixed,0,weight_loss|light
Fish Fry,dinner,597,14.1,61.4,18.7,non_vegetarian,north_indian,1,weight_loss|light
Fruit Salad,snack,181,5.7,23.5,5.5,vegan,mixed,1,weight_loss|light
Peanut Chaat,snack,263,3.9,49.5,3.1,vegetarian,north_indian,0,improve_stamina|carb_rich
Peanut Chaat,snack,185,4.9,22.8,6.6,vegetarian,mixed,1,weight_loss|light
Hyderabadi Biryani,lunch,483,17.7,20.9,21.6,non_vegetarian,south_indian,1,weight_loss|light
Boiled Eggs,snack,129,3.9,17.0,3.9,non_vegetarian,mixed,1,weight_loss|light
Dal Rice,lunch,375,16.3,35.0,8.0,vegetarian,north_indian,1,improve_stamina|carb_rich
Vegetable Soup,dinner,595,12.6,55.0,24.1,vegan,mixed,0,weight_loss|light
Dal Tadka,dinner,521,5.7,44.3,24.5,vegetarian,south_indian,0,weight_loss|light
Boiled Eggs,snack,289,15.8,19.0,14.1,non_vegetarian,north_indian,0,muscle_gain|high_protein
Dal Tadka,dinner,674,31.1,41.0,14.7,vegetarian,north_indian,1,muscle_gain|high_protein
Corn Chaat,snack,136,7.1,14.5,4.3,vegan,north_indian,1,weight_loss|light
Tofu Scramble,breakfast,218,5.5,26.3,8.2,vegan,south_indian,1,weight_loss|light
Protein Shake,snack,110,3.3,15.3,3.0,vegetarian,north_indian,1,balanced|beginner
Roti Sabji,dinner,548,34.2,38.9,11.8,vegetarian,mixed,1,muscle_gain|high_protein
Paneer Cubes,snack,135,10.3,17.5,1.5,vegetarian,south_indian,1,muscle_gain|high_protein
Upma,breakfast,344,12.4,34.6,12.9,vegetarian,north_indian,1,balanced|beginner
Tofu Curry,dinner,544,15.6,36.5,21.8,vegan,south_indian,1,improve_stamina|carb_rich
Mixed Veg Curry,dinner,367,18.4,57.7,3.7,vegetarian,mixed,1,muscle_gain|high_protein
Boiled Eggs,snack,158,8.0,12.1,7.2,non_vegetarian,north_indian,1,balanced|beginner
Mixed Veg Curry,dinner,618,14.8,54.8,22.9,vegetarian,mixed,0,improve_stamina|carb_rich
Vegetable Khichdi,lunch,668,12.8,41.0,36.9,vegetarian,north_indian,0,improve_stamina|carb_rich
Roasted Chana,snack,192,2.1,24.1,8.0,vegan,mixed,1,weight_loss|light
Fruit Bowl,breakfast,231,16.3,24.9,5.3,vegan,north_indian,1,muscle_gain|high_protein
Roti Sabji,dinner,459,29.8,42.6,13.8,vegetarian,north_indian,1,muscle_gain|high_protein
Paneer Sandwich,breakfast,400,14.0,34.0,12.0,vegetarian,mixed,1,improve_stamina|carb_rich
Idli Sambar,breakfast,166,4.9,20.4,5.7,vegetarian,north_indian,0,improve_stamina|carb_rich
Vegetable Poha,breakfast,189,8.3,19.9,6.8,vegetarian,north_indian,1,muscle_gain|high_protein
Paneer Roti,lunch,604,19.3,79.4,11.2,vegetarian,mixed,1,improve_stamina|carb_rich
Tofu Stir Fry,lunch,654,17.7,76.0,17.9,vegan,north_indian,0,balanced|beginner
Roasted Chana,snack,137,5.3,22.3,1.7,vegan,north_indian,1,improve_stamina|carb_rich
Tofu Stir Fry,lunch,395,8.6,44.2,21.4,vegan,north_indian,0,balanced|beginner
Grilled Chicken,dinner,385,22.9,20.2,15.3,non_vegetarian,mixed,1,muscle_gain|high_protein
Fruit Salad,snack,202,5.5,26.5,6.4,vegan,north_indian,1,weight_loss|light
Rajma Chawal,lunch,645,50.4,62.2,8.7,vegetarian,north_indian,1,balanced|beginner
Vegetable Khichdi,lunch,423,11.7,53.3,9.7,vegetarian,mixed,0,balanced|beginner
Corn Chaat,snack,110,4.7,12.4,3.7,vegan,north_indian,1,muscle_gain|high_protein
Rajma Chawal,lunch,646,37.6,60.7,15.2,vegetarian,north_indian,1,balanced|beginner
Sabudana Khichdi,breakfast,278,8.4,38.2,7.7,vegetarian,south_indian,1,balanced|beginner
Grilled Chicken,dinner,577,6.0,76.7,5.0,non_vegetarian,south_indian,0,balanced|beginner
Paneer Sandwich,breakfast,391,6.4,58.9,20.7,vegetarian,north_indian,0,balanced|beginner
Tofu Scramble,breakfast,318,14.3,45.3,3.2,vegan,north_indian,1,improve_stamina|carb_rich
Upma,breakfast,406,30.1,44.5,16.5,vegetarian,north_indian,1,muscle_gain|high_protein
Pav Bhaji,lunch,416,11.0,29.8,8.6,vegetarian,north_indian,0,improve_stamina|carb_rich
Roasted Chana,snack,283,19.5,22.1,10.4,vegan,north_indian,1,muscle_gain|high_protein
Tofu Stir Fry,lunch,370,19.5,68.0,7.9,vegan,north_indian,1,balanced|beginner
Boiled Eggs,snack,126,8.6,11.8,3.8,non_vegetarian,mixed,1,balanced|beginner
Grilled Chicken,dinner,358,19.0,21.8,12.7,non_vegetarian,north_indian,1,weight_loss|light
Sprouts Salad,snack,275,11.7,25.0,11.8,vegan,mixed,0,muscle_gain|high_protein
Egg Curry,dinner,505,9.2,82.7,5.2,non_vegetarian,mixed,0,weight_loss|light
Paneer Bhurji,dinner,526,20.5,48.6,12.5,vegetarian,north_indian,1,muscle_gain|high_protein
Fish Fry,dinner,474,44.7,43.6,8.6,non_vegetarian,north_indian,1,muscle_gain|high_protein
Pav Bhaji,lunch,398,13.5,76.6,7.6,vegetarian,north_indian,1,improve_stamina|carb_rich
Chicken Curry Rice,lunch,512,32.9,37.2,19.6,non_vegetarian,mixed,1,muscle_gain|high_protein
Oats with Milk,breakfast,325,12.4,34.2,12.5,vegetarian,north_indian,1,balanced|beginner
Roti Sabji,dinner,404,10.1,59.8,8.3,vegetarian,north_indian,0,improve_stamina|carb_rich
Fish Fry,dinner,511,19.6,60.9,4.1,non_vegetarian,north_indian,1,balanced|beginner
Idli Sambar,breakfast,361,16.8,72.0,6.6,vegetarian,mixed,1,weight_loss|light
Paneer Bhurji,dinner,378,17.7,67.5,8.1,vegetarian,mixed,1,weight_loss|light
Paneer Cubes,snack,297,19.0,43.4,3.3,vegetarian,north_indian,0,balanced|beginner
Mixed Veg Curry,dinner,437,15.6,55.6,4.2,vegetarian,south_indian,1,balanced|beginner
Sabudana Khichdi,breakfast,368,6.6,56.6,15.8,vegetarian,north_indian,1,weight_loss|light
Dal Tadka,dinner,403,11.8,71.8,4.2,vegetarian,north_indian,0,improve_stamina|carb_rich
Corn Chaat,snack,192,8.5,13.1,10.0,vegan,north_indian,1,improve_stamina|carb_rich
Fruit Salad,snack,197,8.8,20.6,7.1,vegan,south_indian,1,muscle_gain|high_protein
Chicken Curry Rice,lunch,385,17.7,40.2,9.4,non_vegetarian,mixed,1,improve_stamina|carb_rich
Paneer Bhurji,dinner,396,11.4,43.5,14.9,vegetarian,north_indian,0,improve_stamina|carb_rich
Pav Bhaji,lunch,673,25.1,56.4,25.1,vegetarian,mixed,0,weight_loss|light
Upma,breakfast,269,9.5,25.4,12.0,vegetarian,north_indian,1,weight_loss|light
Rajma Chawal,lunch,524,19.4,62.8,11.2,vegetarian,south_indian,1,balanced|beginner
Chicken Curry Rice,lunch,660,12.8,90.3,14.3,non_vegetarian,mixed,0,improve_stamina|carb_rich
Rajma Chawal,lunch,562,34.1,70.4,18.2,vegetarian,north_indian,1,muscle_gain|high_protein
Paneer Cubes,snack,281,13.2,44.2,3.2,vegetarian,south_indian,0,muscle_gain|high_protein
Roti Sabji,dinner,471,16.1,61.4,6.4,vegetarian,north_indian,1,balanced|beginner
Upma,breakfast,266,10.0,20.2,4.0,vegetarian,south_indian,1,balanced|beginner
Sprouts Salad,snack,214,17.5,18.4,5.9,vegan,south_indian,1,muscle_gain|high_protein
Vegetable Poha,breakfast,264,9.4,34.9,7.3,vegetarian,north_indian,1,balanced|beginner
Paneer Cubes,snack,129,6.3,14.6,3.9,vegetarian,north_indian,1,balanced|beginner
Idli Sambar,breakfast,318,3.8,55.9,6.0,vegetarian,north_indian,1,improve_stamina|carb_rich
Rajma Chawal,lunch,503,16.7,75.9,13.0,vegetarian,north_indian,1,weight_loss|light
Idli Sambar,breakfast,398,5.8,38.5,9.8,vegetarian,north_indian,1,weight_loss|light
Vegetable Soup,dinner,545,15.5,69.8,14.3,vegan,north_indian,1,improve_stamina|carb_rich
Chicken Curry Rice,lunch,571,13.4,48.7,19.0,non_vegetarian,north_indian,1,balanced|beginner
Thepla,breakfast,218,2.8,20.7,11.9,vegetarian,north_indian,1,weight_loss|light
Vegetable Soup,dinner,548,17.3,61.7,14.8,vegan,mixed,1,improve_stamina|carb_rich
Grilled Chicken,dinner,559,6.1,74.5,16.8,non_vegetarian,north_indian,0,improve_stamina|carb_rich
Paneer Cubes,snack,133,1.2,18.4,4.9,vegetarian,mixed,1,weight_loss|light
Idli Sambar,breakfast,253,10.0,38.4,4.3,vegetarian,north_indian,1,improve_stamina|carb_rich
Sprouts Salad,snack,252,13.3,26.9,7.9,vegan,north_indian,1,improve_stamina|carb_rich
Dal Tadka,dinner,352,7.7,67.0,8.9,vegetarian,north_indian,1,weight_loss|light
Tofu Curry,dinner,412,22.8,40.9,13.8,vegan,mixed,1,muscle_gain|high_protein
Vegetable Khichdi,lunch,584,26.9,41.5,23.0,vegetarian,north_indian,0,muscle_gain|high_protein
Buttermilk,snack,214,4.0,13.7,14.0,vegetarian,north_indian,1,balanced|beginner
Paneer Sandwich,breakfast,417,9.7,44.6,12.6,vegetarian,north_indian,1,balanced|beginner
Vegetable Poha,breakfast,203,6.7,16.0,10.6,vegetarian,mixed,1,balanced|beginner
Fish Curry Rice,lunch,692,14.0,79.2,9.1,non_vegetarian,south_indian,0,improve_stamina|carb_rich
Fruit Salad,snack,294,4.0,45.6,8.0,vegan,north_indian,0,balanced|beginner
Paneer Bhurji,dinner,490,8.0,66.0,20.4,vegetarian,mixed,0,weight_loss|light
Fruit Bowl,breakfast,240,7.9,36.1,5.0,vegan,mixed,1,balanced|beginner
Dal Rice,lunch,494,10.5,74.8,3.5,vegetarian,south_indian,0,balanced|beginner
Dal Tadka,dinner,687,8.7,90.9,18.3,vegetarian,south_indian,0,improve_stamina|carb_rich
Tofu Curry,dinner,579,11.4,75.2,15.8,vegan,north_indian,0,improve_stamina|carb_rich
Chicken Curry Rice,lunch,397,12.2,60.6,13.9,non_vegetarian,north_indian,1,weight_loss|light
Sabudana Khichdi,breakfast,304,8.3,46.7,6.6,vegetarian,north_indian,1,improve_stamina|carb_rich
Vegetable Soup,dinner,525,9.5,44.9,11.7,vegan,north_indian,0,weight_loss|light
Corn Chaat,snack,247,13.1,26.8,7.5,vegan,north_indian,1,muscle_gain|high_protein
Oats with Milk,breakfast,196,6.2,11.6,12.1,vegetarian,north_indian,1,improve_stamina|carb_rich
Vegetable Soup,dinner,531,11.6,47.9,21.9,vegan,north_indian,0,weight_loss|light
Tofu Scramble,breakfast,247,8.9,25.8,9.8,vegan,mixed,1,weight_loss|light
Fish Fry,dinner,403,26.1,45.2,9.5,non_vegetarian,south_indian,1,muscle_gain|high_protein
Paneer Cubes,snack,196,7.5,27.3,4.6,vegetarian,north_indian,1,weight_loss|light
Sprouts Salad,snack,172,8.2,11.9,8.6,vegan,north_indian,1,improve_stamina|carb_rich
Roasted Chana,snack,225,5.0,23.2,7.3,vegan,north_indian,1,improve_stamina|carb_rich
Pav Bhaji,lunch,639,37.1,56.8,16.5,vegetarian,north_indian,1,improve_stamina|carb_rich
Egg Curry,dinner,528,38.8,27.2,7.2,non_vegetarian,north_indian,1,muscle_gain|high_protein
Buttermilk,snack,238,6.0,35.6,5.8,vegetarian,mixed,1,balanced|beginner
Dal Rice,lunch,390,12.6,33.8,10.2,vegetarian,north_indian,1,weight_loss|light
Idli Sambar,breakfast,170,4.9,19.4,6.6,vegetarian,south_indian,1,weight_loss|light
Upma,breakfast,319,13.2,20.2,19.2,vegetarian,mixed,0,weight_loss|light
Tofu Scramble,breakfast,444,23.7,28.6,13.0,vegan,north_indian,1,muscle_gain|high_protein
Buttermilk,snack,262,12.5,31.0,7.5,vegetarian,mixed,1,weight_loss|light
Roti Sabji,dinner,671,18.5,61.6,25.5,vegetarian,north_indian,0,balanced|beginner
Protein Shake,snack,129,10.7,9.6,4.2,vegetarian,mixed,1,muscle_gain|high_protein
Vegetable Khichdi,lunch,431,5.3,47.9,21.1,vegetarian,south_indian,0,weight_loss|light
Dal Rice,lunch,510,10.1,42.6,20.6,vegetarian,north_indian,0,weight_loss|light
Upma,breakfast,361,16.3,45.4,13.8,vegetarian,north_indian,1,weight_loss|light
Hyderabadi Biryani,lunch,438,19.0,20.5,21.2,non_vegetarian,north_indian,1,weight_loss|light
Chicken Curry Rice,lunch,684,35.1,45.1,16.6,non_vegetarian,south_indian,1,muscle_gain|high_protein
Fruit Bowl,breakfast,186,11.0,17.5,6.3,vegan,north_indian,1,improve_stamina|carb_rich
Tofu Scramble,breakfast,210,3.1,23.2,9.8,vegan,north_indian,1,improve_stamina|carb_rich
Fish Fry,dinner,676,27.6,39.3,31.9,non_vegetarian,south_indian,0,improve_stamina|carb_rich
Roti Sabji,dinner,436,35.5,23.1,14.0,vegetarian,mixed,1,muscle_gain|high_protein
Fish Fry,dinner,446,13.9,50.1,17.1,non_vegetarian,mixed,1,improve_stamina|carb_rich
Dal Tadka,dinner,598,20.0,46.8,8.7,vegetarian,mixed,1,improve_stamina|carb_rich
Sprouts Salad,snack,255,3.2,33.8,9.6,vegan,north_indian,1,balanced|beginner
Peanut Chaat,snack,220,4.3,25.8,9.1,vegetarian,north_indian,1,weight_loss|light
Boiled Eggs,snack,160,11.8,16.9,3.6,non_vegetarian,mixed,1,muscle_gain|high_protein
Kadhi Rice,lunch,659,20.6,79.5,15.5,vegetarian,south_indian,0,improve_stamina|carb_rich
Sabudana Khichdi,breakfast,439,18.8,33.2,16.9,vegetarian,mixed,0,improve_stamina|carb_rich
Mixed Veg Curry,dinner,465,36.3,44.8,21.1,vegetarian,south_indian,1,muscle_gain|high_protein
Thepla,breakfast,151,1.9,21.1,5.2,vegetarian,south_indian,0,improve_stamina|carb_rich
Egg Curry,dinner,456,5.5,59.5,13.6,non_vegetarian,north_indian,0,improve_stamina|carb_rich
Tofu Stir Fry,lunch,606,17.6,39.9,29.7,vegan,north_indian,0,balanced|beginner
Paneer Roti,lunch,692,44.8,74.1,18.2,vegetarian,north_indian,1,muscle_gain|high_protein
Vegetable Khichdi,lunch,641,7.2,69.6,22.0,vegetarian,south_indian,0,balanced|beginner
Masala Omelette,breakfast,182,9.9,23.6,3.7,non_vegetarian,mixed,1,muscle_gain|high_protein
Boiled Eggs,snack,241,5.6,34.7,6.7,non_vegetarian,north_indian,1,weight_loss|light
Tofu Curry,dinner,494,14.6,59.9,6.7,vegan,north_indian,1,improve_stamina|carb_rich
Protein Shake,snack,93,4.0,15.2,1.0,vegetarian,north_indian,1,improve_stamina|carb_rich
Roti Sabji,dinner,534,11.4,72.4,11.4,vegetarian,north_indian,0,improve_stamina|carb_rich
Fish Curry Rice,lunch,528,17.0,73.8,16.7,non_vegetarian,south_indian,1,balanced|beginner
Paneer Bhurji,dinner,692,12.6,73.7,24.4,vegetarian,north_indian,0,weight_loss|light
Vegetable Soup,dinner,490,30.2,79.0,13.3,vegan,north_indian,1,muscle_gain|high_protein
Fish Fry,dinner,539,40.2,29.2,10.3,non_vegetarian,north_indian,1,muscle_gain|high_protein
Fruit Bowl,breakfast,280,7.9,34.9,9.6,vegan,mixed,1,weight_loss|light
Roasted Chana,snack,223,3.3,25.2,10.1,vegan,north_indian,1,weight_loss|light
Tofu Stir Fry,lunch,362,8.4,44.9,13.3,vegan,north_indian,1,weight_loss|light
Pav Bhaji,lunch,430,12.1,69.4,15.9,vegetarian,north_indian,1,weight_loss|light
Vegetable Poha,breakfast,176,3.9,16.1,9.1,vegetarian,north_indian,0,balanced|beginner
Kadhi Rice,lunch,548,21.8,74.0,22.7,vegetarian,north_indian,0,muscle_gain|high_protein
Hyderabadi Biryani,lunch,595,10.4,27.8,23.7,non_vegetarian,north_indian,0,weight_loss|light
Protein Shake,snack,189,11.8,15.1,7.4,vegetarian,south_indian,1,muscle_gain|high_protein
Kadhi Rice,lunch,623,17.5,34.1,33.8,vegetarian,mixed,0,improve_stamina|carb_rich
Vegetable Soup,dinner,433,26.9,66.2,10.4,vegan,north_indian,1,muscle_gain|high_protein
Upma,breakfast,341,11.4,41.0,19.6,vegetarian,north_indian,0,balanced|beginner
Oats with Milk,breakfast,203,13.9,21.0,5.3,vegetarian,north_indian,1,muscle_gain|high_protein
Buttermilk,snack,192,20.9,16.6,2.9,vegetarian,north_indian,1,muscle_gain|high_protein
Tofu Stir Fry,lunch,468,19.3,54.8,16.6,vegan,mixed,1,balanced|beginner
Masala Omelette,breakfast,400,30.7,28.1,14.8,non_vegetarian,mixed,1,muscle_gain|high_protein
Fruit Bowl,breakfast,444,33.9,26.7,7.9,vegan,mixed,1,muscle_gain|high_protein
Kadhi Rice,lunch,423,34.8,34.3,12.5,vegetarian,north_indian,1,muscle_gain|high_protein
Boiled Eggs,snack,143,13.7,8.8,4.6,non_vegetarian,mixed,1,muscle_gain|high_protein
Mixed Veg Curry,dinner,432,11.1,53.6,17.0,vegetarian,north_indian,0,balanced|beginner
Pav Bhaji,lunch,408,8.2,32.2,19.3,vegetarian,mixed,0,balanced|beginner
Paneer Sandwich,breakfast,371,10.5,27.7,14.6,vegetarian,south_indian,1,balanced|beginner
Rajma Chawal,lunch,673,10.9,75.0,23.2,vegetarian,north_indian,0,improve_stamina|carb_rich
Vegetable Soup,dinner,477,15.8,65.1,7.5,vegan,north_indian,1,balanced|beginner
Tofu Stir Fry,lunch,508,12.1,40.4,20.5,vegan,south_indian,1,improve_stamina|carb_rich
Buttermilk,snack,216,10.5,17.6,9.6,vegetarian,south_indian,1,balanced|beginner
Masala Omelette,breakfast,295,20.3,38.0,4.3,non_vegetarian,north_indian,1,muscle_gain|high_protein
Roasted Chana,snack,251,11.3,29.7,7.4,vegan,north_indian,1,balanced|beginner
Sprouts Salad,snack,290,18.4,35.0,5.9,vegan,mixed,1,muscle_gain|high_protein
Roasted Chana,snack,163,4.5,13.5,8.7,vegan,north_indian,1,improve_stamina|carb_rich
Pav Bhaji,lunch,502,32.1,47.5,10.3,vegetarian,mixed,1,weight_loss|light
Egg Curry,dinner,354,14.8,45.1,10.7,non_vegetarian,north_indian,1,balanced|beginner
Paneer Roti,lunch,436,18.0,32.4,8.9,vegetarian,mixed,1,balanced|beginner
Sabudana Khichdi,breakfast,353,5.1,41.4,16.6,vegetarian,north_indian,1,improve_stamina|carb_rich
Upma,breakfast,415,19.9,30.2,24.0,vegetarian,north_indian,0,weight_loss|light
Egg Curry,dinner,604,9.1,41.6,32.5,non_vegetarian,north_indian,0,improve_stamina|carb_rich
Fish Fry,dinner,607,10.3,67.3,16.7,non_vegetarian,north_indian,0,weight_loss|light
Sprouts Salad,snack,126,2.1,20.5,2.8,vegan,north_indian,1,improve_stamina|carb_rich
Fruit Salad,snack,165,5.8,19.0,5.9,vegan,south_indian,1,balanced|beginner
Rajma Chawal,lunch,401,6.3,59.7,11.7,vegetarian,south_indian,0,improve_stamina|carb_rich
Tofu Stir Fry,lunch,501,12.6,77.3,23.0,vegan,mixed,0,balanced|beginner
Masala Omelette,breakfast,216,9.7,26.0,6.2,non_vegetarian,mixed,1,improve_stamina|carb_rich
Peanut Chaat,snack,279,5.1,46.9,4.5,vegetarian,south_indian,0,improve_stamina|carb_rich
Masala Omelette,breakfast,300,8.6,27.0,19.8,non_vegetarian,north_indian,0,improve_stamina|carb_rich
Upma,breakfast,214,17.6,14.7,7.5,vegetarian,north_indian,1,muscle_gain|high_protein
Tofu Curry,dinner,441,34.3,35.5,14.1,vegan,south_indian,1,muscle_gain|high_protein
Chicken Curry Rice,lunch,673,8.3,43.5,38.3,non_vegetarian,mixed,0,weight_loss|light
Masala Omelette,breakfast,333,5.2,29.3,20.9,non_vegetarian,mixed,0,improve_stamina|carb_rich
Boiled Eggs,snack,234,3.3,29.4,9.4,non_vegetarian,north_indian,1,balanced|beginner
Pav Bhaji,lunch,481,15.0,32.0,15.1,vegetarian,mixed,1,improve_stamina|carb_rich
Masala Omelette,breakfast,447,11.6,70.1,20.4,non_vegetarian,mixed,0,weight_loss|light
Roasted Chana,snack,283,2.9,34.9,12.1,vegan,north_indian,1,weight_loss|light
Roasted Chana,snack,172,3.4,22.9,5.9,vegan,mixed,1,improve_stamina|carb_rich
Sprouts Salad,snack,216,11.9,31.9,2.6,vegan,mixed,1,weight_loss|light
Sprouts Salad,snack,213,8.2,16.8,10.7,vegan,mixed,1,improve_stamina|carb_rich
Paneer Roti,lunch,493,29.7,43.6,14.2,vegetarian,north_indian,1,muscle_gain|high_protein
Pav Bhaji,lunch,535,12.3,71.4,11.6,vegetarian,mixed,1,weight_loss|light
Idli Sambar,breakfast,434,41.4,45.5,12.8,vegetarian,mixed,1,muscle_gain|high_protein
Tofu Curry,dinner,680,43.5,70.8,11.1,vegan,north_indian,0,weight_loss|light
Sprouts Salad,snack,246,10.4,37.7,4.2,vegan,south_indian,1,weight_loss|light
Fish Fry,dinner,635,22.2,93.1,6.6,non_vegetarian,north_indian,1,improve_stamina|carb_rich
Thepla,breakfast,320,7.3,40.3,11.6,vegetarian,north_indian,1,weight_loss|light
Masala Omelette,breakfast,307,6.5,56.5,3.4,non_vegetarian,north_indian,1,balanced|beginner
Tofu Scramble,breakfast,207,9.6,21.7,7.3,vegan,mixed,1,muscle_gain|high_protein
Idli Sambar,breakfast,366,14.6,61.7,6.6,vegetarian,north_indian,1,improve_stamina|carb_rich
Pav Bhaji,lunch,700,22.5,55.5,29.1,vegetarian,north_indian,0,improve_stamina|carb_rich
Vegetable Khichdi,lunch,534,8.4,69.8,23.9,vegetarian,north_indian,0,balanced|beginner
Grilled Chicken,dinner,650,12.1,37.7,22.4,non_vegetarian,mixed,0,improve_stamina|carb_rich
Fish Curry Rice,lunch,694,47.3,42.9,23.2,non_vegetarian,mixed,0,muscle_gain|high_protein
Paneer Bhurji,dinner,661,22.9,45.9,29.7,vegetarian,south_indian,0,improve_stamina|carb_rich
Buttermilk,snack,93,6.5,8.9,2.7,vegetarian,mixed,1,muscle_gain|high_protein
Rajma Chawal,lunch,477,7.2,79.7,19.4,vegetarian,north_indian,0,weight_loss|light
Fish Fry,dinner,551,27.0,60.2,11.5,non_vegetarian,north_indian,1,balanced|beginner
Sprouts Salad,snack,289,12.2,45.6,3.8,vegan,south_indian,1,weight_loss|light
Boiled Eggs,snack,85,3.2,9.4,3.1,non_vegetarian,north_indian,1,muscle_gain|high_protein
Paneer Cubes,snack,196,3.5,19.3,9.9,vegetarian,south_indian,1,improve_stamina|carb_rich
Corn Chaat,snack,273,4.6,36.9,9.5,vegan,mixed,0,balanced|beginner
Paneer Roti,lunch,689,5.4,74.6,17.6,vegetarian,south_indian,0,weight_loss|light
Dal Rice,lunch,361,17.0,41.5,18.9,vegetarian,mixed,1,balanced|beginner
Peanut Chaat,snack,187,10.2,15.2,7.8,vegetarian,south_indian,1,weight_loss|light
Fruit Salad,snack,267,11.0,19.0,14.0,vegan,north_indian,0,muscle_gain|high_protein
Sabudana Khichdi,breakfast,238,18.4,28.6,3.4,vegetarian,mixed,1,muscle_gain|high_protein
Vegetable Soup,dinner,419,7.9,60.8,19.4,vegan,north_indian,0,improve_stamina|carb_rich
Tofu Curry,dinner,679,10.8,112.1,7.2,vegan,north_indian,0,improve_stamina|carb_rich
Sprouts Salad,snack,83,4.6,9.0,2.4,vegan,mixed,1,muscle_gain|high_protein
Peanut Chaat,snack,199,10.2,16.3,8.5,vegetarian,south_indian,1,balanced|beginner
Vegetable Poha,breakfast,279,3.1,27.8,14.8,vegetarian,mixed,1,improve_stamina|carb_rich
Buttermilk,snack,137,3.0,21.2,3.2,vegetarian,north_indian,1,improve_stamina|carb_rich
Paneer Roti,lunch,695,12.5,53.2,34.1,vegetarian,north_indian,0,balanced|beginner
Egg Curry,dinner,480,19.2,58.9,9.9,non_vegetarian,north_indian,1,weight_loss|light
Fish Curry Rice,lunch,512,10.6,64.7,15.9,non_vegetarian,north_indian,0,weight_loss|light
Paneer Roti,lunch,613,6.7,73.6,16.9,vegetarian,mixed,0,balanced|beginner
Paneer Bhurji,dinner,497,14.0,51.8,18.0,vegetarian,north_indian,1,improve_stamina|carb_rich
Pav Bhaji,lunch,416,26.4,44.1,6.6,vegetarian,mixed,1,balanced|beginner
Hyderabadi Biryani,lunch,373,9.1,53.6,5.6,non_vegetarian,north_indian,0,improve_stamina|carb_rich
Vegetable Khichdi,lunch,376,11.9,38.8,18.5,vegetarian,mixed,0,weight_loss|light
Sprouts Salad,snack,296,27.8,26.8,6.0,vegan,mixed,1,muscle_gain|high_protein
Vegetable Soup,dinner,535,36.7,37.4,6.1,vegan,north_indian,1,muscle_gain|high_protein
Fish Fry,dinner,624,9.0,53.7,20.0,non_vegetarian,north_indian,0,weight_loss|light
Paneer Roti,lunch,648,19.2,60.1,11.8,vegetarian,north_indian,1,improve_stamina|carb_rich
Chicken Curry Rice,lunch,487,6.3,59.2,16.7,non_vegetarian,mixed,0,weight_loss|light
Rajma Chawal,lunch,420,7.7,52.3,6.5,vegetarian,north_indian,1,weight_loss|light
Fruit Bowl,breakfast,403,14.8,51.9,11.5,vegan,mixed,1,balanced|beginner
Thepla,breakfast,382,11.3,41.5,15.6,vegetarian,north_indian,1,improve_stamina|carb_rich
Dal Rice,lunch,565,10.3,79.1,15.0,vegetarian,north_indian,0,balanced|beginner
Paneer Sandwich,breakfast,406,20.0,32.4,18.2,vegetarian,mixed,1,muscle_gain|high_protein
Oats with Milk,breakfast,215,7.5,33.3,3.8,vegetarian,mixed,1,balanced|beginner
Fruit Bowl,breakfast,315,27.4,16.7,12.6,vegan,south_indian,1,muscle_gain|high_protein
Thepla,breakfast,414,6.2,52.5,16.2,vegetarian,north_indian,1,improve_stamina|carb_rich
Masala Omelette,breakfast,331,9.1,27.8,20.1,non_vegetarian,mixed,0,weight_loss|light
Sprouts Salad,snack,244,27.8,21.1,3.2,vegan,south_indian,1,muscle_gain|high_protein
Chicken Curry Rice,lunch,381,25.0,73.2,3.2,non_vegetarian,mixed,1,muscle_gain|high_protein
Rajma Chawal,lunch,697,18.3,78.5,15.7,vegetarian,south_indian,0,improve_stamina|carb_rich
Roti Sabji,dinner,618,29.2,60.5,16.4,vegetarian,south_indian,1,weight_loss|light
Dal Rice,lunch,565,11.4,50.9,14.2,vegetarian,north_indian,0,improve_stamina|carb_rich
Rajma Chawal,lunch,371,12.6,46.4,11.7,vegetarian,north_indian,1,muscle_gain|high_protein
Pav Bhaji,lunch,497,12.9,44.4,17.4,vegetarian,north_indian,1,balanced|beginner
Dal Tadka,dinner,423,14.7,21.4,19.1,vegetarian,north_indian,1,weight_loss|light
Kadhi Rice,lunch,469,18.5,28.2,9.6,vegetarian,mixed,1,weight_loss|light
Paneer Roti,lunch,464,19.0,31.2,17.1,vegetarian,north_indian,1,weight_loss|light
Sabudana Khichdi,breakfast,423,24.9,36.8,15.8,vegetarian,mixed,1,muscle_gain|high_protein
Boiled Eggs,snack,253,13.3,19.3,11.4,non_vegetarian,north_indian,1,improve_stamina|carb_rich
Fish Fry,dinner,578,10.3,73.8,24.7,non_vegetarian,north_indian,0,improve_stamina|carb_rich
Tofu Curry,dinner,430,11.2,51.5,16.1,vegan,mixed,0,improve_stamina|carb_rich
Protein Shake,snack,155,10.3,18.5,3.0,vegetarian,north_indian,1,muscle_gain|high_protein
Paneer Cubes,snack,230,5.5,36.6,4.8,vegetarian,mixed,1,improve_stamina|carb_rich
Paneer Bhurji,dinner,529,27.8,54.2,17.7,vegetarian,north_indian,1,muscle_gain|high_protein
Hyderabadi Biryani,lunch,438,9.1,64.9,3.6,non_vegetarian,mixed,0,weight_loss|light
Corn Chaat,snack,207,7.1,32.0,3.8,vegan,mixed,1,improve_stamina|carb_rich
Roasted Chana,snack,156,2.8,19.4,6.1,vegan,south_indian,1,weight_loss|light
Boiled Eggs,snack,166,4.4,22.4,5.1,non_vegetarian,north_indian,1,weight_loss|light
Fish Fry,dinner,407,13.9,57.1,6.6,non_vegetarian,mixed,1,improve_stamina|carb_rich
Paneer Roti,lunch,390,6.5,56.1,12.0,vegetarian,north_indian,1,weight_loss|light
Kadhi Rice,lunch,520,5.7,75.2,7.2,vegetarian,north_indian,0,balanced|beginner
Paneer Bhurji,dinner,447,8.1,56.0,3.5,vegetarian,north_indian,0,weight_loss|light
Pav Bhaji,lunch,353,7.1,71.6,7.3,vegetarian,north_indian,0,improve_stamina|carb_rich
Vegetable Soup,dinner,695,31.7,42.4,23.6,vegan,south_indian,0,muscle_gain|high_protein
Dal Tadka,dinner,695,12.7,95.7,15.2,vegetarian,north_indian,0,weight_loss|light
Vegetable Khichdi,lunch,429,6.4,51.8,18.0,vegetarian,south_indian,0,improve_stamina|carb_rich
Dal Tadka,dinner,587,25.2,79.0,7.2,vegetarian,south_indian,1,weight_loss|light
Paneer Bhurji,dinner,525,8.2,46.4,20.1,vegetarian,north_indian,0,balanced|beginner
Peanut Chaat,snack,190,3.5,20.4,8.8,vegetarian,south_indian,1,improve_stamina|carb_rich
Grilled Chicken,dinner,424,5.0,21.5,22.4,non_vegetarian,north_indian,0,weight_loss|light
Pav Bhaji,lunch,651,12.7,59.5,15.3,vegetarian,north_indian,0,balanced|beginner
Tofu Stir Fry,lunch,419,12.3,41.6,5.3,vegan,north_indian,1,balanced|beginner
Thepla,breakfast,362,16.9,31.7,22.1,vegetarian,north_indian,0,balanced|beginner
Protein Shake,snack,129,6.7,17.3,2.5,vegetarian,north_indian,1,improve_stamina|carb_rich
Oats with Milk,breakfast,292,6.4,21.3,23.0,vegetarian,mixed,0,improve_stamina|carb_rich
Egg Curry,dinner,357,39.1,27.0,11.2,non_vegetarian,north_indian,1,muscle_gain|high_protein
Paneer Sandwich,breakfast,326,6.3,41.7,15.8,vegetarian,mixed,1,weight_loss|light
Vegetable Poha,breakfast,161,4.1,17.2,7.0,vegetarian,north_indian,1,weight_loss|light
Masala Omelette,breakfast,348,17.1,38.3,17.7,non_vegetarian,mixed,1,improve_stamina|carb_rich
Kadhi Rice,lunch,398,17.8,46.7,15.9,vegetarian,north_indian,1,balanced|beginner
Roti Sabji,dinner,421,9.2,54.5,14.7,vegetarian,south_indian,0,balanced|beginner
Grilled Chicken,dinner,498,16.2,45.7,20.1,non_vegetarian,south_indian,1,weight_loss|light
Mixed Veg Curry,dinner,570,12.7,76.0,12.5,vegetarian,north_indian,1,improve_stamina|carb_rich
Egg Curry,dinner,482,19.8,21.1,18.6,non_vegetarian,mixed,1,balanced|beginner
Paneer Cubes,snack,127,1.6,21.8,2.6,vegetarian,mixed,1,improve_stamina|carb_rich
Roasted Chana,snack,242,4.7,29.4,9.6,vegan,north_indian,1,improve_stamina|carb_rich
Hyderabadi Biryani,lunch,655,16.8,45.2,32.1,non_vegetarian,mixed,0,balanced|beginner
Paneer Cubes,snack,210,19.2,16.2,5.7,vegetarian,mixed,1,muscle_gain|high_protein
Peanut Chaat,snack,109,5.6,13.6,2.6,vegetarian,mixed,1,muscle_gain|high_protein
Fish Curry Rice,lunch,578,27.1,67.1,21.4,non_vegetarian,north_indian,1,muscle_gain|high_protein
Upma,breakfast,252,8.4,37.2,5.5,vegetarian,mixed,1,weight_loss|light
Sabudana Khichdi,breakfast,210,7.7,24.7,7.1,vegetarian,mixed,1,weight_loss|light
Thepla,breakfast,283,18.3,46.0,6.3,vegetarian,north_indian,1,weight_loss|light
Sabudana Khichdi,breakfast,255,18.8,25.3,6.4,vegetarian,mixed,1,muscle_gain|high_protein
Paneer Cubes,snack,284,5.4,18.8,18.3,vegetarian,mixed,0,weight_loss|light
Fish Fry,dinner,482,32.7,72.1,11.6,non_vegetarian,north_indian,1,muscle_gain|high_protein
Roti Sabji,dinner,588,31.6,47.4,18.5,vegetarian,north_indian,1,balanced|beginner
Tofu Curry,dinner,606,23.2,70.3,13.7,vegan,north_indian,1,improve_stamina|carb_rich
Upma,breakfast,304,6.3,52.4,8.2,vegetarian,south_indian,1,weight_loss|light
Peanut Chaat,snack,142,6.7,21.2,2.1,vegetarian,north_indian,1,balanced|beginner
Upma,breakfast,233,4.7,42.7,2.7,vegetarian,mixed,1,weight_loss|light
Oats with Milk,breakfast,236,12.8,27.1,6.4,vegetarian,north_indian,1,improve_stamina|carb_rich
Egg Curry,dinner,594,23.2,62.3,16.1,non_vegetarian,north_indian,1,balanced|beginner
Mixed Veg Curry,dinner,438,17.4,71.9,12.6,vegetarian,mixed,1,improve_stamina|carb_rich
Masala Omelette,breakfast,306,20.5,29.8,8.9,non_vegetarian,north_indian,1,muscle_gain|high_protein
Sabudana Khichdi,breakfast,384,31.1,45.1,11.6,vegetarian,north_indian,1,muscle_gain|high_protein
Buttermilk,snack,190,9.1,26.7,3.5,vegetarian,south_indian,1,weight_loss|light
Fish Fry,dinner,414,20.0,47.3,7.8,non_vegetarian,mixed,1,balanced|beginner
Paneer Bhurji,dinner,546,32.8,48.8,10.9,vegetarian,south_indian,1,muscle_gain|high_protein
Buttermilk,snack,229,7.6,13.9,13.9,vegetarian,north_indian,1,weight_loss|light
Vegetable Soup,dinner,612,41.6,23.3,18.6,vegan,south_indian,1,muscle_gain|high_protein
Fish Curry Rice,lunch,387,6.4,27.1,10.8,non_vegetarian,mixed,0,balanced|beginner
Roasted Chana,snack,210,9.7,21.0,7.8,vegan,north_indian,1,improve_stamina|carb_rich
Tofu Scramble,breakfast,255,8.7,37.7,5.4,vegan,north_indian,1,balanced|beginner
Hyderabadi Biryani,lunch,407,10.8,32.5,9.2,non_vegetarian,south_indian,1,weight_loss|light
Masala Omelette,breakfast,218,15.7,28.9,4.6,non_vegetarian,north_indian,1,balanced|beginner
Sabudana Khichdi,breakfast,416,5.9,46.7,13.7,vegetarian,mixed,1,weight_loss|light
Paneer Bhurji,dinner,630,17.4,38.7,22.5,vegetarian,south_indian,0,balanced|beginner
Paneer Roti,lunch,579,9.0,70.5,9.4,vegetarian,north_indian,0,improve_stamina|carb_rich
Tofu Curry,dinner,698,10.9,94.9,16.6,vegan,north_indian,0,improve_stamina|carb_rich
Vegetable Khichdi,lunch,637,19.6,59.8,8.6,vegetarian,north_indian,1,weight_loss|light
Vegetable Poha,breakfast,425,23.3,47.6,11.9,vegetarian,mixed,1,muscle_gain|high_protein
Protein Shake,snack,222,15.5,25.6,4.4,vegetarian,mixed,1,muscle_gain|high_protein
Paneer Cubes,snack,212,2.3,31.5,6.6,vegetarian,north_indian,1,balanced|beginner
Grilled Chicken,dinner,525,16.0,48.5,4.0,non_vegetarian,mixed,1,improve_stamina|carb_rich
Fish Fry,dinner,590,5.8,57.6,17.2,non_vegetarian,mixed,0,improve_stamina|carb_rich
Paneer Roti,lunch,412,5.3,77.3,5.6,vegetarian,south_indian,1,weight_loss|light
Protein Shake,snack,295,32.1,17.9,7.9,vegetarian,north_indian,1,muscle_gain|high_protein
Sabudana Khichdi,breakfast,241,8.1,34.8,5.6,vegetarian,north_indian,1,improve_stamina|carb_rich
Tofu Curry,dinner,423,9.7,45.6,17.3,vegan,mixed,0,weight_loss|light
Buttermilk,snack,132,4.1,21.5,2.1,vegetarian,north_indian,1,improve_stamina|carb_rich
Sabudana Khichdi,breakfast,229,13.0,34.9,2.1,vegetarian,south_indian,1,balanced|beginner
Chicken Curry Rice,lunch,382,12.6,52.1,16.3,non_vegetarian,north_indian,1,improve_stamina|carb_rich
Tofu Curry,dinner,609,15.6,71.0,18.7,vegan,north_indian,1,weight_loss|light
Egg Curry,dinner,435,13.8,56.0,9.4,non_vegetarian,mixed,1,weight_loss|light
Tofu Stir Fry,lunch,387,8.6,28.3,17.4,vegan,mixed,0,weight_loss|light
Tofu Stir Fry,lunch,489,13.7,59.2,12.8,vegan,south_indian,1,balanced|beginner
Hyderabadi Biryani,lunch,425,11.9,61.9,7.5,non_vegetarian,mixed,0,improve_stamina|carb_rich
Mixed Veg Curry,dinner,420,18.4,70.4,6.8,vegetarian,north_indian,1,muscle_gain|high_protein
Buttermilk,snack,132,2.2,23.5,2.1,vegetarian,north_indian,1,weight_loss|light
Roti Sabji,dinner,556,19.4,64.4,24.7,vegetarian,mixed,0,weight_loss|light
Paneer Cubes,snack,283,5.7,28.0,13.9,vegetarian,north_indian,0,improve_stamina|carb_rich
Paneer Roti,lunch,469,26.3,49.7,8.9,vegetarian,north_indian,1,improve_stamina|carb_rich
Tofu Curry,dinner,608,20.1,67.4,5.4,vegan,south_indian,1,muscle_gain|high_protein
Paneer Sandwich,breakfast,417,13.5,49.4,14.7,vegetarian,mixed,1,weight_loss|light
Paneer Bhurji,dinner,626,33.6,38.0,12.3,vegetarian,mixed,1,muscle_gain|high_protein
Buttermilk,snack,136,6.4,22.1,1.2,vegetarian,north_indian,1,muscle_gain|high_protein
Paneer Sandwich,breakfast,312,40.8,22.5,6.4,vegetarian,north_indian,1,muscle_gain|high_protein
Protein Shake,snack,139,2.1,26.6,1.5,vegetarian,mixed,1,weight_loss|light
Paneer Sandwich,breakfast,255,2.7,28.0,12.4,vegetarian,north_indian,1,balanced|beginner
Tofu Scramble,breakfast,395,21.1,37.9,9.8,vegan,mixed,1,weight_loss|light
Vegetable Soup,dinner,574,12.7,51.2,18.7,vegan,north_indian,1,improve_stamina|carb_rich
Oats with Milk,breakfast,186,14.3,18.9,4.3,vegetarian,mixed,1,muscle_gain|high_protein
Corn Chaat,snack,189,9.9,26.5,3.1,vegan,north_indian,1,improve_stamina|carb_rich
Boiled Eggs,snack,94,3.1,15.7,1.2,non_vegetarian,south_indian,1,improve_stamina|carb_rich
Paneer Cubes,snack,163,5.6,20.4,5.1,vegetarian,north_indian,1,muscle_gain|high_protein
Upma,breakfast,409,7.9,69.6,6.3,vegetarian,north_indian,1,improve_stamina|carb_rich
Masala Omelette,breakfast,269,8.3,38.8,4.7,non_vegetarian,mixed,1,balanced|beginner
Boiled Eggs,snack,282,14.2,50.6,5.3,non_vegetarian,north_indian,0,balanced|beginner
Fish Curry Rice,lunch,498,17.4,61.4,25.0,non_vegetarian,south_indian,0,improve_stamina|carb_rich
Hyderabadi Biryani,lunch,599,11.5,60.7,22.5,non_vegetarian,mixed,0,balanced|beginner
Buttermilk,snack,206,14.1,21.9,8.3,vegetarian,north_indian,1,weight_loss|light
Fruit Bowl,breakfast,440,14.5,27.0,13.6,vegan,mixed,0,improve_stamina|carb_rich
Mixed Veg Curry,dinner,656,12.9,46.9,19.1,vegetarian,north_indian,0,balanced|beginner
Corn Chaat,snack,184,20.1,9.7,5.6,vegan,north_indian,1,muscle_gain|high_protein
Fish Curry Rice,lunch,615,17.7,41.8,18.8,non_vegetarian,north_indian,1,improve_stamina|carb_rich
Masala Omelette,breakfast,214,9.9,21.9,7.8,non_vegetarian,north_indian,1,muscle_gain|high_protein
Paneer Cubes,snack,247,11.5,22.0,14.1,vegetarian,mixed,1,weight_loss|light
Pav Bhaji,lunch,532,19.9,23.4,22.0,vegetarian,north_indian,1,balanced|beginner
Paneer Roti,lunch,509,8.1,69.9,16.6,vegetarian,north_indian,0,balanced|beginner
Peanut Chaat,snack,100,3.9,14.0,2.2,vegetarian,mixed,1,weight_loss|light
Vegetable Khichdi,lunch,517,10.9,42.4,24.8,vegetarian,north_indian,0,weight_loss|light
Idli Sambar,breakfast,249,9.8,21.7,11.5,vegetarian,mixed,1,weight_loss|light
Grilled Chicken,dinner,603,43.0,32.2,10.0,non_vegetarian,north_indian,1,muscle_gain|high_protein
Chicken Curry Rice,lunch,476,17.8,75.2,16.9,non_vegetarian,mixed,1,weight_loss|light
Pav Bhaji,lunch,467,15.2,62.0,10.6,vegetarian,north_indian,1,weight_loss|light
Paneer Sandwich,breakfast,405,11.3,54.1,12.3,vegetarian,south_indian,1,balanced|beginner
Fish Fry,dinner,600,31.7,60.5,13.7,non_vegetarian,mixed,1,weight_loss|light
Masala Omelette,breakfast,159,2.9,10.2,10.4,non_vegetarian,north_indian,0,balanced|beginner
Sprouts Salad,snack,169,13.7,19.9,2.4,vegan,south_indian,1,muscle_gain|high_protein
Oats with Milk,breakfast,182,6.1,28.3,3.3,vegetarian,south_indian,1,balanced|beginner
Rajma Chawal,lunch,507,16.6,50.3,15.8,vegetarian,north_indian,1,weight_loss|light
Peanut Chaat,snack,131,2.6,16.4,4.9,vegetarian,north_indian,1,weight_loss|light
Fish Curry Rice,lunch,398,7.0,48.7,20.5,non_vegetarian,south_indian,0,improve_stamina|carb_rich
Mixed Veg Curry,dinner,684,74.7,46.4,8.5,vegetarian,north_indian,1,muscle_gain|high_protein
Sprouts Salad,snack,222,6.1,17.5,12.2,vegan,north_indian,1,weight_loss|light
Chicken Curry Rice,lunch,648,22.0,78.9,11.0,non_vegetarian,mixed,1,muscle_gain|high_protein
Fruit Salad,snack,283,15.6,24.1,11.3,vegan,south_indian,0,muscle_gain|high_protein
Upma,breakfast,158,2.6,24.6,4.1,vegetarian,north_indian,1,weight_loss|light
Paneer Roti,lunch,568,41.9,49.3,15.6,vegetarian,north_indian,1,muscle_gain|high_protein
Vegetable Poha,breakfast,211,12.8,21.3,6.4,vegetarian,north_indian,1,muscle_gain|high_protein
Fruit Salad,snack,284,5.5,35.3,10.9,vegan,mixed,0,balanced|beginner
Upma,breakfast,158,3.3,14.7,8.2,vegetarian,north_indian,0,balanced|beginner
Peanut Chaat,snack,147,7.8,20.1,2.6,vegetarian,north_indian,1,improve_stamina|carb_rich
Rajma Chawal,lunch,453,26.7,48.8,7.7,vegetarian,south_indian,1,improve_stamina|carb_rich
Boiled Eggs,snack,227,6.4,22.9,10.2,non_vegetarian,north_indian,1,weight_loss|light
Fruit Bowl,breakfast,241,5.9,32.9,7.4,vegan,mixed,1,balanced|beginner
Tofu Scramble,breakfast,398,16.7,26.0,18.8,vegan,north_indian,0,weight_loss|light
Paneer Sandwich,breakfast,353,10.6,36.5,5.9,vegetarian,mixed,1,balanced|beginner
Tofu Stir Fry,lunch,385,19.6,76.4,4.1,vegan,south_indian,1,improve_stamina|carb_rich
Upma,breakfast,315,12.9,52.4,3.1,vegetarian,north_indian,1,improve_stamina|carb_rich
Paneer Roti,lunch,593,12.8,74.8,18.8,vegetarian,north_indian,1,weight_loss|light
Vegetable Khichdi,lunch,599,30.0,47.7,4.5,vegetarian,mixed,1,muscle_gain|high_protein
Oats with Milk,breakfast,180,9.6,16.2,7.0,vegetarian,mixed,1,muscle_gain|high_protein
Grilled Chicken,dinner,689,15.7,60.0,14.8,non_vegetarian,mixed,0,balanced|beginner
Fish Curry Rice,lunch,693,20.6,92.6,12.8,non_vegetarian,south_indian,0,weight_loss|light
Rajma Chawal,lunch,367,16.8,62.5,3.8,vegetarian,mixed,1,improve_stamina|carb_rich
Dal Rice,lunch,617,8.2,77.1,12.4,vegetarian,north_indian,0,improve_stamina|carb_rich
Vegetable Khichdi,lunch,521,12.5,61.5,14.6,vegetarian,south_indian,1,weight_loss|light
Sprouts Salad,snack,249,13.2,21.4,15.5,vegan,north_indian,0,weight_loss|light
Protein Shake,snack,222,18.9,26.2,2.6,vegetarian,north_indian,1,muscle_gain|high_protein
Corn Chaat,snack,250,14.5,29.5,6.0,vegan,north_indian,1,muscle_gain|high_protein
Dal Tadka,dinner,572,17.3,30.6,22.4,vegetarian,north_indian,0,weight_loss|light
Fish Curry Rice,lunch,447,19.4,71.5,5.7,non_vegetarian,south_indian,1,balanced|beginner
Egg Curry,dinner,380,9.0,56.3,9.8,non_vegetarian,north_indian,0,improve_stamina|carb_rich
Dal Rice,lunch,434,9.4,56.8,14.9,vegetarian,north_indian,0,improve_stamina|carb_rich
Protein Shake,snack,119,6.6,9.0,5.3,vegetarian,south_indian,1,weight_loss|light
Protein Shake,snack,271,25.1,13.6,10.5,vegetarian,north_indian,1,muscle_gain|high_protein
Tofu Curry,dinner,547,9.6,54.7,12.0,vegan,north_indian,0,weight_loss|light
Tofu Scramble,breakfast,435,11.0,47.9,11.1,vegan,north_indian,0,improve_stamina|carb_rich
Buttermilk,snack,247,10.0,23.1,10.6,vegetarian,south_indian,1,balanced|beginner
Tofu Curry,dinner,513,37.9,24.4,9.9,vegan,north_indian,1,muscle_gain|high_protein
Paneer Sandwich,breakfast,163,4.2,29.9,1.5,vegetarian,north_indian,0,balanced|beginner
Roasted Chana,snack,252,10.1,21.1,9.8,vegan,north_indian,1,weight_loss|light
Idli Sambar,breakfast,377,6.3,71.0,7.0,vegetarian,south_indian,1,improve_stamina|carb_rich
Buttermilk,snack,248,11.4,25.1,9.1,vegetarian,mixed,1,muscle_gain|high_protein
Tofu Curry,dinner,382,18.4,28.4,14.4,vegan,north_indian,1,weight_loss|light
Mixed Veg Curry,dinner,693,7.9,71.7,14.4,vegetarian,mixed,0,improve_stamina|carb_rich
Roasted Chana,snack,178,6.8,9.6,10.9,vegan,north_indian,1,balanced|beginner
Egg Curry,dinner,470,9.4,31.2,11.4,non_vegetarian,north_indian,0,balanced|beginner
Dal Rice,lunch,441,20.2,35.7,23.8,vegetarian,north_indian,0,muscle_gain|high_protein
Thepla,breakfast,408,18.5,40.9,19.5,vegetarian,south_indian,0,improve_stamina|carb_rich
Roasted Chana,snack,227,10.2,28.4,6.0,vegan,mixed,1,balanced|beginner
Sprouts Salad,snack,166,6.2,9.9,9.8,vegan,south_indian,1,improve_stamina|carb_rich
Masala Omelette,breakfast,344,7.9,43.5,12.3,non_vegetarian,north_indian,1,balanced|beginner
Protein Shake,snack,196,7.7,16.5,9.3,vegetarian,mixed,1,improve_stamina|carb_rich
Paneer Roti,lunch,505,5.6,32.9,23.2,vegetarian,south_indian,0,weight_loss|light
Vegetable Poha,breakfast,336,9.9,33.9,14.9,vegetarian,north_indian,1,weight_loss|light
Pav Bhaji,lunch,368,16.0,66.5,8.4,vegetarian,south_indian,1,improve_stamina|carb_rich
Grilled Chicken,dinner,534,12.5,42.5,23.6,non_vegetarian,south_indian,0,balanced|beginner
Sabudana Khichdi,breakfast,231,4.1,41.2,3.5,vegetarian,north_indian,1,weight_loss|light
Vegetable Poha,breakfast,368,13.7,32.8,9.1,vegetarian,south_indian,1,improve_stamina|carb_rich
Rajma Chawal,lunch,515,18.1,75.1,13.8,vegetarian,north_indian,1,weight_loss|light
Mixed Veg Curry,dinner,481,16.3,34.4,8.8,vegetarian,north_indian,1,weight_loss|light
Protein Shake,snack,142,12.0,13.5,3.1,vegetarian,mixed,1,improve_stamina|carb_rich
Corn Chaat,snack,232,4.4,16.7,14.4,vegan,north_indian,0,improve_stamina|carb_rich
Tofu Stir Fry,lunch,683,35.2,42.6,10.1,vegan,south_indian,1,muscle_gain|high_protein
Fish Curry Rice,lunch,628,8.5,42.9,19.9,non_vegetarian,north_indian,0,balanced|beginner
Fruit Bowl,breakfast,271,11.0,48.3,5.8,vegan,north_indian,1,weight_loss|light
Pav Bhaji,lunch,463,14.2,44.1,16.2,vegetarian,mixed,1,improve_stamina|carb_rich
Vegetable Khichdi,lunch,443,18.9,31.3,13.7,vegetarian,north_indian,1,weight_loss|light
Roasted Chana,snack,100,10.0,9.3,1.7,vegan,mixed,1,muscle_gain|high_protein
Fruit Bowl,breakfast,363,10.1,31.6,24.6,vegan,south_indian,0,improve_stamina|carb_rich
Vegetable Soup,dinner,670,14.2,48.9,14.5,vegan,north_indian,0,improve_stamina|carb_rich
Fish Fry,dinner,551,18.6,32.2,14.9,non_vegetarian,north_indian,1,muscle_gain|high_protein
Dal Tadka,dinner,668,22.8,83.2,13.8,vegetarian,south_indian,0,improve_stamina|carb_rich
Dal Tadka,dinner,479,7.6,51.2,11.6,vegetarian,north_indian,0,balanced|beginner
Tofu Scramble,breakfast,319,3.9,37.7,14.1,vegan,mixed,1,weight_loss|light
Dal Rice,lunch,523,21.1,71.9,6.3,vegetarian,north_indian,1,weight_loss|light
Sprouts Salad,snack,189,8.9,10.5,10.7,vegan,north_indian,1,balanced|beginner
Kadhi Rice,lunch,641,30.6,69.9,13.8,vegetarian,south_indian,1,improve_stamina|carb_rich
Buttermilk,snack,232,6.1,17.1,13.4,vegetarian,south_indian,1,balanced|beginner
Fish Curry Rice,lunch,667,33.4,79.5,10.6,non_vegetarian,north_indian,0,balanced|beginner
Masala Omelette,breakfast,440,19.1,76.8,4.4,non_vegetarian,south_indian,1,muscle_gain|high_protein
Thepla,breakfast,284,10.1,39.1,7.2,vegetarian,mixed,1,balanced|beginner
Roti Sabji,dinner,601,10.6,57.1,18.6,vegetarian,south_indian,0,balanced|beginner
Vegetable Khichdi,lunch,405,30.5,40.7,9.8,vegetarian,mixed,1,muscle_gain|high_protein
Tofu Stir Fry,lunch,481,17.7,67.9,4.2,vegan,north_indian,1,balanced|beginner
Sprouts Salad,snack,244,12.4,17.9,11.5,vegan,mixed,1,muscle_gain|high_protein
Vegetable Poha,breakfast,335,13.1,56.9,3.1,vegetarian,south_indian,1,improve_stamina|carb_rich
Hyderabadi Biryani,lunch,396,28.8,24.4,3.7,non_vegetarian,north_indian,1,muscle_gain|high_protein
Tofu Curry,dinner,453,6.5,55.4,3.5,vegan,north_indian,0,improve_stamina|carb_rich
Tofu Curry,dinner,543,14.2,45.0,20.9,vegan,south_indian,1,weight_loss|light
Roasted Chana,snack,83,2.7,11.2,2.3,vegan,north_indian,1,improve_stamina|carb_rich
Fish Curry Rice,lunch,480,27.0,49.3,7.6,non_vegetarian,south_indian,1,muscle_gain|high_protein
Buttermilk,snack,199,8.8,32.5,2.0,vegetarian,south_indian,1,balanced|beginner
Fish Fry,dinner,556,6.8,37.9,24.8,non_vegetarian,north_indian,0,improve_stamina|carb_rich
Kadhi Rice,lunch,689,41.9,80.2,8.5,vegetarian,north_indian,1,muscle_gain|high_protein
Protein Shake,snack,264,7.4,27.3,16.6,vegetarian,north_indian,0,balanced|beginner
Masala Omelette,breakfast,449,37.6,23.3,7.0,non_vegetarian,north_indian,1,muscle_gain|high_protein
Grilled Chicken,dinner,684,15.1,64.8,26.8,non_vegetarian,north_indian,0,weight_loss|light
Pav Bhaji,lunch,527,17.1,21.7,21.3,vegetarian,mixed,1,improve_stamina|carb_rich
Protein Shake,snack,228,4.9,29.0,8.2,vegetarian,north_indian,1,balanced|beginner
Sabudana Khichdi,breakfast,250,18.9,14.0,10.9,vegetarian,north_indian,1,muscle_gain|high_protein
Tofu Curry,dinner,682,31.2,59.9,8.0,vegan,south_indian,1,muscle_gain|high_protein
Roti Sabji,dinner,679,20.3,87.4,14.0,vegetarian,north_indian,0,balanced|beginner
Protein Shake,snack,236,8.9,18.8,11.8,vegetarian,north_indian,1,balanced|beginner
Tofu Stir Fry,lunch,494,17.8,61.5,12.7,vegan,south_indian,1,balanced|beginner
Buttermilk,snack,241,9.8,32.5,5.8,vegetarian,south_indian,1,muscle_gain|high_protein
Tofu Stir Fry,lunch,429,7.2,33.5,19.5,vegan,north_indian,0,weight_loss|light
Vegetable Soup,dinner,536,10.6,41.1,13.5,vegan,south_indian,0,improve_stamina|carb_rich
Idli Sambar,breakfast,249,3.3,29.0,11.1,vegetarian,north_indian,1,weight_loss|light
Grilled Chicken,dinner,543,19.2,48.8,14.3,non_vegetarian,north_indian,1,weight_loss|light
Pav Bhaji,lunch,517,28.2,49.4,12.6,vegetarian,north_indian,1,weight_loss|light
Rajma Chawal,lunch,560,23.6,51.6,17.6,vegetarian,mixed,1,balanced|beginner
Egg Curry,dinner,356,18.3,51.1,4.3,non_vegetarian,mixed,1,improve_stamina|carb_rich
Roasted Chana,snack,156,8.6,15.5,5.3,vegan,north_indian,1,weight_loss|light
Mixed Veg Curry,dinner,401,9.9,38.1,13.4,vegetarian,mixed,1,weight_loss|light
Paneer Cubes,snack,174,5.2,13.9,9.3,vegetarian,north_indian,1,balanced|beginner
Pav Bhaji,lunch,485,10.4,47.8,23.4,vegetarian,mixed,0,weight_loss|light
Dal Rice,lunch,409,16.6,29.5,13.6,vegetarian,south_indian,1,balanced|beginner
Tofu Scramble,breakfast,286,28.2,33.1,5.4,vegan,mixed,1,muscle_gain|high_protein
Upma,breakfast,153,5.4,15.0,6.5,vegetarian,mixed,0,balanced|beginner
Paneer Roti,lunch,677,19.0,22.9,24.4,vegetarian,north_indian,0,muscle_gain|high_protein
Dal Tadka,dinner,663,22.9,65.3,21.2,vegetarian,mixed,0,weight_loss|light
Fruit Bowl,breakfast,408,9.6,50.9,20.7,vegan,south_indian,0,improve_stamina|carb_rich
Fruit Bowl,breakfast,277,3.5,28.9,13.9,vegan,north_indian,1,improve_stamina|carb_rich
Sprouts Salad,snack,177,6.9,16.9,7.5,vegan,mixed,1,muscle_gain|high_protein
Roti Sabji,dinner,584,21.5,66.1,14.3,vegetarian,mixed,1,improve_stamina|carb_rich
Paneer Cubes,snack,133,12.3,13.2,2.3,vegetarian,south_indian,1,muscle_gain|high_protein
Chicken Curry Rice,lunch,644,29.8,63.2,17.3,non_vegetarian,south_indian,1,weight_loss|light
Dal Tadka,dinner,395,10.7,57.1,16.6,vegetarian,north_indian,0,weight_loss|light
Peanut Chaat,snack,224,3.7,15.6,14.3,vegetarian,north_indian,0,balanced|beginner
Tofu Scramble,breakfast,251,12.2,26.3,8.6,vegan,south_indian,1,muscle_gain|high_protein
Fish Fry,dinner,377,17.6,60.7,10.9,non_vegetarian,mixed,1,weight_loss|light
Fruit Salad,snack,170,5.7,15.7,7.9,vegan,north_indian,1,weight_loss|light
Vegetable Soup,dinner,351,13.9,62.5,6.1,vegan,south_indian,1,weight_loss|light
Roti Sabji,dinner,680,14.5,53.6,20.2,vegetarian,mixed,0,weight_loss|light
Mixed Veg Curry,dinner,615,7.9,42.3,18.0,vegetarian,north_indian,0,weight_loss|light
Tofu Scramble,breakfast,377,11.0,37.1,14.2,vegan,north_indian,1,improve_stamina|carb_rich
Kadhi Rice,lunch,511,16.1,74.9,5.8,vegetarian,mixed,1,weight_loss|light
Paneer Sandwich,breakfast,359,35.4,39.6,11.8,vegetarian,mixed,1,muscle_gain|high_protein
Corn Chaat,snack,134,6.7,11.8,5.5,vegan,north_indian,1,muscle_gain|high_protein
Sprouts Salad,snack,256,10.2,24.7,10.7,vegan,mixed,1,balanced|beginner
Mixed Veg Curry,dinner,592,12.4,61.8,21.0,vegetarian,mixed,1,weight_loss|light
Rajma Chawal,lunch,560,16.2,48.1,22.9,vegetarian,north_indian,0,weight_loss|light
Fruit Bowl,breakfast,329,4.3,36.5,15.5,vegan,south_indian,1,weight_loss|light
Fish Fry,dinner,532,17.2,70.0,14.9,non_vegetarian,north_indian,1,improve_stamina|carb_rich
Paneer Bhurji,dinner,357,22.9,30.0,13.0,vegetarian,north_indian,1,muscle_gain|high_protein
Oats with Milk,breakfast,419,17.3,43.9,16.1,vegetarian,north_indian,1,balanced|beginner
Roasted Chana,snack,181,8.4,9.8,10.4,vegan,north_indian,1,balanced|beginner
Boiled Eggs,snack,114,6.3,16.9,1.4,non_vegetarian,north_indian,1,improve_stamina|carb_rich
Paneer Sandwich,breakfast,404,10.9,66.2,15.5,vegetarian,north_indian,1,balanced|beginner
Upma,breakfast,399,7.8,47.6,16.2,vegetarian,north_indian,1,improve_stamina|carb_rich
Fruit Bowl,breakfast,217,3.5,29.5,7.5,vegan,south_indian,1,weight_loss|light
Oats with Milk,breakfast,232,16.3,23.2,6.2,vegetarian,north_indian,1,muscle_gain|high_protein
Grilled Chicken,dinner,431,10.1,58.9,8.9,non_vegetarian,north_indian,0,improve_stamina|carb_rich
Sabudana Khichdi,breakfast,269,7.7,36.0,13.3,vegetarian,north_indian,1,weight_loss|light
Tofu Stir Fry,lunch,648,22.1,92.2,8.3,vegan,north_indian,1,balanced|beginner
Idli Sambar,breakfast,165,2.3,18.5,7.6,vegetarian,north_indian,0,balanced|beginner
Dal Tadka,dinner,569,11.5,38.8,17.1,vegetarian,mixed,0,balanced|beginner
Grilled Chicken,dinner,591,8.4,73.9,20.7,non_vegetarian,north_indian,0,balanced|beginner
Roasted Chana,snack,154,3.8,28.5,1.4,vegan,north_indian,1,balanced|beginner
Paneer Roti,lunch,483,11.3,40.9,13.8,vegetarian,mixed,0,improve_stamina|carb_rich
Fruit Salad,snack,130,3.2,16.8,4.4,vegan,north_indian,1,balanced|beginner
Paneer Cubes,snack,141,5.9,19.2,3.2,vegetarian,north_indian,1,balanced|beginner
Vegetable Khichdi,lunch,499,18.4,44.2,12.9,vegetarian,north_indian,1,improve_stamina|carb_rich
Boiled Eggs,snack,213,7.4,20.7,9.3,non_vegetarian,north_indian,1,weight_loss|light
Tofu Stir Fry,lunch,448,17.8,54.2,14.6,vegan,mixed,1,balanced|beginner
Tofu Curry,dinner,460,9.4,60.9,23.1,vegan,mixed,0,weight_loss|light
Corn Chaat,snack,248,6.8,33.6,7.4,vegan,north_indian,1,weight_loss|light
Grilled Chicken,dinner,413,19.7,58.5,11.0,non_vegetarian,north_indian,1,weight_loss|light
Roasted Chana,snack,211,6.7,28.1,6.1,vegan,north_indian,1,improve_stamina|carb_rich
Sprouts Salad,snack,287,4.0,43.1,8.4,vegan,south_indian,1,weight_loss|light
Sprouts Salad,snack,225,18.5,26.4,3.1,vegan,north_indian,1,muscle_gain|high_protein
Roti Sabji,dinner,642,37.8,49.8,17.0,vegetarian,mixed,1,muscle_gain|high_protein
Fish Fry,dinner,632,10.3,79.8,13.4,non_vegetarian,south_indian,0,improve_stamina|carb_rich
Thepla,breakfast,361,18.7,22.3,21.8,vegetarian,north_indian,0,improve_stamina|carb_rich
Kadhi Rice,lunch,503,7.2,69.5,11.1,vegetarian,north_indian,0,weight_loss|light
Grilled Chicken,dinner,478,18.7,62.2,5.1,non_vegetarian,north_indian,1,weight_loss|light
Tofu Scramble,breakfast,274,4.9,35.6,10.0,vegan,mixed,1,balanced|beginner
Fish Fry,dinner,402,4.6,51.9,16.0,non_vegetarian,north_indian,0,improve_stamina|carb_rich
Vegetable Poha,breakfast,280,5.8,39.5,14.1,vegetarian,north_indian,1,balanced|beginner
Masala Omelette,breakfast,212,10.2,22.2,7.3,non_vegetarian,north_indian,1,weight_loss|light
Thepla,breakfast,291,11.7,32.4,16.4,vegetarian,north_indian,1,balanced|beginner
Buttermilk,snack,219,10.5,27.4,5.5,vegetarian,north_indian,1,improve_stamina|carb_rich
Fruit Bowl,breakfast,283,12.7,37.3,4.9,vegan,north_indian,1,balanced|beginner
Corn Chaat,snack,160,8.7,20.5,3.4,vegan,north_indian,1,muscle_gain|high_protein
Paneer Sandwich,breakfast,292,16.5,39.4,5.0,vegetarian,mixed,1,muscle_gain|high_protein
Oats with Milk,breakfast,226,9.7,36.3,2.7,vegetarian,north_indian,1,weight_loss|light
Dal Tadka,dinner,404,8.8,72.3,12.9,vegetarian,north_indian,0,balanced|beginner
Vegetable Khichdi,lunch,639,11.1,62.4,16.6,vegetarian,north_indian,0,improve_stamina|carb_rich
Protein Shake,snack,264,10.7,20.5,13.1,vegetarian,mixed,1,weight_loss|light
Chicken Curry Rice,lunch,372,14.7,47.2,10.5,non_vegetarian,south_indian,1,muscle_gain|high_protein
Fruit Salad,snack,87,1.5,10.5,3.6,vegan,north_indian,1,weight_loss|light
Hyderabadi Biryani,lunch,633,10.1,58.1,15.2,non_vegetarian,north_indian,0,balanced|beginner
Corn Chaat,snack,286,5.1,45.5,6.7,vegan,mixed,0,balanced|beginner
Pav Bhaji,lunch,399,15.1,58.3,9.5,vegetarian,north_indian,1,improve_stamina|carb_rich
Kadhi Rice,lunch,509,14.4,65.0,11.1,vegetarian,mixed,1,weight_loss|light
Vegetable Khichdi,lunch,365,7.9,29.8,17.1,vegetarian,south_indian,0,balanced|beginner
Roasted Chana,snack,94,2.8,14.2,2.1,vegan,south_indian,1,weight_loss|light
Sabudana Khichdi,breakfast,231,3.8,27.2,9.8,vegetarian,south_indian,1,weight_loss|light
Sprouts Salad,snack,288,6.0,32.5,12.3,vegan,north_indian,0,balanced|beginner
Vegetable Khichdi,lunch,644,8.0,51.8,14.9,vegetarian,north_indian,0,balanced|beginner
Buttermilk,snack,245,6.3,25.9,10.8,vegetarian,mixed,1,improve_stamina|carb_rich
Paneer Sandwich,breakfast,256,13.5,28.3,7.6,vegetarian,north_indian,1,balanced|beginner
Thepla,breakfast,427,12.7,47.8,16.7,vegetarian,south_indian,0,improve_stamina|carb_rich
Fruit Bowl,breakfast,444,15.5,71.8,16.8,vegan,north_indian,0,weight_loss|light
Corn Chaat,snack,162,5.6,15.6,7.2,vegan,mixed,1,weight_loss|light
Roti Sabji,dinner,388,11.9,67.7,13.3,vegetarian,north_indian,0,balanced|beginner
Roti Sabji,dinner,481,18.8,75.0,6.0,vegetarian,mixed,1,balanced|beginner
Tofu Scramble,breakfast,221,18.5,15.5,7.5,vegan,south_indian,1,muscle_gain|high_protein
Tofu Curry,dinner,430,18.8,50.2,10.2,vegan,south_indian,1,muscle_gain|high_protein
Vegetable Poha,breakfast,399,11.4,22.4,15.5,vegetarian,south_indian,1,weight_loss|light
Paneer Roti,lunch,627,25.0,38.0,29.1,vegetarian,north_indian,0,weight_loss|light
Vegetable Khichdi,lunch,373,11.3,43.9,13.6,vegetarian,north_indian,0,balanced|beginner
Vegetable Soup,dinner,601,14.6,89.6,8.4,vegan,north_indian,1,balanced|beginner
Vegetable Soup,dinner,658,35.1,39.7,23.8,vegan,south_indian,0,muscle_gain|high_protein
Peanut Chaat,snack,236,5.2,19.4,13.2,vegetarian,north_indian,1,weight_loss|light
Chicken Curry Rice,lunch,641,30.5,49.4,23.5,non_vegetarian,south_indian,0,muscle_gain|high_protein
Pav Bhaji,lunch,394,5.7,40.8,19.6,vegetarian,north_indian,0,balanced|beginner
Vegetable Soup,dinner,394,12.5,56.5,9.6,vegan,mixed,1,improve_stamina|carb_rich
Fruit Bowl,breakfast,442,5.8,60.3,15.8,vegan,north_indian,0,improve_stamina|carb_rich
Paneer Cubes,snack,227,5.3,24.6,9.9,vegetarian,mixed,1,weight_loss|light
Vegetable Khichdi,lunch,491,9.6,65.9,23.0,vegetarian,north_indian,0,improve_stamina|carb_rich
Vegetable Soup,dinner,566,11.2,72.6,11.9,vegan,mixed,0,improve_stamina|carb_rich
Paneer Sandwich,breakfast,235,12.5,24.0,7.8,vegetarian,north_indian,1,muscle_gain|high_protein
Fruit Salad,snack,244,8.0,31.7,7.3,vegan,mixed,1,weight_loss|light
Corn Chaat,snack,193,3.3,20.9,9.0,vegan,mixed,1,weight_loss|light
Paneer Cubes,snack,122,10.1,11.6,2.8,vegetarian,south_indian,1,muscle_gain|high_protein
Dal Tadka,dinner,591,12.5,61.6,20.3,vegetarian,north_indian,1,balanced|beginner
Vegetable Soup,dinner,430,18.2,71.8,6.0,vegan,north_indian,1,muscle_gain|high_protein
Hyderabadi Biryani,lunch,395,26.2,26.7,3.7,non_vegetarian,north_indian,1,muscle_gain|high_protein
Vegetable Khichdi,lunch,375,10.1,53.7,10.0,vegetarian,north_indian,0,improve_stamina|carb_rich
Buttermilk,snack,166,15.1,9.7,6.0,vegetarian,north_indian,1,muscle_gain|high_protein
Vegetable Khichdi,lunch,659,10.4,55.7,19.0,vegetarian,mixed,0,improve_stamina|carb_rich
Paneer Sandwich,breakfast,199,18.9,20.7,2.8,vegetarian,mixed,1,muscle_gain|high_protein
Mixed Veg Curry,dinner,494,12.0,74.8,6.4,vegetarian,mixed,1,weight_loss|light
Roti Sabji,dinner,553,26.4,67.1,6.0,vegetarian,mixed,1,muscle_gain|high_protein
Tofu Scramble,breakfast,408,33.7,44.4,5.3,vegan,mixed,1,muscle_gain|high_protein
Paneer Roti,lunch,565,18.4,35.3,12.8,vegetarian,mixed,1,muscle_gain|high_protein
Paneer Sandwich,breakfast,298,10.3,24.5,16.7,vegetarian,north_indian,1,balanced|beginner
Egg Curry,dinner,523,26.8,57.0,4.7,non_vegetarian,mixed,1,muscle_gain|high_protein
Vegetable Poha,breakfast,389,16.4,78.9,6.9,vegetarian,mixed,1,improve_stamina|carb_rich
Chicken Curry Rice,lunch,411,15.5,70.6,5.2,non_vegetarian,north_indian,1,improve_stamina|carb_rich
Paneer Bhurji,dinner,460,5.3,59.9,13.3,vegetarian,mixed,0,weight_loss|light
Roti Sabji,dinner,460,19.9,40.9,17.9,vegetarian,mixed,1,weight_loss|light
Sprouts Salad,snack,242,3.5,22.5,13.2,vegan,north_indian,1,balanced|beginner
Oats with Milk,breakfast,280,17.2,25.2,9.8,vegetarian,mixed,1,muscle_gain|high_protein
Tofu Curry,dinner,594,9.0,57.5,10.9,vegan,mixed,0,weight_loss|light
Boiled Eggs,snack,145,2.5,20.1,4.8,non_vegetarian,north_indian,1,improve_stamina|carb_rich
Dal Tadka,dinner,461,13.2,67.2,13.7,vegetarian,south_indian,1,weight_loss|light
Fish Fry,dinner,542,7.2,63.5,13.9,non_vegetarian,north_indian,0,weight_loss|light
Oats with Milk,breakfast,177,5.4,22.3,5.7,vegetarian,mixed,0,improve_stamina|carb_rich
Paneer Cubes,snack,107,3.9,8.8,5.3,vegetarian,north_indian,1,improve_stamina|carb_rich
Egg Curry,dinner,523,18.8,52.7,12.8,non_vegetarian,mixed,1,muscle_gain|high_protein
Boiled Eggs,snack,128,13.7,7.8,3.5,non_vegetarian,north_indian,1,muscle_gain|high_protein
Roasted Chana,snack,84,1.1,9.2,4.0,vegan,north_indian,1,weight_loss|light
Mixed Veg Curry,dinner,468,19.7,40.5,16.8,vegetarian,south_indian,1,weight_loss|light
Roasted Chana,snack,262,10.6,25.2,10.9,vegan,mixed,0,balanced|beginner
Fish Curry Rice,lunch,571,16.9,45.1,24.5,non_vegetarian,south_indian,0,improve_stamina|carb_rich
Boiled Eggs,snack,86,1.9,12.6,2.4,non_vegetarian,mixed,1,weight_loss|light
Vegetable Soup,dinner,353,5.8,36.6,18.7,vegan,mixed,0,improve_stamina|carb_rich
Tofu Scramble,breakfast,215,10.3,31.4,3.4,vegan,south_indian,1,muscle_gain|high_protein
Oats with Milk,breakfast,367,27.2,49.8,3.3,vegetarian,north_indian,1,muscle_gain|high_protein
Paneer Roti,lunch,678,16.7,79.2,13.0,vegetarian,mixed,0,balanced|beginner
Dal Tadka,dinner,567,9.8,77.5,13.0,vegetarian,north_indian,0,weight_loss|light
Paneer Cubes,snack,182,12.9,25.4,4.7,vegetarian,mixed,1,improve_stamina|carb_rich
Idli Sambar,breakfast,227,17.2,22.2,5.7,vegetarian,mixed,1,muscle_gain|high_protein
Grilled Chicken,dinner,393,6.5,38.4,11.9,non_vegetarian,north_indian,0,improve_stamina|carb_rich
Thepla,breakfast,163,1.5,21.6,6.4,vegetarian,north_indian,0,balanced|beginner
Sprouts Salad,snack,242,25.3,19.9,4.7,vegan,north_indian,1,muscle_gain|high_protein
Dal Rice,lunch,555,17.0,28.4,17.5,vegetarian,mixed,1,improve_stamina|carb_rich
Sabudana Khichdi,breakfast,160,3.8,14.6,8.2,vegetarian,north_indian,0,balanced|beginner
Fruit Bowl,breakfast,436,7.4,33.2,13.5,vegan,south_indian,0,balanced|beginner
Buttermilk,snack,175,5.6,20.3,6.4,vegetarian,south_indian,1,improve_stamina|carb_rich
Sprouts Salad,snack,255,5.3,37.0,7.3,vegan,north_indian,1,improve_stamina|carb_rich
Vegetable Khichdi,lunch,550,6.1,76.6,23.7,vegetarian,mixed,0,improve_stamina|carb_rich
Peanut Chaat,snack,103,4.1,10.5,4.0,vegetarian,north_indian,1,muscle_gain|high_protein
Idli Sambar,breakfast,251,22.1,25.9,4.3,vegetarian,south_indian,1,muscle_gain|high_protein
Upma,breakfast,223,13.8,27.9,4.3,vegetarian,south_indian,1,muscle_gain|high_protein
Hyderabadi Biryani,lunch,436,16.9,24.7,20.1,non_vegetarian,north_indian,1,weight_loss|light
Paneer Sandwich,breakfast,232,5.0,38.2,4.5,vegetarian,mixed,1,weight_loss|light
Buttermilk,snack,200,3.9,28.4,6.1,vegetarian,north_indian,1,improve_stamina|carb_rich
Paneer Cubes,snack,185,10.6,13.4,8.2,vegetarian,mixed,1,muscle_gain|high_protein
Roti Sabji,dinner,415,13.6,48.3,14.9,vegetarian,north_indian,1,improve_stamina|carb_rich
Fruit Salad,snack,104,3.6,13.1,3.2,vegan,north_indian,1,improve_stamina|carb_rich
Paneer Bhurji,dinner,490,29.5,41.7,18.4,vegetarian,north_indian,1,muscle_gain|high_protein
Dal Tadka,dinner,654,5.9,45.6,22.5,vegetarian,north_indian,0,balanced|beginner
Corn Chaat,snack,145,3.9,26.0,1.5,vegan,north_indian,1,balanced|beginner
Boiled Eggs,snack,108,8.9,13.2,1.2,non_vegetarian,north_indian,1,muscle_gain|high_protein
Roasted Chana,snack,246,14.4,22.2,8.9,vegan,mixed,1,muscle_gain|high_protein
Fish Fry,dinner,423,9.4,55.2,7.1,non_vegetarian,south_indian,0,weight_loss|light
Corn Chaat,snack,211,17.1,18.2,5.9,vegan,mixed,1,muscle_gain|high_protein
Hyderabadi Biryani,lunch,615,10.6,39.2,24.6,non_vegetarian,mixed,0,balanced|beginner
Paneer Cubes,snack,234,18.2,24.8,6.3,vegetarian,north_indian,1,muscle_gain|high_protein
Paneer Roti,lunch,511,8.5,65.9,3.3,vegetarian,mixed,0,improve_stamina|carb_rich
Dal Rice,lunch,516,17.1,58.5,13.4,vegetarian,north_indian,1,balanced|beginner
Protein Shake,snack,125,4.4,7.2,7.6,vegetarian,north_indian,1,balanced|beginner
Grilled Chicken,dinner,497,24.8,47.4,18.7,non_vegetarian,north_indian,1,muscle_gain|high_protein
Masala Omelette,breakfast,272,19.7,32.3,4.7,non_vegetarian,north_indian,1,muscle_gain|high_protein
Tofu Scramble,breakfast,186,8.8,12.3,9.7,vegan,north_indian,1,weight_loss|light
Idli Sambar,breakfast,380,11.7,65.2,13.0,vegetarian,mixed,1,improve_stamina|carb_rich
Boiled Eggs,snack,173,5.6,23.9,4.6,non_vegetarian,mixed,1,improve_stamina|carb_rich
Roti Sabji,dinner,675,13.8,79.2,11.3,vegetarian,north_indian,0,weight_loss|light
Masala Omelette,breakfast,430,16.4,72.0,11.4,non_vegetarian,south_indian,0,weight_loss|light
Oats with Milk,breakfast,406,16.1,37.9,4.6,vegetarian,mixed,1,balanced|beginner
Sabudana Khichdi,breakfast,195,15.5,10.9,8.2,vegetarian,north_indian,1,muscle_gain|high_protein
Pav Bhaji,lunch,377,15.4,30.5,18.1,vegetarian,north_indian,1,balanced|beginner
Thepla,breakfast,264,6.8,33.9,8.9,vegetarian,mixed,1,weight_loss|light
Dal Tadka,dinner,441,25.8,60.6,7.4,vegetarian,south_indian,1,muscle_gain|high_protein
Mixed Veg Curry,dinner,685,35.4,75.5,13.1,vegetarian,south_indian,0,weight_loss|light
Roasted Chana,snack,243,8.2,32.0,8.7,vegan,north_indian,1,improve_stamina|carb_rich
Paneer Sandwich,breakfast,256,16.8,27.4,6.5,vegetarian,mixed,1,muscle_gain|high_protein
Thepla,breakfast,257,24.1,31.1,8.3,vegetarian,south_indian,1,muscle_gain|high_protein
Roti Sabji,dinner,570,43.4,21.4,23.7,vegetarian,south_indian,0,muscle_gain|high_protein
Dal Rice,lunch,376,34.1,26.6,11.5,vegetarian,north_indian,1,muscle_gain|high_protein
Tofu Curry,dinner,511,9.8,56.7,22.2,vegan,mixed,0,weight_loss|light
Roti Sabji,dinner,389,14.4,32.7,18.9,vegetarian,mixed,1,balanced|beginner
Vegetable Khichdi,lunch,484,8.6,49.6,18.3,vegetarian,north_indian,0,balanced|beginner
Dal Rice,lunch,594,39.1,53.3,24.2,vegetarian,south_indian,0,muscle_gain|high_protein
Masala Omelette,breakfast,406,13.5,44.2,15.9,non_vegetarian,north_indian,1,muscle_gain|high_protein
Rajma Chawal,lunch,676,22.3,68.9,23.2,vegetarian,south_indian,0,muscle_gain|high_protein
Kadhi Rice,lunch,696,15.1,104.0,10.5,vegetarian,north_indian,0,balanced|beginner
Corn Chaat,snack,172,2.9,21.2,6.9,vegan,north_indian,1,weight_loss|light
Fruit Bowl,breakfast,441,20.5,75.5,11.0,vegan,north_indian,1,muscle_gain|high_protein
Masala Omelette,breakfast,233,4.9,29.1,8.7,non_vegetarian,south_indian,1,improve_stamina|carb_rich
Tofu Scramble,breakfast,245,10.7,28.1,10.9,vegan,north_indian,1,improve_stamina|carb_rich
Dal Tadka,dinner,596,9.9,41.2,15.6,vegetarian,south_indian,0,weight_loss|light
Grilled Chicken,dinner,560,9.1,46.6,17.5,non_vegetarian,south_indian,0,improve_stamina|carb_rich
Buttermilk,snack,136,5.1,15.8,4.6,vegetarian,north_indian,1,improve_stamina|carb_rich
Paneer Cubes,snack,173,5.2,29.0,2.5,vegetarian,south_indian,1,improve_stamina|carb_rich
Dal Tadka,dinner,668,12.4,54.8,19.5,vegetarian,mixed,0,weight_loss|light
Grilled Chicken,dinner,668,19.0,79.8,16.9,non_vegetarian,north_indian,0,improve_stamina|carb_rich
Pav Bhaji,lunch,487,21.9,34.3,19.8,vegetarian,mixed,1,muscle_gain|high_protein
Vegetable Poha,breakfast,164,9.6,18.2,4.4,vegetarian,mixed,0,balanced|beginner
Pav Bhaji,lunch,558,40.4,53.6,9.1,vegetarian,north_indian,1,muscle_gain|high_protein
Peanut Chaat,snack,288,5.6,37.4,10.3,vegetarian,south_indian,0,balanced|beginner
Oats with Milk,breakfast,345,12.0,43.0,10.8,vegetarian,north_indian,1,weight_loss|light
Paneer Roti,lunch,408,27.0,28.3,17.1,vegetarian,south_indian,1,muscle_gain|high_protein
Peanut Chaat,snack,296,10.1,48.2,4.3,vegetarian,north_indian,0,balanced|beginner
Tofu Curry,dinner,544,19.2,67.8,8.3,vegan,north_indian,1,balanced|beginner
Thepla,breakfast,230,6.9,41.9,1.8,vegetarian,mixed,1,improve_stamina|carb_rich
Upma,breakfast,237,8.9,29.0,7.4,vegetarian,mixed,1,weight_loss|light
Upma,breakfast,272,16.4,37.6,3.8,vegetarian,south_indian,1,muscle_gain|high_protein
Vegetable Soup,dinner,371,28.9,22.3,15.2,vegan,mixed,1,muscle_gain|high_protein
Boiled Eggs,snack,178,13.8,10.0,7.6,non_vegetarian,south_indian,1,muscle_gain|high_protein
Vegetable Soup,dinner,626,18.5,32.6,19.8,vegan,south_indian,1,balanced|beginner
Paneer Sandwich,breakfast,435,18.2,38.0,22.6,vegetarian,south_indian,0,balanced|beginner
Buttermilk,snack,86,1.9,10.5,3.3,vegetarian,south_indian,1,balanced|beginner
