name,meal_type,calories,protein_g,carbs_g,fat_g,food_type,cuisine,is_healthy,tags
Paneer Bhurji 0,dinner,585,13.1,69.3,12.4,vegetarian,south_indian,0,balanced|beginner
Roasted Chana 1,snack,204,18.7,56.6,20.6,vegan,north_indian,0,muscle_gain|high_protein
Boiled Eggs 2,snack,187,18.2,61.8,19.3,non_vegetarian,gujarati,0,weight_loss|light
Corn Chaat 3,snack,274,12.6,67.5,24.2,vegan,south_indian,0,improve_stamina|carb_rich
Paneer Cubes 4,snack,208,15.1,54.8,24.4,vegetarian,bengali,0,balanced|beginner
Oats with Milk 5,breakfast,335,30.8,41.6,15.0,vegetarian,north_indian,1,muscle_gain|high_protein
Vegetable Khichdi 6,lunch,611,11.0,26.4,12.2,vegetarian,bengali,0,balanced|beginner
Fruit Bowl 7,breakfast,187,9.8,60.5,22.5,vegan,kerala,0,improve_stamina|carb_rich
Oats with Milk 8,breakfast,194,6.8,40.5,9.4,vegetarian,south_indian,1,weight_loss|light
Buttermilk 9,snack,138,10.7,28.4,4.5,vegetarian,rajasthani,1,improve_stamina|carb_rich
Vegetable Poha 10,breakfast,443,21.2,42.8,6.6,vegetarian,hyderabadi,1,muscle_gain|high_protein
Roti Sabji 11,dinner,585,35.0,53.2,13.9,vegetarian,punjabi,0,muscle_gain|high_protein
Tofu Stir Fry 12,lunch,596,19.8,65.1,17.1,vegan,hyderabadi,0,muscle_gain|high_protein
Tofu Curry 13,dinner,698,13.4,46.4,3.2,vegan,south_indian,0,weight_loss|light
Sprouts Salad 14,snack,174,5.6,43.4,11.9,vegan,south_indian,1,balanced|beginner
Paneer Bhurji 15,dinner,681,19.7,75.2,16.4,vegetarian,gujarati,0,weight_loss|light
Chicken Curry Rice 16,lunch,473,17.5,30.8,3.4,non_vegetarian,mixed,1,balanced|beginner
Sprouts Salad 17,snack,234,25.2,37.1,22.3,vegan,maharashtrian,0,muscle_gain|high_protein
Buttermilk 18,snack,165,16.0,24.0,9.9,vegetarian,rajasthani,1,weight_loss|light
Vegetable Khichdi 19,lunch,372,19.8,36.7,8.1,vegetarian,gujarati,1,weight_loss|light
Peanut Chaat 20,snack,192,18.2,22.7,8.2,vegetarian,kerala,1,weight_loss|light
Paneer Roti 21,lunch,557,40.6,45.1,5.5,vegetarian,mixed,0,muscle_gain|high_protein
Fruit Bowl 22,breakfast,326,12.5,62.0,14.0,vegan,north_indian,1,weight_loss|light
Fruit Bowl 23,breakfast,396,15.2,68.4,14.5,vegan,north_indian,1,weight_loss|light
Vegetable Khichdi 24,lunch,560,6.2,26.5,20.2,vegetarian,kerala,0,improve_stamina|carb_rich
Roasted Chana 25,snack,108,43.4,37.8,6.6,vegan,kerala,1,muscle_gain|high_protein
Egg Curry 26,dinner,485,21.8,60.6,13.7,non_vegetarian,kerala,1,muscle_gain|high_protein
Roasted Chana 27,snack,288,8.4,22.4,11.8,vegan,hyderabadi,1,improve_stamina|carb_rich
Peanut Chaat 28,snack,154,19.2,23.6,4.7,vegetarian,kerala,1,weight_loss|light
Sprouts Salad 29,snack,271,35.5,44.1,17.0,vegan,north_indian,1,muscle_gain|high_protein
Egg Curry 30,dinner,425,7.2,46.0,5.5,non_vegetarian,bengali,1,improve_stamina|carb_rich
Protein Shake 31,snack,275,19.9,33.7,4.7,vegetarian,north_indian,1,improve_stamina|carb_rich
Hyderabadi Biryani 32,lunch,635,14.0,52.2,12.1,non_vegetarian,hyderabadi,0,balanced|beginner
Boiled Eggs 33,snack,98,16.7,48.2,17.2,non_vegetarian,bengali,1,improve_stamina|carb_rich
Tofu Curry 34,dinner,449,5.1,78.6,6.3,vegan,bengali,1,balanced|beginner
Dal Tadka 35,dinner,466,6.8,26.0,4.4,vegetarian,gujarati,1,balanced|beginner
Paneer Bhurji 36,dinner,554,13.3,38.1,21.5,vegetarian,hyderabadi,0,weight_loss|light
Fruit Salad 37,snack,265,7.7,47.7,22.9,vegan,north_indian,0,weight_loss|light
Upma 38,breakfast,405,19.6,51.7,7.8,vegetarian,maharashtrian,1,balanced|beginner
Paneer Sandwich 39,breakfast,277,18.0,58.8,22.1,vegetarian,gujarati,0,weight_loss|light
Protein Shake 40,snack,193,18.9,65.2,18.5,vegetarian,south_indian,0,improve_stamina|carb_rich
Corn Chaat 41,snack,250,17.9,68.6,4.9,vegan,hyderabadi,1,weight_loss|light
Fruit Salad 42,snack,203,17.2,40.4,6.0,vegan,north_indian,1,balanced|beginner
Kadhi Rice 43,lunch,602,6.5,25.8,10.9,vegetarian,punjabi,0,weight_loss|light
Paneer Cubes 44,snack,217,19.6,67.2,23.4,vegetarian,rajasthani,0,muscle_gain|high_protein
Mixed Veg Curry 45,dinner,630,17.2,51.2,22.3,vegetarian,rajasthani,0,weight_loss|light
Tofu Scramble 46,breakfast,205,28.6,77.6,23.2,vegan,hyderabadi,0,muscle_gain|high_protein
Buttermilk 47,snack,122,14.3,78.7,20.0,vegetarian,mixed,0,improve_stamina|carb_rich
Paneer Sandwich 48,breakfast,276,15.7,39.9,24.4,vegetarian,gujarati,0,improve_stamina|carb_rich
Pav Bhaji 49,lunch,507,14.2,78.9,7.2,vegetarian,mixed,0,improve_stamina|carb_rich
Paneer Cubes 50,snack,157,12.4,22.1,8.2,vegetarian,punjabi,1,balanced|beginner
Thepla 51,breakfast,358,7.8,27.3,24.8,vegetarian,gujarati,0,balanced|beginner
Roti Sabji 52,dinner,396,5.8,51.9,9.8,vegetarian,south_indian,1,balanced|beginner
Roasted Chana 53,snack,278,8.2,62.6,4.8,vegan,punjabi,1,improve_stamina|carb_rich
Fruit Salad 54,snack,230,10.6,62.7,19.9,vegan,punjabi,0,improve_stamina|carb_rich
Protein Shake 55,snack,116,15.8,48.2,14.8,vegetarian,south_indian,1,weight_loss|light
Rajma Chawal 56,lunch,657,16.6,43.7,23.2,vegetarian,north_indian,0,balanced|beginner
Upma 57,breakfast,433,44.4,65.9,4.5,vegetarian,north_indian,1,muscle_gain|high_protein
Egg Curry 58,dinner,510,16.8,29.5,21.4,non_vegetarian,rajasthani,0,balanced|beginner
Rajma Chawal 59,lunch,481,16.7,37.6,13.2,vegetarian,punjabi,1,balanced|beginner
Paneer Roti 60,lunch,471,17.2,60.4,5.7,vegetarian,rajasthani,1,weight_loss|light
Fish Curry Rice 61,lunch,388,7.5,33.8,20.9,non_vegetarian,gujarati,0,balanced|beginner
Thepla 62,breakfast,367,14.0,48.1,17.4,vegetarian,punjabi,1,weight_loss|light
Roti Sabji 63,dinner,380,16.6,26.3,20.3,vegetarian,rajasthani,0,weight_loss|light
Protein Shake 64,snack,139,11.1,29.5,24.9,vegetarian,mixed,0,improve_stamina|carb_rich
Sprouts Salad 65,snack,92,12.6,65.3,8.7,vegan,rajasthani,1,improve_stamina|carb_rich
Chicken Curry Rice 66,lunch,543,18.1,66.6,18.1,non_vegetarian,punjabi,0,weight_loss|light
Idli Sambar 67,breakfast,363,5.3,64.8,14.6,vegetarian,mixed,1,improve_stamina|carb_rich
Tofu Stir Fry 68,lunch,525,34.1,29.5,19.7,vegan,kerala,0,muscle_gain|high_protein
Boiled Eggs 69,snack,102,18.1,61.2,16.7,non_vegetarian,south_indian,1,improve_stamina|carb_rich
Fish Curry Rice 70,lunch,696,12.8,38.0,11.5,non_vegetarian,kerala,0,weight_loss|light
Vegetable Soup 71,dinner,407,8.0,47.2,6.5,vegan,rajasthani,1,improve_stamina|carb_rich
Chicken Curry Rice 72,lunch,539,15.3,20.5,16.5,non_vegetarian,rajasthani,0,improve_stamina|carb_rich
Corn Chaat 73,snack,177,5.5,49.4,4.2,vegan,punjabi,1,balanced|beginner
Vegetable Poha 74,breakfast,324,17.5,56.8,7.5,vegetarian,kerala,1,balanced|beginner
Sprouts Salad 75,snack,296,11.4,79.4,8.8,vegan,maharashtrian,1,balanced|beginner
Vegetable Khichdi 76,lunch,419,43.8,30.3,3.5,vegetarian,maharashtrian,1,muscle_gain|high_protein
Oats with Milk 77,breakfast,183,17.7,31.0,23.5,vegetarian,kerala,0,balanced|beginner
Rajma Chawal 78,lunch,375,11.2,67.5,22.0,vegetarian,bengali,0,balanced|beginner
Boiled Eggs 79,snack,202,43.5,65.5,23.7,non_vegetarian,south_indian,0,muscle_gain|high_protein
Buttermilk 80,snack,141,17.2,32.1,16.9,vegetarian,hyderabadi,1,improve_stamina|carb_rich
Paneer Sandwich 81,breakfast,217,5.3,40.2,6.3,vegetarian,hyderabadi,1,improve_stamina|carb_rich
Buttermilk 82,snack,224,29.9,68.8,10.3,vegetarian,kerala,1,muscle_gain|high_protein
Vegetable Poha 83,breakfast,331,14.2,65.6,21.1,vegetarian,rajasthani,0,improve_stamina|carb_rich
Dal Tadka 84,dinner,699,28.9,74.1,22.9,vegetarian,mixed,0,muscle_gain|high_protein
Dal Tadka 85,dinner,529,19.2,52.1,3.3,vegetarian,north_indian,0,muscle_gain|high_protein
Tofu Scramble 86,breakfast,347,22.5,70.1,7.8,vegan,mixed,1,muscle_gain|high_protein
Vegetable Soup 87,dinner,376,18.1,66.8,15.5,vegan,north_indian,1,muscle_gain|high_protein
Oats with Milk 88,breakfast,397,7.9,59.5,8.1,vegetarian,mixed,1,improve_stamina|carb_rich
Dal Rice 89,lunch,482,10.2,29.5,22.2,vegetarian,north_indian,0,weight_loss|light
Paneer Sandwich 90,breakfast,236,23.1,34.1,5.2,vegetarian,south_indian,1,muscle_gain|high_protein
Rajma Chawal 91,lunch,517,27.2,52.3,3.2,vegetarian,maharashtrian,0,muscle_gain|high_protein
Chicken Curry Rice 92,lunch,393,13.2,79.6,17.7,non_vegetarian,mixed,1,improve_stamina|carb_rich
Dal Rice 93,lunch,424,11.8,22.7,22.6,vegetarian,south_indian,0,weight_loss|light
Paneer Sandwich 94,breakfast,244,13.7,55.5,21.8,vegetarian,maharashtrian,0,weight_loss|light
Rajma Chawal 95,lunch,569,19.1,44.9,18.9,vegetarian,hyderabadi,0,balanced|beginner
Fruit Bowl 96,breakfast,340,40.5,24.0,9.5,vegan,gujarati,1,muscle_gain|high_protein
Vegetable Poha 97,breakfast,361,10.8,52.0,4.2,vegetarian,bengali,1,weight_loss|light
Vegetable Khichdi 98,lunch,652,43.3,69.8,17.3,vegetarian,gujarati,0,muscle_gain|high_protein
Tofu Scramble 99,breakfast,297,6.4,74.5,22.9,vegan,bengali,0,weight_loss|light
Oats with Milk 100,breakfast,195,5.6,57.2,9.5,vegetarian,rajasthani,1,weight_loss|light
Paneer Roti 101,lunch,395,12.9,74.4,21.0,vegetarian,mixed,0,weight_loss|light
Mixed Veg Curry 102,dinner,572,6.8,29.6,18.3,vegetarian,rajasthani,0,improve_stamina|carb_rich
Peanut Chaat 103,snack,88,16.0,45.5,3.8,vegetarian,punjabi,1,weight_loss|light
Tofu Scramble 104,breakfast,173,11.1,63.7,3.1,vegan,punjabi,1,weight_loss|light
Fruit Bowl 105,breakfast,180,15.2,68.0,14.6,vegan,kerala,1,balanced|beginner
Paneer Cubes 106,snack,137,9.0,46.0,17.4,vegetarian,south_indian,1,balanced|beginner
Paneer Sandwich 107,breakfast,214,32.2,45.9,6.2,vegetarian,mixed,1,muscle_gain|high_protein
Pav Bhaji 108,lunch,516,10.5,56.5,8.9,vegetarian,gujarati,0,improve_stamina|carb_rich
Grilled Chicken 109,dinner,380,6.6,71.1,6.8,non_vegetarian,mixed,1,improve_stamina|carb_rich
Roti Sabji 110,dinner,499,18.1,69.8,24.9,vegetarian,punjabi,0,weight_loss|light
Peanut Chaat 111,snack,285,6.3,41.4,19.8,vegetarian,punjabi,0,weight_loss|light
Corn Chaat 112,snack,295,10.6,34.3,18.5,vegan,mixed,0,improve_stamina|carb_rich
Protein Shake 113,snack,168,16.6,65.3,15.1,vegetarian,bengali,1,weight_loss|light
Rajma Chawal 114,lunch,600,15.2,47.5,13.1,vegetarian,north_indian,0,weight_loss|light
Oats with Milk 115,breakfast,378,19.9,76.3,4.6,vegetarian,south_indian,1,muscle_gain|high_protein
Buttermilk 116,snack,139,19.1,52.1,10.2,vegetarian,south_indian,1,improve_stamina|carb_rich
Vegetable Khichdi 117,lunch,591,27.0,42.4,11.9,vegetarian,punjabi,0,muscle_gain|high_protein
Paneer Bhurji 118,dinner,491,14.6,62.3,19.1,vegetarian,mixed,0,balanced|beginner
Masala Omelette 119,breakfast,431,18.6,48.8,6.4,non_vegetarian,punjabi,1,improve_stamina|carb_rich
Grilled Chicken 120,dinner,575,16.5,32.8,16.5,non_vegetarian,hyderabadi,0,improve_stamina|carb_rich
Protein Shake 121,snack,207,12.2,38.1,24.6,vegetarian,mixed,0,weight_loss|light
Hyderabadi Biryani 122,lunch,559,19.9,30.0,17.0,non_vegetarian,kerala,0,muscle_gain|high_protein
Dal Rice 123,lunch,513,15.7,29.3,23.8,vegetarian,gujarati,0,weight_loss|light
Roti Sabji 124,dinner,596,18.1,65.8,15.2,vegetarian,punjabi,0,balanced|beginner
Protein Shake 125,snack,115,6.5,32.5,4.7,vegetarian,south_indian,1,balanced|beginner
Fruit Salad 126,snack,205,14.8,25.9,9.2,vegan,hyderabadi,1,improve_stamina|carb_rich
Vegetable Khichdi 127,lunch,365,19.7,69.5,16.9,vegetarian,north_indian,1,improve_stamina|carb_rich
Roti Sabji 128,dinner,404,18.5,31.5,7.5,vegetarian,south_indian,1,improve_stamina|carb_rich
Sprouts Salad 129,snack,179,14.2,48.5,10.1,vegan,maharashtrian,1,balanced|beginner
Sabudana Khichdi 130,breakfast,230,14.7,24.6,21.0,vegetarian,punjabi,0,balanced|beginner
Dal Rice 131,lunch,666,6.1,43.0,23.7,vegetarian,kerala,0,improve_stamina|carb_rich
Boiled Eggs 132,snack,202,15.5,55.5,16.1,non_vegetarian,gujarati,1,improve_stamina|carb_rich
Thepla 133,breakfast,431,17.5,36.5,15.3,vegetarian,rajasthani,1,balanced|beginner
Fruit Bowl 134,breakfast,213,29.6,20.3,21.4,vegan,gujarati,0,muscle_gain|high_protein
Vegetable Khichdi 135,lunch,579,19.3,22.3,8.5,vegetarian,kerala,0,balanced|beginner
Idli Sambar 136,breakfast,373,12.6,22.8,19.3,vegetarian,gujarati,0,balanced|beginner
Egg Curry 137,dinner,613,13.5,71.0,20.7,non_vegetarian,hyderabadi,0,weight_loss|light
Fish Curry Rice 138,lunch,573,8.1,67.4,20.6,non_vegetarian,north_indian,0,weight_loss|light
Tofu Curry 139,dinner,380,5.1,63.9,21.0,vegan,mixed,0,improve_stamina|carb_rich
Tofu Stir Fry 140,lunch,692,22.0,67.0,15.0,vegan,hyderabadi,0,muscle_gain|high_protein
Paneer Roti 141,lunch,601,5.4,36.2,10.1,vegetarian,gujarati,0,weight_loss|light
Boiled Eggs 142,snack,228,8.0,73.4,21.9,non_vegetarian,maharashtrian,0,improve_stamina|carb_rich
Fish Fry 143,dinner,443,18.0,23.5,11.4,non_vegetarian,rajasthani,1,weight_loss|light
Protein Shake 144,snack,194,5.2,54.5,22.4,vegetarian,north_indian,0,weight_loss|light
Rajma Chawal 145,lunch,380,12.5,69.1,4.5,vegetarian,punjabi,1,improve_stamina|carb_rich
Fruit Bowl 146,breakfast,206,6.9,73.2,18.3,vegan,punjabi,0,weight_loss|light
Boiled Eggs 147,snack,200,27.2,37.8,5.3,non_vegetarian,north_indian,1,muscle_gain|high_protein
Pav Bhaji 148,lunch,366,42.9,66.0,13.6,vegetarian,mixed,1,muscle_gain|high_protein
Paneer Sandwich 149,breakfast,406,12.0,71.6,9.1,vegetarian,punjabi,1,weight_loss|light
Sabudana Khichdi 150,breakfast,258,12.0,76.3,21.7,vegetarian,gujarati,0,improve_stamina|carb_rich
Egg Curry 151,dinner,677,15.0,48.3,11.7,non_vegetarian,punjabi,0,balanced|beginner
Sabudana Khichdi 152,breakfast,222,21.6,43.7,20.5,vegetarian,maharashtrian,0,muscle_gain|high_protein
Vegetable Poha 153,breakfast,254,27.3,78.3,4.8,vegetarian,bengali,1,muscle_gain|high_protein
Paneer Bhurji 154,dinner,448,11.1,20.3,20.8,vegetarian,north_indian,0,weight_loss|light
Fish Fry 155,dinner,416,41.2,43.9,17.9,non_vegetarian,kerala,1,muscle_gain|high_protein
Vegetable Khichdi 156,lunch,661,35.5,24.1,18.6,vegetarian,gujarati,0,muscle_gain|high_protein
Paneer Bhurji 157,dinner,430,11.8,41.8,4.6,vegetarian,north_indian,1,weight_loss|light
Thepla 158,breakfast,391,10.5,54.5,17.3,vegetarian,north_indian,1,improve_stamina|carb_rich
Vegetable Khichdi 159,lunch,489,6.6,25.6,10.7,vegetarian,bengali,1,balanced|beginner
Paneer Roti 160,lunch,598,28.7,55.3,20.1,vegetarian,south_indian,0,muscle_gain|high_protein
Paneer Cubes 161,snack,174,16.1,55.6,3.5,vegetarian,maharashtrian,1,weight_loss|light
Buttermilk 162,snack,168,5.1,22.0,19.3,vegetarian,punjabi,0,improve_stamina|carb_rich
Chicken Curry Rice 163,lunch,600,12.8,20.4,23.3,non_vegetarian,maharashtrian,0,weight_loss|light
Vegetable Poha 164,breakfast,387,16.2,68.9,15.8,vegetarian,south_indian,1,balanced|beginner
Tofu Scramble 165,breakfast,345,17.8,71.3,3.1,vegan,punjabi,1,improve_stamina|carb_rich
Boiled Eggs 166,snack,195,40.8,34.2,23.4,non_vegetarian,north_indian,0,muscle_gain|high_protein
Dal Tadka 167,dinner,618,6.2,75.3,22.4,vegetarian,gujarati,0,balanced|beginner
Upma 168,breakfast,387,19.0,77.8,23.8,vegetarian,punjabi,0,balanced|beginner
Paneer Bhurji 169,dinner,450,27.9,55.2,21.7,vegetarian,maharashtrian,0,muscle_gain|high_protein
Grilled Chicken 170,dinner,536,6.2,35.4,10.6,non_vegetarian,north_indian,0,balanced|beginner
Fruit Salad 171,snack,237,8.3,37.8,12.8,vegan,punjabi,1,improve_stamina|carb_rich
Oats with Milk 172,breakfast,437,15.2,64.0,10.9,vegetarian,north_indian,1,improve_stamina|carb_rich
Fish Curry Rice 173,lunch,438,6.7,28.3,13.2,non_vegetarian,punjabi,1,improve_stamina|carb_rich
Thepla 174,breakfast,364,9.5,74.7,19.5,vegetarian,kerala,0,weight_loss|light
Chicken Curry Rice 175,lunch,632,14.0,49.9,9.7,non_vegetarian,north_indian,0,balanced|beginner
Fish Curry Rice 176,lunch,354,18.6,49.1,11.2,non_vegetarian,punjabi,1,weight_loss|light
Paneer Bhurji 177,dinner,376,19.4,44.5,24.8,vegetarian,south_indian,0,improve_stamina|carb_rich
Dal Rice 178,lunch,681,8.4,61.6,9.8,vegetarian,punjabi,0,weight_loss|light
Masala Omelette 179,breakfast,243,7.8,75.3,9.5,non_vegetarian,punjabi,1,balanced|beginner
Fruit Bowl 180,breakfast,427,16.2,34.5,23.4,vegan,kerala,0,improve_stamina|carb_rich
Paneer Sandwich 181,breakfast,387,5.7,59.2,23.1,vegetarian,bengali,0,balanced|beginner
Egg Curry 182,dinner,467,31.3,36.7,24.8,non_vegetarian,gujarati,0,muscle_gain|high_protein
Chicken Curry Rice 183,lunch,629,15.6,77.7,16.8,non_vegetarian,south_indian,0,weight_loss|light
Buttermilk 184,snack,242,16.1,25.9,21.1,vegetarian,north_indian,0,weight_loss|light
Sprouts Salad 185,snack,265,14.3,27.9,19.3,vegan,north_indian,0,weight_loss|light
Paneer Cubes 186,snack,224,5.8,26.1,18.3,vegetarian,punjabi,0,improve_stamina|carb_rich
Vegetable Khichdi 187,lunch,495,43.6,43.3,11.4,vegetarian,south_indian,1,muscle_gain|high_protein
Corn Chaat 188,snack,180,22.9,74.5,14.1,vegan,rajasthani,1,muscle_gain|high_protein
Corn Chaat 189,snack,178,8.0,57.7,15.2,vegan,hyderabadi,1,improve_stamina|carb_rich
Rajma Chawal 190,lunch,577,18.1,66.2,18.3,vegetarian,south_indian,0,improve_stamina|carb_rich
Fruit Salad 191,snack,276,18.6,28.6,5.7,vegan,bengali,1,weight_loss|light
Peanut Chaat 192,snack,180,10.7,23.1,24.0,vegetarian,mixed,0,balanced|beginner
Oats with Milk 193,breakfast,264,5.1,64.0,22.8,vegetarian,mixed,0,weight_loss|light
Protein Shake 194,snack,93,6.5,69.9,24.7,vegetarian,punjabi,0,weight_loss|light
Paneer Cubes 195,snack,145,44.9,25.2,16.3,vegetarian,gujarati,1,muscle_gain|high_protein
Corn Chaat 196,snack,94,14.5,21.0,6.8,vegan,north_indian,1,weight_loss|light
Chicken Curry Rice 197,lunch,427,19.2,38.1,5.5,non_vegetarian,south_indian,1,weight_loss|light
Hyderabadi Biryani 198,lunch,401,14.5,79.0,12.3,non_vegetarian,south_indian,1,improve_stamina|carb_rich
Rajma Chawal 199,lunch,677,19.9,58.3,4.4,vegetarian,bengali,0,balanced|beginner
Fruit Bowl 200,breakfast,157,15.4,39.8,11.5,vegan,maharashtrian,1,improve_stamina|carb_rich
Egg Curry 201,dinner,388,7.4,44.3,21.7,non_vegetarian,hyderabadi,0,weight_loss|light
Vegetable Khichdi 202,lunch,412,19.7,49.1,24.2,vegetarian,kerala,0,balanced|beginner
Hyderabadi Biryani 203,lunch,456,5.5,31.9,7.6,non_vegetarian,punjabi,1,balanced|beginner
Fruit Bowl 204,breakfast,250,13.8,36.1,14.1,vegan,bengali,1,improve_stamina|carb_rich
Idli Sambar 205,breakfast,387,8.3,43.0,16.7,vegetarian,north_indian,1,weight_loss|light
Sprouts Salad 206,snack,96,8.9,69.3,5.2,vegan,south_indian,1,weight_loss|light
Tofu Stir Fry 207,lunch,367,7.5,66.2,20.6,vegan,mixed,0,weight_loss|light
Corn Chaat 208,snack,115,8.9,32.6,10.5,vegan,kerala,1,balanced|beginner
Upma 209,breakfast,421,35.9,20.8,5.5,vegetarian,rajasthani,1,muscle_gain|high_protein
Paneer Bhurji 210,dinner,379,6.8,58.3,3.1,vegetarian,mixed,1,improve_stamina|carb_rich
Grilled Chicken 211,dinner,695,16.5,29.8,13.1,non_vegetarian,maharashtrian,0,improve_stamina|carb_rich
Sabudana Khichdi 212,breakfast,301,23.1,47.2,12.0,vegetarian,rajasthani,1,muscle_gain|high_protein
Grilled Chicken 213,dinner,449,14.9,23.6,14.2,non_vegetarian,rajasthani,1,weight_loss|light
Hyderabadi Biryani 214,lunch,471,16.6,70.4,13.4,non_vegetarian,mixed,1,weight_loss|light
Vegetable Soup 215,dinner,509,6.8,67.1,9.0,vegan,maharashtrian,0,balanced|beginner
Buttermilk 216,snack,96,18.5,78.3,18.4,vegetarian,bengali,0,weight_loss|light
Chicken Curry Rice 217,lunch,544,10.2,52.8,18.2,non_vegetarian,kerala,0,balanced|beginner
Corn Chaat 218,snack,265,16.3,41.3,11.7,vegan,north_indian,1,weight_loss|light
Roasted Chana 219,snack,87,14.3,40.5,16.3,vegan,gujarati,1,weight_loss|light
Dal Rice 220,lunch,520,18.9,67.4,9.0,vegetarian,rajasthani,0,improve_stamina|carb_rich
Protein Shake 221,snack,251,12.9,33.5,24.0,vegetarian,rajasthani,0,improve_stamina|carb_rich
Paneer Cubes 222,snack,182,9.6,72.7,23.6,vegetarian,north_indian,0,balanced|beginner
Mixed Veg Curry 223,dinner,486,5.6,61.9,9.3,vegetarian,south_indian,1,balanced|beginner
Boiled Eggs 224,snack,123,28.9,20.4,17.9,non_vegetarian,rajasthani,1,muscle_gain|high_protein
Pav Bhaji 225,lunch,609,13.4,46.0,23.9,vegetarian,bengali,0,improve_stamina|carb_rich
Vegetable Khichdi 226,lunch,435,36.4,69.2,12.2,vegetarian,kerala,1,muscle_gain|high_protein
Buttermilk 227,snack,96,33.7,20.0,11.1,vegetarian,kerala,1,muscle_gain|high_protein
Vegetable Soup 228,dinner,538,18.7,59.0,19.8,vegan,gujarati,0,balanced|beginner
Buttermilk 229,snack,152,18.3,28.3,20.4,vegetarian,mixed,0,muscle_gain|high_protein
Fish Fry 230,dinner,388,12.8,42.8,21.2,non_vegetarian,kerala,0,weight_loss|light
Oats with Milk 231,breakfast,342,7.2,28.0,5.3,vegetarian,hyderabadi,1,improve_stamina|carb_rich
Oats with Milk 232,breakfast,382,9.1,58.6,4.3,vegetarian,rajasthani,1,weight_loss|light
Mixed Veg Curry 233,dinner,664,18.1,56.9,24.1,vegetarian,hyderabadi,0,improve_stamina|carb_rich
Dal Tadka 234,dinner,425,15.9,47.0,3.4,vegetarian,rajasthani,1,improve_stamina|carb_rich
Tofu Stir Fry 235,lunch,438,22.1,58.8,20.1,vegan,bengali,0,muscle_gain|high_protein
Protein Shake 236,snack,131,12.1,25.3,12.9,vegetarian,south_indian,1,balanced|beginner
Buttermilk 237,snack,268,41.3,68.0,21.2,vegetarian,bengali,0,muscle_gain|high_protein
Fruit Bowl 238,breakfast,263,15.0,64.1,15.7,vegan,maharashtrian,1,balanced|beginner
Hyderabadi Biryani 239,lunch,420,11.8,46.9,18.9,non_vegetarian,north_indian,0,balanced|beginner
Paneer Roti 240,lunch,613,15.8,79.2,17.3,vegetarian,mixed,0,improve_stamina|carb_rich
Egg Curry 241,dinner,490,11.2,75.8,23.3,non_vegetarian,rajasthani,0,weight_loss|light
Dal Tadka 242,dinner,662,18.5,34.5,6.7,vegetarian,south_indian,0,muscle_gain|high_protein
Paneer Bhurji 243,dinner,586,7.4,37.1,11.9,vegetarian,punjabi,0,improve_stamina|carb_rich
Upma 244,breakfast,288,9.5,48.6,14.9,vegetarian,south_indian,1,improve_stamina|carb_rich
Masala Omelette 245,breakfast,391,18.2,40.4,3.8,non_vegetarian,maharashtrian,1,improve_stamina|carb_rich
Paneer Roti 246,lunch,598,18.5,37.2,11.8,vegetarian,kerala,0,weight_loss|light
Sprouts Salad 247,snack,203,8.9,42.4,11.8,vegan,hyderabadi,1,weight_loss|light
Protein Shake 248,snack,90,11.2,34.2,15.9,vegetarian,rajasthani,1,improve_stamina|carb_rich
Kadhi Rice 249,lunch,394,5.7,59.8,17.8,vegetarian,mixed,1,balanced|beginner
Corn Chaat 250,snack,175,12.7,53.6,10.7,vegan,mixed,1,weight_loss|light
Paneer Sandwich 251,breakfast,315,7.0,71.7,11.1,vegetarian,south_indian,1,balanced|beginner
Roti Sabji 252,dinner,544,19.4,21.9,18.9,vegetarian,kerala,0,improve_stamina|carb_rich
Pav Bhaji 253,lunch,432,19.9,68.8,9.5,vegetarian,gujarati,1,improve_stamina|carb_rich
Vegetable Soup 254,dinner,469,28.7,45.2,11.7,vegan,gujarati,1,muscle_gain|high_protein
Sabudana Khichdi 255,breakfast,237,18.3,21.3,10.5,vegetarian,north_indian,1,weight_loss|light
Vegetable Khichdi 256,lunch,438,19.5,57.6,13.8,vegetarian,punjabi,1,improve_stamina|carb_rich
Sabudana Khichdi 257,breakfast,284,14.8,68.4,14.5,vegetarian,mixed,1,balanced|beginner
Chicken Curry Rice 258,lunch,407,15.2,51.4,22.7,non_vegetarian,north_indian,0,improve_stamina|carb_rich
Masala Omelette 259,breakfast,379,17.0,57.6,23.3,non_vegetarian,gujarati,0,improve_stamina|carb_rich
Egg Curry 260,dinner,576,11.2,75.2,8.6,non_vegetarian,north_indian,0,improve_stamina|carb_rich
Peanut Chaat 261,snack,163,8.1,62.5,17.1,vegetarian,south_indian,1,weight_loss|light
Sabudana Khichdi 262,breakfast,204,13.6,47.9,8.5,vegetarian,punjabi,1,improve_stamina|carb_rich
Buttermilk 263,snack,261,10.6,56.0,22.1,vegetarian,bengali,0,balanced|beginner
Rajma Chawal 264,lunch,697,15.1,61.0,6.3,vegetarian,kerala,0,weight_loss|light
Corn Chaat 265,snack,262,19.5,64.1,4.7,vegan,punjabi,1,balanced|beginner
Vegetable Khichdi 266,lunch,623,14.8,24.7,20.4,vegetarian,maharashtrian,0,improve_stamina|carb_rich
Thepla 267,breakfast,170,33.7,48.9,11.6,vegetarian,bengali,1,muscle_gain|high_protein
Masala Omelette 268,breakfast,167,35.9,34.5,5.2,non_vegetarian,maharashtrian,1,muscle_gain|high_protein
Tofu Scramble 269,breakfast,383,41.5,37.4,24.3,vegan,rajasthani,0,muscle_gain|high_protein
Tofu Curry 270,dinner,598,18.6,48.7,3.9,vegan,mixed,0,balanced|beginner
Fish Fry 271,dinner,565,13.1,71.2,19.2,non_vegetarian,kerala,0,balanced|beginner
Oats with Milk 272,breakfast,406,8.4,57.7,15.0,vegetarian,north_indian,1,improve_stamina|carb_rich
Roasted Chana 273,snack,117,10.9,26.6,14.6,vegan,punjabi,1,improve_stamina|carb_rich
Sabudana Khichdi 274,breakfast,345,12.4,52.4,9.1,vegetarian,mixed,1,balanced|beginner
Sprouts Salad 275,snack,234,13.4,51.2,11.2,vegan,kerala,1,weight_loss|light
Protein Shake 276,snack,260,6.4,24.5,9.4,vegetarian,kerala,1,weight_loss|light
Boiled Eggs 277,snack,109,33.3,23.5,18.3,non_vegetarian,rajasthani,0,muscle_gain|high_protein
Egg Curry 278,dinner,566,13.1,28.8,21.8,non_vegetarian,punjabi,0,weight_loss|light
Rajma Chawal 279,lunch,394,41.7,65.7,13.4,vegetarian,south_indian,1,muscle_gain|high_protein
Grilled Chicken 280,dinner,445,18.3,56.9,14.9,non_vegetarian,mixed,1,improve_stamina|carb_rich
Mixed Veg Curry 281,dinner,501,23.3,55.9,21.5,vegetarian,hyderabadi,0,muscle_gain|high_protein
Paneer Bhurji 282,dinner,555,40.6,36.0,7.1,vegetarian,north_indian,0,muscle_gain|high_protein
Fruit Bowl 283,breakfast,193,27.1,22.7,18.2,vegan,rajasthani,0,muscle_gain|high_protein
Grilled Chicken 284,dinner,530,6.4,23.5,8.6,non_vegetarian,hyderabadi,0,balanced|beginner
Paneer Roti 285,lunch,367,13.5,76.4,12.7,vegetarian,mixed,1,weight_loss|light
Sabudana Khichdi 286,breakfast,245,18.4,25.3,22.8,vegetarian,punjabi,0,balanced|beginner
Idli Sambar 287,breakfast,231,40.3,64.7,6.2,vegetarian,punjabi,1,muscle_gain|high_protein
Vegetable Soup 288,dinner,431,18.9,79.4,23.9,vegan,bengali,0,muscle_gain|high_protein
Tofu Curry 289,dinner,545,7.4,57.1,18.1,vegan,mixed,0,balanced|beginner
Dal Rice 290,lunch,515,12.9,26.7,17.1,vegetarian,kerala,0,weight_loss|light
Vegetable Soup 291,dinner,612,8.3,77.8,8.9,vegan,north_indian,0,improve_stamina|carb_rich
Roti Sabji 292,dinner,648,21.1,55.7,23.0,vegetarian,south_indian,0,muscle_gain|high_protein
Egg Curry 293,dinner,543,8.0,47.8,7.5,non_vegetarian,kerala,0,improve_stamina|carb_rich
Paneer Bhurji 294,dinner,523,10.3,42.4,3.1,vegetarian,bengali,0,improve_stamina|carb_rich
Fish Fry 295,dinner,470,18.0,29.7,24.9,non_vegetarian,mixed,0,weight_loss|light
Hyderabadi Biryani 296,lunch,565,14.9,48.8,10.0,non_vegetarian,punjabi,0,weight_loss|light
Corn Chaat 297,snack,256,44.1,50.5,15.7,vegan,maharashtrian,1,muscle_gain|high_protein
Upma 298,breakfast,276,31.0,42.5,9.3,vegetarian,gujarati,1,muscle_gain|high_protein
Oats with Milk 299,breakfast,375,15.7,65.3,11.9,vegetarian,mixed,1,weight_loss|light
Paneer Cubes 300,snack,243,31.3,41.8,23.1,vegetarian,kerala,0,muscle_gain|high_protein
Egg Curry 301,dinner,496,19.8,54.2,7.9,non_vegetarian,mixed,1,muscle_gain|high_protein
Dal Tadka 302,dinner,477,7.6,39.5,9.2,vegetarian,punjabi,1,weight_loss|light
Roti Sabji 303,dinner,389,11.4,32.9,6.5,vegetarian,punjabi,1,balanced|beginner
Rajma Chawal 304,lunch,452,16.0,53.8,13.7,vegetarian,bengali,1,weight_loss|light
Hyderabadi Biryani 305,lunch,609,13.2,23.3,4.0,non_vegetarian,gujarati,0,improve_stamina|carb_rich
Mixed Veg Curry 306,dinner,626,5.9,56.6,17.0,vegetarian,gujarati,0,balanced|beginner
Paneer Bhurji 307,dinner,440,19.3,64.0,9.2,vegetarian,south_indian,1,weight_loss|light
Fish Fry 308,dinner,513,42.9,42.6,22.1,non_vegetarian,south_indian,0,muscle_gain|high_protein
Protein Shake 309,snack,235,17.6,29.2,18.1,vegetarian,north_indian,0,balanced|beginner
Tofu Stir Fry 310,lunch,529,19.1,64.7,23.6,vegan,gujarati,0,improve_stamina|carb_rich
Sprouts Salad 311,snack,161,19.8,42.4,23.8,vegan,gujarati,0,weight_loss|light
Sabudana Khichdi 312,breakfast,282,13.6,74.8,24.8,vegetarian,mixed,0,weight_loss|light
Tofu Curry 313,dinner,436,7.4,55.0,4.7,vegan,hyderabadi,1,weight_loss|light
Protein Shake 314,snack,169,17.9,51.3,3.2,vegetarian,kerala,1,improve_stamina|carb_rich
Vegetable Soup 315,dinner,676,5.7,36.4,15.1,vegan,gujarati,0,weight_loss|light
Grilled Chicken 316,dinner,625,17.5,72.0,10.0,non_vegetarian,gujarati,0,improve_stamina|carb_rich
Protein Shake 317,snack,156,14.0,66.0,21.6,vegetarian,north_indian,0,balanced|beginner
Upma 318,breakfast,393,17.0,47.3,21.0,vegetarian,gujarati,0,balanced|beginner
Paneer Sandwich 319,breakfast,421,18.4,40.5,22.7,vegetarian,hyderabadi,0,balanced|beginner
Boiled Eggs 320,snack,219,7.1,27.9,21.4,non_vegetarian,north_indian,0,improve_stamina|carb_rich
Vegetable Soup 321,dinner,398,41.6,79.7,7.6,vegan,south_indian,1,muscle_gain|high_protein
Sabudana Khichdi 322,breakfast,302,7.0,37.9,5.6,vegetarian,bengali,1,balanced|beginner
Vegetable Soup 323,dinner,615,8.8,57.5,19.9,vegan,south_indian,0,weight_loss|light
Dal Rice 324,lunch,391,18.1,24.5,20.1,vegetarian,south_indian,0,balanced|beginner
Tofu Scramble 325,breakfast,318,16.8,59.7,21.5,vegan,maharashtrian,0,weight_loss|light
Fruit Salad 326,snack,258,16.4,37.7,14.6,vegan,punjabi,1,balanced|beginner
Roti Sabji 327,dinner,570,35.8,40.9,12.8,vegetarian,punjabi,0,muscle_gain|high_protein
Tofu Curry 328,dinner,673,11.9,62.7,7.3,vegan,north_indian,0,improve_stamina|carb_rich
Corn Chaat 329,snack,300,17.5,44.7,18.8,vegan,gujarati,0,balanced|beginner
Roasted Chana 330,snack,145,28.1,66.0,12.8,vegan,rajasthani,1,muscle_gain|high_protein
Protein Shake 331,snack,98,13.0,30.2,23.9,vegetarian,bengali,0,improve_stamina|carb_rich
Pav Bhaji 332,lunch,634,16.7,42.8,10.1,vegetarian,kerala,0,improve_stamina|carb_rich
Masala Omelette 333,breakfast,176,40.8,76.9,15.4,non_vegetarian,kerala,1,muscle_gain|high_protein
Fish Fry 334,dinner,568,19.2,32.2,21.7,non_vegetarian,north_indian,0,muscle_gain|high_protein
Chicken Curry Rice 335,lunch,446,8.0,20.4,9.5,non_vegetarian,hyderabadi,1,improve_stamina|carb_rich
Vegetable Soup 336,dinner,468,5.4,44.5,14.5,vegan,gujarati,1,balanced|beginner
Thepla 337,breakfast,449,22.0,77.1,4.3,vegetarian,gujarati,1,muscle_gain|high_protein
Fruit Bowl 338,breakfast,156,14.8,55.8,15.4,vegan,north_indian,1,balanced|beginner
Buttermilk 339,snack,98,17.7,72.6,17.3,vegetarian,north_indian,1,weight_loss|light
Kadhi Rice 340,lunch,632,35.1,39.8,9.6,vegetarian,maharashtrian,0,muscle_gain|high_protein
Hyderabadi Biryani 341,lunch,482,5.2,27.7,10.9,non_vegetarian,north_indian,1,balanced|beginner
Paneer Cubes 342,snack,252,5.5,20.8,11.6,vegetarian,rajasthani,1,improve_stamina|carb_rich
Fruit Bowl 343,breakfast,152,10.2,27.5,23.6,vegan,hyderabadi,0,balanced|beginner
Masala Omelette 344,breakfast,270,7.6,38.0,15.4,non_vegetarian,hyderabadi,1,weight_loss|light
Thepla 345,breakfast,300,9.8,49.0,24.0,vegetarian,punjabi,0,improve_stamina|carb_rich
Oats with Milk 346,breakfast,424,6.2,49.3,10.1,vegetarian,south_indian,1,improve_stamina|carb_rich
Sabudana Khichdi 347,breakfast,367,9.4,70.6,17.9,vegetarian,punjabi,1,weight_loss|light
Chicken Curry Rice 348,lunch,698,43.8,43.6,8.6,non_vegetarian,kerala,0,muscle_gain|high_protein
Oats with Milk 349,breakfast,343,10.4,26.9,21.5,vegetarian,north_indian,0,weight_loss|light
Sabudana Khichdi 350,breakfast,362,8.6,31.1,23.2,vegetarian,hyderabadi,0,weight_loss|light
Paneer Bhurji 351,dinner,470,14.7,36.1,16.6,vegetarian,kerala,1,improve_stamina|carb_rich
Thepla 352,breakfast,225,7.8,44.9,18.9,vegetarian,maharashtrian,0,balanced|beginner
Protein Shake 353,snack,290,10.4,72.0,16.5,vegetarian,north_indian,1,improve_stamina|carb_rich
Vegetable Khichdi 354,lunch,590,14.0,35.0,24.1,vegetarian,hyderabadi,0,improve_stamina|carb_rich
Peanut Chaat 355,snack,290,8.5,57.5,20.5,vegetarian,kerala,0,weight_loss|light
Fish Curry Rice 356,lunch,356,19.5,39.3,14.6,non_vegetarian,north_indian,1,improve_stamina|carb_rich
Grilled Chicken 357,dinner,485,6.6,75.3,20.7,non_vegetarian,south_indian,0,improve_stamina|carb_rich
Peanut Chaat 358,snack,161,11.4,60.8,21.0,vegetarian,punjabi,0,balanced|beginner
Paneer Roti 359,lunch,586,10.0,75.1,8.4,vegetarian,south_indian,0,balanced|beginner
Upma 360,breakfast,354,20.0,40.1,7.3,vegetarian,punjabi,1,improve_stamina|carb_rich
Vegetable Poha 361,breakfast,332,31.2,53.2,16.5,vegetarian,rajasthani,1,muscle_gain|high_protein
Paneer Bhurji 362,dinner,695,9.6,33.4,12.7,vegetarian,kerala,0,weight_loss|light
Upma 363,breakfast,326,18.3,30.0,9.5,vegetarian,gujarati,1,muscle_gain|high_protein
Roti Sabji 364,dinner,386,25.8,63.0,18.0,vegetarian,south_indian,1,muscle_gain|high_protein
Paneer Sandwich 365,breakfast,399,28.0,32.8,5.7,vegetarian,maharashtrian,1,muscle_gain|high_protein
Dal Rice 366,lunch,654,18.2,27.0,15.3,vegetarian,south_indian,0,weight_loss|light
Pav Bhaji 367,lunch,410,39.9,49.3,17.0,vegetarian,punjabi,1,muscle_gain|high_protein
Hyderabadi Biryani 368,lunch,459,34.4,65.9,6.4,non_vegetarian,punjabi,1,muscle_gain|high_protein
Paneer Sandwich 369,breakfast,328,5.6,29.4,5.0,vegetarian,south_indian,1,balanced|beginner
Hyderabadi Biryani 370,lunch,472,33.2,49.2,19.3,non_vegetarian,mixed,0,muscle_gain|high_protein
Oats with Milk 371,breakfast,341,18.6,43.5,17.3,vegetarian,bengali,1,balanced|beginner
Mixed Veg Curry 372,dinner,508,28.3,41.4,20.8,vegetarian,bengali,0,muscle_gain|high_protein
Roasted Chana 373,snack,233,5.3,60.0,21.3,vegan,north_indian,0,balanced|beginner
Roti Sabji 374,dinner,612,5.8,77.9,6.2,vegetarian,north_indian,0,weight_loss|light
Corn Chaat 375,snack,175,44.6,75.7,8.5,vegan,punjabi,1,muscle_gain|high_protein
Upma 376,breakfast,260,8.5,21.2,8.5,vegetarian,punjabi,1,balanced|beginner
Sabudana Khichdi 377,breakfast,447,14.3,37.2,22.3,vegetarian,punjabi,0,balanced|beginner
Egg Curry 378,dinner,577,10.7,35.7,18.2,non_vegetarian,punjabi,0,balanced|beginner
Buttermilk 379,snack,160,11.8,76.8,10.6,vegetarian,rajasthani,1,balanced|beginner
Vegetable Poha 380,breakfast,179,24.4,65.4,10.2,vegetarian,rajasthani,1,muscle_gain|high_protein
Fruit Salad 381,snack,176,15.3,68.8,8.4,vegan,mixed,1,improve_stamina|carb_rich
Hyderabadi Biryani 382,lunch,561,26.2,33.6,20.5,non_vegetarian,gujarati,0,muscle_gain|high_protein
Tofu Curry 383,dinner,544,10.5,69.1,3.9,vegan,punjabi,0,weight_loss|light
Grilled Chicken 384,dinner,653,8.2,51.6,22.3,non_vegetarian,gujarati,0,weight_loss|light
Dal Rice 385,lunch,373,6.6,37.8,18.9,vegetarian,south_indian,0,balanced|beginner
Vegetable Poha 386,breakfast,232,40.9,51.6,17.7,vegetarian,punjabi,1,muscle_gain|high_protein
Dal Rice 387,lunch,664,7.5,76.1,23.3,vegetarian,north_indian,0,improve_stamina|carb_rich
Boiled Eggs 388,snack,221,9.0,46.4,9.4,non_vegetarian,maharashtrian,1,weight_loss|light
Pav Bhaji 389,lunch,681,9.6,64.5,21.0,vegetarian,rajasthani,0,balanced|beginner
Thepla 390,breakfast,332,44.6,54.6,13.9,vegetarian,gujarati,1,muscle_gain|high_protein
Paneer Sandwich 391,breakfast,407,34.1,44.5,18.5,vegetarian,gujarati,0,muscle_gain|high_protein
Egg Curry 392,dinner,624,14.1,52.1,16.1,non_vegetarian,punjabi,0,improve_stamina|carb_rich
Fruit Bowl 393,breakfast,352,32.3,36.5,18.1,vegan,south_indian,0,muscle_gain|high_protein
Paneer Roti 394,lunch,668,23.5,52.5,5.8,vegetarian,gujarati,0,muscle_gain|high_protein
Paneer Cubes 395,snack,82,20.0,30.8,12.2,vegetarian,bengali,1,muscle_gain|high_protein
Pav Bhaji 396,lunch,662,7.9,48.4,11.8,vegetarian,bengali,0,balanced|beginner
Dal Rice 397,lunch,405,15.1,46.2,22.4,vegetarian,mixed,0,weight_loss|light
Tofu Stir Fry 398,lunch,483,16.0,64.6,17.9,vegan,kerala,1,weight_loss|light
Thepla 399,breakfast,261,28.3,49.2,11.7,vegetarian,north_indian,1,muscle_gain|high_protein
Grilled Chicken 400,dinner,434,12.2,43.0,23.5,non_vegetarian,bengali,0,weight_loss|light
Mixed Veg Curry 401,dinner,513,17.3,20.1,17.3,vegetarian,gujarati,0,improve_stamina|carb_rich
Dal Tadka 402,dinner,587,6.1,46.6,8.4,vegetarian,mixed,0,balanced|beginner
Boiled Eggs 403,snack,144,13.0,71.5,17.5,non_vegetarian,south_indian,1,weight_loss|light
Tofu Curry 404,dinner,434,9.8,74.3,5.2,vegan,kerala,1,balanced|beginner
Boiled Eggs 405,snack,192,11.1,36.5,6.1,non_vegetarian,south_indian,1,balanced|beginner
Boiled Eggs 406,snack,254,8.0,73.8,10.2,non_vegetarian,mixed,1,weight_loss|light
Dal Tadka 407,dinner,408,14.9,68.5,13.2,vegetarian,maharashtrian,1,improve_stamina|carb_rich
Roti Sabji 408,dinner,678,19.1,31.6,11.9,vegetarian,kerala,0,balanced|beginner
Corn Chaat 409,snack,246,9.9,34.3,8.8,vegan,bengali,1,weight_loss|light
Dal Rice 410,lunch,635,42.3,62.5,11.0,vegetarian,maharashtrian,0,muscle_gain|high_protein
Chicken Curry Rice 411,lunch,694,40.1,47.4,6.7,non_vegetarian,hyderabadi,0,muscle_gain|high_protein
Fish Curry Rice 412,lunch,562,10.4,47.2,11.4,non_vegetarian,punjabi,0,balanced|beginner
Dal Rice 413,lunch,659,9.5,37.4,15.3,vegetarian,south_indian,0,balanced|beginner
Tofu Curry 414,dinner,423,19.4,43.3,20.1,vegan,rajasthani,0,improve_stamina|carb_rich
Tofu Curry 415,dinner,479,27.0,67.5,9.6,vegan,kerala,1,muscle_gain|high_protein
Thepla 416,breakfast,355,37.1,57.0,13.4,vegetarian,north_indian,1,muscle_gain|high_protein
Buttermilk 417,snack,164,14.0,78.0,22.0,vegetarian,gujarati,0,improve_stamina|carb_rich
Roti Sabji 418,dinner,464,5.9,49.9,13.5,vegetarian,maharashtrian,1,improve_stamina|carb_rich
Paneer Cubes 419,snack,95,15.2,34.7,14.1,vegetarian,punjabi,1,balanced|beginner
Vegetable Poha 420,breakfast,236,11.2,45.6,21.7,vegetarian,bengali,0,weight_loss|light
Kadhi Rice 421,lunch,453,9.9,58.3,23.6,vegetarian,south_indian,0,balanced|beginner
Thepla 422,breakfast,265,26.0,57.4,13.7,vegetarian,mixed,1,muscle_gain|high_protein
Boiled Eggs 423,snack,119,42.6,70.5,10.6,non_vegetarian,bengali,1,muscle_gain|high_protein
Paneer Cubes 424,snack,156,5.1,48.2,17.9,vegetarian,gujarati,1,improve_stamina|carb_rich
Idli Sambar 425,breakfast,244,10.2,59.7,17.6,vegetarian,rajasthani,1,improve_stamina|carb_rich
Upma 426,breakfast,276,7.9,79.6,8.2,vegetarian,punjabi,1,improve_stamina|carb_rich
Pav Bhaji 427,lunch,563,6.5,61.0,8.9,vegetarian,mixed,0,balanced|beginner
Mixed Veg Curry 428,dinner,451,9.8,46.5,18.4,vegetarian,rajasthani,0,improve_stamina|carb_rich
Paneer Sandwich 429,breakfast,358,12.2,78.1,8.6,vegetarian,punjabi,1,improve_stamina|carb_rich
Vegetable Soup 430,dinner,431,19.0,70.8,19.3,vegan,punjabi,0,balanced|beginner
Tofu Scramble 431,breakfast,393,9.9,45.6,5.0,vegan,south_indian,1,improve_stamina|carb_rich
Oats with Milk 432,breakfast,347,7.6,67.6,11.8,vegetarian,south_indian,1,improve_stamina|carb_rich
Paneer Sandwich 433,breakfast,306,43.3,38.6,20.2,vegetarian,rajasthani,0,muscle_gain|high_protein
Paneer Bhurji 434,dinner,410,6.2,67.9,22.5,vegetarian,maharashtrian,0,balanced|beginner
Rajma Chawal 435,lunch,350,40.4,76.3,13.1,vegetarian,north_indian,1,muscle_gain|high_protein
Vegetable Khichdi 436,lunch,458,19.6,22.8,4.8,vegetarian,gujarati,1,balanced|beginner
Protein Shake 437,snack,109,25.7,52.9,11.3,vegetarian,kerala,1,muscle_gain|high_protein
Vegetable Soup 438,dinner,453,11.7,69.3,11.8,vegan,mixed,1,weight_loss|light
Peanut Chaat 439,snack,87,15.0,31.1,23.8,vegetarian,punjabi,0,weight_loss|light
Roti Sabji 440,dinner,386,10.5,76.1,22.0,vegetarian,punjabi,0,weight_loss|light
Masala Omelette 441,breakfast,371,14.3,58.0,21.9,non_vegetarian,kerala,0,balanced|beginner
Dal Rice 442,lunch,638,12.3,39.6,10.2,vegetarian,gujarati,0,improve_stamina|carb_rich
Buttermilk 443,snack,186,6.2,50.9,24.9,vegetarian,bengali,0,improve_stamina|carb_rich
Mixed Veg Curry 444,dinner,368,14.5,60.6,3.4,vegetarian,maharashtrian,1,weight_loss|light
Grilled Chicken 445,dinner,624,34.4,48.5,3.0,non_vegetarian,rajasthani,0,muscle_gain|high_protein
Peanut Chaat 446,snack,212,14.4,46.1,15.8,vegetarian,punjabi,1,weight_loss|light
Dal Tadka 447,dinner,486,35.9,53.8,8.2,vegetarian,mixed,1,muscle_gain|high_protein
Buttermilk 448,snack,247,18.9,68.0,24.9,vegetarian,north_indian,0,weight_loss|light
Tofu Scramble 449,breakfast,367,8.3,26.0,5.0,vegan,kerala,1,weight_loss|light
Egg Curry 450,dinner,485,17.9,46.5,12.8,non_vegetarian,kerala,1,improve_stamina|carb_rich
Corn Chaat 451,snack,213,36.5,41.3,7.3,vegan,mixed,1,muscle_gain|high_protein
Thepla 452,breakfast,246,15.8,66.4,5.2,vegetarian,punjabi,1,balanced|beginner
Vegetable Soup 453,dinner,572,9.4,44.1,7.4,vegan,north_indian,0,balanced|beginner
Fish Curry Rice 454,lunch,585,16.7,48.1,21.9,non_vegetarian,rajasthani,0,balanced|beginner
Chicken Curry Rice 455,lunch,358,18.1,73.9,6.9,non_vegetarian,hyderabadi,1,muscle_gain|high_protein
Masala Omelette 456,breakfast,165,31.1,65.3,12.1,non_vegetarian,bengali,1,muscle_gain|high_protein
Tofu Curry 457,dinner,657,13.9,79.3,7.2,vegan,hyderabadi,0,weight_loss|light
Hyderabadi Biryani 458,lunch,515,9.1,55.3,17.5,non_vegetarian,south_indian,0,balanced|beginner
Roti Sabji 459,dinner,391,14.9,56.6,4.8,vegetarian,south_indian,1,balanced|beginner
Peanut Chaat 460,snack,220,16.0,38.3,8.5,vegetarian,hyderabadi,1,weight_loss|light
Grilled Chicken 461,dinner,651,15.8,60.4,10.3,non_vegetarian,rajasthani,0,improve_stamina|carb_rich
Roasted Chana 462,snack,229,5.3,62.2,6.1,vegan,gujarati,1,weight_loss|light
Kadhi Rice 463,lunch,544,25.7,71.5,14.0,vegetarian,mixed,0,muscle_gain|high_protein
Paneer Bhurji 464,dinner,495,12.9,58.1,16.3,vegetarian,hyderabadi,1,improve_stamina|carb_rich
Kadhi Rice 465,lunch,435,17.6,56.7,19.3,vegetarian,punjabi,0,weight_loss|light
Oats with Milk 466,breakfast,313,14.7,47.2,4.0,vegetarian,rajasthani,1,balanced|beginner
Sabudana Khichdi 467,breakfast,293,33.6,47.6,9.4,vegetarian,maharashtrian,1,muscle_gain|high_protein
Boiled Eggs 468,snack,86,10.7,68.5,17.3,non_vegetarian,mixed,1,improve_stamina|carb_rich
Dal Tadka 469,dinner,455,11.1,50.7,13.2,vegetarian,maharashtrian,1,balanced|beginner
Kadhi Rice 470,lunch,448,12.6,71.2,11.9,vegetarian,maharashtrian,1,weight_loss|light
Paneer Roti 471,lunch,626,32.4,77.0,12.4,vegetarian,rajasthani,0,muscle_gain|high_protein
Peanut Chaat 472,snack,231,28.3,60.6,4.1,vegetarian,maharashtrian,1,muscle_gain|high_protein
Fish Fry 473,dinner,696,18.9,22.5,14.2,non_vegetarian,mixed,0,weight_loss|light
Fruit Bowl 474,breakfast,363,44.1,41.2,10.6,vegan,rajasthani,1,muscle_gain|high_protein
Vegetable Khichdi 475,lunch,596,16.5,65.8,3.2,vegetarian,kerala,0,improve_stamina|carb_rich
Vegetable Soup 476,dinner,682,17.2,45.6,6.1,vegan,punjabi,0,weight_loss|light
Idli Sambar 477,breakfast,280,7.4,62.3,14.6,vegetarian,gujarati,1,weight_loss|light
Roasted Chana 478,snack,127,15.2,78.5,19.9,vegan,maharashtrian,0,balanced|beginner
Dal Rice 479,lunch,419,18.7,27.2,20.5,vegetarian,hyderabadi,0,weight_loss|light
Masala Omelette 480,breakfast,213,15.4,53.2,13.0,non_vegetarian,rajasthani,1,improve_stamina|carb_rich
Corn Chaat 481,snack,103,10.0,45.8,16.8,vegan,punjabi,1,balanced|beginner
Paneer Sandwich 482,breakfast,226,17.7,39.3,23.3,vegetarian,kerala,0,improve_stamina|carb_rich
Sprouts Salad 483,snack,260,12.3,25.5,6.2,vegan,bengali,1,balanced|beginner
Thepla 484,breakfast,214,12.6,50.4,20.4,vegetarian,gujarati,0,improve_stamina|carb_rich
Rajma Chawal 485,lunch,616,19.2,25.7,6.0,vegetarian,mixed,0,muscle_gain|high_protein
Upma 486,breakfast,194,5.2,42.1,16.2,vegetarian,mixed,1,improve_stamina|carb_rich
Tofu Curry 487,dinner,614,10.0,68.9,23.6,vegan,gujarati,0,weight_loss|light
Vegetable Poha 488,breakfast,200,21.4,70.0,20.1,vegetarian,kerala,0,muscle_gain|high_protein
Buttermilk 489,snack,86,16.1,61.0,14.2,vegetarian,maharashtrian,1,weight_loss|light
Fish Fry 490,dinner,380,11.2,64.5,23.7,non_vegetarian,kerala,0,balanced|beginner
Vegetable Poha 491,breakfast,329,13.7,40.4,12.2,vegetarian,mixed,1,weight_loss|light
Fruit Salad 492,snack,101,9.0,74.5,13.7,vegan,gujarati,1,improve_stamina|carb_rich
Corn Chaat 493,snack,160,8.8,49.0,10.2,vegan,hyderabadi,1,balanced|beginner
Roasted Chana 494,snack,117,40.1,33.1,3.2,vegan,south_indian,1,muscle_gain|high_protein
Peanut Chaat 495,snack,180,9.9,25.4,7.7,vegetarian,bengali,1,weight_loss|light
Roasted Chana 496,snack,102,34.5,54.8,9.4,vegan,punjabi,1,muscle_gain|high_protein
Kadhi Rice 497,lunch,446,9.0,38.8,22.4,vegetarian,hyderabadi,0,weight_loss|light
Idli Sambar 498,breakfast,165,15.5,36.8,8.2,vegetarian,south_indian,1,improve_stamina|carb_rich
Grilled Chicken 499,dinner,699,12.6,60.0,6.9,non_vegetarian,mixed,0,weight_loss|light
Fruit Bowl 500,breakfast,302,33.5,25.6,17.4,vegan,south_indian,1,muscle_gain|high_protein
Idli Sambar 501,breakfast,449,7.6,28.9,15.6,vegetarian,punjabi,1,balanced|beginner
Buttermilk 502,snack,265,7.2,35.1,22.6,vegetarian,kerala,0,weight_loss|light
Sabudana Khichdi 503,breakfast,436,11.0,42.4,5.0,vegetarian,bengali,1,balanced|beginner
Corn Chaat 504,snack,244,5.4,72.1,23.3,vegan,kerala,0,weight_loss|light
Oats with Milk 505,breakfast,449,13.4,23.5,19.8,vegetarian,maharashtrian,0,improve_stamina|carb_rich
Egg Curry 506,dinner,374,17.6,21.4,24.1,non_vegetarian,hyderabadi,0,weight_loss|light
Mixed Veg Curry 507,dinner,362,13.2,71.2,24.6,vegetarian,south_indian,0,improve_stamina|carb_rich
Sprouts Salad 508,snack,263,5.3,27.6,13.4,vegan,gujarati,1,improve_stamina|carb_rich
Paneer Roti 509,lunch,649,18.3,57.1,8.3,vegetarian,rajasthani,0,improve_stamina|carb_rich
Peanut Chaat 510,snack,149,15.0,76.0,3.7,vegetarian,hyderabadi,1,improve_stamina|carb_rich
Chicken Curry Rice 511,lunch,681,16.0,49.2,14.3,non_vegetarian,kerala,0,weight_loss|light
Boiled Eggs 512,snack,150,9.3,54.2,18.3,non_vegetarian,hyderabadi,0,improve_stamina|carb_rich
Chicken Curry Rice 513,lunch,367,5.1,22.1,9.3,non_vegetarian,maharashtrian,1,weight_loss|light
Boiled Eggs 514,snack,95,12.6,31.0,10.4,non_vegetarian,kerala,1,improve_stamina|carb_rich
Corn Chaat 515,snack,254,12.9,36.2,6.2,vegan,punjabi,1,weight_loss|light
Upma 516,breakfast,237,12.9,65.8,3.9,vegetarian,rajasthani,1,weight_loss|light
Roasted Chana 517,snack,278,25.1,38.4,3.1,vegan,gujarati,1,muscle_gain|high_protein
Tofu Curry 518,dinner,512,18.4,78.2,3.9,vegan,rajasthani,0,improve_stamina|carb_rich
Paneer Roti 519,lunch,697,17.3,22.7,7.4,vegetarian,rajasthani,0,balanced|beginner
Roasted Chana 520,snack,291,29.3,23.3,14.0,vegan,kerala,1,muscle_gain|high_protein
Protein Shake 521,snack,103,15.4,44.9,12.3,vegetarian,bengali,1,weight_loss|light
Hyderabadi Biryani 522,lunch,399,17.3,67.7,9.5,non_vegetarian,bengali,1,improve_stamina|carb_rich
Fish Fry 523,dinner,650,15.6,54.5,10.6,non_vegetarian,kerala,0,improve_stamina|carb_rich
Upma 524,breakfast,177,11.0,65.6,21.3,vegetarian,gujarati,0,balanced|beginner
Protein Shake 525,snack,111,21.7,25.2,3.8,vegetarian,south_indian,1,muscle_gain|high_protein
Fish Curry Rice 526,lunch,661,14.8,65.0,7.8,non_vegetarian,gujarati,0,balanced|beginner
Tofu Scramble 527,breakfast,333,16.6,79.0,3.7,vegan,rajasthani,1,improve_stamina|carb_rich
Roti Sabji 528,dinner,575,11.9,37.2,3.6,vegetarian,mixed,0,balanced|beginner
Boiled Eggs 529,snack,83,20.1,46.0,19.9,non_vegetarian,mixed,0,muscle_gain|high_protein
Hyderabadi Biryani 530,lunch,533,18.0,76.7,16.9,non_vegetarian,rajasthani,0,weight_loss|light
Pav Bhaji 531,lunch,456,17.2,24.8,22.3,vegetarian,mixed,0,weight_loss|light
Peanut Chaat 532,snack,122,11.7,39.9,15.5,vegetarian,hyderabadi,1,balanced|beginner
Tofu Curry 533,dinner,565,8.0,34.1,16.4,vegan,rajasthani,0,balanced|beginner
Corn Chaat 534,snack,274,11.7,63.7,10.0,vegan,maharashtrian,1,weight_loss|light
Corn Chaat 535,snack,88,13.5,44.3,4.7,vegan,north_indian,1,balanced|beginner
Dal Rice 536,lunch,446,9.0,54.8,11.4,vegetarian,mixed,1,improve_stamina|carb_rich
Idli Sambar 537,breakfast,332,34.0,75.0,19.8,vegetarian,hyderabadi,0,muscle_gain|high_protein
Tofu Scramble 538,breakfast,244,7.9,27.7,14.5,vegan,north_indian,1,balanced|beginner
Rajma Chawal 539,lunch,648,13.0,63.7,10.7,vegetarian,south_indian,0,balanced|beginner
Kadhi Rice 540,lunch,551,18.1,33.6,12.9,vegetarian,gujarati,0,weight_loss|light
Roti Sabji 541,dinner,435,24.4,59.2,3.8,vegetarian,mixed,1,muscle_gain|high_protein
Fruit Bowl 542,breakfast,159,8.7,54.8,8.6,vegan,south_indian,1,weight_loss|light
Tofu Curry 543,dinner,633,13.9,36.2,3.9,vegan,mixed,0,balanced|beginner
Fruit Bowl 544,breakfast,410,18.8,70.0,23.8,vegan,mixed,0,muscle_gain|high_protein
Rajma Chawal 545,lunch,535,11.9,52.7,24.9,vegetarian,gujarati,0,improve_stamina|carb_rich
Mixed Veg Curry 546,dinner,416,11.4,46.5,11.9,vegetarian,north_indian,1,weight_loss|light
Tofu Scramble 547,breakfast,208,13.9,61.2,8.1,vegan,hyderabadi,1,weight_loss|light
Roasted Chana 548,snack,106,14.6,27.9,22.0,vegan,rajasthani,0,improve_stamina|carb_rich
Tofu Stir Fry 549,lunch,409,19.6,77.7,18.5,vegan,south_indian,0,balanced|beginner
Paneer Roti 550,lunch,612,26.3,29.9,23.1,vegetarian,hyderabadi,0,muscle_gain|high_protein
Chicken Curry Rice 551,lunch,390,16.2,72.8,10.0,non_vegetarian,south_indian,1,balanced|beginner
Protein Shake 552,snack,133,14.8,53.0,4.2,vegetarian,rajasthani,1,balanced|beginner
Mixed Veg Curry 553,dinner,582,36.0,55.9,14.8,vegetarian,hyderabadi,0,muscle_gain|high_protein
Tofu Scramble 554,breakfast,416,15.4,66.3,4.0,vegan,south_indian,1,balanced|beginner
Fish Fry 555,dinner,625,16.9,41.2,21.8,non_vegetarian,hyderabadi,0,weight_loss|light
Kadhi Rice 556,lunch,430,18.2,56.0,20.4,vegetarian,punjabi,0,muscle_gain|high_protein
Protein Shake 557,snack,248,6.9,20.3,12.6,vegetarian,kerala,1,balanced|beginner
Vegetable Soup 558,dinner,583,7.2,26.6,18.8,vegan,mixed,0,balanced|beginner
Fruit Bowl 559,breakfast,380,15.8,20.5,18.4,vegan,rajasthani,0,balanced|beginner
Fish Fry 560,dinner,399,5.1,56.1,20.3,non_vegetarian,rajasthani,0,weight_loss|light
Fish Fry 561,dinner,497,13.9,22.1,24.6,non_vegetarian,rajasthani,0,balanced|beginner
Oats with Milk 562,breakfast,401,17.6,65.8,11.7,vegetarian,kerala,1,improve_stamina|carb_rich
Egg Curry 563,dinner,669,6.8,49.9,22.9,non_vegetarian,hyderabadi,0,balanced|beginner
Protein Shake 564,snack,286,6.0,62.0,11.7,vegetarian,north_indian,1,improve_stamina|carb_rich
Protein Shake 565,snack,126,13.3,43.7,10.7,vegetarian,bengali,1,balanced|beginner
Masala Omelette 566,breakfast,256,13.2,57.3,22.6,non_vegetarian,kerala,0,weight_loss|light
Pav Bhaji 567,lunch,541,17.6,49.9,8.7,vegetarian,mixed,0,weight_loss|light
Vegetable Khichdi 568,lunch,522,5.4,29.3,14.2,vegetarian,punjabi,0,improve_stamina|carb_rich
Fish Fry 569,dinner,437,8.7,37.9,5.4,non_vegetarian,north_indian,1,improve_stamina|carb_rich
Boiled Eggs 570,snack,270,24.0,56.5,10.3,non_vegetarian,hyderabadi,1,muscle_gain|high_protein
Sprouts Salad 571,snack,269,20.7,49.2,13.4,vegan,hyderabadi,1,muscle_gain|high_protein
Egg Curry 572,dinner,443,25.9,36.7,11.2,non_vegetarian,kerala,1,muscle_gain|high_protein
Paneer Cubes 573,snack,104,17.7,55.0,21.3,vegetarian,north_indian,0,weight_loss|light
Paneer Sandwich 574,breakfast,317,18.7,27.2,10.0,vegetarian,gujarati,1,improve_stamina|carb_rich
Tofu Scramble 575,breakfast,302,14.1,70.1,15.0,vegan,punjabi,1,improve_stamina|carb_rich
Buttermilk 576,snack,156,13.5,52.5,12.9,vegetarian,punjabi,1,weight_loss|light
Upma 577,breakfast,251,5.7,78.5,19.0,vegetarian,south_indian,0,improve_stamina|carb_rich
Vegetable Poha 578,breakfast,163,14.5,74.5,11.5,vegetarian,punjabi,1,improve_stamina|carb_rich
Vegetable Khichdi 579,lunch,678,15.8,71.7,16.3,vegetarian,bengali,0,balanced|beginner
Upma 580,breakfast,319,38.9,52.1,11.3,vegetarian,rajasthani,1,muscle_gain|high_protein
Sprouts Salad 581,snack,210,38.6,26.8,16.2,vegan,gujarati,1,muscle_gain|high_protein
Paneer Bhurji 582,dinner,630,11.4,44.4,22.1,vegetarian,north_indian,0,balanced|beginner
Paneer Sandwich 583,breakfast,436,18.8,24.6,11.0,vegetarian,rajasthani,1,weight_loss|light
Fish Curry Rice 584,lunch,389,11.8,28.0,3.9,non_vegetarian,south_indian,1,improve_stamina|carb_rich
Tofu Scramble 585,breakfast,310,15.4,49.0,14.7,vegan,mixed,1,balanced|beginner
Dal Tadka 586,dinner,661,8.7,79.7,3.9,vegetarian,south_indian,0,balanced|beginner
Dal Rice 587,lunch,534,16.1,65.5,15.3,vegetarian,gujarati,0,weight_loss|light
Vegetable Poha 588,breakfast,207,18.9,76.7,22.8,vegetarian,maharashtrian,0,improve_stamina|carb_rich
Fruit Bowl 589,breakfast,213,6.8,38.3,10.4,vegan,south_indian,1,balanced|beginner
Vegetable Poha 590,breakfast,410,17.6,75.2,4.7,vegetarian,rajasthani,1,balanced|beginner
Fruit Bowl 591,breakfast,304,17.2,51.8,5.9,vegan,punjabi,1,improve_stamina|carb_rich
Corn Chaat 592,snack,220,19.1,44.3,5.2,vegan,north_indian,1,balanced|beginner
Rajma Chawal 593,lunch,536,14.6,32.1,9.6,vegetarian,rajasthani,0,balanced|beginner
Kadhi Rice 594,lunch,586,13.5,54.0,24.3,vegetarian,mixed,0,weight_loss|light
Corn Chaat 595,snack,154,8.8,47.3,16.0,vegan,hyderabadi,1,weight_loss|light
Boiled Eggs 596,snack,154,11.0,58.1,18.7,non_vegetarian,south_indian,0,weight_loss|light
Sabudana Khichdi 597,breakfast,235,15.4,76.6,7.6,vegetarian,bengali,1,weight_loss|light
Pav Bhaji 598,lunch,412,17.6,57.6,16.0,vegetarian,kerala,1,weight_loss|light
Paneer Cubes 599,snack,91,17.8,22.0,9.5,vegetarian,rajasthani,1,balanced|beginner
Paneer Cubes 600,snack,276,32.9,52.9,18.6,vegetarian,south_indian,0,muscle_gain|high_protein
Vegetable Poha 601,breakfast,374,11.8,42.4,9.3,vegetarian,north_indian,1,weight_loss|light
Protein Shake 602,snack,271,16.9,68.6,20.0,vegetarian,north_indian,0,balanced|beginner
Pav Bhaji 603,lunch,611,41.3,73.4,15.2,vegetarian,south_indian,0,muscle_gain|high_protein
Egg Curry 604,dinner,605,9.6,76.7,17.2,non_vegetarian,maharashtrian,0,improve_stamina|carb_rich
Tofu Scramble 605,breakfast,326,40.2,52.9,15.0,vegan,hyderabadi,1,muscle_gain|high_protein
Vegetable Khichdi 606,lunch,693,33.2,43.1,11.5,vegetarian,north_indian,0,muscle_gain|high_protein
Fruit Bowl 607,breakfast,361,33.5,31.7,12.8,vegan,rajasthani,1,muscle_gain|high_protein
Protein Shake 608,snack,228,5.5,71.8,15.9,vegetarian,maharashtrian,1,improve_stamina|carb_rich
Protein Shake 609,snack,135,18.2,51.8,15.6,vegetarian,kerala,1,improve_stamina|carb_rich
Fish Curry Rice 610,lunch,477,11.6,73.8,17.9,non_vegetarian,gujarati,1,balanced|beginner
Roti Sabji 611,dinner,697,5.9,61.5,15.6,vegetarian,punjabi,0,balanced|beginner
Vegetable Khichdi 612,lunch,670,27.8,33.4,20.5,vegetarian,north_indian,0,muscle_gain|high_protein
Pav Bhaji 613,lunch,593,5.1,79.7,7.6,vegetarian,north_indian,0,weight_loss|light
Pav Bhaji 614,lunch,387,11.1,31.4,8.7,vegetarian,kerala,1,improve_stamina|carb_rich
Grilled Chicken 615,dinner,609,8.7,59.1,4.5,non_vegetarian,north_indian,0,improve_stamina|carb_rich
Vegetable Soup 616,dinner,671,19.3,77.2,13.3,vegan,hyderabadi,0,improve_stamina|carb_rich
Roti Sabji 617,dinner,513,31.8,54.4,11.1,vegetarian,south_indian,0,muscle_gain|high_protein
Fish Curry Rice 618,lunch,608,38.4,59.8,23.6,non_vegetarian,rajasthani,0,muscle_gain|high_protein
Dal Tadka 619,dinner,686,17.5,53.1,12.2,vegetarian,hyderabadi,0,weight_loss|light
Tofu Scramble 620,breakfast,324,10.1,58.7,3.7,vegan,maharashtrian,1,balanced|beginner
Upma 621,breakfast,354,8.0,38.4,23.1,vegetarian,punjabi,0,improve_stamina|carb_rich
Masala Omelette 622,breakfast,267,10.5,49.1,22.2,non_vegetarian,rajasthani,0,improve_stamina|carb_rich
Paneer Cubes 623,snack,157,14.6,46.3,4.3,vegetarian,rajasthani,1,improve_stamina|carb_rich
Hyderabadi Biryani 624,lunch,673,11.6,74.1,11.1,non_vegetarian,rajasthani,0,weight_loss|light
Vegetable Poha 625,breakfast,334,11.1,68.1,7.2,vegetarian,rajasthani,1,improve_stamina|carb_rich
Tofu Scramble 626,breakfast,348,17.2,32.1,7.6,vegan,punjabi,1,weight_loss|light
Chicken Curry Rice 627,lunch,375,5.5,62.5,11.5,non_vegetarian,rajasthani,1,improve_stamina|carb_rich
Sprouts Salad 628,snack,246,13.4,64.6,11.2,vegan,maharashtrian,1,balanced|beginner
Thepla 629,breakfast,173,13.6,78.4,7.5,vegetarian,rajasthani,1,balanced|beginner
Corn Chaat 630,snack,195,12.9,56.0,4.2,vegan,punjabi,1,balanced|beginner
Fish Fry 631,dinner,545,9.6,45.5,22.2,non_vegetarian,maharashtrian,0,weight_loss|light
Paneer Cubes 632,snack,172,7.7,53.3,3.1,vegetarian,gujarati,1,improve_stamina|carb_rich
Upma 633,breakfast,339,8.8,24.2,3.5,vegetarian,bengali,1,improve_stamina|carb_rich
Tofu Scramble 634,breakfast,259,43.8,63.9,24.0,vegan,south_indian,0,muscle_gain|high_protein
Tofu Scramble 635,breakfast,335,9.6,52.8,19.1,vegan,hyderabadi,0,balanced|beginner
Mixed Veg Curry 636,dinner,674,18.3,25.6,15.7,vegetarian,maharashtrian,0,balanced|beginner
Paneer Sandwich 637,breakfast,392,26.3,52.8,9.9,vegetarian,south_indian,1,muscle_gain|high_protein
Paneer Sandwich 638,breakfast,417,16.1,43.5,22.8,vegetarian,north_indian,0,improve_stamina|carb_rich
Tofu Scramble 639,breakfast,399,16.5,20.3,16.1,vegan,mixed,1,improve_stamina|carb_rich
Fruit Bowl 640,breakfast,256,16.3,23.4,24.9,vegan,bengali,0,weight_loss|light
Idli Sambar 641,breakfast,272,12.5,59.2,19.2,vegetarian,rajasthani,0,improve_stamina|carb_rich
Buttermilk 642,snack,127,36.9,23.7,18.4,vegetarian,north_indian,0,muscle_gain|high_protein
Tofu Curry 643,dinner,371,19.1,40.4,9.5,vegan,bengali,1,improve_stamina|carb_rich
Dal Tadka 644,dinner,521,37.4,44.1,17.7,vegetarian,rajasthani,0,muscle_gain|high_protein
Vegetable Poha 645,breakfast,249,16.3,58.2,12.4,vegetarian,gujarati,1,balanced|beginner
Peanut Chaat 646,snack,160,13.3,48.5,18.8,vegetarian,south_indian,0,improve_stamina|carb_rich
Pav Bhaji 647,lunch,642,21.5,33.2,14.2,vegetarian,hyderabadi,0,muscle_gain|high_protein
Vegetable Poha 648,breakfast,162,13.1,77.5,23.5,vegetarian,punjabi,0,balanced|beginner
Sabudana Khichdi 649,breakfast,178,19.6,66.7,5.8,vegetarian,south_indian,1,improve_stamina|carb_rich
Pav Bhaji 650,lunch,397,13.0,69.0,6.4,vegetarian,bengali,1,weight_loss|light
Rajma Chawal 651,lunch,482,5.8,49.8,23.2,vegetarian,hyderabadi,0,weight_loss|light
Fruit Bowl 652,breakfast,403,7.2,74.5,20.7,vegan,hyderabadi,0,improve_stamina|carb_rich
Paneer Roti 653,lunch,635,15.8,79.3,4.8,vegetarian,north_indian,0,weight_loss|light
Tofu Curry 654,dinner,629,18.2,20.3,24.3,vegan,rajasthani,0,weight_loss|light
Oats with Milk 655,breakfast,244,13.9,78.9,20.9,vegetarian,south_indian,0,balanced|beginner
Protein Shake 656,snack,176,32.3,70.2,23.2,vegetarian,bengali,0,muscle_gain|high_protein
Rajma Chawal 657,lunch,600,7.7,63.0,13.8,vegetarian,kerala,0,weight_loss|light
Corn Chaat 658,snack,250,7.0,54.1,3.7,vegan,rajasthani,1,weight_loss|light
Vegetable Poha 659,breakfast,305,9.9,23.5,19.2,vegetarian,punjabi,0,balanced|beginner
Dal Tadka 660,dinner,696,7.0,76.3,18.0,vegetarian,north_indian,0,balanced|beginner
Paneer Cubes 661,snack,122,6.6,29.6,4.9,vegetarian,maharashtrian,1,balanced|beginner
Roasted Chana 662,snack,157,42.4,62.1,23.4,vegan,north_indian,0,muscle_gain|high_protein
Roasted Chana 663,snack,249,14.6,73.3,12.1,vegan,rajasthani,1,weight_loss|light
Paneer Cubes 664,snack,202,5.1,66.3,14.8,vegetarian,hyderabadi,1,weight_loss|light
Tofu Scramble 665,breakfast,319,19.0,66.3,11.7,vegan,maharashtrian,1,balanced|beginner
Tofu Scramble 666,breakfast,298,10.6,30.0,6.1,vegan,maharashtrian,1,weight_loss|light
Vegetable Soup 667,dinner,373,36.7,76.9,11.5,vegan,north_indian,1,muscle_gain|high_protein
Paneer Sandwich 668,breakfast,279,7.7,23.5,11.9,vegetarian,south_indian,1,improve_stamina|carb_rich
Boiled Eggs 669,snack,109,5.9,44.6,22.2,non_vegetarian,mixed,0,improve_stamina|carb_rich
Vegetable Khichdi 670,lunch,507,27.3,78.5,22.7,vegetarian,hyderabadi,0,muscle_gain|high_protein
Mixed Veg Curry 671,dinner,369,10.9,31.3,24.5,vegetarian,hyderabadi,0,improve_stamina|carb_rich
Grilled Chicken 672,dinner,513,16.2,44.2,21.9,non_vegetarian,mixed,0,improve_stamina|carb_rich
Corn Chaat 673,snack,199,9.5,39.7,9.4,vegan,maharashtrian,1,weight_loss|light
Upma 674,breakfast,328,17.1,64.9,5.3,vegetarian,rajasthani,1,improve_stamina|carb_rich
Thepla 675,breakfast,243,10.3,21.4,21.1,vegetarian,north_indian,0,balanced|beginner
Mixed Veg Curry 676,dinner,376,32.4,29.6,20.2,vegetarian,punjabi,0,muscle_gain|high_protein
Sprouts Salad 677,snack,231,38.2,32.2,15.3,vegan,gujarati,1,muscle_gain|high_protein
Dal Rice 678,lunch,591,19.4,36.6,24.4,vegetarian,south_indian,0,balanced|beginner
Idli Sambar 679,breakfast,376,16.5,44.9,14.9,vegetarian,mixed,1,balanced|beginner
Fish Fry 680,dinner,473,36.1,51.8,8.3,non_vegetarian,bengali,1,muscle_gain|high_protein
Pav Bhaji 681,lunch,615,10.8,54.4,10.1,vegetarian,hyderabadi,0,balanced|beginner
Fish Fry 682,dinner,683,6.3,66.4,10.0,non_vegetarian,kerala,0,improve_stamina|carb_rich
Paneer Sandwich 683,breakfast,195,14.0,64.1,22.2,vegetarian,rajasthani,0,improve_stamina|carb_rich
Fish Curry Rice 684,lunch,482,17.6,57.0,13.8,non_vegetarian,gujarati,1,weight_loss|light
Buttermilk 685,snack,265,36.7,23.5,13.7,vegetarian,punjabi,1,muscle_gain|high_protein
Sprouts Salad 686,snack,292,17.9,61.3,5.9,vegan,rajasthani,1,improve_stamina|carb_rich
Pav Bhaji 687,lunch,640,10.7,46.5,17.9,vegetarian,gujarati,0,weight_loss|light
Grilled Chicken 688,dinner,369,18.8,72.5,11.3,non_vegetarian,south_indian,1,weight_loss|light
Oats with Milk 689,breakfast,206,30.4,22.0,19.5,vegetarian,punjabi,0,muscle_gain|high_protein
Fruit Salad 690,snack,96,30.6,51.3,11.9,vegan,bengali,1,muscle_gain|high_protein
Upma 691,breakfast,231,14.6,62.2,18.1,vegetarian,hyderabadi,0,weight_loss|light
Paneer Sandwich 692,breakfast,261,17.0,26.7,12.1,vegetarian,rajasthani,1,balanced|beginner
Roti Sabji 693,dinner,365,19.1,72.5,23.4,vegetarian,north_indian,0,weight_loss|light
Roti Sabji 694,dinner,469,8.3,33.3,17.0,vegetarian,south_indian,1,weight_loss|light
Tofu Scramble 695,breakfast,292,12.0,75.0,15.9,vegan,north_indian,1,improve_stamina|carb_rich
Sabudana Khichdi 696,breakfast,340,15.0,76.6,3.8,vegetarian,kerala,1,balanced|beginner
Protein Shake 697,snack,86,18.6,73.5,17.4,vegetarian,rajasthani,1,improve_stamina|carb_rich
Thepla 698,breakfast,265,20.0,44.0,9.9,vegetarian,punjabi,1,muscle_gain|high_protein
Roti Sabji 699,dinner,554,17.4,54.2,11.7,vegetarian,south_indian,0,weight_loss|light
Vegetable Soup 700,dinner,565,18.9,79.4,6.8,vegan,bengali,0,balanced|beginner
Rajma Chawal 701,lunch,516,6.6,23.2,6.7,vegetarian,mixed,0,weight_loss|light
Buttermilk 702,snack,210,7.2,24.8,18.1,vegetarian,hyderabadi,0,balanced|beginner
Fish Fry 703,dinner,695,11.1,25.1,4.4,non_vegetarian,bengali,0,balanced|beginner
Rajma Chawal 704,lunch,583,18.8,69.3,8.3,vegetarian,kerala,0,weight_loss|light
Thepla 705,breakfast,434,18.3,79.5,6.6,vegetarian,gujarati,1,balanced|beginner
Chicken Curry Rice 706,lunch,441,13.0,60.0,18.2,non_vegetarian,maharashtrian,0,weight_loss|light
Protein Shake 707,snack,277,7.2,68.4,17.7,vegetarian,maharashtrian,1,weight_loss|light
Vegetable Soup 708,dinner,524,6.2,25.7,3.5,vegan,maharashtrian,0,weight_loss|light
Fish Curry Rice 709,lunch,699,18.1,33.3,9.1,non_vegetarian,bengali,0,muscle_gain|high_protein
Fish Fry 710,dinner,638,18.6,24.9,10.8,non_vegetarian,south_indian,0,improve_stamina|carb_rich
Egg Curry 711,dinner,396,23.1,27.0,18.3,non_vegetarian,north_indian,0,muscle_gain|high_protein
Grilled Chicken 712,dinner,407,11.2,41.4,14.4,non_vegetarian,bengali,1,balanced|beginner
Dal Rice 713,lunch,610,42.3,45.1,11.6,vegetarian,kerala,0,muscle_gain|high_protein
Tofu Curry 714,dinner,530,18.2,74.3,11.5,vegan,hyderabadi,0,muscle_gain|high_protein
Vegetable Khichdi 715,lunch,696,29.8,21.5,12.5,vegetarian,kerala,0,muscle_gain|high_protein
Fruit Bowl 716,breakfast,209,13.5,28.3,3.8,vegan,gujarati,1,balanced|beginner
Rajma Chawal 717,lunch,625,13.3,66.2,4.0,vegetarian,south_indian,0,balanced|beginner
Idli Sambar 718,breakfast,384,14.7,46.8,23.8,vegetarian,maharashtrian,0,balanced|beginner
Kadhi Rice 719,lunch,440,17.2,31.9,15.4,vegetarian,north_indian,1,balanced|beginner
Idli Sambar 720,breakfast,334,14.1,21.1,4.5,vegetarian,gujarati,1,weight_loss|light
Tofu Stir Fry 721,lunch,468,18.4,66.0,6.3,vegan,gujarati,1,improve_stamina|carb_rich
Chicken Curry Rice 722,lunch,389,15.6,45.2,20.4,non_vegetarian,punjabi,0,weight_loss|light
Rajma Chawal 723,lunch,424,9.4,33.1,22.3,vegetarian,gujarati,0,weight_loss|light
Fish Curry Rice 724,lunch,385,36.6,75.3,18.8,non_vegetarian,kerala,0,muscle_gain|high_protein
Thepla 725,breakfast,357,29.2,23.4,9.3,vegetarian,north_indian,1,muscle_gain|high_protein
Fish Fry 726,dinner,399,14.5,33.9,16.9,non_vegetarian,mixed,1,balanced|beginner
Idli Sambar 727,breakfast,224,9.9,79.9,9.2,vegetarian,north_indian,1,weight_loss|light
Rajma Chawal 728,lunch,426,6.9,48.8,18.2,vegetarian,rajasthani,0,improve_stamina|carb_rich
Hyderabadi Biryani 729,lunch,663,9.2,41.2,19.7,non_vegetarian,rajasthani,0,weight_loss|light
Corn Chaat 730,snack,100,13.5,73.6,20.2,vegan,maharashtrian,0,weight_loss|light
Egg Curry 731,dinner,619,25.7,41.1,19.3,non_vegetarian,maharashtrian,0,muscle_gain|high_protein
Protein Shake 732,snack,100,9.2,74.4,3.9,vegetarian,maharashtrian,1,balanced|beginner
Boiled Eggs 733,snack,151,19.8,62.4,17.0,non_vegetarian,bengali,1,weight_loss|light
Paneer Roti 734,lunch,651,19.4,63.0,18.6,vegetarian,punjabi,0,improve_stamina|carb_rich
Masala Omelette 735,breakfast,340,6.4,79.9,14.0,non_vegetarian,north_indian,1,weight_loss|light
Vegetable Soup 736,dinner,533,19.5,62.6,13.7,vegan,kerala,0,weight_loss|light
Vegetable Khichdi 737,lunch,477,26.9,24.8,3.7,vegetarian,maharashtrian,1,muscle_gain|high_protein
Sprouts Salad 738,snack,98,8.8,75.7,6.0,vegan,punjabi,1,improve_stamina|carb_rich
Idli Sambar 739,breakfast,345,6.2,65.0,20.9,vegetarian,rajasthani,0,balanced|beginner
Corn Chaat 740,snack,236,8.0,49.0,16.9,vegan,hyderabadi,1,weight_loss|light
Buttermilk 741,snack,242,15.7,74.9,24.5,vegetarian,gujarati,0,improve_stamina|carb_rich
Corn Chaat 742,snack,199,13.3,54.4,6.9,vegan,south_indian,1,weight_loss|light
Buttermilk 743,snack,228,10.2,34.7,16.4,vegetarian,mixed,1,balanced|beginner
Fruit Salad 744,snack,251,8.9,76.3,4.3,vegan,maharashtrian,1,improve_stamina|carb_rich
Egg Curry 745,dinner,355,17.5,28.4,12.9,non_vegetarian,mixed,1,balanced|beginner
Tofu Curry 746,dinner,630,8.8,30.4,9.1,vegan,rajasthani,0,improve_stamina|carb_rich
Pav Bhaji 747,lunch,464,42.2,53.1,11.8,vegetarian,south_indian,1,muscle_gain|high_protein
Fruit Bowl 748,breakfast,285,11.1,59.8,25.0,vegan,gujarati,0,weight_loss|light
Fish Curry Rice 749,lunch,404,19.8,58.1,13.2,non_vegetarian,south_indian,1,weight_loss|light
Thepla 750,breakfast,248,19.5,21.9,9.1,vegetarian,bengali,1,improve_stamina|carb_rich
Paneer Roti 751,lunch,560,9.1,52.4,21.0,vegetarian,bengali,0,improve_stamina|carb_rich
Chicken Curry Rice 752,lunch,515,39.7,24.0,19.0,non_vegetarian,maharashtrian,0,muscle_gain|high_protein
Grilled Chicken 753,dinner,397,17.7,38.0,24.8,non_vegetarian,punjabi,0,balanced|beginner
Fish Curry Rice 754,lunch,457,5.6,55.5,8.2,non_vegetarian,north_indian,1,balanced|beginner
Fruit Salad 755,snack,127,23.3,34.4,12.7,vegan,gujarati,1,muscle_gain|high_protein
Fruit Salad 756,snack,299,8.1,39.6,19.6,vegan,south_indian,0,balanced|beginner
Vegetable Khichdi 757,lunch,568,36.9,46.1,8.2,vegetarian,rajasthani,0,muscle_gain|high_protein
Roti Sabji 758,dinner,383,9.8,61.2,14.1,vegetarian,hyderabadi,1,balanced|beginner
Grilled Chicken 759,dinner,395,11.0,34.3,6.8,non_vegetarian,rajasthani,1,improve_stamina|carb_rich
Fish Curry Rice 760,lunch,555,5.9,21.5,21.8,non_vegetarian,bengali,0,weight_loss|light
Fruit Bowl 761,breakfast,242,39.5,68.2,16.5,vegan,rajasthani,1,muscle_gain|high_protein
Dal Rice 762,lunch,539,32.4,79.0,6.0,vegetarian,south_indian,0,muscle_gain|high_protein
Sprouts Salad 763,snack,258,20.7,76.0,6.2,vegan,mixed,1,muscle_gain|high_protein
Tofu Curry 764,dinner,569,9.1,47.3,3.2,vegan,maharashtrian,0,improve_stamina|carb_rich
Grilled Chicken 765,dinner,461,19.4,45.1,22.0,non_vegetarian,bengali,0,muscle_gain|high_protein
Dal Tadka 766,dinner,376,37.9,57.6,3.9,vegetarian,hyderabadi,1,muscle_gain|high_protein
Tofu Scramble 767,breakfast,423,13.8,28.4,21.1,vegan,south_indian,0,improve_stamina|carb_rich
Paneer Roti 768,lunch,397,41.2,42.6,22.7,vegetarian,hyderabadi,0,muscle_gain|high_protein
Paneer Cubes 769,snack,187,19.6,72.5,6.4,vegetarian,hyderabadi,1,improve_stamina|carb_rich
Mixed Veg Curry 770,dinner,375,11.1,46.3,23.4,vegetarian,hyderabadi,0,balanced|beginner
Hyderabadi Biryani 771,lunch,428,14.4,29.3,6.0,non_vegetarian,maharashtrian,1,weight_loss|light
Fish Curry Rice 772,lunch,587,10.9,69.0,13.6,non_vegetarian,gujarati,0,weight_loss|light
Egg Curry 773,dinner,414,19.1,41.1,17.4,non_vegetarian,south_indian,1,weight_loss|light
Rajma Chawal 774,lunch,612,5.7,79.6,3.9,vegetarian,bengali,0,improve_stamina|carb_rich
Idli Sambar 775,breakfast,161,18.9,68.3,24.8,vegetarian,gujarati,0,improve_stamina|carb_rich
Corn Chaat 776,snack,270,16.9,31.9,15.7,vegan,mixed,1,weight_loss|light
Mixed Veg Curry 777,dinner,364,29.3,51.3,21.3,vegetarian,north_indian,0,muscle_gain|high_protein
Boiled Eggs 778,snack,231,16.0,28.5,20.2,non_vegetarian,hyderabadi,0,weight_loss|light
Tofu Stir Fry 779,lunch,696,13.5,69.3,13.5,vegan,punjabi,0,balanced|beginner
Fruit Salad 780,snack,149,6.1,25.7,23.0,vegan,bengali,0,balanced|beginner
Dal Rice 781,lunch,608,18.0,20.8,18.1,vegetarian,north_indian,0,weight_loss|light
Paneer Cubes 782,snack,228,18.8,21.5,5.9,vegetarian,kerala,1,weight_loss|light
Pav Bhaji 783,lunch,364,8.8,34.6,13.1,vegetarian,mixed,1,improve_stamina|carb_rich
Grilled Chicken 784,dinner,553,19.4,20.3,3.4,non_vegetarian,bengali,0,improve_stamina|carb_rich
Oats with Milk 785,breakfast,179,19.8,37.2,15.7,vegetarian,hyderabadi,1,balanced|beginner
Tofu Curry 786,dinner,384,9.6,65.8,13.2,vegan,gujarati,1,weight_loss|light
Roti Sabji 787,dinner,592,6.0,78.3,4.3,vegetarian,hyderabadi,0,weight_loss|light
Sprouts Salad 788,snack,128,14.0,35.3,15.2,vegan,south_indian,1,improve_stamina|carb_rich
Tofu Curry 789,dinner,638,34.3,76.8,12.9,vegan,rajasthani,0,muscle_gain|high_protein
Hyderabadi Biryani 790,lunch,378,12.1,49.3,12.0,non_vegetarian,kerala,1,improve_stamina|carb_rich
Paneer Sandwich 791,breakfast,415,31.0,30.3,17.3,vegetarian,hyderabadi,1,muscle_gain|high_protein
Idli Sambar 792,breakfast,184,13.6,65.8,9.7,vegetarian,mixed,1,improve_stamina|carb_rich
Dal Tadka 793,dinner,538,17.4,73.8,21.5,vegetarian,hyderabadi,0,improve_stamina|carb_rich
Vegetable Soup 794,dinner,494,19.4,37.6,18.9,vegan,mixed,0,muscle_gain|high_protein
Mixed Veg Curry 795,dinner,426,10.3,66.5,17.0,vegetarian,kerala,1,improve_stamina|carb_rich
Thepla 796,breakfast,324,24.1,21.8,5.5,vegetarian,north_indian,1,muscle_gain|high_protein
Vegetable Poha 797,breakfast,154,7.2,31.0,24.0,vegetarian,kerala,0,weight_loss|light
Corn Chaat 798,snack,130,23.3,74.1,17.2,vegan,kerala,1,muscle_gain|high_protein
Paneer Cubes 799,snack,167,9.0,21.1,4.9,vegetarian,bengali,1,weight_loss|light
Chicken Curry Rice 800,lunch,479,8.7,64.4,13.9,non_vegetarian,hyderabadi,1,improve_stamina|carb_rich
Roti Sabji 801,dinner,614,13.8,42.0,10.6,vegetarian,punjabi,0,improve_stamina|carb_rich
Vegetable Poha 802,breakfast,223,17.5,71.8,20.6,vegetarian,south_indian,0,weight_loss|light
Paneer Roti 803,lunch,455,39.0,54.0,10.9,vegetarian,kerala,1,muscle_gain|high_protein
Sprouts Salad 804,snack,258,10.1,75.3,5.4,vegan,gujarati,1,balanced|beginner
Buttermilk 805,snack,199,17.1,69.0,21.7,vegetarian,bengali,0,weight_loss|light
Sabudana Khichdi 806,breakfast,317,32.8,55.4,9.6,vegetarian,hyderabadi,1,muscle_gain|high_protein
Peanut Chaat 807,snack,167,11.6,22.1,22.7,vegetarian,hyderabadi,0,improve_stamina|carb_rich
Corn Chaat 808,snack,192,8.2,45.0,6.5,vegan,punjabi,1,weight_loss|light
Egg Curry 809,dinner,493,11.7,57.5,12.5,non_vegetarian,hyderabadi,1,weight_loss|light
Vegetable Poha 810,breakfast,218,9.6,53.8,23.2,vegetarian,hyderabadi,0,weight_loss|light
Hyderabadi Biryani 811,lunch,360,28.3,72.6,16.9,non_vegetarian,rajasthani,1,muscle_gain|high_protein
Fish Curry Rice 812,lunch,529,43.2,78.3,14.5,non_vegetarian,north_indian,0,muscle_gain|high_protein
Masala Omelette 813,breakfast,163,17.3,35.5,12.3,non_vegetarian,punjabi,1,improve_stamina|carb_rich
Boiled Eggs 814,snack,290,15.9,60.7,14.7,non_vegetarian,maharashtrian,1,balanced|beginner
Upma 815,breakfast,444,7.2,34.5,4.5,vegetarian,mixed,1,balanced|beginner
Pav Bhaji 816,lunch,413,17.0,77.2,5.1,vegetarian,north_indian,1,improve_stamina|carb_rich
Mixed Veg Curry 817,dinner,475,10.0,57.5,11.6,vegetarian,rajasthani,1,improve_stamina|carb_rich
Vegetable Poha 818,breakfast,242,6.4,38.0,17.2,vegetarian,maharashtrian,1,balanced|beginner
Paneer Cubes 819,snack,189,11.9,63.9,16.6,vegetarian,north_indian,1,improve_stamina|carb_rich
Hyderabadi Biryani 820,lunch,700,10.4,33.5,3.2,non_vegetarian,maharashtrian,0,weight_loss|light
Pav Bhaji 821,lunch,656,15.0,48.2,15.0,vegetarian,south_indian,0,improve_stamina|carb_rich
Vegetable Poha 822,breakfast,292,13.6,31.1,21.5,vegetarian,mixed,0,balanced|beginner
Kadhi Rice 823,lunch,538,14.0,36.4,22.8,vegetarian,hyderabadi,0,balanced|beginner
Upma 824,breakfast,161,18.9,27.8,24.3,vegetarian,rajasthani,0,muscle_gain|high_protein
Upma 825,breakfast,245,8.4,62.4,11.7,vegetarian,mixed,1,weight_loss|light
Masala Omelette 826,breakfast,191,7.6,33.9,17.6,non_vegetarian,kerala,1,improve_stamina|carb_rich
Vegetable Soup 827,dinner,475,26.4,79.6,15.4,vegan,south_indian,1,muscle_gain|high_protein
Rajma Chawal 828,lunch,377,9.7,70.4,21.3,vegetarian,mixed,0,balanced|beginner
Rajma Chawal 829,lunch,491,16.4,42.9,22.5,vegetarian,north_indian,0,balanced|beginner
Sabudana Khichdi 830,breakfast,244,7.2,77.9,23.9,vegetarian,hyderabadi,0,improve_stamina|carb_rich
Oats with Milk 831,breakfast,254,34.2,67.4,24.2,vegetarian,kerala,0,muscle_gain|high_protein
Roti Sabji 832,dinner,500,14.8,37.7,21.2,vegetarian,bengali,0,weight_loss|light
Fruit Salad 833,snack,225,14.7,78.1,10.0,vegan,south_indian,1,improve_stamina|carb_rich
Rajma Chawal 834,lunch,590,7.1,39.6,6.9,vegetarian,hyderabadi,0,weight_loss|light
Paneer Cubes 835,snack,238,11.4,33.1,5.6,vegetarian,north_indian,1,weight_loss|light
Paneer Bhurji 836,dinner,630,37.9,57.8,24.2,vegetarian,rajasthani,0,muscle_gain|high_protein
Boiled Eggs 837,snack,260,15.8,78.3,21.1,non_vegetarian,north_indian,0,improve_stamina|carb_rich
Paneer Sandwich 838,breakfast,231,38.7,23.7,11.1,vegetarian,punjabi,1,muscle_gain|high_protein
Peanut Chaat 839,snack,195,35.2,69.5,13.8,vegetarian,bengali,1,muscle_gain|high_protein
Peanut Chaat 840,snack,114,5.9,68.0,19.3,vegetarian,punjabi,0,weight_loss|light
Vegetable Poha 841,breakfast,279,7.1,48.8,18.8,vegetarian,north_indian,0,balanced|beginner
Sprouts Salad 842,snack,282,18.9,74.6,6.9,vegan,north_indian,1,weight_loss|light
Pav Bhaji 843,lunch,445,9.3,42.4,20.3,vegetarian,north_indian,0,weight_loss|light
Boiled Eggs 844,snack,255,14.8,39.5,5.0,non_vegetarian,mixed,1,improve_stamina|carb_rich
Fruit Bowl 845,breakfast,251,17.9,59.0,24.6,vegan,gujarati,0,improve_stamina|carb_rich
Dal Rice 846,lunch,693,18.6,64.8,3.4,vegetarian,kerala,0,balanced|beginner
Roasted Chana 847,snack,104,6.9,65.3,9.4,vegan,mixed,1,improve_stamina|carb_rich
Idli Sambar 848,breakfast,394,7.3,54.9,9.5,vegetarian,rajasthani,1,balanced|beginner
Protein Shake 849,snack,80,27.0,50.3,13.8,vegetarian,rajasthani,1,muscle_gain|high_protein
Fruit Salad 850,snack,265,7.8,37.0,7.8,vegan,gujarati,1,improve_stamina|carb_rich
Paneer Roti 851,lunch,581,38.8,21.2,15.4,vegetarian,punjabi,0,muscle_gain|high_protein
Dal Rice 852,lunch,676,15.5,24.5,10.9,vegetarian,gujarati,0,improve_stamina|carb_rich
Sprouts Salad 853,snack,142,14.6,56.8,11.7,vegan,rajasthani,1,balanced|beginner
Fish Fry 854,dinner,690,5.3,39.4,24.2,non_vegetarian,mixed,0,balanced|beginner
Tofu Stir Fry 855,lunch,671,10.8,52.4,3.6,vegan,north_indian,0,improve_stamina|carb_rich
Vegetable Soup 856,dinner,400,18.1,20.8,20.9,vegan,rajasthani,0,improve_stamina|carb_rich
Mixed Veg Curry 857,dinner,607,10.8,53.3,15.1,vegetarian,kerala,0,improve_stamina|carb_rich
Egg Curry 858,dinner,423,16.8,47.0,7.8,non_vegetarian,maharashtrian,1,weight_loss|light
Paneer Cubes 859,snack,191,19.4,28.0,22.3,vegetarian,kerala,0,improve_stamina|carb_rich
Chicken Curry Rice 860,lunch,364,27.2,49.2,13.7,non_vegetarian,kerala,1,muscle_gain|high_protein
Mixed Veg Curry 861,dinner,557,28.2,22.4,21.7,vegetarian,hyderabadi,0,muscle_gain|high_protein
Paneer Roti 862,lunch,604,27.4,27.3,15.2,vegetarian,north_indian,0,muscle_gain|high_protein
Tofu Stir Fry 863,lunch,504,36.2,44.3,11.3,vegan,gujarati,0,muscle_gain|high_protein
Fish Curry Rice 864,lunch,392,25.1,52.9,20.8,non_vegetarian,hyderabadi,0,muscle_gain|high_protein
Paneer Roti 865,lunch,680,45.0,39.8,3.5,vegetarian,mixed,0,muscle_gain|high_protein
Idli Sambar 866,breakfast,449,6.1,20.4,16.2,vegetarian,punjabi,1,improve_stamina|carb_rich
Fruit Bowl 867,breakfast,299,12.7,72.0,19.5,vegan,hyderabadi,0,weight_loss|light
Oats with Milk 868,breakfast,312,12.5,46.8,5.7,vegetarian,mixed,1,balanced|beginner
Egg Curry 869,dinner,627,10.4,73.2,3.1,non_vegetarian,bengali,0,balanced|beginner
Kadhi Rice 870,lunch,649,9.6,65.1,14.0,vegetarian,bengali,0,weight_loss|light
Fruit Salad 871,snack,120,8.5,39.8,6.3,vegan,maharashtrian,1,weight_loss|light
Grilled Chicken 872,dinner,676,7.1,43.7,8.7,non_vegetarian,maharashtrian,0,balanced|beginner
Tofu Scramble 873,breakfast,366,9.3,32.9,9.3,vegan,north_indian,1,improve_stamina|carb_rich
Buttermilk 874,snack,255,17.6,75.5,13.9,vegetarian,mixed,1,improve_stamina|carb_rich
Peanut Chaat 875,snack,179,7.4,47.2,5.8,vegetarian,punjabi,1,balanced|beginner
Mixed Veg Curry 876,dinner,494,17.3,77.2,6.9,vegetarian,maharashtrian,1,weight_loss|light
Egg Curry 877,dinner,545,10.9,54.8,19.9,non_vegetarian,maharashtrian,0,improve_stamina|carb_rich
Rajma Chawal 878,lunch,626,16.7,27.1,7.0,vegetarian,punjabi,0,weight_loss|light
Grilled Chicken 879,dinner,650,18.1,47.2,21.2,non_vegetarian,maharashtrian,0,improve_stamina|carb_rich
Egg Curry 880,dinner,521,9.8,45.6,6.3,non_vegetarian,gujarati,0,weight_loss|light
Upma 881,breakfast,450,11.8,72.5,7.7,vegetarian,bengali,1,weight_loss|light
Protein Shake 882,snack,187,19.2,25.7,11.1,vegetarian,rajasthani,1,improve_stamina|carb_rich
Fish Curry Rice 883,lunch,453,10.5,74.7,15.5,non_vegetarian,mixed,1,improve_stamina|carb_rich
Vegetable Poha 884,breakfast,325,8.2,37.9,22.7,vegetarian,gujarati,0,balanced|beginner
Dal Tadka 885,dinner,425,8.6,66.3,11.0,vegetarian,gujarati,1,improve_stamina|carb_rich
Oats with Milk 886,breakfast,361,5.0,47.5,17.3,vegetarian,punjabi,1,balanced|beginner
Boiled Eggs 887,snack,96,42.2,32.9,20.0,non_vegetarian,south_indian,0,muscle_gain|high_protein
Grilled Chicken 888,dinner,532,26.7,61.2,24.1,non_vegetarian,gujarati,0,muscle_gain|high_protein
Kadhi Rice 889,lunch,406,11.4,39.3,23.1,vegetarian,punjabi,0,balanced|beginner
Oats with Milk 890,breakfast,223,19.4,25.8,19.7,vegetarian,kerala,0,improve_stamina|carb_rich
Rajma Chawal 891,lunch,616,10.3,43.4,19.8,vegetarian,north_indian,0,weight_loss|light
Oats with Milk 892,breakfast,439,19.8,30.6,11.9,vegetarian,maharashtrian,1,balanced|beginner
Paneer Cubes 893,snack,257,6.6,38.7,8.8,vegetarian,south_indian,1,balanced|beginner
Fruit Salad 894,snack,102,14.8,44.6,23.2,vegan,gujarati,0,improve_stamina|carb_rich
Fruit Bowl 895,breakfast,388,9.7,31.0,6.7,vegan,south_indian,1,weight_loss|light
Egg Curry 896,dinner,574,17.1,37.5,18.7,non_vegetarian,gujarati,0,balanced|beginner
Masala Omelette 897,breakfast,185,12.7,58.7,12.2,non_vegetarian,hyderabadi,1,balanced|beginner
Fruit Salad 898,snack,105,15.1,25.8,15.0,vegan,south_indian,1,improve_stamina|carb_rich
Paneer Sandwich 899,breakfast,379,10.7,21.4,6.7,vegetarian,gujarati,1,weight_loss|light
Mixed Veg Curry 900,dinner,400,9.8,29.5,18.0,vegetarian,north_indian,1,balanced|beginner
Paneer Cubes 901,snack,176,30.9,71.6,7.2,vegetarian,mixed,1,muscle_gain|high_protein
Oats with Milk 902,breakfast,422,17.3,76.1,17.1,vegetarian,south_indian,1,improve_stamina|carb_rich
Fish Curry Rice 903,lunch,388,16.6,70.7,13.8,non_vegetarian,bengali,1,improve_stamina|carb_rich
Fruit Bowl 904,breakfast,320,15.1,46.5,13.2,vegan,south_indian,1,balanced|beginner
Dal Tadka 905,dinner,487,11.5,42.9,20.3,vegetarian,south_indian,0,weight_loss|light
Corn Chaat 906,snack,103,6.5,48.1,6.5,vegan,north_indian,1,balanced|beginner
Fish Curry Rice 907,lunch,609,9.4,30.8,22.2,non_vegetarian,gujarati,0,improve_stamina|carb_rich
Corn Chaat 908,snack,203,11.2,64.4,3.4,vegan,mixed,1,balanced|beginner
Egg Curry 909,dinner,650,16.0,72.6,13.9,non_vegetarian,north_indian,0,balanced|beginner
Rajma Chawal 910,lunch,553,7.4,25.8,10.5,vegetarian,north_indian,0,improve_stamina|carb_rich
Egg Curry 911,dinner,540,14.4,45.6,13.6,non_vegetarian,maharashtrian,0,improve_stamina|carb_rich
Peanut Chaat 912,snack,152,11.6,74.0,13.5,vegetarian,gujarati,1,balanced|beginner
Masala Omelette 913,breakfast,407,12.7,73.2,21.6,non_vegetarian,rajasthani,0,balanced|beginner
Grilled Chicken 914,dinner,636,6.4,40.2,5.3,non_vegetarian,kerala,0,balanced|beginner
Fish Fry 915,dinner,548,12.5,58.3,16.6,non_vegetarian,kerala,0,weight_loss|light
Fish Curry Rice 916,lunch,682,38.8,63.9,7.2,non_vegetarian,punjabi,0,muscle_gain|high_protein
Vegetable Soup 917,dinner,491,7.5,75.5,5.2,vegan,bengali,1,weight_loss|light
Fruit Salad 918,snack,265,37.0,69.8,8.8,vegan,hyderabadi,1,muscle_gain|high_protein
Tofu Scramble 919,breakfast,430,18.7,52.3,20.4,vegan,kerala,0,improve_stamina|carb_rich
Thepla 920,breakfast,428,7.0,44.5,3.7,vegetarian,mixed,1,improve_stamina|carb_rich
Buttermilk 921,snack,138,18.8,32.5,14.1,vegetarian,south_indian,1,muscle_gain|high_protein
Upma 922,breakfast,279,14.4,78.0,15.6,vegetarian,kerala,1,balanced|beginner
Chicken Curry Rice 923,lunch,385,10.7,48.1,4.6,non_vegetarian,north_indian,1,balanced|beginner
Paneer Sandwich 924,breakfast,318,11.8,29.4,4.1,vegetarian,gujarati,1,improve_stamina|carb_rich
Pav Bhaji 925,lunch,366,43.9,40.2,18.0,vegetarian,rajasthani,1,muscle_gain|high_protein
Roti Sabji 926,dinner,686,26.5,60.0,15.8,vegetarian,south_indian,0,muscle_gain|high_protein
Corn Chaat 927,snack,239,19.1,54.9,16.6,vegan,gujarati,1,weight_loss|light
Chicken Curry Rice 928,lunch,462,12.0,54.2,20.8,non_vegetarian,punjabi,0,improve_stamina|carb_rich
Upma 929,breakfast,367,19.9,60.8,12.5,vegetarian,north_indian,1,weight_loss|light
Grilled Chicken 930,dinner,656,27.9,61.0,7.8,non_vegetarian,hyderabadi,0,muscle_gain|high_protein
Vegetable Khichdi 931,lunch,448,43.3,65.1,16.7,vegetarian,kerala,1,muscle_gain|high_protein
Chicken Curry Rice 932,lunch,467,25.9,68.0,12.2,non_vegetarian,gujarati,1,muscle_gain|high_protein
Fish Curry Rice 933,lunch,635,37.2,69.4,19.1,non_vegetarian,gujarati,0,muscle_gain|high_protein
Sprouts Salad 934,snack,152,36.1,69.2,19.3,vegan,north_indian,0,muscle_gain|high_protein
Buttermilk 935,snack,84,27.2,62.8,3.9,vegetarian,hyderabadi,1,muscle_gain|high_protein
Paneer Cubes 936,snack,99,13.6,56.3,9.7,vegetarian,punjabi,1,improve_stamina|carb_rich
Roti Sabji 937,dinner,573,29.0,61.4,12.7,vegetarian,hyderabadi,0,muscle_gain|high_protein
Peanut Chaat 938,snack,143,37.9,24.5,6.3,vegetarian,hyderabadi,1,muscle_gain|high_protein
Upma 939,breakfast,166,9.2,23.2,18.0,vegetarian,hyderabadi,1,weight_loss|light
Chicken Curry Rice 940,lunch,432,16.4,21.8,23.3,non_vegetarian,bengali,0,weight_loss|light
Buttermilk 941,snack,261,5.4,60.7,19.6,vegetarian,mixed,0,improve_stamina|carb_rich
Vegetable Soup 942,dinner,636,6.8,48.0,24.9,vegan,mixed,0,weight_loss|light
Hyderabadi Biryani 943,lunch,460,14.7,38.9,8.4,non_vegetarian,maharashtrian,1,weight_loss|light
Boiled Eggs 944,snack,127,8.7,67.9,4.2,non_vegetarian,south_indian,1,weight_loss|light
Roti Sabji 945,dinner,682,15.0,79.3,12.6,vegetarian,kerala,0,improve_stamina|carb_rich
Roti Sabji 946,dinner,405,13.4,25.4,22.3,vegetarian,mixed,0,weight_loss|light
Dal Tadka 947,dinner,409,39.8,53.8,20.8,vegetarian,rajasthani,0,muscle_gain|high_protein
Thepla 948,breakfast,345,7.3,56.9,3.5,vegetarian,gujarati,1,balanced|beginner
Paneer Cubes 949,snack,233,14.4,67.3,17.6,vegetarian,bengali,1,improve_stamina|carb_rich
Fruit Bowl 950,breakfast,160,13.5,79.9,21.9,vegan,maharashtrian,0,improve_stamina|carb_rich
Kadhi Rice 951,lunch,416,14.4,24.3,14.2,vegetarian,hyderabadi,1,weight_loss|light
Vegetable Soup 952,dinner,430,14.8,55.4,6.8,vegan,gujarati,1,weight_loss|light
Fruit Bowl 953,breakfast,285,13.5,29.4,4.6,vegan,north_indian,1,improve_stamina|carb_rich
Sprouts Salad 954,snack,198,10.8,42.9,15.9,vegan,south_indian,1,weight_loss|light
Sabudana Khichdi 955,breakfast,170,15.6,78.5,3.7,vegetarian,punjabi,1,weight_loss|light
Idli Sambar 956,breakfast,151,30.1,35.9,24.1,vegetarian,kerala,0,muscle_gain|high_protein
Hyderabadi Biryani 957,lunch,664,11.4,39.9,3.7,non_vegetarian,maharashtrian,0,improve_stamina|carb_rich
Masala Omelette 958,breakfast,368,23.9,41.3,9.4,non_vegetarian,rajasthani,1,muscle_gain|high_protein
Fruit Salad 959,snack,242,12.1,25.4,24.3,vegan,bengali,0,improve_stamina|carb_rich
Dal Tadka 960,dinner,690,19.8,64.8,24.9,vegetarian,gujarati,0,improve_stamina|carb_rich
Thepla 961,breakfast,172,5.8,20.6,4.6,vegetarian,rajasthani,1,improve_stamina|carb_rich
Masala Omelette 962,breakfast,296,43.4,78.6,19.2,non_vegetarian,maharashtrian,0,muscle_gain|high_protein
Tofu Scramble 963,breakfast,319,8.1,25.6,11.8,vegan,kerala,1,weight_loss|light
Vegetable Poha 964,breakfast,328,11.1,37.7,15.0,vegetarian,maharashtrian,1,balanced|beginner
Fish Fry 965,dinner,657,40.2,51.2,6.2,non_vegetarian,gujarati,0,muscle_gain|high_protein
Paneer Bhurji 966,dinner,516,12.7,24.1,4.4,vegetarian,punjabi,0,weight_loss|light
Mixed Veg Curry 967,dinner,583,7.6,22.4,24.6,vegetarian,gujarati,0,balanced|beginner
Mixed Veg Curry 968,dinner,361,12.4,33.4,13.4,vegetarian,kerala,1,weight_loss|light
Paneer Bhurji 969,dinner,491,15.1,40.1,15.6,vegetarian,hyderabadi,1,weight_loss|light
Upma 970,breakfast,224,19.2,38.6,21.0,vegetarian,hyderabadi,0,improve_stamina|carb_rich
Egg Curry 971,dinner,489,18.5,63.5,10.5,non_vegetarian,north_indian,1,balanced|beginner
Sabudana Khichdi 972,breakfast,219,6.3,26.0,17.7,vegetarian,hyderabadi,1,balanced|beginner
Thepla 973,breakfast,243,27.2,52.9,21.8,vegetarian,south_indian,0,muscle_gain|high_protein
Dal Tadka 974,dinner,675,37.5,36.6,12.5,vegetarian,punjabi,0,muscle_gain|high_protein
Egg Curry 975,dinner,393,38.9,37.6,5.8,non_vegetarian,hyderabadi,1,muscle_gain|high_protein
Paneer Bhurji 976,dinner,354,12.2,42.8,8.0,vegetarian,maharashtrian,1,improve_stamina|carb_rich
Roasted Chana 977,snack,175,7.6,31.9,4.7,vegan,kerala,1,improve_stamina|carb_rich
Tofu Stir Fry 978,lunch,556,21.8,51.5,22.9,vegan,gujarati,0,muscle_gain|high_protein
Vegetable Poha 979,breakfast,395,12.1,72.5,11.5,vegetarian,punjabi,1,improve_stamina|carb_rich
Tofu Stir Fry 980,lunch,456,10.2,47.2,4.5,vegan,mixed,1,weight_loss|light
Vegetable Soup 981,dinner,399,36.2,77.2,16.2,vegan,mixed,1,muscle_gain|high_protein
Egg Curry 982,dinner,672,19.0,36.0,20.1,non_vegetarian,north_indian,0,weight_loss|light
Masala Omelette 983,breakfast,350,18.5,56.7,3.3,non_vegetarian,gujarati,1,weight_loss|light
Protein Shake 984,snack,122,19.8,26.5,22.2,vegetarian,south_indian,0,balanced|beginner
Thepla 985,breakfast,214,5.3,41.9,8.6,vegetarian,bengali,1,improve_stamina|carb_rich
Peanut Chaat 986,snack,208,19.7,66.8,5.1,vegetarian,punjabi,1,muscle_gain|high_protein
Paneer Roti 987,lunch,367,13.4,37.0,19.8,vegetarian,maharashtrian,0,weight_loss|light
Kadhi Rice 988,lunch,480,8.5,49.8,17.0,vegetarian,punjabi,1,weight_loss|light
Boiled Eggs 989,snack,93,23.9,51.9,17.8,non_vegetarian,north_indian,1,muscle_gain|high_protein
Boiled Eggs 990,snack,101,10.7,69.3,19.6,non_vegetarian,kerala,0,balanced|beginner
Rajma Chawal 991,lunch,642,12.6,29.1,23.9,vegetarian,hyderabadi,0,weight_loss|light
Peanut Chaat 992,snack,238,30.0,43.2,17.3,vegetarian,bengali,1,muscle_gain|high_protein
Dal Tadka 993,dinner,655,15.6,35.2,16.5,vegetarian,north_indian,0,weight_loss|light
Dal Rice 994,lunch,522,12.1,59.4,12.9,vegetarian,maharashtrian,0,weight_loss|light
Kadhi Rice 995,lunch,598,16.8,38.2,11.7,vegetarian,kerala,0,weight_loss|light
Roasted Chana 996,snack,294,20.1,54.0,22.9,vegan,mixed,0,muscle_gain|high_protein
Protein Shake 997,snack,300,44.9,56.6,19.0,vegetarian,maharashtrian,0,muscle_gain|high_protein
Vegetable Poha 998,breakfast,177,8.5,45.0,24.2,vegetarian,bengali,0,weight_loss|light
Kadhi Rice 999,lunch,636,24.5,27.6,11.5,vegetarian,gujarati,0,muscle_gain|high_protein
Tofu Stir Fry 1000,lunch,533,11.6,70.6,4.7,vegan,north_indian,0,balanced|beginner
Fruit Bowl 1001,breakfast,168,28.3,51.1,4.5,vegan,maharashtrian,1,muscle_gain|high_protein
Upma 1002,breakfast,181,16.9,72.5,22.1,vegetarian,hyderabadi,0,balanced|beginner
Idli Sambar 1003,breakfast,217,31.6,38.1,14.6,vegetarian,rajasthani,1,muscle_gain|high_protein
Sprouts Salad 1004,snack,126,15.3,28.3,22.9,vegan,rajasthani,0,balanced|beginner
Grilled Chicken 1005,dinner,612,13.6,47.5,12.5,non_vegetarian,punjabi,0,improve_stamina|carb_rich
Tofu Stir Fry 1006,lunch,612,28.6,73.0,24.0,vegan,bengali,0,muscle_gain|high_protein
Fish Fry 1007,dinner,685,16.1,42.2,14.3,non_vegetarian,kerala,0,improve_stamina|carb_rich
Rajma Chawal 1008,lunch,430,19.4,40.8,12.0,vegetarian,north_indian,1,improve_stamina|carb_rich
Sabudana Khichdi 1009,breakfast,352,16.2,47.3,6.1,vegetarian,north_indian,1,improve_stamina|carb_rich
Fruit Bowl 1010,breakfast,287,7.4,45.3,10.3,vegan,kerala,1,weight_loss|light
Fruit Salad 1011,snack,112,7.7,41.4,23.6,vegan,maharashtrian,0,balanced|beginner
Buttermilk 1012,snack,270,12.1,31.2,24.5,vegetarian,bengali,0,weight_loss|light
Mixed Veg Curry 1013,dinner,432,8.2,55.7,17.8,vegetarian,maharashtrian,1,balanced|beginner
Tofu Scramble 1014,breakfast,446,12.6,54.7,9.9,vegan,rajasthani,1,improve_stamina|carb_rich
Fish Curry Rice 1015,lunch,531,35.3,65.7,20.4,non_vegetarian,bengali,0,muscle_gain|high_protein
Grilled Chicken 1016,dinner,651,9.3,45.4,9.0,non_vegetarian,north_indian,0,improve_stamina|carb_rich
Sprouts Salad 1017,snack,284,10.9,79.0,23.6,vegan,maharashtrian,0,weight_loss|light
Oats with Milk 1018,breakfast,295,41.2,43.4,16.3,vegetarian,gujarati,1,muscle_gain|high_protein
Idli Sambar 1019,breakfast,359,24.1,28.3,21.2,vegetarian,gujarati,0,muscle_gain|high_protein
Mixed Veg Curry 1020,dinner,552,18.0,23.9,3.9,vegetarian,south_indian,0,improve_stamina|carb_rich
Fruit Bowl 1021,breakfast,376,18.8,44.3,9.2,vegan,hyderabadi,1,weight_loss|light
Corn Chaat 1022,snack,247,8.3,62.9,13.3,vegan,punjabi,1,balanced|beginner
Grilled Chicken 1023,dinner,618,13.8,72.7,5.5,non_vegetarian,south_indian,0,balanced|beginner
Oats with Milk 1024,breakfast,183,7.0,69.3,18.1,vegetarian,maharashtrian,0,weight_loss|light
Thepla 1025,breakfast,202,25.2,48.0,5.6,vegetarian,north_indian,1,muscle_gain|high_protein
Tofu Curry 1026,dinner,503,15.5,61.1,13.4,vegan,kerala,0,weight_loss|light
Paneer Roti 1027,lunch,407,8.6,39.0,3.2,vegetarian,bengali,1,balanced|beginner
Oats with Milk 1028,breakfast,362,14.8,70.4,13.4,vegetarian,rajasthani,1,improve_stamina|carb_rich
Boiled Eggs 1029,snack,198,9.8,48.8,10.2,non_vegetarian,maharashtrian,1,balanced|beginner
Buttermilk 1030,snack,183,17.2,38.5,23.1,vegetarian,south_indian,0,weight_loss|light
Buttermilk 1031,snack,287,10.7,25.8,10.9,vegetarian,mixed,1,weight_loss|light
Dal Tadka 1032,dinner,665,41.6,74.9,19.5,vegetarian,north_indian,0,muscle_gain|high_protein
Dal Tadka 1033,dinner,479,32.6,36.4,18.2,vegetarian,maharashtrian,0,muscle_gain|high_protein
Roasted Chana 1034,snack,200,5.5,30.3,22.5,vegan,kerala,0,balanced|beginner
Corn Chaat 1035,snack,130,14.1,41.7,4.4,vegan,hyderabadi,1,improve_stamina|carb_rich
Egg Curry 1036,dinner,568,33.6,54.4,12.4,non_vegetarian,maharashtrian,0,muscle_gain|high_protein
Upma 1037,breakfast,299,6.2,79.8,21.6,vegetarian,south_indian,0,weight_loss|light
Buttermilk 1038,snack,148,28.8,44.7,3.4,vegetarian,punjabi,1,muscle_gain|high_protein
Boiled Eggs 1039,snack,166,28.8,78.7,12.3,non_vegetarian,punjabi,1,muscle_gain|high_protein
Thepla 1040,breakfast,436,8.1,59.9,21.8,vegetarian,mixed,0,balanced|beginner
Chicken Curry Rice 1041,lunch,493,12.5,58.3,20.8,non_vegetarian,hyderabadi,0,improve_stamina|carb_rich
Sprouts Salad 1042,snack,114,9.2,34.5,22.7,vegan,gujarati,0,balanced|beginner
Hyderabadi Biryani 1043,lunch,471,16.6,66.1,11.5,non_vegetarian,north_indian,1,improve_stamina|carb_rich
Dal Tadka 1044,dinner,405,8.0,52.4,11.5,vegetarian,kerala,1,balanced|beginner
Buttermilk 1045,snack,116,9.6,47.0,22.5,vegetarian,punjabi,0,balanced|beginner
Paneer Bhurji 1046,dinner,673,6.0,57.7,16.0,vegetarian,punjabi,0,weight_loss|light
Paneer Cubes 1047,snack,80,9.4,43.3,20.1,vegetarian,south_indian,0,improve_stamina|carb_rich
Paneer Bhurji 1048,dinner,574,5.1,57.3,10.7,vegetarian,punjabi,0,weight_loss|light
Paneer Bhurji 1049,dinner,524,19.1,34.0,4.1,vegetarian,maharashtrian,0,muscle_gain|high_protein
Buttermilk 1050,snack,284,11.4,20.4,13.4,vegetarian,gujarati,1,weight_loss|light
Vegetable Khichdi 1051,lunch,639,13.2,23.0,22.3,vegetarian,rajasthani,0,weight_loss|light
Fish Curry Rice 1052,lunch,543,15.0,64.0,24.5,non_vegetarian,punjabi,0,balanced|beginner
Dal Tadka 1053,dinner,508,17.9,35.2,18.0,vegetarian,bengali,0,balanced|beginner
Paneer Roti 1054,lunch,694,9.0,66.4,17.4,vegetarian,maharashtrian,0,balanced|beginner
Corn Chaat 1055,snack,92,11.1,79.1,19.4,vegan,rajasthani,0,weight_loss|light
Idli Sambar 1056,breakfast,442,19.3,69.7,12.4,vegetarian,kerala,1,weight_loss|light
Tofu Scramble 1057,breakfast,432,30.1,54.0,17.6,vegan,hyderabadi,1,muscle_gain|high_protein
Paneer Cubes 1058,snack,226,10.5,76.7,6.3,vegetarian,maharashtrian,1,balanced|beginner
Upma 1059,breakfast,381,10.7,55.8,21.1,vegetarian,mixed,0,weight_loss|light
Vegetable Khichdi 1060,lunch,603,9.3,27.0,14.8,vegetarian,bengali,0,balanced|beginner
Paneer Bhurji 1061,dinner,678,8.3,67.0,13.0,vegetarian,maharashtrian,0,improve_stamina|carb_rich
Vegetable Khichdi 1062,lunch,662,29.8,49.2,11.0,vegetarian,rajasthani,0,muscle_gain|high_protein
Fish Curry Rice 1063,lunch,668,42.9,55.3,9.3,non_vegetarian,mixed,0,muscle_gain|high_protein
Protein Shake 1064,snack,281,6.3,33.8,5.4,vegetarian,north_indian,1,weight_loss|light
Corn Chaat 1065,snack,273,16.9,26.3,21.5,vegan,mixed,0,improve_stamina|carb_rich
Corn Chaat 1066,snack,170,15.8,66.9,7.5,vegan,north_indian,1,improve_stamina|carb_rich
Buttermilk 1067,snack,249,32.1,65.0,5.9,vegetarian,north_indian,1,muscle_gain|high_protein
Fruit Bowl 1068,breakfast,352,16.3,30.9,21.3,vegan,south_indian,0,improve_stamina|carb_rich
Peanut Chaat 1069,snack,200,18.4,20.8,23.3,vegetarian,hyderabadi,0,improve_stamina|carb_rich
Rajma Chawal 1070,lunch,395,11.8,42.4,14.5,vegetarian,mixed,1,improve_stamina|carb_rich
Oats with Milk 1071,breakfast,222,7.5,56.6,16.4,vegetarian,punjabi,1,balanced|beginner
Dal Tadka 1072,dinner,425,37.7,72.8,13.2,vegetarian,hyderabadi,1,muscle_gain|high_protein
Fish Fry 1073,dinner,425,12.3,56.4,11.1,non_vegetarian,north_indian,1,balanced|beginner
Dal Rice 1074,lunch,495,10.7,76.9,19.2,vegetarian,north_indian,0,improve_stamina|carb_rich
Roti Sabji 1075,dinner,596,34.4,50.6,3.0,vegetarian,north_indian,0,muscle_gain|high_protein
Boiled Eggs 1076,snack,255,12.3,20.8,10.5,non_vegetarian,mixed,1,balanced|beginner
Hyderabadi Biryani 1077,lunch,432,33.3,51.3,7.7,non_vegetarian,bengali,1,muscle_gain|high_protein
Paneer Roti 1078,lunch,537,23.2,31.1,13.8,vegetarian,south_indian,0,muscle_gain|high_protein
Vegetable Poha 1079,breakfast,374,18.0,49.3,13.3,vegetarian,kerala,1,improve_stamina|carb_rich
Roti Sabji 1080,dinner,433,16.6,61.1,8.2,vegetarian,kerala,1,weight_loss|light
Roasted Chana 1081,snack,118,17.0,42.3,18.9,vegan,gujarati,0,balanced|beginner
Hyderabadi Biryani 1082,lunch,524,15.3,37.7,9.2,non_vegetarian,south_indian,0,improve_stamina|carb_rich
Pav Bhaji 1083,lunch,577,15.5,31.7,6.5,vegetarian,maharashtrian,0,weight_loss|light
Idli Sambar 1084,breakfast,194,9.9,59.7,13.8,vegetarian,north_indian,1,balanced|beginner
Idli Sambar 1085,breakfast,254,15.9,77.1,9.4,vegetarian,north_indian,1,balanced|beginner
Roasted Chana 1086,snack,256,11.1,20.5,10.6,vegan,north_indian,1,balanced|beginner
Paneer Cubes 1087,snack,232,18.5,71.2,20.3,vegetarian,north_indian,0,improve_stamina|carb_rich
Buttermilk 1088,snack,285,13.6,70.7,23.3,vegetarian,north_indian,0,balanced|beginner
Corn Chaat 1089,snack,221,22.1,40.5,17.1,vegan,mixed,1,muscle_gain|high_protein
Upma 1090,breakfast,313,17.7,73.9,24.3,vegetarian,bengali,0,balanced|beginner
Oats with Milk 1091,breakfast,406,7.4,52.5,15.4,vegetarian,rajasthani,1,balanced|beginner
Oats with Milk 1092,breakfast,353,15.5,24.2,6.7,vegetarian,punjabi,1,weight_loss|light
Mixed Veg Curry 1093,dinner,609,16.2,21.3,16.5,vegetarian,maharashtrian,0,balanced|beginner
Buttermilk 1094,snack,154,15.3,55.0,11.2,vegetarian,bengali,1,balanced|beginner
Pav Bhaji 1095,lunch,432,16.1,53.2,21.7,vegetarian,north_indian,0,improve_stamina|carb_rich
Tofu Curry 1096,dinner,389,9.1,38.6,14.7,vegan,punjabi,1,weight_loss|light
Sabudana Khichdi 1097,breakfast,215,29.3,77.4,14.7,vegetarian,south_indian,1,muscle_gain|high_protein
Tofu Scramble 1098,breakfast,411,36.9,24.5,4.5,vegan,rajasthani,1,muscle_gain|high_protein
Roasted Chana 1099,snack,121,41.3,47.7,11.0,vegan,gujarati,1,muscle_gain|high_protein
Paneer Bhurji 1100,dinner,517,40.9,69.6,5.2,vegetarian,hyderabadi,0,muscle_gain|high_protein
Sprouts Salad 1101,snack,94,11.3,29.0,13.1,vegan,kerala,1,weight_loss|light
Fish Fry 1102,dinner,464,8.3,58.8,14.8,non_vegetarian,maharashtrian,1,balanced|beginner
Dal Tadka 1103,dinner,385,42.5,75.9,5.2,vegetarian,gujarati,1,muscle_gain|high_protein
Masala Omelette 1104,breakfast,360,18.5,65.6,9.8,non_vegetarian,rajasthani,1,improve_stamina|carb_rich
Fruit Bowl 1105,breakfast,209,15.4,29.1,21.2,vegan,rajasthani,0,weight_loss|light
Peanut Chaat 1106,snack,93,12.7,78.0,15.5,vegetarian,rajasthani,1,balanced|beginner
Roasted Chana 1107,snack,93,6.2,30.7,19.2,vegan,mixed,0,improve_stamina|carb_rich
Upma 1108,breakfast,303,5.1,50.9,20.1,vegetarian,kerala,0,improve_stamina|carb_rich
Vegetable Khichdi 1109,lunch,626,9.5,22.5,17.8,vegetarian,south_indian,0,improve_stamina|carb_rich
Oats with Milk 1110,breakfast,447,39.3,27.2,23.1,vegetarian,rajasthani,0,muscle_gain|high_protein
Tofu Scramble 1111,breakfast,357,12.1,31.5,20.5,vegan,hyderabadi,0,improve_stamina|carb_rich
Paneer Bhurji 1112,dinner,695,5.2,72.6,19.7,vegetarian,kerala,0,weight_loss|light
Paneer Cubes 1113,snack,80,6.9,63.6,24.3,vegetarian,gujarati,0,weight_loss|light
Paneer Roti 1114,lunch,357,9.6,31.3,13.9,vegetarian,north_indian,1,improve_stamina|carb_rich
Boiled Eggs 1115,snack,212,43.7,20.6,8.8,non_vegetarian,hyderabadi,1,muscle_gain|high_protein
Tofu Scramble 1116,breakfast,343,11.7,56.4,11.3,vegan,bengali,1,weight_loss|light
Oats with Milk 1117,breakfast,315,28.4,48.6,15.1,vegetarian,bengali,1,muscle_gain|high_protein
Tofu Stir Fry 1118,lunch,591,19.0,41.8,24.1,vegan,north_indian,0,weight_loss|light
Paneer Bhurji 1119,dinner,363,10.8,55.5,11.3,vegetarian,gujarati,1,balanced|beginner
Paneer Bhurji 1120,dinner,453,14.3,34.4,8.5,vegetarian,bengali,1,improve_stamina|carb_rich
Fruit Bowl 1121,breakfast,248,9.6,31.7,13.7,vegan,mixed,1,weight_loss|light
Buttermilk 1122,snack,285,5.8,66.8,7.0,vegetarian,rajasthani,1,improve_stamina|carb_rich
Tofu Curry 1123,dinner,688,10.1,25.1,3.5,vegan,kerala,0,weight_loss|light
Corn Chaat 1124,snack,136,39.6,54.1,6.5,vegan,kerala,1,muscle_gain|high_protein
Vegetable Poha 1125,breakfast,425,14.3,48.4,18.8,vegetarian,maharashtrian,0,improve_stamina|carb_rich
Roasted Chana 1126,snack,162,19.4,47.2,11.2,vegan,south_indian,1,balanced|beginner
Buttermilk 1127,snack,95,7.1,71.0,22.2,vegetarian,north_indian,0,improve_stamina|carb_rich
Vegetable Soup 1128,dinner,472,6.7,24.0,8.9,vegan,north_indian,1,improve_stamina|carb_rich
Fish Fry 1129,dinner,527,18.9,76.0,7.1,non_vegetarian,south_indian,0,improve_stamina|carb_rich
Peanut Chaat 1130,snack,294,10.8,40.4,4.4,vegetarian,north_indian,1,weight_loss|light
Roasted Chana 1131,snack,239,5.1,36.5,3.1,vegan,mixed,1,weight_loss|light
Paneer Sandwich 1132,breakfast,337,15.0,67.3,11.8,vegetarian,south_indian,1,weight_loss|light
Fruit Bowl 1133,breakfast,240,8.9,42.3,24.4,vegan,maharashtrian,0,weight_loss|light
Buttermilk 1134,snack,159,37.2,53.2,18.9,vegetarian,maharashtrian,0,muscle_gain|high_protein
Peanut Chaat 1135,snack,193,13.6,59.3,16.5,vegetarian,mixed,1,balanced|beginner
Chicken Curry Rice 1136,lunch,407,9.7,62.2,17.3,non_vegetarian,north_indian,1,balanced|beginner
Sabudana Khichdi 1137,breakfast,446,7.9,45.0,5.4,vegetarian,bengali,1,weight_loss|light
Boiled Eggs 1138,snack,113,9.1,28.2,3.8,non_vegetarian,bengali,1,balanced|beginner
Grilled Chicken 1139,dinner,355,6.0,72.0,11.7,non_vegetarian,south_indian,1,weight_loss|light
Fruit Bowl 1140,breakfast,179,6.4,50.4,6.4,vegan,south_indian,1,weight_loss|light
Roti Sabji 1141,dinner,602,12.6,45.4,4.4,vegetarian,north_indian,0,balanced|beginner
Fruit Salad 1142,snack,261,18.3,40.0,8.0,vegan,gujarati,1,muscle_gain|high_protein
Thepla 1143,breakfast,260,8.5,71.6,16.7,vegetarian,hyderabadi,1,balanced|beginner
Paneer Bhurji 1144,dinner,451,8.1,40.1,18.5,vegetarian,south_indian,0,improve_stamina|carb_rich
Upma 1145,breakfast,257,23.7,75.4,15.5,vegetarian,kerala,1,muscle_gain|high_protein
Paneer Roti 1146,lunch,643,36.6,54.9,16.4,vegetarian,hyderabadi,0,muscle_gain|high_protein
Roasted Chana 1147,snack,120,40.0,31.5,12.3,vegan,bengali,1,muscle_gain|high_protein
Peanut Chaat 1148,snack,161,19.9,59.4,21.1,vegetarian,bengali,0,improve_stamina|carb_rich
Grilled Chicken 1149,dinner,698,11.7,44.2,23.0,non_vegetarian,kerala,0,balanced|beginner
Fruit Salad 1150,snack,182,13.4,22.5,5.5,vegan,kerala,1,improve_stamina|carb_rich
Dal Tadka 1151,dinner,390,7.7,57.1,5.7,vegetarian,north_indian,1,weight_loss|light
Egg Curry 1152,dinner,414,16.9,74.9,16.8,non_vegetarian,bengali,1,weight_loss|light
Sabudana Khichdi 1153,breakfast,157,33.9,63.2,9.7,vegetarian,gujarati,1,muscle_gain|high_protein
Egg Curry 1154,dinner,456,43.8,21.4,16.3,non_vegetarian,punjabi,1,muscle_gain|high_protein
Vegetable Soup 1155,dinner,584,44.1,69.6,3.2,vegan,north_indian,0,muscle_gain|high_protein
Tofu Stir Fry 1156,lunch,571,6.7,27.5,6.9,vegan,north_indian,0,weight_loss|light
Tofu Curry 1157,dinner,422,10.0,35.0,22.8,vegan,maharashtrian,0,weight_loss|light
Fruit Salad 1158,snack,168,9.8,43.6,17.0,vegan,kerala,1,weight_loss|light
Paneer Roti 1159,lunch,384,14.4,69.6,20.3,vegetarian,hyderabadi,0,weight_loss|light
Thepla 1160,breakfast,315,12.0,21.8,22.5,vegetarian,bengali,0,weight_loss|light
Paneer Roti 1161,lunch,616,7.3,49.8,21.5,vegetarian,gujarati,0,weight_loss|light
Roasted Chana 1162,snack,266,12.7,38.8,15.2,vegan,punjabi,1,weight_loss|light
Tofu Stir Fry 1163,lunch,462,18.1,77.9,12.5,vegan,maharashtrian,1,improve_stamina|carb_rich
Rajma Chawal 1164,lunch,598,18.7,60.6,18.6,vegetarian,gujarati,0,balanced|beginner
Tofu Curry 1165,dinner,558,14.1,30.7,8.9,vegan,bengali,0,improve_stamina|carb_rich
Vegetable Khichdi 1166,lunch,556,15.7,73.4,18.5,vegetarian,rajasthani,0,balanced|beginner
Chicken Curry Rice 1167,lunch,438,9.6,58.5,20.4,non_vegetarian,bengali,0,weight_loss|light
Vegetable Soup 1168,dinner,350,18.7,40.1,20.0,vegan,mixed,0,muscle_gain|high_protein
Buttermilk 1169,snack,298,19.8,43.8,9.5,vegetarian,mixed,1,balanced|beginner
Chicken Curry Rice 1170,lunch,404,12.2,54.1,18.7,non_vegetarian,bengali,0,weight_loss|light
Roasted Chana 1171,snack,248,34.7,75.5,11.1,vegan,south_indian,1,muscle_gain|high_protein
Egg Curry 1172,dinner,472,31.0,23.2,21.5,non_vegetarian,bengali,0,muscle_gain|high_protein
Vegetable Poha 1173,breakfast,195,11.3,38.4,8.6,vegetarian,maharashtrian,1,weight_loss|light
Dal Rice 1174,lunch,670,5.7,43.8,8.9,vegetarian,gujarati,0,improve_stamina|carb_rich
Sprouts Salad 1175,snack,263,13.9,27.8,19.0,vegan,gujarati,0,improve_stamina|carb_rich
Boiled Eggs 1176,snack,207,15.5,49.2,13.3,non_vegetarian,south_indian,1,improve_stamina|carb_rich
Peanut Chaat 1177,snack,295,18.9,40.3,24.3,vegetarian,maharashtrian,0,balanced|beginner
Protein Shake 1178,snack,244,9.3,37.5,7.4,vegetarian,maharashtrian,1,balanced|beginner
Kadhi Rice 1179,lunch,491,15.3,24.1,23.0,vegetarian,rajasthani,0,balanced|beginner
Pav Bhaji 1180,lunch,433,5.8,56.5,15.2,vegetarian,kerala,1,weight_loss|light
Oats with Milk 1181,breakfast,246,24.0,67.0,15.1,vegetarian,hyderabadi,1,muscle_gain|high_protein
Paneer Cubes 1182,snack,82,17.5,40.2,16.0,vegetarian,gujarati,1,balanced|beginner
Vegetable Poha 1183,breakfast,202,23.5,56.8,9.3,vegetarian,kerala,1,muscle_gain|high_protein
Paneer Sandwich 1184,breakfast,287,19.8,59.1,21.0,vegetarian,maharashtrian,0,weight_loss|light
Sabudana Khichdi 1185,breakfast,222,35.2,60.6,16.4,vegetarian,rajasthani,1,muscle_gain|high_protein
Sprouts Salad 1186,snack,268,14.6,48.3,15.2,vegan,kerala,1,weight_loss|light
Vegetable Khichdi 1187,lunch,402,8.0,76.0,20.6,vegetarian,gujarati,0,improve_stamina|carb_rich
Hyderabadi Biryani 1188,lunch,585,13.7,52.3,22.4,non_vegetarian,south_indian,0,improve_stamina|carb_rich
Egg Curry 1189,dinner,469,12.7,78.1,18.3,non_vegetarian,mixed,0,balanced|beginner
Vegetable Poha 1190,breakfast,405,11.4,44.0,9.8,vegetarian,hyderabadi,1,weight_loss|light
Thepla 1191,breakfast,437,16.4,59.2,24.2,vegetarian,bengali,0,balanced|beginner
Upma 1192,breakfast,266,12.0,48.7,7.2,vegetarian,hyderabadi,1,balanced|beginner
Boiled Eggs 1193,snack,98,21.1,72.1,12.4,non_vegetarian,north_indian,1,muscle_gain|high_protein
Pav Bhaji 1194,lunch,560,42.6,32.2,14.7,vegetarian,kerala,0,muscle_gain|high_protein
Rajma Chawal 1195,lunch,548,17.4,62.9,22.4,vegetarian,hyderabadi,0,balanced|beginner
Paneer Sandwich 1196,breakfast,421,8.4,67.0,16.9,vegetarian,rajasthani,1,weight_loss|light
Buttermilk 1197,snack,274,11.7,37.6,6.1,vegetarian,north_indian,1,improve_stamina|carb_rich
Paneer Roti 1198,lunch,631,16.9,73.0,20.6,vegetarian,north_indian,0,weight_loss|light
Dal Rice 1199,lunch,593,8.5,39.2,11.6,vegetarian,kerala,0,improve_stamina|carb_rich
Paneer Cubes 1200,snack,133,33.1,72.0,24.9,vegetarian,bengali,0,muscle_gain|high_protein
Mixed Veg Curry 1201,dinner,637,42.0,35.5,17.3,vegetarian,mixed,0,muscle_gain|high_protein
Roasted Chana 1202,snack,85,12.0,67.0,4.7,vegan,gujarati,1,improve_stamina|carb_rich
Idli Sambar 1203,breakfast,154,16.1,35.2,7.3,vegetarian,hyderabadi,1,balanced|beginner
Grilled Chicken 1204,dinner,573,18.1,30.2,11.0,non_vegetarian,hyderabadi,0,balanced|beginner
Buttermilk 1205,snack,197,28.9,69.9,4.1,vegetarian,rajasthani,1,muscle_gain|high_protein
Rajma Chawal 1206,lunch,509,10.2,57.5,19.0,vegetarian,hyderabadi,0,improve_stamina|carb_rich
Fruit Bowl 1207,breakfast,310,11.1,28.1,4.2,vegan,gujarati,1,weight_loss|light
Fish Fry 1208,dinner,614,30.2,41.2,20.4,non_vegetarian,mixed,0,muscle_gain|high_protein
Vegetable Poha 1209,breakfast,408,27.5,65.3,15.4,vegetarian,mixed,1,muscle_gain|high_protein
Upma 1210,breakfast,348,12.9,29.4,24.0,vegetarian,rajasthani,0,balanced|beginner
Protein Shake 1211,snack,116,14.6,22.7,22.2,vegetarian,gujarati,0,balanced|beginner
Vegetable Soup 1212,dinner,360,26.8,74.5,22.3,vegan,kerala,0,muscle_gain|high_protein
Vegetable Soup 1213,dinner,381,40.4,22.5,14.5,vegan,south_indian,1,muscle_gain|high_protein
Tofu Scramble 1214,breakfast,381,29.8,66.5,16.0,vegan,kerala,1,muscle_gain|high_protein
Tofu Curry 1215,dinner,503,33.9,65.7,19.6,vegan,rajasthani,0,muscle_gain|high_protein
Corn Chaat 1216,snack,254,43.8,40.9,14.6,vegan,hyderabadi,1,muscle_gain|high_protein
Tofu Curry 1217,dinner,629,18.4,58.6,21.9,vegan,hyderabadi,0,weight_loss|light
Boiled Eggs 1218,snack,268,16.6,44.7,9.2,non_vegetarian,punjabi,1,balanced|beginner
Buttermilk 1219,snack,154,10.9,55.2,9.9,vegetarian,bengali,1,balanced|beginner
Corn Chaat 1220,snack,162,34.9,60.3,6.4,vegan,hyderabadi,1,muscle_gain|high_protein
Chicken Curry Rice 1221,lunch,697,6.7,74.0,16.7,non_vegetarian,hyderabadi,0,improve_stamina|carb_rich
Fish Curry Rice 1222,lunch,582,6.7,51.5,15.8,non_vegetarian,rajasthani,0,improve_stamina|carb_rich
Rajma Chawal 1223,lunch,476,13.1,38.2,4.3,vegetarian,punjabi,1,improve_stamina|carb_rich
Buttermilk 1224,snack,156,8.2,58.5,9.9,vegetarian,south_indian,1,improve_stamina|carb_rich
Masala Omelette 1225,breakfast,154,33.7,28.8,14.4,non_vegetarian,kerala,1,muscle_gain|high_protein
Dal Rice 1226,lunch,622,16.7,70.1,16.1,vegetarian,bengali,0,weight_loss|light
Buttermilk 1227,snack,220,6.7,68.5,14.9,vegetarian,bengali,1,balanced|beginner
Tofu Scramble 1228,breakfast,409,14.3,28.9,3.5,vegan,mixed,1,weight_loss|light
Rajma Chawal 1229,lunch,687,12.5,65.5,23.5,vegetarian,kerala,0,balanced|beginner
Paneer Cubes 1230,snack,290,14.4,43.3,22.1,vegetarian,gujarati,0,improve_stamina|carb_rich
Tofu Scramble 1231,breakfast,294,13.8,70.1,15.9,vegan,maharashtrian,1,improve_stamina|carb_rich
Egg Curry 1232,dinner,569,17.1,38.2,3.8,non_vegetarian,bengali,0,improve_stamina|carb_rich
Boiled Eggs 1233,snack,115,15.9,63.8,8.1,non_vegetarian,maharashtrian,1,weight_loss|light
Masala Omelette 1234,breakfast,421,5.6,42.4,9.3,non_vegetarian,south_indian,1,weight_loss|light
Vegetable Khichdi 1235,lunch,388,18.4,45.0,11.8,vegetarian,rajasthani,1,muscle_gain|high_protein
Vegetable Soup 1236,dinner,598,18.6,46.5,14.4,vegan,north_indian,0,improve_stamina|carb_rich
Roti Sabji 1237,dinner,437,5.7,21.8,6.5,vegetarian,mixed,1,balanced|beginner
Vegetable Soup 1238,dinner,544,5.9,50.1,15.7,vegan,gujarati,0,improve_stamina|carb_rich
Tofu Scramble 1239,breakfast,363,15.7,73.4,15.7,vegan,gujarati,1,balanced|beginner
Masala Omelette 1240,breakfast,388,35.0,42.0,7.0,non_vegetarian,north_indian,1,muscle_gain|high_protein
Fruit Salad 1241,snack,257,6.6,64.4,5.8,vegan,north_indian,1,weight_loss|light
Protein Shake 1242,snack,167,17.4,59.9,24.2,vegetarian,hyderabadi,0,weight_loss|light
Fish Fry 1243,dinner,408,9.3,72.2,6.6,non_vegetarian,south_indian,1,balanced|beginner
Roti Sabji 1244,dinner,539,18.1,23.6,8.5,vegetarian,gujarati,0,balanced|beginner
Tofu Stir Fry 1245,lunch,425,24.1,56.1,15.9,vegan,hyderabadi,1,muscle_gain|high_protein
Dal Rice 1246,lunch,599,18.9,47.4,6.6,vegetarian,gujarati,0,weight_loss|light
Chicken Curry Rice 1247,lunch,635,13.7,78.6,10.0,non_vegetarian,hyderabadi,0,balanced|beginner
Protein Shake 1248,snack,211,10.8,49.5,22.6,vegetarian,south_indian,0,weight_loss|light
Vegetable Poha 1249,breakfast,310,8.2,31.8,11.2,vegetarian,mixed,1,weight_loss|light
Protein Shake 1250,snack,121,38.9,42.1,6.4,vegetarian,maharashtrian,1,muscle_gain|high_protein
Tofu Scramble 1251,breakfast,267,17.7,20.5,24.4,vegan,mixed,0,improve_stamina|carb_rich
Upma 1252,breakfast,441,19.1,61.1,23.1,vegetarian,mixed,0,balanced|beginner
Buttermilk 1253,snack,230,44.4,22.5,12.7,vegetarian,south_indian,1,muscle_gain|high_protein
Tofu Curry 1254,dinner,659,14.0,48.7,17.5,vegan,mixed,0,balanced|beginner
Roti Sabji 1255,dinner,464,10.6,42.9,14.3,vegetarian,rajasthani,1,improve_stamina|carb_rich
Dal Rice 1256,lunch,448,39.5,21.9,15.1,vegetarian,bengali,1,muscle_gain|high_protein
Buttermilk 1257,snack,98,14.7,58.7,12.5,vegetarian,gujarati,1,improve_stamina|carb_rich
Rajma Chawal 1258,lunch,448,11.3,32.4,19.5,vegetarian,north_indian,0,balanced|beginner
Pav Bhaji 1259,lunch,605,12.6,67.1,8.5,vegetarian,hyderabadi,0,weight_loss|light
Tofu Curry 1260,dinner,387,9.2,55.3,20.6,vegan,gujarati,0,weight_loss|light
Corn Chaat 1261,snack,97,6.4,24.0,21.4,vegan,south_indian,0,weight_loss|light
Protein Shake 1262,snack,215,17.6,27.8,4.8,vegetarian,kerala,1,improve_stamina|carb_rich
Vegetable Soup 1263,dinner,533,6.5,31.0,12.3,vegan,kerala,0,weight_loss|light
Corn Chaat 1264,snack,208,24.1,21.1,22.8,vegan,punjabi,0,muscle_gain|high_protein
Pav Bhaji 1265,lunch,635,12.8,35.1,18.0,vegetarian,punjabi,0,improve_stamina|carb_rich
Kadhi Rice 1266,lunch,404,14.8,53.9,11.1,vegetarian,south_indian,1,balanced|beginner
Corn Chaat 1267,snack,130,12.9,23.2,3.8,vegan,kerala,1,balanced|beginner
Fruit Bowl 1268,breakfast,221,7.7,27.6,5.0,vegan,south_indian,1,balanced|beginner
Tofu Curry 1269,dinner,682,15.6,43.6,5.1,vegan,punjabi,0,weight_loss|light
Vegetable Soup 1270,dinner,429,25.6,51.6,6.6,vegan,gujarati,1,muscle_gain|high_protein
Roasted Chana 1271,snack,182,12.7,65.3,16.4,vegan,mixed,1,weight_loss|light
Roasted Chana 1272,snack,203,10.9,59.4,6.4,vegan,south_indian,1,improve_stamina|carb_rich
Masala Omelette 1273,breakfast,332,16.2,50.0,9.6,non_vegetarian,south_indian,1,weight_loss|light
Rajma Chawal 1274,lunch,700,6.4,41.2,7.5,vegetarian,kerala,0,improve_stamina|carb_rich
Dal Rice 1275,lunch,370,14.8,37.0,18.8,vegetarian,maharashtrian,0,weight_loss|light
Thepla 1276,breakfast,440,18.7,71.0,6.5,vegetarian,mixed,1,improve_stamina|carb_rich
Oats with Milk 1277,breakfast,178,12.9,36.5,20.0,vegetarian,hyderabadi,0,weight_loss|light
Upma 1278,breakfast,219,17.0,69.7,23.3,vegetarian,mixed,0,balanced|beginner
Tofu Curry 1279,dinner,697,15.2,75.2,16.2,vegan,mixed,0,balanced|beginner
Idli Sambar 1280,breakfast,249,10.6,36.8,22.1,vegetarian,maharashtrian,0,weight_loss|light
Protein Shake 1281,snack,164,19.5,54.9,24.3,vegetarian,maharashtrian,0,improve_stamina|carb_rich
Idli Sambar 1282,breakfast,270,39.5,22.0,5.4,vegetarian,bengali,1,muscle_gain|high_protein
Vegetable Soup 1283,dinner,380,5.8,48.3,5.9,vegan,bengali,1,weight_loss|light
Tofu Curry 1284,dinner,564,12.5,62.5,24.6,vegan,gujarati,0,balanced|beginner
Rajma Chawal 1285,lunch,617,13.3,68.5,4.4,vegetarian,south_indian,0,balanced|beginner
Fish Fry 1286,dinner,391,12.7,25.9,4.1,non_vegetarian,bengali,1,weight_loss|light
Mixed Veg Curry 1287,dinner,674,30.8,20.2,9.8,vegetarian,north_indian,0,muscle_gain|high_protein
Tofu Stir Fry 1288,lunch,432,17.6,51.8,13.9,vegan,rajasthani,1,balanced|beginner
Rajma Chawal 1289,lunch,663,14.4,24.4,14.9,vegetarian,north_indian,0,balanced|beginner
Roasted Chana 1290,snack,217,6.8,56.4,22.0,vegan,north_indian,0,balanced|beginner
Dal Tadka 1291,dinner,553,14.8,32.6,12.2,vegetarian,rajasthani,0,weight_loss|light
Vegetable Khichdi 1292,lunch,687,19.3,42.1,7.3,vegetarian,mixed,0,weight_loss|light
Roasted Chana 1293,snack,94,30.2,62.4,9.6,vegan,gujarati,1,muscle_gain|high_protein
Hyderabadi Biryani 1294,lunch,451,31.4,73.3,7.9,non_vegetarian,mixed,1,muscle_gain|high_protein
Paneer Cubes 1295,snack,256,37.8,42.5,24.6,vegetarian,gujarati,0,muscle_gain|high_protein
Tofu Curry 1296,dinner,380,44.7,46.7,23.9,vegan,hyderabadi,0,muscle_gain|high_protein
Vegetable Soup 1297,dinner,569,18.2,68.0,16.5,vegan,hyderabadi,0,weight_loss|light
Vegetable Khichdi 1298,lunch,417,18.5,51.5,11.8,vegetarian,rajasthani,1,improve_stamina|carb_rich
Fruit Salad 1299,snack,299,31.0,44.2,15.2,vegan,south_indian,1,muscle_gain|high_protein
Idli Sambar 1300,breakfast,274,32.3,24.5,18.3,vegetarian,punjabi,0,muscle_gain|high_protein
Sabudana Khichdi 1301,breakfast,337,9.9,60.5,20.1,vegetarian,mixed,0,balanced|beginner
Roasted Chana 1302,snack,210,7.2,55.1,22.7,vegan,rajasthani,0,improve_stamina|carb_rich
Tofu Curry 1303,dinner,616,23.3,49.3,10.6,vegan,punjabi,0,muscle_gain|high_protein
Vegetable Soup 1304,dinner,487,6.3,41.6,12.8,vegan,bengali,1,balanced|beginner
Fruit Salad 1305,snack,214,10.1,59.5,17.3,vegan,kerala,1,weight_loss|light
Corn Chaat 1306,snack,287,13.4,34.2,6.5,vegan,bengali,1,balanced|beginner
Paneer Sandwich 1307,breakfast,330,9.2,59.1,21.0,vegetarian,rajasthani,0,balanced|beginner
Sprouts Salad 1308,snack,236,18.2,69.0,10.3,vegan,maharashtrian,1,muscle_gain|high_protein
Sabudana Khichdi 1309,breakfast,401,11.3,34.6,17.6,vegetarian,maharashtrian,1,improve_stamina|carb_rich
Vegetable Khichdi 1310,lunch,666,37.2,23.6,13.9,vegetarian,north_indian,0,muscle_gain|high_protein
Roti Sabji 1311,dinner,598,5.8,67.1,21.8,vegetarian,south_indian,0,balanced|beginner
Upma 1312,breakfast,249,8.1,37.3,9.0,vegetarian,maharashtrian,1,balanced|beginner
Masala Omelette 1313,breakfast,217,18.1,31.2,12.2,non_vegetarian,kerala,1,improve_stamina|carb_rich
Idli Sambar 1314,breakfast,220,8.3,44.4,10.8,vegetarian,gujarati,1,weight_loss|light
Sprouts Salad 1315,snack,292,16.0,20.9,14.7,vegan,gujarati,1,balanced|beginner
Fruit Bowl 1316,breakfast,164,12.8,59.0,21.5,vegan,maharashtrian,0,weight_loss|light
Buttermilk 1317,snack,226,11.1,20.7,4.5,vegetarian,north_indian,1,balanced|beginner
Roasted Chana 1318,snack,112,14.2,36.4,15.3,vegan,north_indian,1,weight_loss|light
Paneer Cubes 1319,snack,279,27.0,38.1,7.3,vegetarian,rajasthani,1,muscle_gain|high_protein
Tofu Scramble 1320,breakfast,188,12.3,28.3,8.1,vegan,maharashtrian,1,balanced|beginner
Rajma Chawal 1321,lunch,567,11.7,31.6,8.7,vegetarian,hyderabadi,0,weight_loss|light
Sprouts Salad 1322,snack,207,6.5,59.8,23.5,vegan,south_indian,0,weight_loss|light
Protein Shake 1323,snack,250,22.9,53.8,9.1,vegetarian,kerala,1,muscle_gain|high_protein
Kadhi Rice 1324,lunch,454,7.4,31.5,4.1,vegetarian,gujarati,1,improve_stamina|carb_rich
Masala Omelette 1325,breakfast,358,6.0,58.0,23.8,non_vegetarian,south_indian,0,balanced|beginner
Buttermilk 1326,snack,165,13.3,25.4,23.9,vegetarian,hyderabadi,0,weight_loss|light
Fish Curry Rice 1327,lunch,600,16.9,33.4,16.2,non_vegetarian,punjabi,0,improve_stamina|carb_rich
Paneer Cubes 1328,snack,243,5.7,20.7,16.0,vegetarian,rajasthani,1,weight_loss|light
Peanut Chaat 1329,snack,101,30.7,64.0,9.9,vegetarian,kerala,1,muscle_gain|high_protein
Protein Shake 1330,snack,174,22.5,69.3,12.5,vegetarian,south_indian,1,muscle_gain|high_protein
Fish Fry 1331,dinner,352,43.6,66.3,23.4,non_vegetarian,south_indian,0,muscle_gain|high_protein
Upma 1332,breakfast,406,9.4,27.8,23.9,vegetarian,south_indian,0,weight_loss|light
Buttermilk 1333,snack,104,17.1,23.1,24.8,vegetarian,hyderabadi,0,improve_stamina|carb_rich
Fruit Bowl 1334,breakfast,190,32.0,33.5,22.5,vegan,mixed,0,muscle_gain|high_protein
Peanut Chaat 1335,snack,94,28.1,44.1,22.1,vegetarian,north_indian,0,muscle_gain|high_protein
Roti Sabji 1336,dinner,586,19.7,36.0,7.3,vegetarian,mixed,0,improve_stamina|carb_rich
Thepla 1337,breakfast,211,19.7,24.1,21.2,vegetarian,maharashtrian,0,improve_stamina|carb_rich
Boiled Eggs 1338,snack,288,13.3,59.5,14.8,non_vegetarian,hyderabadi,1,balanced|beginner
Fish Curry Rice 1339,lunch,575,32.0,60.9,15.2,non_vegetarian,maharashtrian,0,muscle_gain|high_protein
Fruit Salad 1340,snack,136,19.8,44.6,12.0,vegan,kerala,1,muscle_gain|high_protein
Sprouts Salad 1341,snack,297,22.2,60.9,4.7,vegan,mixed,1,muscle_gain|high_protein
Fruit Salad 1342,snack,124,14.3,22.3,21.3,vegan,mixed,0,improve_stamina|carb_rich
Peanut Chaat 1343,snack,274,15.2,60.5,11.7,vegetarian,hyderabadi,1,improve_stamina|carb_rich
Dal Tadka 1344,dinner,457,19.4,32.1,13.5,vegetarian,north_indian,1,muscle_gain|high_protein
Sprouts Salad 1345,snack,94,12.1,63.9,23.9,vegan,hyderabadi,0,improve_stamina|carb_rich
Vegetable Poha 1346,breakfast,297,7.1,29.8,21.5,vegetarian,maharashtrian,0,improve_stamina|carb_rich
Buttermilk 1347,snack,147,10.2,31.6,14.5,vegetarian,north_indian,1,weight_loss|light
Sprouts Salad 1348,snack,262,8.7,71.2,13.4,vegan,mixed,1,improve_stamina|carb_rich
Oats with Milk 1349,breakfast,282,25.0,24.0,5.0,vegetarian,south_indian,1,muscle_gain|high_protein
Pav Bhaji 1350,lunch,439,28.7,24.4,8.6,vegetarian,gujarati,1,muscle_gain|high_protein
Dal Rice 1351,lunch,465,15.1,24.5,24.8,vegetarian,kerala,0,weight_loss|light
Kadhi Rice 1352,lunch,562,14.0,73.9,4.8,vegetarian,south_indian,0,balanced|beginner
Fruit Salad 1353,snack,167,22.7,77.7,8.0,vegan,mixed,1,muscle_gain|high_protein
Grilled Chicken 1354,dinner,645,11.5,73.2,3.8,non_vegetarian,mixed,0,balanced|beginner
Tofu Curry 1355,dinner,581,6.8,73.3,3.5,vegan,hyderabadi,0,balanced|beginner
Fish Fry 1356,dinner,413,16.0,60.1,13.2,non_vegetarian,north_indian,1,improve_stamina|carb_rich
Fish Fry 1357,dinner,420,9.4,37.6,16.3,non_vegetarian,mixed,1,weight_loss|light
Dal Rice 1358,lunch,580,36.3,50.8,5.4,vegetarian,north_indian,0,muscle_gain|high_protein
Buttermilk 1359,snack,191,13.5,25.0,17.4,vegetarian,north_indian,1,balanced|beginner
Idli Sambar 1360,breakfast,362,16.8,63.8,8.7,vegetarian,south_indian,1,balanced|beginner
Tofu Scramble 1361,breakfast,241,5.0,51.6,4.2,vegan,bengali,1,balanced|beginner
Hyderabadi Biryani 1362,lunch,583,15.1,26.3,17.8,non_vegetarian,hyderabadi,0,weight_loss|light
Masala Omelette 1363,breakfast,435,16.2,54.0,10.6,non_vegetarian,rajasthani,1,weight_loss|light
Paneer Cubes 1364,snack,91,26.0,56.3,22.6,vegetarian,kerala,0,muscle_gain|high_protein
Corn Chaat 1365,snack,99,9.6,25.3,4.7,vegan,gujarati,1,balanced|beginner
Upma 1366,breakfast,415,13.2,41.3,18.9,vegetarian,bengali,0,weight_loss|light
Fish Fry 1367,dinner,564,8.8,55.8,22.0,non_vegetarian,rajasthani,0,balanced|beginner
Dal Rice 1368,lunch,376,6.7,34.9,15.2,vegetarian,south_indian,1,balanced|beginner
Thepla 1369,breakfast,158,12.3,25.6,16.0,vegetarian,hyderabadi,1,weight_loss|light
Protein Shake 1370,snack,84,13.9,57.8,10.9,vegetarian,hyderabadi,1,weight_loss|light
Tofu Scramble 1371,breakfast,195,16.2,26.2,12.6,vegan,bengali,1,weight_loss|light
Tofu Curry 1372,dinner,516,11.7,48.4,11.0,vegan,maharashtrian,0,improve_stamina|carb_rich
Vegetable Khichdi 1373,lunch,408,8.3,25.3,22.6,vegetarian,maharashtrian,0,improve_stamina|carb_rich
Idli Sambar 1374,breakfast,275,19.9,49.7,8.6,vegetarian,mixed,1,improve_stamina|carb_rich
Boiled Eggs 1375,snack,172,12.3,27.5,24.5,non_vegetarian,punjabi,0,improve_stamina|carb_rich
Tofu Curry 1376,dinner,629,29.3,76.6,17.6,vegan,south_indian,0,muscle_gain|high_protein
Pav Bhaji 1377,lunch,563,40.3,63.7,7.7,vegetarian,rajasthani,0,muscle_gain|high_protein
Dal Rice 1378,lunch,587,21.3,35.4,24.5,vegetarian,rajasthani,0,muscle_gain|high_protein
Fruit Bowl 1379,breakfast,209,10.6,50.1,22.3,vegan,hyderabadi,0,balanced|beginner
Paneer Sandwich 1380,breakfast,350,16.3,41.3,6.0,vegetarian,mixed,1,weight_loss|light
Tofu Scramble 1381,breakfast,429,19.7,42.0,10.1,vegan,north_indian,1,improve_stamina|carb_rich
Kadhi Rice 1382,lunch,614,9.6,30.9,18.2,vegetarian,gujarati,0,weight_loss|light
Sprouts Salad 1383,snack,202,17.5,77.7,15.5,vegan,punjabi,1,weight_loss|light
Vegetable Soup 1384,dinner,425,17.7,52.8,20.3,vegan,mixed,0,weight_loss|light
Grilled Chicken 1385,dinner,562,10.9,53.5,17.4,non_vegetarian,kerala,0,improve_stamina|carb_rich
Roasted Chana 1386,snack,295,23.6,74.3,15.7,vegan,kerala,1,muscle_gain|high_protein
Buttermilk 1387,snack,88,17.3,57.0,10.2,vegetarian,mixed,1,improve_stamina|carb_rich
Paneer Roti 1388,lunch,359,17.8,22.6,3.8,vegetarian,gujarati,1,improve_stamina|carb_rich
Roti Sabji 1389,dinner,458,9.2,38.3,12.5,vegetarian,rajasthani,1,improve_stamina|carb_rich
Boiled Eggs 1390,snack,134,8.1,45.4,4.7,non_vegetarian,mixed,1,balanced|beginner
Pav Bhaji 1391,lunch,663,34.5,38.1,19.7,vegetarian,north_indian,0,muscle_gain|high_protein
Hyderabadi Biryani 1392,lunch,376,5.2,62.0,16.4,non_vegetarian,punjabi,1,balanced|beginner
Oats with Milk 1393,breakfast,228,9.0,66.3,7.4,vegetarian,punjabi,1,balanced|beginner
Corn Chaat 1394,snack,147,7.0,32.9,12.4,vegan,north_indian,1,weight_loss|light
Tofu Stir Fry 1395,lunch,542,16.1,72.0,10.8,vegan,bengali,0,balanced|beginner
Oats with Milk 1396,breakfast,331,19.3,31.7,8.4,vegetarian,mixed,1,improve_stamina|carb_rich
Tofu Curry 1397,dinner,649,35.6,26.4,18.5,vegan,kerala,0,muscle_gain|high_protein
Vegetable Poha 1398,breakfast,349,27.9,26.2,5.5,vegetarian,gujarati,1,muscle_gain|high_protein
Egg Curry 1399,dinner,615,15.4,71.1,8.2,non_vegetarian,rajasthani,0,balanced|beginner
Dal Tadka 1400,dinner,576,19.2,77.5,5.9,vegetarian,gujarati,0,balanced|beginner
Vegetable Poha 1401,breakfast,222,5.6,69.3,15.8,vegetarian,bengali,1,balanced|beginner
Pav Bhaji 1402,lunch,485,33.8,60.8,3.7,vegetarian,north_indian,1,muscle_gain|high_protein
Buttermilk 1403,snack,180,7.8,67.6,18.7,vegetarian,kerala,0,balanced|beginner
Thepla 1404,breakfast,360,17.1,30.4,19.0,vegetarian,mixed,0,improve_stamina|carb_rich
Tofu Scramble 1405,breakfast,152,23.0,49.0,6.0,vegan,maharashtrian,1,muscle_gain|high_protein
Peanut Chaat 1406,snack,140,26.8,80.0,22.8,vegetarian,gujarati,0,muscle_gain|high_protein
Paneer Sandwich 1407,breakfast,237,12.5,38.0,5.3,vegetarian,kerala,1,balanced|beginner
Corn Chaat 1408,snack,148,16.8,53.2,16.2,vegan,gujarati,1,balanced|beginner
Thepla 1409,breakfast,209,11.8,26.2,23.0,vegetarian,bengali,0,weight_loss|light
Vegetable Khichdi 1410,lunch,506,22.5,78.9,16.3,vegetarian,rajasthani,0,muscle_gain|high_protein
Boiled Eggs 1411,snack,292,13.8,67.4,4.6,non_vegetarian,south_indian,1,weight_loss|light
Vegetable Soup 1412,dinner,534,32.9,58.2,14.2,vegan,punjabi,0,muscle_gain|high_protein
Paneer Sandwich 1413,breakfast,156,32.8,23.5,20.4,vegetarian,hyderabadi,0,muscle_gain|high_protein
Fish Fry 1414,dinner,651,9.6,29.8,10.2,non_vegetarian,north_indian,0,weight_loss|light
Corn Chaat 1415,snack,104,33.9,60.9,24.4,vegan,north_indian,0,muscle_gain|high_protein
Boiled Eggs 1416,snack,262,18.9,59.3,3.0,non_vegetarian,south_indian,1,improve_stamina|carb_rich
Rajma Chawal 1417,lunch,439,16.8,70.5,14.7,vegetarian,maharashtrian,1,weight_loss|light
Vegetable Soup 1418,dinner,391,23.4,43.9,11.0,vegan,south_indian,1,muscle_gain|high_protein
Upma 1419,breakfast,162,18.2,42.9,13.3,vegetarian,bengali,1,improve_stamina|carb_rich
Sabudana Khichdi 1420,breakfast,279,18.0,66.5,14.3,vegetarian,rajasthani,1,balanced|beginner
Tofu Scramble 1421,breakfast,297,13.6,51.6,14.9,vegan,mixed,1,improve_stamina|carb_rich
Thepla 1422,breakfast,328,23.4,66.8,17.5,vegetarian,gujarati,1,muscle_gain|high_protein
Paneer Sandwich 1423,breakfast,268,30.8,76.9,9.3,vegetarian,north_indian,1,muscle_gain|high_protein
Protein Shake 1424,snack,190,17.7,55.1,23.4,vegetarian,south_indian,0,improve_stamina|carb_rich
Grilled Chicken 1425,dinner,617,27.7,73.4,4.5,non_vegetarian,bengali,0,muscle_gain|high_protein
Vegetable Poha 1426,breakfast,297,9.1,27.7,13.0,vegetarian,maharashtrian,1,weight_loss|light
Upma 1427,breakfast,371,11.2,20.9,11.9,vegetarian,north_indian,1,improve_stamina|carb_rich
Egg Curry 1428,dinner,666,14.3,75.5,8.2,non_vegetarian,gujarati,0,improve_stamina|carb_rich
Vegetable Soup 1429,dinner,371,32.4,30.2,24.6,vegan,rajasthani,0,muscle_gain|high_protein
Chicken Curry Rice 1430,lunch,574,28.0,68.6,5.8,non_vegetarian,bengali,0,muscle_gain|high_protein
Roasted Chana 1431,snack,248,44.0,71.5,4.4,vegan,kerala,1,muscle_gain|high_protein
Paneer Bhurji 1432,dinner,593,16.0,54.5,16.1,vegetarian,mixed,0,balanced|beginner
Mixed Veg Curry 1433,dinner,481,15.6,76.6,6.6,vegetarian,gujarati,1,weight_loss|light
Buttermilk 1434,snack,296,18.5,29.2,24.5,vegetarian,mixed,0,muscle_gain|high_protein
Peanut Chaat 1435,snack,102,6.1,61.6,18.9,vegetarian,hyderabadi,0,improve_stamina|carb_rich
Mixed Veg Curry 1436,dinner,553,39.3,77.5,3.7,vegetarian,gujarati,0,muscle_gain|high_protein
Fruit Salad 1437,snack,206,18.3,54.6,10.3,vegan,gujarati,1,improve_stamina|carb_rich
Upma 1438,breakfast,393,6.6,43.7,21.7,vegetarian,punjabi,0,weight_loss|light
Mixed Veg Curry 1439,dinner,660,11.9,55.8,4.1,vegetarian,kerala,0,balanced|beginner
Vegetable Soup 1440,dinner,695,16.2,79.3,12.2,vegan,mixed,0,improve_stamina|carb_rich
Thepla 1441,breakfast,245,20.9,46.7,6.6,vegetarian,hyderabadi,1,muscle_gain|high_protein
Fruit Salad 1442,snack,159,22.8,24.3,9.8,vegan,kerala,1,muscle_gain|high_protein
Fruit Salad 1443,snack,159,17.1,26.0,9.2,vegan,south_indian,1,improve_stamina|carb_rich
Paneer Sandwich 1444,breakfast,334,18.0,52.5,20.5,vegetarian,north_indian,0,weight_loss|light
Roti Sabji 1445,dinner,691,8.2,61.0,5.4,vegetarian,punjabi,0,improve_stamina|carb_rich
Hyderabadi Biryani 1446,lunch,352,28.9,51.6,6.0,non_vegetarian,kerala,1,muscle_gain|high_protein
Dal Tadka 1447,dinner,638,30.9,75.3,18.3,vegetarian,hyderabadi,0,muscle_gain|high_protein
Egg Curry 1448,dinner,364,12.8,41.9,22.6,non_vegetarian,gujarati,0,weight_loss|light
Grilled Chicken 1449,dinner,472,13.1,20.0,3.9,non_vegetarian,maharashtrian,1,improve_stamina|carb_rich
Fruit Salad 1450,snack,216,31.4,65.5,14.0,vegan,bengali,1,muscle_gain|high_protein
Roasted Chana 1451,snack,183,19.4,69.9,10.4,vegan,south_indian,1,balanced|beginner
Peanut Chaat 1452,snack,260,6.5,23.9,15.3,vegetarian,gujarati,1,balanced|beginner
Tofu Curry 1453,dinner,463,19.0,52.3,22.1,vegan,punjabi,0,improve_stamina|carb_rich
Paneer Bhurji 1454,dinner,433,23.6,45.9,22.5,vegetarian,gujarati,0,muscle_gain|high_protein
Idli Sambar 1455,breakfast,195,16.0,65.2,10.2,vegetarian,gujarati,1,balanced|beginner
Vegetable Soup 1456,dinner,368,17.5,39.7,23.0,vegan,mixed,0,balanced|beginner
Roti Sabji 1457,dinner,694,26.9,40.6,3.7,vegetarian,mixed,0,muscle_gain|high_protein
Roasted Chana 1458,snack,263,10.7,46.8,12.1,vegan,kerala,1,weight_loss|light
Masala Omelette 1459,breakfast,250,34.2,28.0,6.1,non_vegetarian,punjabi,1,muscle_gain|high_protein
Sprouts Salad 1460,snack,271,9.4,43.6,7.4,vegan,rajasthani,1,weight_loss|light
Vegetable Soup 1461,dinner,644,15.6,45.1,15.7,vegan,south_indian,0,weight_loss|light
Paneer Sandwich 1462,breakfast,426,17.7,72.7,19.0,vegetarian,maharashtrian,0,weight_loss|light
Dal Rice 1463,lunch,407,15.0,25.9,9.6,vegetarian,mixed,1,balanced|beginner
Roti Sabji 1464,dinner,543,19.4,78.3,9.4,vegetarian,punjabi,0,weight_loss|light
Paneer Roti 1465,lunch,504,11.0,34.6,6.9,vegetarian,south_indian,0,balanced|beginner
Fruit Bowl 1466,breakfast,299,7.4,72.2,9.0,vegan,punjabi,1,improve_stamina|carb_rich
Idli Sambar 1467,breakfast,351,41.4,62.0,5.4,vegetarian,hyderabadi,1,muscle_gain|high_protein
Sprouts Salad 1468,snack,267,9.0,22.5,6.4,vegan,mixed,1,balanced|beginner
Oats with Milk 1469,breakfast,430,9.6,64.4,7.9,vegetarian,south_indian,1,improve_stamina|carb_rich
Upma 1470,breakfast,429,8.0,59.4,18.0,vegetarian,rajasthani,1,balanced|beginner
Kadhi Rice 1471,lunch,479,17.5,54.4,4.3,vegetarian,mixed,1,balanced|beginner
Paneer Roti 1472,lunch,507,17.3,29.5,5.5,vegetarian,bengali,0,improve_stamina|carb_rich
Pav Bhaji 1473,lunch,665,15.0,52.9,21.8,vegetarian,north_indian,0,weight_loss|light
Dal Tadka 1474,dinner,554,10.9,70.1,22.7,vegetarian,kerala,0,balanced|beginner
Tofu Curry 1475,dinner,397,25.6,53.1,19.2,vegan,gujarati,0,muscle_gain|high_protein
Paneer Roti 1476,lunch,644,5.3,44.2,22.0,vegetarian,north_indian,0,balanced|beginner
Chicken Curry Rice 1477,lunch,405,19.3,62.7,4.3,non_vegetarian,north_indian,1,muscle_gain|high_protein
Vegetable Khichdi 1478,lunch,554,15.8,56.6,4.3,vegetarian,north_indian,0,improve_stamina|carb_rich
Grilled Chicken 1479,dinner,633,6.9,61.4,8.1,non_vegetarian,bengali,0,balanced|beginner
Vegetable Poha 1480,breakfast,155,8.8,44.1,14.5,vegetarian,rajasthani,1,improve_stamina|carb_rich
Paneer Cubes 1481,snack,184,33.7,31.8,15.8,vegetarian,north_indian,1,muscle_gain|high_protein
Tofu Curry 1482,dinner,592,26.6,54.0,13.6,vegan,maharashtrian,0,muscle_gain|high_protein
Pav Bhaji 1483,lunch,485,6.3,60.9,23.1,vegetarian,south_indian,0,improve_stamina|carb_rich
Chicken Curry Rice 1484,lunch,440,6.3,62.9,9.5,non_vegetarian,bengali,1,improve_stamina|carb_rich
Masala Omelette 1485,breakfast,275,16.6,62.1,3.5,non_vegetarian,mixed,1,weight_loss|light
Pav Bhaji 1486,lunch,403,14.1,51.5,16.7,vegetarian,rajasthani,1,balanced|beginner
Corn Chaat 1487,snack,295,19.0,61.9,12.5,vegan,rajasthani,1,balanced|beginner
Kadhi Rice 1488,lunch,407,12.8,54.3,21.3,vegetarian,bengali,0,improve_stamina|carb_rich
Fruit Salad 1489,snack,196,13.2,66.4,3.7,vegan,maharashtrian,1,weight_loss|light
Sprouts Salad 1490,snack,172,21.7,72.9,18.3,vegan,south_indian,0,muscle_gain|high_protein
Hyderabadi Biryani 1491,lunch,685,20.0,24.4,14.9,non_vegetarian,mixed,0,balanced|beginner
Idli Sambar 1492,breakfast,302,12.4,67.0,14.9,vegetarian,gujarati,1,balanced|beginner
Chicken Curry Rice 1493,lunch,447,15.9,71.9,7.4,non_vegetarian,punjabi,1,improve_stamina|carb_rich
Paneer Sandwich 1494,breakfast,154,16.7,75.5,3.1,vegetarian,hyderabadi,1,balanced|beginner
Thepla 1495,breakfast,183,39.6,38.1,3.8,vegetarian,rajasthani,1,muscle_gain|high_protein
Boiled Eggs 1496,snack,288,34.2,76.4,7.6,non_vegetarian,hyderabadi,1,muscle_gain|high_protein
Rajma Chawal 1497,lunch,366,11.4,64.6,9.9,vegetarian,gujarati,1,balanced|beginner
Pav Bhaji 1498,lunch,629,34.7,38.2,4.2,vegetarian,rajasthani,0,muscle_gain|high_protein
Paneer Sandwich 1499,breakfast,391,14.4,50.8,5.1,vegetarian,mixed,1,weight_loss|light
Tofu Stir Fry 1500,lunch,422,11.4,29.9,20.2,vegan,kerala,0,weight_loss|light
Sprouts Salad 1501,snack,146,8.9,45.7,11.4,vegan,south_indian,1,balanced|beginner
Paneer Roti 1502,lunch,474,8.8,69.9,14.9,vegetarian,hyderabadi,1,weight_loss|light
Corn Chaat 1503,snack,280,16.8,65.7,24.5,vegan,maharashtrian,0,weight_loss|light
Roti Sabji 1504,dinner,389,17.1,20.1,3.5,vegetarian,gujarati,1,weight_loss|light
Boiled Eggs 1505,snack,88,10.8,28.1,4.4,non_vegetarian,north_indian,1,improve_stamina|carb_rich
Vegetable Poha 1506,breakfast,433,7.1,79.0,22.8,vegetarian,bengali,0,improve_stamina|carb_rich
Paneer Sandwich 1507,breakfast,201,29.9,39.4,13.7,vegetarian,kerala,1,muscle_gain|high_protein
Kadhi Rice 1508,lunch,578,19.4,53.8,15.4,vegetarian,punjabi,0,muscle_gain|high_protein
Paneer Cubes 1509,snack,187,15.9,52.8,12.0,vegetarian,rajasthani,1,improve_stamina|carb_rich
Roasted Chana 1510,snack,228,7.1,21.2,21.9,vegan,south_indian,0,balanced|beginner
Vegetable Khichdi 1511,lunch,648,7.9,30.1,24.1,vegetarian,mixed,0,balanced|beginner
Sabudana Khichdi 1512,breakfast,290,14.5,28.4,15.0,vegetarian,punjabi,1,balanced|beginner
Tofu Stir Fry 1513,lunch,535,15.5,61.6,5.6,vegan,punjabi,0,balanced|beginner
Dal Rice 1514,lunch,670,15.1,41.2,5.3,vegetarian,kerala,0,weight_loss|light
Roasted Chana 1515,snack,121,25.7,68.8,21.9,vegan,punjabi,0,muscle_gain|high_protein
Paneer Roti 1516,lunch,503,7.3,51.7,12.1,vegetarian,mixed,0,weight_loss|light
Hyderabadi Biryani 1517,lunch,591,16.8,52.7,15.9,non_vegetarian,hyderabadi,0,balanced|beginner
Fruit Salad 1518,snack,172,8.4,54.0,10.6,vegan,mixed,1,weight_loss|light
Boiled Eggs 1519,snack,264,14.4,68.7,17.6,non_vegetarian,rajasthani,1,balanced|beginner
Grilled Chicken 1520,dinner,646,7.9,48.0,25.0,non_vegetarian,gujarati,0,improve_stamina|carb_rich
Fruit Salad 1521,snack,243,17.1,40.5,3.4,vegan,maharashtrian,1,improve_stamina|carb_rich
Roti Sabji 1522,dinner,660,40.9,46.6,6.7,vegetarian,punjabi,0,muscle_gain|high_protein
Idli Sambar 1523,breakfast,196,10.9,33.9,14.0,vegetarian,bengali,1,weight_loss|light
Tofu Scramble 1524,breakfast,235,16.6,35.8,5.0,vegan,bengali,1,balanced|beginner
Fruit Salad 1525,snack,94,9.0,44.9,15.0,vegan,bengali,1,improve_stamina|carb_rich
Fish Curry Rice 1526,lunch,671,11.8,23.9,18.3,non_vegetarian,gujarati,0,balanced|beginner
Kadhi Rice 1527,lunch,689,18.4,24.5,9.1,vegetarian,mixed,0,improve_stamina|carb_rich
Roasted Chana 1528,snack,119,15.8,62.7,17.8,vegan,bengali,1,weight_loss|light
Dal Tadka 1529,dinner,546,9.0,21.5,17.9,vegetarian,maharashtrian,0,balanced|beginner
Fruit Salad 1530,snack,268,18.8,72.5,15.8,vegan,maharashtrian,1,balanced|beginner
Corn Chaat 1531,snack,295,9.7,50.4,7.1,vegan,north_indian,1,balanced|beginner
Paneer Bhurji 1532,dinner,486,35.5,61.7,11.8,vegetarian,mixed,1,muscle_gain|high_protein
Buttermilk 1533,snack,161,15.4,64.3,7.5,vegetarian,maharashtrian,1,weight_loss|light
Hyderabadi Biryani 1534,lunch,487,18.6,34.1,23.6,non_vegetarian,north_indian,0,improve_stamina|carb_rich
Tofu Stir Fry 1535,lunch,560,6.5,54.8,12.8,vegan,north_indian,0,balanced|beginner
Fish Curry Rice 1536,lunch,380,17.9,49.8,22.0,non_vegetarian,gujarati,0,weight_loss|light
Hyderabadi Biryani 1537,lunch,504,16.6,26.6,19.3,non_vegetarian,bengali,0,weight_loss|light
Dal Rice 1538,lunch,387,24.8,36.9,19.5,vegetarian,mixed,0,muscle_gain|high_protein
Tofu Stir Fry 1539,lunch,375,18.3,48.1,17.7,vegan,bengali,1,muscle_gain|high_protein
Oats with Milk 1540,breakfast,245,38.7,35.3,18.2,vegetarian,kerala,0,muscle_gain|high_protein
Paneer Roti 1541,lunch,590,11.8,32.4,22.8,vegetarian,hyderabadi,0,improve_stamina|carb_rich
Roti Sabji 1542,dinner,425,10.2,52.5,4.4,vegetarian,maharashtrian,1,balanced|beginner
Paneer Cubes 1543,snack,124,27.3,69.4,10.3,vegetarian,kerala,1,muscle_gain|high_protein
Paneer Roti 1544,lunch,522,12.7,46.3,9.1,vegetarian,mixed,0,improve_stamina|carb_rich
Vegetable Soup 1545,dinner,475,9.4,45.9,13.7,vegan,punjabi,1,balanced|beginner
Grilled Chicken 1546,dinner,374,37.2,79.8,6.8,non_vegetarian,north_indian,1,muscle_gain|high_protein
Oats with Milk 1547,breakfast,363,6.9,44.6,14.5,vegetarian,mixed,1,balanced|beginner
Paneer Sandwich 1548,breakfast,222,40.9,61.0,18.6,vegetarian,rajasthani,0,muscle_gain|high_protein
Buttermilk 1549,snack,116,7.3,59.4,3.1,vegetarian,punjabi,1,weight_loss|light
Tofu Scramble 1550,breakfast,342,16.1,78.6,13.7,vegan,rajasthani,1,balanced|beginner
Roti Sabji 1551,dinner,632,30.3,75.8,24.9,vegetarian,south_indian,0,muscle_gain|high_protein
Paneer Sandwich 1552,breakfast,403,17.1,66.7,23.1,vegetarian,maharashtrian,0,weight_loss|light
Vegetable Soup 1553,dinner,603,30.8,30.8,9.0,vegan,hyderabadi,0,muscle_gain|high_protein
Masala Omelette 1554,breakfast,242,5.5,78.3,18.8,non_vegetarian,rajasthani,0,improve_stamina|carb_rich
Fruit Salad 1555,snack,293,16.2,36.6,6.1,vegan,kerala,1,balanced|beginner
Masala Omelette 1556,breakfast,358,10.5,79.6,10.7,non_vegetarian,maharashtrian,1,balanced|beginner
Paneer Sandwich 1557,breakfast,238,7.0,77.3,4.1,vegetarian,hyderabadi,1,weight_loss|light
Sabudana Khichdi 1558,breakfast,438,27.9,74.9,14.5,vegetarian,maharashtrian,1,muscle_gain|high_protein
Thepla 1559,breakfast,262,11.4,66.8,3.7,vegetarian,hyderabadi,1,improve_stamina|carb_rich
Corn Chaat 1560,snack,144,11.2,40.6,24.2,vegan,hyderabadi,0,balanced|beginner
Sabudana Khichdi 1561,breakfast,208,27.9,32.0,17.3,vegetarian,south_indian,1,muscle_gain|high_protein
Grilled Chicken 1562,dinner,366,15.6,61.7,12.9,non_vegetarian,gujarati,1,weight_loss|light
Kadhi Rice 1563,lunch,582,5.6,33.5,10.7,vegetarian,rajasthani,0,balanced|beginner
Fish Curry Rice 1564,lunch,382,18.4,41.3,14.1,non_vegetarian,rajasthani,1,weight_loss|light
Dal Tadka 1565,dinner,369,17.9,60.9,10.5,vegetarian,rajasthani,1,improve_stamina|carb_rich
Paneer Roti 1566,lunch,677,11.8,58.6,12.3,vegetarian,rajasthani,0,balanced|beginner
Protein Shake 1567,snack,88,24.3,32.1,16.6,vegetarian,kerala,1,muscle_gain|high_protein
Tofu Scramble 1568,breakfast,276,17.3,48.0,20.8,vegan,rajasthani,0,weight_loss|light
Buttermilk 1569,snack,100,5.5,60.3,6.4,vegetarian,kerala,1,improve_stamina|carb_rich
Rajma Chawal 1570,lunch,449,21.6,76.4,15.7,vegetarian,maharashtrian,1,muscle_gain|high_protein
Dal Tadka 1571,dinner,614,11.1,72.6,21.4,vegetarian,maharashtrian,0,improve_stamina|carb_rich
Idli Sambar 1572,breakfast,221,15.1,77.6,7.0,vegetarian,hyderabadi,1,weight_loss|light
Paneer Bhurji 1573,dinner,415,13.2,35.5,4.7,vegetarian,kerala,1,improve_stamina|carb_rich
Paneer Bhurji 1574,dinner,673,13.4,42.8,17.4,vegetarian,maharashtrian,0,improve_stamina|carb_rich
Buttermilk 1575,snack,87,36.1,37.2,6.8,vegetarian,maharashtrian,1,muscle_gain|high_protein
Egg Curry 1576,dinner,665,13.1,26.8,16.7,non_vegetarian,maharashtrian,0,improve_stamina|carb_rich
Paneer Cubes 1577,snack,185,9.8,31.7,16.4,vegetarian,kerala,1,improve_stamina|carb_rich
Kadhi Rice 1578,lunch,640,41.6,39.6,22.0,vegetarian,north_indian,0,muscle_gain|high_protein
Hyderabadi Biryani 1579,lunch,416,8.7,31.0,22.0,non_vegetarian,maharashtrian,0,weight_loss|light
Roti Sabji 1580,dinner,596,13.3,26.8,13.1,vegetarian,mixed,0,balanced|beginner
Vegetable Poha 1581,breakfast,376,7.9,23.6,8.5,vegetarian,north_indian,1,weight_loss|light
Thepla 1582,breakfast,358,6.7,57.7,23.4,vegetarian,bengali,0,balanced|beginner
Roasted Chana 1583,snack,196,19.7,41.0,5.1,vegan,south_indian,1,weight_loss|light
Vegetable Poha 1584,breakfast,326,13.7,39.9,12.2,vegetarian,rajasthani,1,balanced|beginner
Masala Omelette 1585,breakfast,155,9.5,56.3,5.6,non_vegetarian,north_indian,1,balanced|beginner
Vegetable Soup 1586,dinner,368,32.7,74.9,19.0,vegan,punjabi,0,muscle_gain|high_protein
Fish Fry 1587,dinner,621,16.6,48.9,21.9,non_vegetarian,bengali,0,weight_loss|light
Corn Chaat 1588,snack,171,17.1,31.6,18.7,vegan,north_indian,0,balanced|beginner
Peanut Chaat 1589,snack,254,19.9,69.8,21.8,vegetarian,punjabi,0,muscle_gain|high_protein
Dal Tadka 1590,dinner,377,23.5,23.9,5.8,vegetarian,south_indian,1,muscle_gain|high_protein
Dal Rice 1591,lunch,435,26.2,52.1,18.6,vegetarian,bengali,0,muscle_gain|high_protein
Fish Curry Rice 1592,lunch,612,41.4,44.6,10.3,non_vegetarian,kerala,0,muscle_gain|high_protein
Masala Omelette 1593,breakfast,358,7.9,21.7,15.8,non_vegetarian,kerala,1,improve_stamina|carb_rich
Pav Bhaji 1594,lunch,414,17.8,38.0,16.4,vegetarian,maharashtrian,1,balanced|beginner
Thepla 1595,breakfast,395,22.8,27.0,24.6,vegetarian,hyderabadi,0,muscle_gain|high_protein
Vegetable Poha 1596,breakfast,255,16.1,75.3,22.7,vegetarian,mixed,0,improve_stamina|carb_rich
Protein Shake 1597,snack,91,42.4,22.3,8.2,vegetarian,rajasthani,1,muscle_gain|high_protein
Fish Fry 1598,dinner,695,6.5,78.1,21.9,non_vegetarian,south_indian,0,weight_loss|light
Thepla 1599,breakfast,420,39.6,70.4,9.3,vegetarian,maharashtrian,1,muscle_gain|high_protein
Buttermilk 1600,snack,91,19.6,25.2,4.5,vegetarian,mixed,1,balanced|beginner
Vegetable Soup 1601,dinner,548,36.9,71.3,12.2,vegan,gujarati,0,muscle_gain|high_protein
Egg Curry 1602,dinner,687,18.5,36.3,21.2,non_vegetarian,gujarati,0,balanced|beginner
Kadhi Rice 1603,lunch,383,30.1,28.4,18.3,vegetarian,rajasthani,0,muscle_gain|high_protein
Fruit Bowl 1604,breakfast,318,21.2,22.2,10.4,vegan,punjabi,1,muscle_gain|high_protein
Idli Sambar 1605,breakfast,406,7.5,55.4,4.4,vegetarian,north_indian,1,weight_loss|light
Fish Curry Rice 1606,lunch,361,9.0,78.8,12.1,non_vegetarian,north_indian,1,balanced|beginner
Buttermilk 1607,snack,196,10.1,55.7,21.2,vegetarian,maharashtrian,0,balanced|beginner
Sabudana Khichdi 1608,breakfast,406,20.4,31.8,5.2,vegetarian,south_indian,1,muscle_gain|high_protein
Fish Curry Rice 1609,lunch,356,6.8,65.3,9.1,non_vegetarian,kerala,1,improve_stamina|carb_rich
Fish Fry 1610,dinner,519,17.4,62.9,13.7,non_vegetarian,north_indian,0,improve_stamina|carb_rich
Mixed Veg Curry 1611,dinner,390,10.8,27.1,3.5,vegetarian,maharashtrian,1,weight_loss|light
Dal Rice 1612,lunch,604,15.9,51.4,22.7,vegetarian,hyderabadi,0,improve_stamina|carb_rich
Thepla 1613,breakfast,304,35.5,46.6,16.2,vegetarian,mixed,1,muscle_gain|high_protein
Corn Chaat 1614,snack,126,7.5,66.3,9.7,vegan,bengali,1,weight_loss|light
Fruit Bowl 1615,breakfast,228,31.8,38.0,24.1,vegan,north_indian,0,muscle_gain|high_protein
Buttermilk 1616,snack,299,11.0,50.6,17.9,vegetarian,hyderabadi,1,balanced|beginner
Fruit Bowl 1617,breakfast,335,8.2,31.9,21.9,vegan,bengali,0,balanced|beginner
Chicken Curry Rice 1618,lunch,564,8.5,63.2,21.7,non_vegetarian,north_indian,0,improve_stamina|carb_rich
Roti Sabji 1619,dinner,406,19.2,53.6,11.6,vegetarian,south_indian,1,balanced|beginner
Hyderabadi Biryani 1620,lunch,571,35.4,24.5,23.7,non_vegetarian,rajasthani,0,muscle_gain|high_protein
Protein Shake 1621,snack,255,7.1,37.3,4.4,vegetarian,hyderabadi,1,weight_loss|light
Vegetable Soup 1622,dinner,466,41.2,54.4,24.4,vegan,hyderabadi,0,muscle_gain|high_protein
Mixed Veg Curry 1623,dinner,452,6.6,50.6,21.9,vegetarian,maharashtrian,0,improve_stamina|carb_rich
Paneer Cubes 1624,snack,144,18.9,48.3,9.2,vegetarian,punjabi,1,improve_stamina|carb_rich
Boiled Eggs 1625,snack,203,43.4,52.7,20.8,non_vegetarian,bengali,0,muscle_gain|high_protein
Dal Tadka 1626,dinner,434,14.5,66.6,20.8,vegetarian,maharashtrian,0,balanced|beginner
Fish Fry 1627,dinner,353,12.9,65.1,5.2,non_vegetarian,punjabi,1,improve_stamina|carb_rich
Fish Curry Rice 1628,lunch,561,20.1,57.5,7.3,non_vegetarian,gujarati,0,muscle_gain|high_protein
Sabudana Khichdi 1629,breakfast,289,7.5,34.9,5.0,vegetarian,rajasthani,1,weight_loss|light
Tofu Scramble 1630,breakfast,239,12.0,73.2,3.7,vegan,south_indian,1,weight_loss|light
Sabudana Khichdi 1631,breakfast,260,10.2,40.7,14.3,vegetarian,punjabi,1,improve_stamina|carb_rich
Boiled Eggs 1632,snack,205,18.0,65.2,22.6,non_vegetarian,south_indian,0,balanced|beginner
Boiled Eggs 1633,snack,82,19.6,34.0,16.2,non_vegetarian,rajasthani,1,weight_loss|light
Kadhi Rice 1634,lunch,696,12.1,46.3,16.6,vegetarian,punjabi,0,weight_loss|light
Grilled Chicken 1635,dinner,534,30.1,32.3,3.7,non_vegetarian,kerala,0,muscle_gain|high_protein
Idli Sambar 1636,breakfast,152,18.0,43.9,6.9,vegetarian,south_indian,1,balanced|beginner
Thepla 1637,breakfast,271,8.8,69.6,16.9,vegetarian,bengali,1,balanced|beginner
Roti Sabji 1638,dinner,377,19.1,32.5,3.9,vegetarian,north_indian,1,weight_loss|light
Mixed Veg Curry 1639,dinner,582,15.4,52.2,20.1,vegetarian,hyderabadi,0,balanced|beginner
Paneer Cubes 1640,snack,157,5.9,40.4,3.3,vegetarian,maharashtrian,1,balanced|beginner
Corn Chaat 1641,snack,220,15.9,76.9,12.4,vegan,gujarati,1,balanced|beginner
Pav Bhaji 1642,lunch,673,16.5,62.4,17.4,vegetarian,north_indian,0,improve_stamina|carb_rich
Paneer Bhurji 1643,dinner,653,17.9,49.7,18.7,vegetarian,maharashtrian,0,improve_stamina|carb_rich
Hyderabadi Biryani 1644,lunch,385,9.8,34.8,11.3,non_vegetarian,maharashtrian,1,weight_loss|light
Boiled Eggs 1645,snack,83,10.1,65.7,15.4,non_vegetarian,rajasthani,1,improve_stamina|carb_rich
Peanut Chaat 1646,snack,86,30.9,54.0,21.2,vegetarian,maharashtrian,0,muscle_gain|high_protein
Protein Shake 1647,snack,266,36.3,56.6,10.4,vegetarian,hyderabadi,1,muscle_gain|high_protein
Hyderabadi Biryani 1648,lunch,598,17.5,55.5,17.6,non_vegetarian,north_indian,0,balanced|beginner
Sprouts Salad 1649,snack,160,8.9,79.0,10.2,vegan,gujarati,1,improve_stamina|carb_rich
Upma 1650,breakfast,317,35.8,67.1,9.9,vegetarian,mixed,1,muscle_gain|high_protein
Hyderabadi Biryani 1651,lunch,570,15.9,32.6,25.0,non_vegetarian,south_indian,0,balanced|beginner
Idli Sambar 1652,breakfast,398,19.9,50.8,18.0,vegetarian,hyderabadi,1,weight_loss|light
Vegetable Khichdi 1653,lunch,615,8.8,47.9,16.9,vegetarian,kerala,0,balanced|beginner
Fruit Salad 1654,snack,91,10.0,78.2,3.8,vegan,mixed,1,improve_stamina|carb_rich
Boiled Eggs 1655,snack,300,14.7,55.6,10.4,non_vegetarian,north_indian,1,improve_stamina|carb_rich
Kadhi Rice 1656,lunch,644,37.8,20.9,14.3,vegetarian,maharashtrian,0,muscle_gain|high_protein
Fruit Salad 1657,snack,168,11.6,48.8,22.1,vegan,punjabi,0,improve_stamina|carb_rich
Tofu Stir Fry 1658,lunch,413,8.5,75.2,21.3,vegan,mixed,0,weight_loss|light
Buttermilk 1659,snack,85,12.5,55.1,21.4,vegetarian,rajasthani,0,improve_stamina|carb_rich
Peanut Chaat 1660,snack,249,17.0,74.7,11.8,vegetarian,south_indian,1,weight_loss|light
Tofu Scramble 1661,breakfast,195,11.5,49.0,5.8,vegan,punjabi,1,improve_stamina|carb_rich
Vegetable Poha 1662,breakfast,189,28.0,56.2,21.0,vegetarian,rajasthani,0,muscle_gain|high_protein
Corn Chaat 1663,snack,246,16.5,22.1,21.2,vegan,punjabi,0,weight_loss|light
Egg Curry 1664,dinner,445,11.3,36.5,21.9,non_vegetarian,maharashtrian,0,improve_stamina|carb_rich
Paneer Cubes 1665,snack,240,32.6,44.5,15.6,vegetarian,south_indian,1,muscle_gain|high_protein
Paneer Bhurji 1666,dinner,658,10.6,21.8,14.9,vegetarian,maharashtrian,0,balanced|beginner
Egg Curry 1667,dinner,470,15.7,76.0,15.1,non_vegetarian,bengali,1,balanced|beginner
Vegetable Soup 1668,dinner,471,14.4,48.3,15.6,vegan,mixed,1,weight_loss|light
Fruit Bowl 1669,breakfast,258,33.1,67.7,8.2,vegan,hyderabadi,1,muscle_gain|high_protein
Sprouts Salad 1670,snack,287,19.6,33.2,8.6,vegan,bengali,1,weight_loss|light
Roti Sabji 1671,dinner,422,26.4,79.4,11.4,vegetarian,mixed,1,muscle_gain|high_protein
Tofu Stir Fry 1672,lunch,567,11.1,27.8,4.5,vegan,punjabi,0,improve_stamina|carb_rich
Paneer Cubes 1673,snack,112,18.7,72.6,10.9,vegetarian,kerala,1,improve_stamina|carb_rich
Protein Shake 1674,snack,259,16.1,62.9,14.5,vegetarian,kerala,1,weight_loss|light
Sprouts Salad 1675,snack,194,16.4,24.5,22.8,vegan,rajasthani,0,weight_loss|light
Sprouts Salad 1676,snack,115,16.4,20.3,15.3,vegan,punjabi,1,balanced|beginner
Fish Fry 1677,dinner,532,8.0,75.6,13.0,non_vegetarian,bengali,0,improve_stamina|carb_rich
Tofu Stir Fry 1678,lunch,612,14.7,70.8,16.9,vegan,north_indian,0,weight_loss|light
Paneer Roti 1679,lunch,520,24.4,56.7,17.3,vegetarian,maharashtrian,0,muscle_gain|high_protein
Hyderabadi Biryani 1680,lunch,467,7.0,42.1,23.1,non_vegetarian,north_indian,0,improve_stamina|carb_rich
Vegetable Soup 1681,dinner,566,14.1,54.5,21.2,vegan,hyderabadi,0,balanced|beginner
Fruit Salad 1682,snack,270,13.2,57.5,7.6,vegan,rajasthani,1,improve_stamina|carb_rich
Kadhi Rice 1683,lunch,529,8.8,21.4,4.3,vegetarian,gujarati,0,balanced|beginner
Vegetable Poha 1684,breakfast,283,5.1,71.3,5.3,vegetarian,maharashtrian,1,balanced|beginner
Pav Bhaji 1685,lunch,453,5.2,43.9,7.6,vegetarian,rajasthani,1,balanced|beginner
Sprouts Salad 1686,snack,255,8.2,70.2,22.9,vegan,kerala,0,weight_loss|light
Vegetable Khichdi 1687,lunch,580,15.4,33.9,18.2,vegetarian,south_indian,0,improve_stamina|carb_rich
Sabudana Khichdi 1688,breakfast,278,20.0,51.1,7.3,vegetarian,north_indian,1,muscle_gain|high_protein
Upma 1689,breakfast,240,16.0,51.9,16.1,vegetarian,rajasthani,1,balanced|beginner
Hyderabadi Biryani 1690,lunch,670,42.8,28.7,12.3,non_vegetarian,hyderabadi,0,muscle_gain|high_protein
Grilled Chicken 1691,dinner,652,6.8,23.5,16.1,non_vegetarian,punjabi,0,improve_stamina|carb_rich
Paneer Sandwich 1692,breakfast,160,18.9,48.4,23.7,vegetarian,hyderabadi,0,balanced|beginner
Pav Bhaji 1693,lunch,486,11.8,60.5,13.0,vegetarian,north_indian,1,balanced|beginner
Boiled Eggs 1694,snack,168,15.8,45.9,21.9,non_vegetarian,hyderabadi,0,balanced|beginner
Egg Curry 1695,dinner,408,18.4,60.8,13.9,non_vegetarian,hyderabadi,1,weight_loss|light
Egg Curry 1696,dinner,384,18.9,22.6,19.5,non_vegetarian,bengali,0,improve_stamina|carb_rich
Protein Shake 1697,snack,107,27.9,76.9,12.8,vegetarian,mixed,1,muscle_gain|high_protein
Tofu Scramble 1698,breakfast,244,11.9,45.3,4.8,vegan,mixed,1,balanced|beginner
Corn Chaat 1699,snack,298,8.3,78.5,16.3,vegan,hyderabadi,1,weight_loss|light
Tofu Curry 1700,dinner,441,19.7,51.8,22.8,vegan,rajasthani,0,muscle_gain|high_protein
Roasted Chana 1701,snack,245,20.4,46.9,24.0,vegan,kerala,0,muscle_gain|high_protein
Sprouts Salad 1702,snack,81,43.8,32.6,12.3,vegan,rajasthani,1,muscle_gain|high_protein
Paneer Sandwich 1703,breakfast,163,6.6,50.5,15.0,vegetarian,rajasthani,1,improve_stamina|carb_rich
Dal Rice 1704,lunch,521,15.9,51.7,20.8,vegetarian,mixed,0,balanced|beginner
Vegetable Khichdi 1705,lunch,393,7.5,58.9,13.1,vegetarian,rajasthani,1,weight_loss|light
Sabudana Khichdi 1706,breakfast,407,12.5,54.1,17.2,vegetarian,south_indian,1,improve_stamina|carb_rich
Vegetable Soup 1707,dinner,688,5.7,22.3,12.8,vegan,hyderabadi,0,weight_loss|light
Paneer Sandwich 1708,breakfast,317,7.2,72.9,5.4,vegetarian,rajasthani,1,weight_loss|light
Paneer Bhurji 1709,dinner,698,19.5,37.4,21.8,vegetarian,bengali,0,improve_stamina|carb_rich
Dal Tadka 1710,dinner,419,35.2,20.4,6.6,vegetarian,mixed,1,muscle_gain|high_protein
Masala Omelette 1711,breakfast,289,18.2,79.1,22.0,non_vegetarian,hyderabadi,0,improve_stamina|carb_rich
Paneer Sandwich 1712,breakfast,194,8.7,70.1,8.6,vegetarian,hyderabadi,1,weight_loss|light
Roti Sabji 1713,dinner,573,19.2,79.1,14.4,vegetarian,punjabi,0,balanced|beginner
Protein Shake 1714,snack,117,39.0,75.4,16.7,vegetarian,south_indian,1,muscle_gain|high_protein
Fish Fry 1715,dinner,482,12.8,67.0,24.0,non_vegetarian,hyderabadi,0,improve_stamina|carb_rich
Hyderabadi Biryani 1716,lunch,372,15.6,70.3,23.3,non_vegetarian,bengali,0,improve_stamina|carb_rich
Fish Curry Rice 1717,lunch,671,6.5,49.1,14.2,non_vegetarian,punjabi,0,weight_loss|light
Masala Omelette 1718,breakfast,150,8.5,22.2,15.4,non_vegetarian,mixed,1,balanced|beginner
Oats with Milk 1719,breakfast,436,19.1,35.5,3.8,vegetarian,gujarati,1,balanced|beginner
Pav Bhaji 1720,lunch,459,14.8,26.5,12.5,vegetarian,gujarati,1,balanced|beginner
Protein Shake 1721,snack,279,14.5,59.2,22.7,vegetarian,kerala,0,balanced|beginner
Mixed Veg Curry 1722,dinner,358,17.0,36.2,14.9,vegetarian,south_indian,1,weight_loss|light
Tofu Curry 1723,dinner,532,11.0,61.9,18.4,vegan,rajasthani,0,balanced|beginner
Dal Tadka 1724,dinner,541,14.7,71.0,14.8,vegetarian,bengali,0,weight_loss|light
Upma 1725,breakfast,230,6.9,21.1,16.9,vegetarian,gujarati,1,improve_stamina|carb_rich
Tofu Scramble 1726,breakfast,422,18.4,22.4,13.6,vegan,rajasthani,1,balanced|beginner
Fruit Bowl 1727,breakfast,198,14.5,43.0,3.7,vegan,kerala,1,balanced|beginner
Pav Bhaji 1728,lunch,589,16.8,26.2,18.8,vegetarian,north_indian,0,improve_stamina|carb_rich
Corn Chaat 1729,snack,158,5.4,24.2,12.5,vegan,gujarati,1,balanced|beginner
Tofu Stir Fry 1730,lunch,369,25.7,38.3,9.8,vegan,punjabi,1,muscle_gain|high_protein
Sabudana Khichdi 1731,breakfast,315,6.4,35.2,23.2,vegetarian,gujarati,0,weight_loss|light
Idli Sambar 1732,breakfast,407,7.9,26.5,15.8,vegetarian,gujarati,1,weight_loss|light
Dal Tadka 1733,dinner,596,38.3,31.5,4.4,vegetarian,kerala,0,muscle_gain|high_protein
Peanut Chaat 1734,snack,229,12.1,63.7,23.8,vegetarian,rajasthani,0,improve_stamina|carb_rich
Pav Bhaji 1735,lunch,451,42.6,78.6,15.2,vegetarian,punjabi,1,muscle_gain|high_protein
Egg Curry 1736,dinner,557,35.8,61.2,20.0,non_vegetarian,south_indian,0,muscle_gain|high_protein
Peanut Chaat 1737,snack,134,8.5,21.1,13.7,vegetarian,kerala,1,improve_stamina|carb_rich
Masala Omelette 1738,breakfast,254,16.9,74.2,7.3,non_vegetarian,maharashtrian,1,balanced|beginner
Buttermilk 1739,snack,275,7.0,58.3,11.4,vegetarian,rajasthani,1,weight_loss|light
Pav Bhaji 1740,lunch,501,18.6,30.1,14.7,vegetarian,rajasthani,0,improve_stamina|carb_rich
Paneer Sandwich 1741,breakfast,370,40.5,52.1,20.0,vegetarian,bengali,0,muscle_gain|high_protein
Pav Bhaji 1742,lunch,555,20.6,37.7,22.8,vegetarian,gujarati,0,muscle_gain|high_protein
Grilled Chicken 1743,dinner,659,16.0,25.0,13.4,non_vegetarian,mixed,0,weight_loss|light
Roasted Chana 1744,snack,167,13.3,59.2,6.2,vegan,hyderabadi,1,improve_stamina|carb_rich
Idli Sambar 1745,breakfast,315,15.9,73.7,9.8,vegetarian,maharashtrian,1,improve_stamina|carb_rich
Kadhi Rice 1746,lunch,464,16.3,70.9,21.4,vegetarian,maharashtrian,0,improve_stamina|carb_rich
Kadhi Rice 1747,lunch,648,7.4,46.3,11.6,vegetarian,south_indian,0,balanced|beginner
Peanut Chaat 1748,snack,145,33.9,66.4,22.8,vegetarian,north_indian,0,muscle_gain|high_protein
Dal Tadka 1749,dinner,632,9.9,49.3,16.5,vegetarian,bengali,0,weight_loss|light
Upma 1750,breakfast,186,26.4,65.0,24.4,vegetarian,rajasthani,0,muscle_gain|high_protein
Kadhi Rice 1751,lunch,686,19.9,47.6,10.6,vegetarian,rajasthani,0,weight_loss|light
Egg Curry 1752,dinner,607,5.2,44.2,8.0,non_vegetarian,kerala,0,balanced|beginner
Pav Bhaji 1753,lunch,400,8.1,60.1,3.1,vegetarian,rajasthani,1,weight_loss|light
Corn Chaat 1754,snack,231,5.5,38.4,4.8,vegan,rajasthani,1,balanced|beginner
Grilled Chicken 1755,dinner,597,16.1,52.9,12.0,non_vegetarian,maharashtrian,0,weight_loss|light
Egg Curry 1756,dinner,479,11.9,31.4,11.6,non_vegetarian,mixed,1,balanced|beginner
Roti Sabji 1757,dinner,621,14.3,52.1,6.3,vegetarian,gujarati,0,balanced|beginner
Pav Bhaji 1758,lunch,564,14.9,69.6,24.2,vegetarian,rajasthani,0,improve_stamina|carb_rich
Idli Sambar 1759,breakfast,440,16.3,58.7,19.0,vegetarian,north_indian,0,improve_stamina|carb_rich
Thepla 1760,breakfast,174,18.1,74.1,7.3,vegetarian,maharashtrian,1,weight_loss|light
Rajma Chawal 1761,lunch,693,8.5,21.6,18.8,vegetarian,bengali,0,improve_stamina|carb_rich
Vegetable Khichdi 1762,lunch,403,15.0,52.8,15.5,vegetarian,gujarati,1,weight_loss|light
Fruit Bowl 1763,breakfast,225,12.8,25.8,6.7,vegan,north_indian,1,balanced|beginner
Paneer Sandwich 1764,breakfast,269,10.9,30.5,5.7,vegetarian,south_indian,1,balanced|beginner
Peanut Chaat 1765,snack,198,17.1,22.4,19.9,vegetarian,south_indian,0,improve_stamina|carb_rich
Roti Sabji 1766,dinner,380,25.1,50.5,11.0,vegetarian,north_indian,1,muscle_gain|high_protein
Paneer Cubes 1767,snack,293,16.7,52.7,12.1,vegetarian,kerala,1,balanced|beginner
Paneer Bhurji 1768,dinner,353,17.6,45.9,21.3,vegetarian,punjabi,0,weight_loss|light
Fish Curry Rice 1769,lunch,665,27.1,53.8,12.1,non_vegetarian,bengali,0,muscle_gain|high_protein
Paneer Bhurji 1770,dinner,606,7.7,68.4,14.2,vegetarian,south_indian,0,balanced|beginner
Dal Tadka 1771,dinner,378,12.2,53.0,16.5,vegetarian,north_indian,1,balanced|beginner
Chicken Curry Rice 1772,lunch,533,16.2,64.0,14.2,non_vegetarian,hyderabadi,0,weight_loss|light
Vegetable Poha 1773,breakfast,195,9.1,57.3,5.8,vegetarian,punjabi,1,weight_loss|light
Roasted Chana 1774,snack,159,19.5,54.4,24.4,vegan,south_indian,0,muscle_gain|high_protein
Fish Curry Rice 1775,lunch,559,26.5,27.0,15.7,non_vegetarian,punjabi,0,muscle_gain|high_protein
Fish Curry Rice 1776,lunch,387,18.5,71.6,16.7,non_vegetarian,gujarati,1,weight_loss|light
Paneer Cubes 1777,snack,132,10.2,64.3,18.4,vegetarian,bengali,0,weight_loss|light
Fish Fry 1778,dinner,655,36.3,45.6,14.0,non_vegetarian,bengali,0,muscle_gain|high_protein
Sprouts Salad 1779,snack,231,29.0,29.2,23.9,vegan,rajasthani,0,muscle_gain|high_protein
Idli Sambar 1780,breakfast,160,14.6,43.1,14.7,vegetarian,punjabi,1,improve_stamina|carb_rich
Tofu Scramble 1781,breakfast,197,11.0,59.8,9.8,vegan,maharashtrian,1,improve_stamina|carb_rich
Kadhi Rice 1782,lunch,611,13.4,45.9,13.3,vegetarian,bengali,0,improve_stamina|carb_rich
Vegetable Soup 1783,dinner,440,39.7,20.1,14.0,vegan,rajasthani,1,muscle_gain|high_protein
Roasted Chana 1784,snack,186,19.2,53.7,6.7,vegan,bengali,1,balanced|beginner
Paneer Bhurji 1785,dinner,687,8.3,51.0,4.6,vegetarian,north_indian,0,improve_stamina|carb_rich
Upma 1786,breakfast,339,15.7,26.8,21.7,vegetarian,south_indian,0,balanced|beginner
Chicken Curry Rice 1787,lunch,547,14.5,26.0,8.8,non_vegetarian,north_indian,0,improve_stamina|carb_rich
Tofu Stir Fry 1788,lunch,650,5.3,57.3,9.6,vegan,mixed,0,weight_loss|light
Egg Curry 1789,dinner,652,37.0,62.2,9.1,non_vegetarian,north_indian,0,muscle_gain|high_protein
Fruit Bowl 1790,breakfast,372,39.4,24.1,19.4,vegan,maharashtrian,0,muscle_gain|high_protein
Paneer Cubes 1791,snack,126,25.6,46.0,22.7,vegetarian,maharashtrian,0,muscle_gain|high_protein
Protein Shake 1792,snack,116,9.3,43.4,13.8,vegetarian,north_indian,1,weight_loss|light
Paneer Cubes 1793,snack,272,44.7,34.9,14.4,vegetarian,punjabi,1,muscle_gain|high_protein
Egg Curry 1794,dinner,522,41.6,77.1,19.1,non_vegetarian,hyderabadi,0,muscle_gain|high_protein
Buttermilk 1795,snack,255,7.3,69.2,11.1,vegetarian,bengali,1,balanced|beginner
Paneer Bhurji 1796,dinner,622,15.2,56.2,16.7,vegetarian,south_indian,0,weight_loss|light
Paneer Roti 1797,lunch,572,6.6,74.6,4.8,vegetarian,maharashtrian,0,weight_loss|light
Fruit Salad 1798,snack,142,12.7,80.0,24.0,vegan,punjabi,0,weight_loss|light
Protein Shake 1799,snack,215,10.2,67.4,8.8,vegetarian,south_indian,1,weight_loss|light
Paneer Sandwich 1800,breakfast,439,8.5,23.2,19.3,vegetarian,bengali,0,weight_loss|light
Dal Rice 1801,lunch,604,19.0,54.7,17.9,vegetarian,kerala,0,improve_stamina|carb_rich
Egg Curry 1802,dinner,587,38.2,52.1,22.9,non_vegetarian,mixed,0,muscle_gain|high_protein
Fish Curry Rice 1803,lunch,465,18.1,46.8,8.3,non_vegetarian,punjabi,1,balanced|beginner
Buttermilk 1804,snack,246,17.1,32.2,6.9,vegetarian,bengali,1,weight_loss|light
Paneer Sandwich 1805,breakfast,174,16.3,39.7,12.8,vegetarian,hyderabadi,1,balanced|beginner
Hyderabadi Biryani 1806,lunch,422,27.0,34.8,9.0,non_vegetarian,rajasthani,1,muscle_gain|high_protein
Thepla 1807,breakfast,298,8.0,76.8,16.9,vegetarian,south_indian,1,improve_stamina|carb_rich
Sprouts Salad 1808,snack,103,17.8,20.4,6.2,vegan,south_indian,1,balanced|beginner
Oats with Milk 1809,breakfast,411,8.4,34.6,11.6,vegetarian,punjabi,1,balanced|beginner
Sabudana Khichdi 1810,breakfast,209,8.7,55.8,7.1,vegetarian,rajasthani,1,balanced|beginner
Roasted Chana 1811,snack,295,15.4,56.8,12.8,vegan,bengali,1,improve_stamina|carb_rich
Roasted Chana 1812,snack,180,11.8,77.9,7.9,vegan,north_indian,1,improve_stamina|carb_rich
Paneer Sandwich 1813,breakfast,298,30.6,40.2,23.9,vegetarian,hyderabadi,0,muscle_gain|high_protein
Roti Sabji 1814,dinner,639,19.4,52.5,14.4,vegetarian,mixed,0,balanced|beginner
Sprouts Salad 1815,snack,154,13.3,25.3,10.2,vegan,rajasthani,1,weight_loss|light
Vegetable Khichdi 1816,lunch,423,14.7,40.3,11.6,vegetarian,maharashtrian,1,improve_stamina|carb_rich
Vegetable Soup 1817,dinner,490,30.7,38.3,23.3,vegan,kerala,0,muscle_gain|high_protein
Mixed Veg Curry 1818,dinner,565,19.4,74.5,12.5,vegetarian,hyderabadi,0,muscle_gain|high_protein
Upma 1819,breakfast,159,7.3,72.3,24.7,vegetarian,south_indian,0,balanced|beginner
Idli Sambar 1820,breakfast,375,16.6,31.9,16.6,vegetarian,hyderabadi,1,balanced|beginner
Paneer Cubes 1821,snack,93,11.6,68.2,22.6,vegetarian,gujarati,0,improve_stamina|carb_rich
Paneer Cubes 1822,snack,178,18.2,65.5,19.6,vegetarian,hyderabadi,0,muscle_gain|high_protein
Dal Rice 1823,lunch,516,6.5,39.8,4.8,vegetarian,south_indian,0,weight_loss|light
Protein Shake 1824,snack,81,24.8,20.0,5.7,vegetarian,south_indian,1,muscle_gain|high_protein
Vegetable Soup 1825,dinner,528,23.3,37.7,9.4,vegan,maharashtrian,0,muscle_gain|high_protein
Masala Omelette 1826,breakfast,410,12.5,58.9,13.1,non_vegetarian,rajasthani,1,weight_loss|light
Fish Fry 1827,dinner,552,13.3,49.4,10.2,non_vegetarian,maharashtrian,0,weight_loss|light
Kadhi Rice 1828,lunch,487,7.8,50.7,16.9,vegetarian,bengali,1,balanced|beginner
Tofu Scramble 1829,breakfast,374,5.3,52.0,21.2,vegan,north_indian,0,balanced|beginner
Vegetable Soup 1830,dinner,456,10.5,30.7,11.4,vegan,kerala,1,improve_stamina|carb_rich
Thepla 1831,breakfast,268,11.3,62.3,4.0,vegetarian,south_indian,1,balanced|beginner
Paneer Bhurji 1832,dinner,700,9.9,48.9,20.9,vegetarian,hyderabadi,0,balanced|beginner
Roti Sabji 1833,dinner,430,17.9,47.7,6.3,vegetarian,south_indian,1,weight_loss|light
Tofu Scramble 1834,breakfast,192,18.1,34.4,10.8,vegan,south_indian,1,muscle_gain|high_protein
Fruit Salad 1835,snack,279,40.4,35.8,17.2,vegan,mixed,1,muscle_gain|high_protein
Protein Shake 1836,snack,147,16.5,35.7,15.1,vegetarian,north_indian,1,improve_stamina|carb_rich
Corn Chaat 1837,snack,248,14.5,37.3,11.8,vegan,hyderabadi,1,balanced|beginner
Paneer Bhurji 1838,dinner,676,19.0,51.2,16.5,vegetarian,hyderabadi,0,balanced|beginner
Sabudana Khichdi 1839,breakfast,275,19.7,26.9,6.4,vegetarian,gujarati,1,improve_stamina|carb_rich
Thepla 1840,breakfast,360,19.6,34.5,19.5,vegetarian,mixed,0,improve_stamina|carb_rich
Paneer Bhurji 1841,dinner,626,11.6,58.7,20.3,vegetarian,north_indian,0,balanced|beginner
Sprouts Salad 1842,snack,262,17.2,68.3,7.9,vegan,kerala,1,balanced|beginner
Egg Curry 1843,dinner,365,31.2,43.7,10.8,non_vegetarian,hyderabadi,1,muscle_gain|high_protein
Protein Shake 1844,snack,180,19.8,63.5,6.8,vegetarian,kerala,1,improve_stamina|carb_rich
Paneer Roti 1845,lunch,516,15.9,67.0,20.1,vegetarian,rajasthani,0,balanced|beginner
Rajma Chawal 1846,lunch,630,22.9,68.6,23.7,vegetarian,maharashtrian,0,muscle_gain|high_protein
Grilled Chicken 1847,dinner,573,13.6,61.8,13.8,non_vegetarian,south_indian,0,balanced|beginner
Vegetable Khichdi 1848,lunch,368,34.1,46.6,22.1,vegetarian,maharashtrian,0,muscle_gain|high_protein
Roasted Chana 1849,snack,124,18.0,34.6,17.9,vegan,mixed,1,balanced|beginner
Fruit Salad 1850,snack,212,14.8,72.0,11.2,vegan,south_indian,1,improve_stamina|carb_rich
Sprouts Salad 1851,snack,245,18.7,34.7,8.0,vegan,punjabi,1,balanced|beginner
Fruit Bowl 1852,breakfast,436,16.7,58.6,18.3,vegan,hyderabadi,0,weight_loss|light
Egg Curry 1853,dinner,680,14.3,61.6,22.9,non_vegetarian,gujarati,0,balanced|beginner
Vegetable Khichdi 1854,lunch,490,17.0,75.1,3.2,vegetarian,bengali,1,balanced|beginner
Rajma Chawal 1855,lunch,510,41.4,26.9,8.4,vegetarian,kerala,0,muscle_gain|high_protein
Tofu Scramble 1856,breakfast,237,7.8,34.9,18.9,vegan,mixed,0,balanced|beginner
Rajma Chawal 1857,lunch,531,19.3,30.8,18.3,vegetarian,gujarati,0,improve_stamina|carb_rich
Tofu Scramble 1858,breakfast,267,9.1,48.6,5.2,vegan,punjabi,1,balanced|beginner
Grilled Chicken 1859,dinner,580,38.4,63.2,14.6,non_vegetarian,gujarati,0,muscle_gain|high_protein
Chicken Curry Rice 1860,lunch,692,13.8,48.1,19.3,non_vegetarian,bengali,0,weight_loss|light
Sabudana Khichdi 1861,breakfast,428,7.5,42.2,7.4,vegetarian,hyderabadi,1,weight_loss|light
Fish Fry 1862,dinner,515,19.0,46.7,7.5,non_vegetarian,maharashtrian,0,improve_stamina|carb_rich
Paneer Roti 1863,lunch,493,36.2,32.2,18.1,vegetarian,bengali,0,muscle_gain|high_protein
Egg Curry 1864,dinner,551,7.5,53.1,6.5,non_vegetarian,maharashtrian,0,balanced|beginner
Egg Curry 1865,dinner,409,10.0,61.3,8.4,non_vegetarian,maharashtrian,1,improve_stamina|carb_rich
Fish Fry 1866,dinner,660,13.7,34.2,19.7,non_vegetarian,south_indian,0,improve_stamina|carb_rich
Vegetable Soup 1867,dinner,629,12.3,62.3,12.3,vegan,south_indian,0,weight_loss|light
Protein Shake 1868,snack,181,12.5,35.2,15.8,vegetarian,gujarati,1,improve_stamina|carb_rich
Fruit Salad 1869,snack,118,11.5,22.2,4.5,vegan,north_indian,1,improve_stamina|carb_rich
Corn Chaat 1870,snack,253,23.7,24.5,8.8,vegan,maharashtrian,1,muscle_gain|high_protein
Fish Fry 1871,dinner,493,35.7,48.7,9.5,non_vegetarian,kerala,1,muscle_gain|high_protein
Paneer Cubes 1872,snack,113,15.6,41.0,4.4,vegetarian,bengali,1,improve_stamina|carb_rich
Roti Sabji 1873,dinner,674,10.8,27.9,6.1,vegetarian,mixed,0,improve_stamina|carb_rich
Kadhi Rice 1874,lunch,561,35.5,67.3,16.2,vegetarian,north_indian,0,muscle_gain|high_protein
Chicken Curry Rice 1875,lunch,585,16.1,79.8,12.2,non_vegetarian,kerala,0,improve_stamina|carb_rich
Tofu Stir Fry 1876,lunch,381,38.7,26.0,13.5,vegan,rajasthani,1,muscle_gain|high_protein
Grilled Chicken 1877,dinner,394,18.5,62.4,8.2,non_vegetarian,mixed,1,weight_loss|light
Paneer Bhurji 1878,dinner,683,23.7,39.8,17.5,vegetarian,south_indian,0,muscle_gain|high_protein
Paneer Cubes 1879,snack,157,16.9,55.0,21.2,vegetarian,punjabi,0,weight_loss|light
Roti Sabji 1880,dinner,606,14.6,48.8,5.4,vegetarian,south_indian,0,balanced|beginner
Dal Tadka 1881,dinner,466,8.4,59.5,14.2,vegetarian,rajasthani,1,balanced|beginner
Paneer Sandwich 1882,breakfast,414,29.9,65.6,8.3,vegetarian,punjabi,1,muscle_gain|high_protein
Sprouts Salad 1883,snack,271,34.2,71.7,10.1,vegan,punjabi,1,muscle_gain|high_protein
Peanut Chaat 1884,snack,193,19.7,46.5,25.0,vegetarian,hyderabadi,0,improve_stamina|carb_rich
Tofu Curry 1885,dinner,384,8.4,57.0,20.7,vegan,kerala,0,improve_stamina|carb_rich
Peanut Chaat 1886,snack,204,12.5,55.8,23.7,vegetarian,south_indian,0,balanced|beginner
Grilled Chicken 1887,dinner,671,42.2,74.0,9.5,non_vegetarian,rajasthani,0,muscle_gain|high_protein
Dal Tadka 1888,dinner,426,27.5,49.7,13.5,vegetarian,north_indian,1,muscle_gain|high_protein
Pav Bhaji 1889,lunch,624,30.0,56.5,22.1,vegetarian,kerala,0,muscle_gain|high_protein
Rajma Chawal 1890,lunch,463,38.1,42.9,23.4,vegetarian,bengali,0,muscle_gain|high_protein
Paneer Sandwich 1891,breakfast,286,16.7,47.6,16.8,vegetarian,punjabi,1,balanced|beginner
Pav Bhaji 1892,lunch,602,15.4,69.8,8.9,vegetarian,maharashtrian,0,improve_stamina|carb_rich
Fish Fry 1893,dinner,600,33.3,67.9,13.9,non_vegetarian,maharashtrian,0,muscle_gain|high_protein
Tofu Stir Fry 1894,lunch,627,14.8,41.6,24.3,vegan,hyderabadi,0,improve_stamina|carb_rich
Buttermilk 1895,snack,90,43.1,47.3,20.5,vegetarian,south_indian,0,muscle_gain|high_protein
Roasted Chana 1896,snack,101,41.1,71.8,15.8,vegan,rajasthani,1,muscle_gain|high_protein
Egg Curry 1897,dinner,491,10.0,58.4,17.0,non_vegetarian,kerala,1,improve_stamina|carb_rich
Idli Sambar 1898,breakfast,168,31.4,58.6,18.0,vegetarian,gujarati,1,muscle_gain|high_protein
Sprouts Salad 1899,snack,113,15.8,71.9,14.6,vegan,bengali,1,improve_stamina|carb_rich
Mixed Veg Curry 1900,dinner,381,13.8,28.1,23.6,vegetarian,kerala,0,weight_loss|light
Corn Chaat 1901,snack,238,11.1,34.1,4.2,vegan,hyderabadi,1,improve_stamina|carb_rich
Paneer Roti 1902,lunch,361,16.3,28.3,16.3,vegetarian,kerala,1,improve_stamina|carb_rich
Sabudana Khichdi 1903,breakfast,272,17.5,39.4,11.4,vegetarian,north_indian,1,weight_loss|light
Pav Bhaji 1904,lunch,466,7.7,20.5,18.3,vegetarian,punjabi,0,balanced|beginner
Buttermilk 1905,snack,182,17.2,45.7,11.8,vegetarian,maharashtrian,1,balanced|beginner
Egg Curry 1906,dinner,568,10.7,70.6,21.2,non_vegetarian,hyderabadi,0,balanced|beginner
Roasted Chana 1907,snack,296,8.1,45.9,15.3,vegan,mixed,1,weight_loss|light
Tofu Curry 1908,dinner,396,38.3,71.5,11.7,vegan,rajasthani,1,muscle_gain|high_protein
Corn Chaat 1909,snack,247,26.5,63.6,19.1,vegan,rajasthani,0,muscle_gain|high_protein
Paneer Sandwich 1910,breakfast,420,14.7,59.1,18.5,vegetarian,rajasthani,0,weight_loss|light
Boiled Eggs 1911,snack,114,10.5,51.2,23.3,non_vegetarian,south_indian,0,improve_stamina|carb_rich
Buttermilk 1912,snack,152,11.6,46.3,22.5,vegetarian,hyderabadi,0,improve_stamina|carb_rich
Sabudana Khichdi 1913,breakfast,176,8.1,56.5,6.6,vegetarian,south_indian,1,balanced|beginner
Sprouts Salad 1914,snack,242,14.4,70.0,13.3,vegan,north_indian,1,weight_loss|light
Kadhi Rice 1915,lunch,475,11.9,64.4,24.0,vegetarian,punjabi,0,weight_loss|light
Roasted Chana 1916,snack,269,8.9,71.0,4.5,vegan,rajasthani,1,balanced|beginner
Paneer Cubes 1917,snack,191,25.8,47.5,21.5,vegetarian,north_indian,0,muscle_gain|high_protein
Roti Sabji 1918,dinner,640,9.6,29.3,23.4,vegetarian,hyderabadi,0,improve_stamina|carb_rich
Buttermilk 1919,snack,235,39.7,29.2,21.3,vegetarian,punjabi,0,muscle_gain|high_protein
Roti Sabji 1920,dinner,472,6.3,27.5,12.8,vegetarian,gujarati,1,weight_loss|light
Pav Bhaji 1921,lunch,463,16.2,33.2,22.9,vegetarian,mixed,0,improve_stamina|carb_rich
Tofu Scramble 1922,breakfast,338,15.5,20.8,3.3,vegan,north_indian,1,balanced|beginner
Peanut Chaat 1923,snack,223,15.6,27.6,11.3,vegetarian,bengali,1,improve_stamina|carb_rich
Thepla 1924,breakfast,233,19.1,72.8,13.4,vegetarian,mixed,1,weight_loss|light
Grilled Chicken 1925,dinner,505,34.0,50.1,19.1,non_vegetarian,gujarati,0,muscle_gain|high_protein
Roti Sabji 1926,dinner,465,9.5,65.0,15.4,vegetarian,hyderabadi,1,balanced|beginner
Fruit Bowl 1927,breakfast,329,13.3,65.6,3.3,vegan,punjabi,1,balanced|beginner
Protein Shake 1928,snack,190,14.4,40.1,12.6,vegetarian,bengali,1,balanced|beginner
Thepla 1929,breakfast,203,13.7,56.5,6.5,vegetarian,maharashtrian,1,improve_stamina|carb_rich
Chicken Curry Rice 1930,lunch,605,14.3,51.7,20.5,non_vegetarian,hyderabadi,0,balanced|beginner
Fish Fry 1931,dinner,422,19.9,34.1,5.3,non_vegetarian,mixed,1,improve_stamina|carb_rich
Dal Rice 1932,lunch,450,8.8,59.4,20.0,vegetarian,south_indian,0,weight_loss|light
Fish Curry Rice 1933,lunch,450,16.0,25.1,23.6,non_vegetarian,gujarati,0,balanced|beginner
Roasted Chana 1934,snack,261,8.0,66.7,18.7,vegan,punjabi,0,improve_stamina|carb_rich
Sprouts Salad 1935,snack,213,23.3,40.5,23.9,vegan,north_indian,0,muscle_gain|high_protein
Egg Curry 1936,dinner,529,12.0,33.8,19.0,non_vegetarian,rajasthani,0,improve_stamina|carb_rich
Egg Curry 1937,dinner,664,19.0,25.3,3.2,non_vegetarian,hyderabadi,0,improve_stamina|carb_rich
Tofu Stir Fry 1938,lunch,479,30.7,39.8,23.0,vegan,mixed,0,muscle_gain|high_protein
Grilled Chicken 1939,dinner,594,8.1,27.7,4.0,non_vegetarian,south_indian,0,improve_stamina|carb_rich
Vegetable Soup 1940,dinner,644,14.6,78.5,4.2,vegan,hyderabadi,0,weight_loss|light
Peanut Chaat 1941,snack,277,19.2,64.5,24.9,vegetarian,kerala,0,balanced|beginner
Vegetable Poha 1942,breakfast,359,35.2,30.4,5.7,vegetarian,bengali,1,muscle_gain|high_protein
Fruit Salad 1943,snack,295,8.2,47.1,5.9,vegan,gujarati,1,improve_stamina|carb_rich
Peanut Chaat 1944,snack,248,39.5,56.0,19.0,vegetarian,north_indian,0,muscle_gain|high_protein
Roti Sabji 1945,dinner,627,39.2,20.0,21.0,vegetarian,kerala,0,muscle_gain|high_protein
Thepla 1946,breakfast,442,17.9,65.0,10.4,vegetarian,bengali,1,improve_stamina|carb_rich
Vegetable Soup 1947,dinner,483,17.6,43.2,22.5,vegan,maharashtrian,0,weight_loss|light
Vegetable Poha 1948,breakfast,161,33.4,72.8,14.7,vegetarian,kerala,1,muscle_gain|high_protein
Vegetable Poha 1949,breakfast,248,14.1,20.6,3.9,vegetarian,kerala,1,improve_stamina|carb_rich
Kadhi Rice 1950,lunch,468,13.1,37.0,21.5,vegetarian,bengali,0,weight_loss|light
Vegetable Khichdi 1951,lunch,601,15.5,20.7,10.7,vegetarian,maharashtrian,0,improve_stamina|carb_rich
Peanut Chaat 1952,snack,126,5.1,23.1,23.3,vegetarian,south_indian,0,improve_stamina|carb_rich
Tofu Curry 1953,dinner,642,18.0,37.1,13.6,vegan,hyderabadi,0,weight_loss|light
Paneer Sandwich 1954,breakfast,449,5.6,55.5,15.6,vegetarian,kerala,1,improve_stamina|carb_rich
Oats with Milk 1955,breakfast,172,7.4,75.5,15.9,vegetarian,rajasthani,1,improve_stamina|carb_rich
Peanut Chaat 1956,snack,174,7.3,71.5,21.3,vegetarian,hyderabadi,0,improve_stamina|carb_rich
Mixed Veg Curry 1957,dinner,475,12.1,44.7,18.2,vegetarian,hyderabadi,0,balanced|beginner
Tofu Stir Fry 1958,lunch,680,13.2,69.5,24.6,vegan,kerala,0,balanced|beginner
Corn Chaat 1959,snack,189,35.9,53.0,8.6,vegan,bengali,1,muscle_gain|high_protein
Chicken Curry Rice 1960,lunch,607,7.7,26.8,12.1,non_vegetarian,kerala,0,weight_loss|light
Fish Fry 1961,dinner,467,13.8,26.7,11.5,non_vegetarian,south_indian,1,balanced|beginner
Masala Omelette 1962,breakfast,237,7.3,70.6,10.2,non_vegetarian,mixed,1,balanced|beginner
Corn Chaat 1963,snack,139,5.7,56.8,5.1,vegan,kerala,1,balanced|beginner
Roti Sabji 1964,dinner,591,8.7,35.3,22.8,vegetarian,punjabi,0,weight_loss|light
Corn Chaat 1965,snack,184,10.9,76.6,18.4,vegan,punjabi,0,weight_loss|light
Dal Tadka 1966,dinner,640,19.2,46.8,16.2,vegetarian,hyderabadi,0,improve_stamina|carb_rich
Chicken Curry Rice 1967,lunch,360,16.1,41.0,19.1,non_vegetarian,kerala,0,improve_stamina|carb_rich
Sabudana Khichdi 1968,breakfast,241,37.8,52.3,18.2,vegetarian,gujarati,0,muscle_gain|high_protein
Fruit Bowl 1969,breakfast,197,11.9,49.9,21.6,vegan,gujarati,0,balanced|beginner
Paneer Roti 1970,lunch,465,12.9,37.9,4.5,vegetarian,punjabi,1,balanced|beginner
Dal Tadka 1971,dinner,557,16.0,28.7,4.5,vegetarian,rajasthani,0,improve_stamina|carb_rich
Sabudana Khichdi 1972,breakfast,430,5.1,54.1,12.9,vegetarian,punjabi,1,balanced|beginner
Mixed Veg Curry 1973,dinner,450,5.7,42.3,23.7,vegetarian,north_indian,0,improve_stamina|carb_rich
Paneer Cubes 1974,snack,129,15.1,79.2,15.7,vegetarian,mixed,1,weight_loss|light
Hyderabadi Biryani 1975,lunch,398,5.6,48.4,15.2,non_vegetarian,punjabi,1,weight_loss|light
Fruit Bowl 1976,breakfast,214,8.0,52.4,4.3,vegan,punjabi,1,weight_loss|light
Paneer Bhurji 1977,dinner,692,17.9,49.0,22.2,vegetarian,hyderabadi,0,balanced|beginner
Hyderabadi Biryani 1978,lunch,579,14.7,62.8,16.1,non_vegetarian,maharashtrian,0,balanced|beginner
Paneer Sandwich 1979,breakfast,294,14.8,47.7,4.3,vegetarian,north_indian,1,improve_stamina|carb_rich
Peanut Chaat 1980,snack,101,9.3,24.7,24.7,vegetarian,bengali,0,improve_stamina|carb_rich
Paneer Sandwich 1981,breakfast,202,7.1,71.0,17.3,vegetarian,bengali,1,improve_stamina|carb_rich
Vegetable Soup 1982,dinner,437,11.6,37.0,19.1,vegan,mixed,0,balanced|beginner
Peanut Chaat 1983,snack,142,6.2,77.5,4.9,vegetarian,hyderabadi,1,weight_loss|light
Chicken Curry Rice 1984,lunch,546,24.4,74.5,3.8,non_vegetarian,bengali,0,muscle_gain|high_protein
Idli Sambar 1985,breakfast,163,18.7,37.7,22.7,vegetarian,rajasthani,0,balanced|beginner
Fish Curry Rice 1986,lunch,445,28.4,67.4,3.0,non_vegetarian,rajasthani,1,muscle_gain|high_protein
Boiled Eggs 1987,snack,128,8.0,55.2,21.3,non_vegetarian,kerala,0,balanced|beginner
Pav Bhaji 1988,lunch,539,26.8,68.7,21.4,vegetarian,gujarati,0,muscle_gain|high_protein
Sabudana Khichdi 1989,breakfast,163,14.4,64.1,10.8,vegetarian,punjabi,1,weight_loss|light
Fruit Salad 1990,snack,135,9.8,32.8,15.7,vegan,punjabi,1,balanced|beginner
Tofu Stir Fry 1991,lunch,646,25.8,77.1,5.8,vegan,maharashtrian,0,muscle_gain|high_protein
Rajma Chawal 1992,lunch,538,14.5,30.9,19.0,vegetarian,south_indian,0,weight_loss|light
Grilled Chicken 1993,dinner,518,14.2,49.1,23.2,non_vegetarian,south_indian,0,improve_stamina|carb_rich
Fish Curry Rice 1994,lunch,590,35.9,49.7,24.2,non_vegetarian,gujarati,0,muscle_gain|high_protein
Roti Sabji 1995,dinner,607,16.4,59.1,5.8,vegetarian,kerala,0,weight_loss|light
Pav Bhaji 1996,lunch,438,24.6,26.4,17.4,vegetarian,punjabi,1,muscle_gain|high_protein
Kadhi Rice 1997,lunch,513,36.8,58.7,3.2,vegetarian,north_indian,0,muscle_gain|high_protein
Roti Sabji 1998,dinner,367,7.4,50.4,4.2,vegetarian,gujarati,1,balanced|beginner
Mixed Veg Curry 1999,dinner,683,17.7,45.7,3.2,vegetarian,north_indian,0,weight_loss|light
Protein Shake 2000,snack,294,11.7,67.6,9.2,vegetarian,punjabi,1,weight_loss|light
Chicken Curry Rice 2001,lunch,679,11.2,34.7,8.4,non_vegetarian,kerala,0,improve_stamina|carb_rich
Vegetable Khichdi 2002,lunch,368,18.5,34.3,10.9,vegetarian,kerala,1,improve_stamina|carb_rich
Rajma Chawal 2003,lunch,421,24.6,76.0,19.3,vegetarian,rajasthani,0,muscle_gain|high_protein
Peanut Chaat 2004,snack,84,11.5,43.9,16.3,vegetarian,north_indian,1,balanced|beginner
Boiled Eggs 2005,snack,292,22.5,59.9,17.2,non_vegetarian,south_indian,1,muscle_gain|high_protein
Paneer Roti 2006,lunch,411,19.2,70.6,4.4,vegetarian,punjabi,1,weight_loss|light
Masala Omelette 2007,breakfast,418,15.9,65.5,9.5,non_vegetarian,rajasthani,1,improve_stamina|carb_rich
Paneer Sandwich 2008,breakfast,158,5.3,40.0,3.7,vegetarian,north_indian,1,balanced|beginner
Oats with Milk 2009,breakfast,269,9.7,52.7,19.6,vegetarian,gujarati,0,improve_stamina|carb_rich
Tofu Scramble 2010,breakfast,229,16.7,60.5,14.1,vegan,north_indian,1,improve_stamina|carb_rich
Oats with Milk 2011,breakfast,230,14.3,45.3,13.6,vegetarian,punjabi,1,balanced|beginner
Dal Tadka 2012,dinner,583,8.9,36.8,7.7,vegetarian,maharashtrian,0,improve_stamina|carb_rich
Tofu Scramble 2013,breakfast,336,28.4,23.2,22.6,vegan,north_indian,0,muscle_gain|high_protein
Buttermilk 2014,snack,180,16.0,68.6,20.0,vegetarian,rajasthani,0,improve_stamina|carb_rich
Roasted Chana 2015,snack,81,11.7,30.9,3.1,vegan,maharashtrian,1,balanced|beginner
Grilled Chicken 2016,dinner,400,45.0,40.2,17.4,non_vegetarian,south_indian,1,muscle_gain|high_protein
Paneer Sandwich 2017,breakfast,368,33.1,29.5,3.7,vegetarian,gujarati,1,muscle_gain|high_protein
Thepla 2018,breakfast,418,37.1,71.5,7.1,vegetarian,south_indian,1,muscle_gain|high_protein
Sabudana Khichdi 2019,breakfast,221,7.2,56.2,6.9,vegetarian,bengali,1,improve_stamina|carb_rich
Oats with Milk 2020,breakfast,380,13.5,36.7,16.2,vegetarian,hyderabadi,1,weight_loss|light
Mixed Veg Curry 2021,dinner,470,30.7,29.7,22.1,vegetarian,rajasthani,0,muscle_gain|high_protein
Protein Shake 2022,snack,167,16.4,50.5,12.9,vegetarian,mixed,1,weight_loss|light
Masala Omelette 2023,breakfast,388,11.9,59.6,5.4,non_vegetarian,north_indian,1,balanced|beginner
Fruit Bowl 2024,breakfast,264,18.5,29.4,4.6,vegan,kerala,1,muscle_gain|high_protein
Paneer Bhurji 2025,dinner,653,41.4,50.1,19.4,vegetarian,kerala,0,muscle_gain|high_protein
Pav Bhaji 2026,lunch,354,9.6,70.0,20.0,vegetarian,gujarati,0,balanced|beginner
Fruit Salad 2027,snack,116,40.9,75.2,13.4,vegan,hyderabadi,1,muscle_gain|high_protein
Protein Shake 2028,snack,105,18.0,51.8,19.8,vegetarian,kerala,0,weight_loss|light
Fish Curry Rice 2029,lunch,403,8.3,67.4,5.6,non_vegetarian,kerala,1,improve_stamina|carb_rich
Upma 2030,breakfast,250,15.0,24.6,10.0,vegetarian,rajasthani,1,improve_stamina|carb_rich
Sprouts Salad 2031,snack,224,6.7,65.0,21.8,vegan,gujarati,0,improve_stamina|carb_rich
Paneer Sandwich 2032,breakfast,428,18.7,75.8,16.7,vegetarian,punjabi,1,muscle_gain|high_protein
Masala Omelette 2033,breakfast,403,12.2,71.6,15.7,non_vegetarian,north_indian,1,improve_stamina|carb_rich
Tofu Stir Fry 2034,lunch,520,15.7,52.5,16.6,vegan,hyderabadi,0,improve_stamina|carb_rich
Dal Rice 2035,lunch,640,7.1,59.8,14.1,vegetarian,hyderabadi,0,weight_loss|light
Rajma Chawal 2036,lunch,678,15.3,32.5,10.9,vegetarian,south_indian,0,improve_stamina|carb_rich
Upma 2037,breakfast,177,13.3,28.2,14.0,vegetarian,rajasthani,1,balanced|beginner
Peanut Chaat 2038,snack,181,12.6,65.4,10.6,vegetarian,mixed,1,improve_stamina|carb_rich
Boiled Eggs 2039,snack,122,13.7,73.5,24.4,non_vegetarian,mixed,0,weight_loss|light
Buttermilk 2040,snack,278,17.8,55.9,21.4,vegetarian,rajasthani,0,improve_stamina|carb_rich
Tofu Curry 2041,dinner,609,12.5,20.9,17.8,vegan,bengali,0,balanced|beginner
Rajma Chawal 2042,lunch,651,12.0,37.6,17.8,vegetarian,bengali,0,balanced|beginner
Fish Fry 2043,dinner,370,38.9,28.9,24.6,non_vegetarian,bengali,0,muscle_gain|high_protein
Roti Sabji 2044,dinner,549,19.7,75.9,4.1,vegetarian,mixed,0,muscle_gain|high_protein
Fish Curry Rice 2045,lunch,487,17.0,26.1,7.7,non_vegetarian,rajasthani,1,weight_loss|light
Kadhi Rice 2046,lunch,406,10.9,25.6,9.7,vegetarian,kerala,1,improve_stamina|carb_rich
Protein Shake 2047,snack,205,39.3,70.8,19.8,vegetarian,maharashtrian,0,muscle_gain|high_protein
Corn Chaat 2048,snack,271,21.3,62.1,18.1,vegan,punjabi,0,muscle_gain|high_protein
Tofu Stir Fry 2049,lunch,631,17.4,63.3,12.5,vegan,bengali,0,balanced|beginner
Kadhi Rice 2050,lunch,415,44.2,40.3,3.2,vegetarian,maharashtrian,1,muscle_gain|high_protein
Hyderabadi Biryani 2051,lunch,453,41.6,74.7,7.0,non_vegetarian,hyderabadi,1,muscle_gain|high_protein
Oats with Milk 2052,breakfast,299,14.9,77.9,14.3,vegetarian,mixed,1,improve_stamina|carb_rich
Vegetable Soup 2053,dinner,444,38.0,38.8,20.2,vegan,kerala,0,muscle_gain|high_protein
Idli Sambar 2054,breakfast,336,44.3,39.0,8.1,vegetarian,north_indian,1,muscle_gain|high_protein
Kadhi Rice 2055,lunch,516,28.5,77.1,19.4,vegetarian,bengali,0,muscle_gain|high_protein
Paneer Bhurji 2056,dinner,608,5.0,79.1,13.3,vegetarian,hyderabadi,0,improve_stamina|carb_rich
Tofu Stir Fry 2057,lunch,464,20.0,31.0,14.2,vegan,mixed,1,improve_stamina|carb_rich
Grilled Chicken 2058,dinner,628,7.6,69.6,19.7,non_vegetarian,rajasthani,0,balanced|beginner
Tofu Curry 2059,dinner,443,6.7,22.1,24.3,vegan,mixed,0,weight_loss|light
Roasted Chana 2060,snack,127,10.8,42.8,22.3,vegan,gujarati,0,weight_loss|light
Paneer Roti 2061,lunch,612,19.1,64.2,22.7,vegetarian,kerala,0,muscle_gain|high_protein
Paneer Cubes 2062,snack,160,19.8,45.7,3.5,vegetarian,bengali,1,improve_stamina|carb_rich
Hyderabadi Biryani 2063,lunch,415,18.3,74.5,8.5,non_vegetarian,hyderabadi,1,improve_stamina|carb_rich
Vegetable Soup 2064,dinner,671,14.9,37.3,19.1,vegan,hyderabadi,0,balanced|beginner
Upma 2065,breakfast,270,9.5,31.2,16.3,vegetarian,bengali,1,balanced|beginner
Boiled Eggs 2066,snack,110,13.0,31.9,14.9,non_vegetarian,maharashtrian,1,weight_loss|light
Tofu Stir Fry 2067,lunch,653,17.2,21.9,12.4,vegan,gujarati,0,improve_stamina|carb_rich
Fruit Bowl 2068,breakfast,415,5.1,66.6,11.9,vegan,maharashtrian,1,improve_stamina|carb_rich
Corn Chaat 2069,snack,268,10.0,37.1,7.2,vegan,maharashtrian,1,weight_loss|light
Sabudana Khichdi 2070,breakfast,230,12.8,39.2,6.0,vegetarian,south_indian,1,improve_stamina|carb_rich
Roasted Chana 2071,snack,151,10.6,34.2,11.9,vegan,hyderabadi,1,balanced|beginner
Paneer Roti 2072,lunch,679,12.7,74.2,22.2,vegetarian,punjabi,0,balanced|beginner
Pav Bhaji 2073,lunch,628,40.2,29.4,14.4,vegetarian,north_indian,0,muscle_gain|high_protein
Dal Rice 2074,lunch,603,17.5,37.3,21.6,vegetarian,south_indian,0,balanced|beginner
Fish Fry 2075,dinner,611,41.5,68.1,24.3,non_vegetarian,mixed,0,muscle_gain|high_protein
Roasted Chana 2076,snack,87,40.3,65.6,4.8,vegan,hyderabadi,1,muscle_gain|high_protein
Paneer Roti 2077,lunch,446,15.3,32.6,12.1,vegetarian,rajasthani,1,weight_loss|light
Vegetable Poha 2078,breakfast,412,14.2,42.7,20.8,vegetarian,gujarati,0,balanced|beginner
Dal Rice 2079,lunch,579,8.1,69.4,19.9,vegetarian,bengali,0,improve_stamina|carb_rich
Chicken Curry Rice 2080,lunch,388,32.2,50.4,20.4,non_vegetarian,punjabi,0,muscle_gain|high_protein
Vegetable Khichdi 2081,lunch,553,14.8,52.3,4.7,vegetarian,punjabi,0,balanced|beginner
Rajma Chawal 2082,lunch,613,18.6,32.0,8.9,vegetarian,south_indian,0,muscle_gain|high_protein
Fish Curry Rice 2083,lunch,620,5.3,55.6,4.7,non_vegetarian,south_indian,0,weight_loss|light
Mixed Veg Curry 2084,dinner,495,8.3,53.3,11.6,vegetarian,north_indian,1,improve_stamina|carb_rich
Paneer Cubes 2085,snack,99,17.8,31.2,17.1,vegetarian,north_indian,1,balanced|beginner
Fish Curry Rice 2086,lunch,688,18.4,53.7,10.7,non_vegetarian,north_indian,0,improve_stamina|carb_rich
Paneer Roti 2087,lunch,475,6.8,66.5,22.2,vegetarian,north_indian,0,balanced|beginner
Sprouts Salad 2088,snack,105,36.2,37.8,15.0,vegan,mixed,1,muscle_gain|high_protein
Masala Omelette 2089,breakfast,213,8.9,24.3,9.4,non_vegetarian,bengali,1,balanced|beginner
Sprouts Salad 2090,snack,186,5.2,49.1,14.0,vegan,kerala,1,weight_loss|light
Vegetable Khichdi 2091,lunch,426,17.8,25.0,17.1,vegetarian,north_indian,1,improve_stamina|carb_rich
Chicken Curry Rice 2092,lunch,648,6.7,50.8,13.3,non_vegetarian,north_indian,0,weight_loss|light
Upma 2093,breakfast,238,7.7,43.6,22.4,vegetarian,mixed,0,weight_loss|light
Protein Shake 2094,snack,258,14.7,32.1,14.8,vegetarian,mixed,1,balanced|beginner
Hyderabadi Biryani 2095,lunch,361,17.1,79.5,11.8,non_vegetarian,rajasthani,1,weight_loss|light
Kadhi Rice 2096,lunch,633,6.7,63.2,23.9,vegetarian,kerala,0,balanced|beginner
Kadhi Rice 2097,lunch,403,42.1,64.1,24.8,vegetarian,hyderabadi,0,muscle_gain|high_protein
Paneer Cubes 2098,snack,89,13.2,74.2,10.7,vegetarian,bengali,1,improve_stamina|carb_rich
Fish Curry Rice 2099,lunch,671,21.4,70.1,21.6,non_vegetarian,punjabi,0,muscle_gain|high_protein
Roti Sabji 2100,dinner,493,6.7,76.1,13.2,vegetarian,kerala,1,improve_stamina|carb_rich
Boiled Eggs 2101,snack,180,6.4,50.3,11.7,non_vegetarian,north_indian,1,improve_stamina|carb_rich
Kadhi Rice 2102,lunch,576,15.9,26.2,6.3,vegetarian,kerala,0,weight_loss|light
Fruit Salad 2103,snack,159,10.3,41.0,13.8,vegan,mixed,1,improve_stamina|carb_rich
Dal Rice 2104,lunch,570,15.2,43.6,15.9,vegetarian,bengali,0,weight_loss|light
Roti Sabji 2105,dinner,350,43.7,71.5,17.7,vegetarian,north_indian,1,muscle_gain|high_protein
Sprouts Salad 2106,snack,227,11.3,57.1,4.6,vegan,bengali,1,balanced|beginner
Oats with Milk 2107,breakfast,439,11.4,34.9,3.9,vegetarian,maharashtrian,1,weight_loss|light
Corn Chaat 2108,snack,272,38.6,44.8,19.8,vegan,rajasthani,0,muscle_gain|high_protein
Grilled Chicken 2109,dinner,374,5.6,57.5,17.9,non_vegetarian,rajasthani,1,improve_stamina|carb_rich
Fish Fry 2110,dinner,588,11.0,32.9,11.1,non_vegetarian,rajasthani,0,weight_loss|light
Sabudana Khichdi 2111,breakfast,184,8.1,26.7,17.5,vegetarian,maharashtrian,1,improve_stamina|carb_rich
Kadhi Rice 2112,lunch,645,13.1,72.1,3.9,vegetarian,rajasthani,0,improve_stamina|carb_rich
Masala Omelette 2113,breakfast,373,13.6,76.8,12.2,non_vegetarian,bengali,1,weight_loss|light
Oats with Milk 2114,breakfast,228,9.4,29.8,6.7,vegetarian,rajasthani,1,improve_stamina|carb_rich
Thepla 2115,breakfast,434,14.6,43.0,12.7,vegetarian,kerala,1,weight_loss|light
Grilled Chicken 2116,dinner,541,15.9,45.8,18.5,non_vegetarian,kerala,0,balanced|beginner
Roti Sabji 2117,dinner,350,15.6,28.6,4.3,vegetarian,north_indian,1,weight_loss|light
Mixed Veg Curry 2118,dinner,564,14.9,72.2,21.9,vegetarian,maharashtrian,0,improve_stamina|carb_rich
Pav Bhaji 2119,lunch,582,13.9,68.4,13.0,vegetarian,bengali,0,weight_loss|light
Roasted Chana 2120,snack,90,6.8,71.2,20.0,vegan,kerala,0,balanced|beginner
Vegetable Khichdi 2121,lunch,677,16.5,31.1,13.9,vegetarian,mixed,0,improve_stamina|carb_rich
Vegetable Khichdi 2122,lunch,563,11.7,41.6,17.9,vegetarian,gujarati,0,improve_stamina|carb_rich
Corn Chaat 2123,snack,136,18.1,54.9,21.8,vegan,bengali,0,improve_stamina|carb_rich
Buttermilk 2124,snack,92,16.2,44.4,10.5,vegetarian,kerala,1,weight_loss|light
Grilled Chicken 2125,dinner,479,15.2,73.1,5.0,non_vegetarian,mixed,1,weight_loss|light
Thepla 2126,breakfast,193,15.4,39.8,11.9,vegetarian,south_indian,1,improve_stamina|carb_rich
Vegetable Soup 2127,dinner,690,8.2,20.3,11.4,vegan,hyderabadi,0,balanced|beginner
Vegetable Khichdi 2128,lunch,550,14.2,70.5,15.5,vegetarian,kerala,0,weight_loss|light
Vegetable Poha 2129,breakfast,390,24.6,72.4,12.3,vegetarian,rajasthani,1,muscle_gain|high_protein
Fish Fry 2130,dinner,423,6.6,71.8,20.8,non_vegetarian,north_indian,0,balanced|beginner
Chicken Curry Rice 2131,lunch,455,19.3,37.4,22.9,non_vegetarian,punjabi,0,balanced|beginner
Vegetable Soup 2132,dinner,617,19.1,30.1,24.0,vegan,gujarati,0,weight_loss|light
Paneer Cubes 2133,snack,231,25.2,63.1,11.4,vegetarian,bengali,1,muscle_gain|high_protein
Thepla 2134,breakfast,166,33.6,79.5,16.8,vegetarian,bengali,1,muscle_gain|high_protein
Roti Sabji 2135,dinner,492,8.2,74.2,22.7,vegetarian,south_indian,0,balanced|beginner
Paneer Sandwich 2136,breakfast,333,9.4,20.8,18.4,vegetarian,hyderabadi,0,balanced|beginner
Rajma Chawal 2137,lunch,644,6.6,40.5,9.7,vegetarian,rajasthani,0,balanced|beginner
Sprouts Salad 2138,snack,180,15.1,73.1,21.2,vegan,kerala,0,balanced|beginner
Tofu Scramble 2139,breakfast,331,19.9,28.2,16.6,vegan,north_indian,1,improve_stamina|carb_rich
Idli Sambar 2140,breakfast,338,20.0,67.4,17.7,vegetarian,kerala,1,weight_loss|light
Paneer Bhurji 2141,dinner,519,15.9,34.6,21.4,vegetarian,north_indian,0,improve_stamina|carb_rich
Upma 2142,breakfast,199,15.8,20.6,22.4,vegetarian,hyderabadi,0,balanced|beginner
Rajma Chawal 2143,lunch,365,5.8,26.2,23.9,vegetarian,kerala,0,weight_loss|light
Paneer Roti 2144,lunch,531,17.5,76.5,8.8,vegetarian,kerala,0,improve_stamina|carb_rich
Upma 2145,breakfast,259,14.7,20.2,6.8,vegetarian,kerala,1,balanced|beginner
Thepla 2146,breakfast,344,13.8,31.8,18.4,vegetarian,gujarati,0,balanced|beginner
Pav Bhaji 2147,lunch,579,15.5,74.4,4.2,vegetarian,south_indian,0,balanced|beginner
Masala Omelette 2148,breakfast,306,26.4,36.3,7.5,non_vegetarian,mixed,1,muscle_gain|high_protein
Hyderabadi Biryani 2149,lunch,552,16.2,47.5,3.6,non_vegetarian,gujarati,0,improve_stamina|carb_rich
Sabudana Khichdi 2150,breakfast,322,12.6,37.4,13.6,vegetarian,south_indian,1,balanced|beginner
Tofu Scramble 2151,breakfast,389,23.7,29.3,15.2,vegan,bengali,1,muscle_gain|high_protein
Boiled Eggs 2152,snack,99,5.5,39.3,11.7,non_vegetarian,north_indian,1,balanced|beginner
Kadhi Rice 2153,lunch,666,16.8,20.2,11.6,vegetarian,north_indian,0,weight_loss|light
Sabudana Khichdi 2154,breakfast,199,28.7,44.6,23.9,vegetarian,hyderabadi,0,muscle_gain|high_protein
Mixed Veg Curry 2155,dinner,544,5.3,53.6,4.6,vegetarian,gujarati,0,weight_loss|light
Sabudana Khichdi 2156,breakfast,277,16.9,48.5,12.7,vegetarian,mixed,1,weight_loss|light
Oats with Milk 2157,breakfast,410,22.9,25.5,11.6,vegetarian,north_indian,1,muscle_gain|high_protein
Upma 2158,breakfast,389,7.9,78.9,20.3,vegetarian,hyderabadi,0,weight_loss|light
Protein Shake 2159,snack,281,17.2,62.9,12.5,vegetarian,bengali,1,balanced|beginner
Tofu Stir Fry 2160,lunch,659,41.8,39.1,22.5,vegan,rajasthani,0,muscle_gain|high_protein
Grilled Chicken 2161,dinner,585,11.7,61.4,8.2,non_vegetarian,bengali,0,balanced|beginner
Tofu Curry 2162,dinner,600,5.6,72.4,22.3,vegan,punjabi,0,improve_stamina|carb_rich
Kadhi Rice 2163,lunch,473,5.7,54.8,16.2,vegetarian,kerala,1,weight_loss|light
Chicken Curry Rice 2164,lunch,531,9.6,51.0,17.9,non_vegetarian,kerala,0,improve_stamina|carb_rich
Tofu Curry 2165,dinner,393,6.0,74.8,6.0,vegan,bengali,1,balanced|beginner
Pav Bhaji 2166,lunch,621,25.5,61.0,18.2,vegetarian,north_indian,0,muscle_gain|high_protein
Mixed Veg Curry 2167,dinner,525,28.7,65.3,6.1,vegetarian,gujarati,0,muscle_gain|high_protein
Fish Curry Rice 2168,lunch,372,17.0,78.1,17.8,non_vegetarian,bengali,1,weight_loss|light
Sprouts Salad 2169,snack,131,16.5,79.4,19.1,vegan,south_indian,0,balanced|beginner
Grilled Chicken 2170,dinner,464,6.1,79.3,15.9,non_vegetarian,punjabi,1,weight_loss|light
Thepla 2171,breakfast,436,10.7,67.4,4.7,vegetarian,punjabi,1,improve_stamina|carb_rich
Tofu Stir Fry 2172,lunch,443,8.0,73.8,12.2,vegan,kerala,1,balanced|beginner
Dal Rice 2173,lunch,564,18.1,62.2,10.3,vegetarian,punjabi,0,weight_loss|light
Idli Sambar 2174,breakfast,248,42.6,74.8,12.3,vegetarian,rajasthani,1,muscle_gain|high_protein
Oats with Milk 2175,breakfast,401,12.3,52.0,16.3,vegetarian,rajasthani,1,balanced|beginner
Upma 2176,breakfast,306,12.1,48.5,22.1,vegetarian,hyderabadi,0,improve_stamina|carb_rich
Fish Fry 2177,dinner,508,12.7,78.2,11.4,non_vegetarian,south_indian,0,weight_loss|light
Thepla 2178,breakfast,325,12.8,51.1,3.2,vegetarian,rajasthani,1,weight_loss|light
Paneer Roti 2179,lunch,593,13.1,41.8,24.7,vegetarian,bengali,0,balanced|beginner
Tofu Curry 2180,dinner,654,24.3,50.0,19.2,vegan,hyderabadi,0,muscle_gain|high_protein
Protein Shake 2181,snack,237,9.0,36.4,5.1,vegetarian,south_indian,1,improve_stamina|carb_rich
Hyderabadi Biryani 2182,lunch,697,19.8,55.0,14.0,non_vegetarian,maharashtrian,0,balanced|beginner
Fruit Bowl 2183,breakfast,379,5.8,56.4,4.7,vegan,gujarati,1,improve_stamina|carb_rich
Paneer Bhurji 2184,dinner,458,5.7,58.0,13.6,vegetarian,south_indian,1,improve_stamina|carb_rich
Roasted Chana 2185,snack,101,36.0,42.2,7.8,vegan,south_indian,1,muscle_gain|high_protein
Roti Sabji 2186,dinner,432,23.6,33.9,14.5,vegetarian,bengali,1,muscle_gain|high_protein
Egg Curry 2187,dinner,666,29.1,28.6,18.2,non_vegetarian,punjabi,0,muscle_gain|high_protein
Fish Fry 2188,dinner,554,13.0,65.1,9.5,non_vegetarian,bengali,0,improve_stamina|carb_rich
Roasted Chana 2189,snack,178,21.6,67.5,17.5,vegan,mixed,1,muscle_gain|high_protein
Paneer Sandwich 2190,breakfast,312,24.0,28.8,16.5,vegetarian,south_indian,1,muscle_gain|high_protein
Dal Tadka 2191,dinner,545,18.1,59.2,9.2,vegetarian,maharashtrian,0,balanced|beginner
Egg Curry 2192,dinner,456,12.4,77.3,21.4,non_vegetarian,bengali,0,improve_stamina|carb_rich
Roti Sabji 2193,dinner,670,36.6,55.9,4.8,vegetarian,rajasthani,0,muscle_gain|high_protein
Fruit Bowl 2194,breakfast,422,15.2,47.4,24.8,vegan,mixed,0,balanced|beginner
Masala Omelette 2195,breakfast,263,18.3,62.3,16.1,non_vegetarian,hyderabadi,1,weight_loss|light
Thepla 2196,breakfast,413,5.5,64.1,22.4,vegetarian,north_indian,0,weight_loss|light
Dal Rice 2197,lunch,384,12.4,42.8,23.4,vegetarian,gujarati,0,improve_stamina|carb_rich
Paneer Bhurji 2198,dinner,563,12.3,78.6,11.3,vegetarian,maharashtrian,0,balanced|beginner
Masala Omelette 2199,breakfast,336,8.9,54.3,7.8,non_vegetarian,gujarati,1,balanced|beginner
Masala Omelette 2200,breakfast,201,7.8,32.1,15.9,non_vegetarian,maharashtrian,1,weight_loss|light
Masala Omelette 2201,breakfast,300,26.2,60.9,6.2,non_vegetarian,mixed,1,muscle_gain|high_protein
Vegetable Soup 2202,dinner,586,8.5,57.7,18.7,vegan,hyderabadi,0,balanced|beginner
Dal Tadka 2203,dinner,484,6.7,78.0,3.7,vegetarian,gujarati,1,weight_loss|light
Vegetable Khichdi 2204,lunch,463,38.4,71.7,8.0,vegetarian,south_indian,1,muscle_gain|high_protein
Hyderabadi Biryani 2205,lunch,561,10.2,22.0,13.6,non_vegetarian,north_indian,0,improve_stamina|carb_rich
Masala Omelette 2206,breakfast,360,8.8,59.1,21.6,non_vegetarian,bengali,0,improve_stamina|carb_rich
Sprouts Salad 2207,snack,240,13.9,38.7,23.9,vegan,north_indian,0,balanced|beginner
Chicken Curry Rice 2208,lunch,628,24.5,59.3,3.6,non_vegetarian,rajasthani,0,muscle_gain|high_protein
Tofu Curry 2209,dinner,651,12.8,52.0,10.8,vegan,south_indian,0,improve_stamina|carb_rich
Tofu Curry 2210,dinner,394,12.0,28.8,5.4,vegan,north_indian,1,weight_loss|light
Oats with Milk 2211,breakfast,272,9.6,52.3,14.3,vegetarian,hyderabadi,1,improve_stamina|carb_rich
Paneer Bhurji 2212,dinner,359,6.7,45.0,14.7,vegetarian,bengali,1,improve_stamina|carb_rich
Protein Shake 2213,snack,148,16.4,33.8,21.2,vegetarian,mixed,0,improve_stamina|carb_rich
Oats with Milk 2214,breakfast,164,18.8,22.1,11.1,vegetarian,gujarati,1,weight_loss|light
Paneer Cubes 2215,snack,138,22.6,68.8,9.9,vegetarian,south_indian,1,muscle_gain|high_protein
Tofu Curry 2216,dinner,597,15.9,27.5,3.1,vegan,bengali,0,weight_loss|light
Oats with Milk 2217,breakfast,335,15.5,67.5,3.3,vegetarian,rajasthani,1,improve_stamina|carb_rich
Dal Rice 2218,lunch,406,17.0,56.8,12.7,vegetarian,hyderabadi,1,improve_stamina|carb_rich
Chicken Curry Rice 2219,lunch,383,14.9,35.3,10.2,non_vegetarian,punjabi,1,balanced|beginner
Hyderabadi Biryani 2220,lunch,632,26.9,44.3,20.8,non_vegetarian,mixed,0,muscle_gain|high_protein
Egg Curry 2221,dinner,523,39.8,72.0,22.3,non_vegetarian,hyderabadi,0,muscle_gain|high_protein
Fish Curry Rice 2222,lunch,383,23.9,63.3,8.0,non_vegetarian,maharashtrian,1,muscle_gain|high_protein
Tofu Stir Fry 2223,lunch,381,34.3,58.2,12.5,vegan,mixed,1,muscle_gain|high_protein
Roasted Chana 2224,snack,130,11.6,72.0,5.9,vegan,hyderabadi,1,weight_loss|light
Paneer Bhurji 2225,dinner,475,28.2,78.4,12.0,vegetarian,gujarati,1,muscle_gain|high_protein
Fish Fry 2226,dinner,494,16.4,56.5,4.7,non_vegetarian,punjabi,1,balanced|beginner
Idli Sambar 2227,breakfast,154,7.9,28.7,3.1,vegetarian,gujarati,1,balanced|beginner
Idli Sambar 2228,breakfast,273,38.1,26.6,4.8,vegetarian,punjabi,1,muscle_gain|high_protein
Idli Sambar 2229,breakfast,446,6.9,25.7,9.0,vegetarian,mixed,1,weight_loss|light
Sabudana Khichdi 2230,breakfast,423,6.4,46.0,5.8,vegetarian,maharashtrian,1,balanced|beginner
Sprouts Salad 2231,snack,272,41.6,75.8,23.4,vegan,punjabi,0,muscle_gain|high_protein
Dal Rice 2232,lunch,443,8.9,28.1,17.9,vegetarian,rajasthani,1,balanced|beginner
Rajma Chawal 2233,lunch,503,10.7,64.4,9.9,vegetarian,gujarati,0,balanced|beginner
Rajma Chawal 2234,lunch,592,30.1,77.0,16.5,vegetarian,mixed,0,muscle_gain|high_protein
Boiled Eggs 2235,snack,212,43.7,49.6,21.0,non_vegetarian,kerala,0,muscle_gain|high_protein
Pav Bhaji 2236,lunch,548,15.9,21.3,7.8,vegetarian,punjabi,0,balanced|beginner
Buttermilk 2237,snack,258,5.4,65.6,22.9,vegetarian,rajasthani,0,balanced|beginner
Paneer Bhurji 2238,dinner,687,16.0,24.3,24.6,vegetarian,north_indian,0,weight_loss|light
Vegetable Khichdi 2239,lunch,458,12.4,79.8,3.3,vegetarian,maharashtrian,1,improve_stamina|carb_rich
Vegetable Poha 2240,breakfast,389,40.0,68.9,10.6,vegetarian,gujarati,1,muscle_gain|high_protein
Mixed Veg Curry 2241,dinner,479,14.6,79.5,4.2,vegetarian,punjabi,1,balanced|beginner
Sprouts Salad 2242,snack,250,21.5,44.7,18.4,vegan,south_indian,0,muscle_gain|high_protein
Fruit Salad 2243,snack,226,17.0,21.8,17.1,vegan,hyderabadi,1,balanced|beginner
Chicken Curry Rice 2244,lunch,698,32.7,22.2,14.9,non_vegetarian,gujarati,0,muscle_gain|high_protein
Fruit Salad 2245,snack,244,25.2,65.7,4.6,vegan,north_indian,1,muscle_gain|high_protein
Upma 2246,breakfast,381,19.3,62.0,7.6,vegetarian,north_indian,1,improve_stamina|carb_rich
Kadhi Rice 2247,lunch,617,11.5,25.2,5.7,vegetarian,punjabi,0,balanced|beginner
Sabudana Khichdi 2248,breakfast,427,13.9,26.3,18.6,vegetarian,north_indian,0,balanced|beginner
Buttermilk 2249,snack,282,13.9,78.3,6.5,vegetarian,punjabi,1,weight_loss|light
Egg Curry 2250,dinner,418,6.1,36.1,15.9,non_vegetarian,gujarati,1,balanced|beginner
Paneer Roti 2251,lunch,514,17.2,24.6,16.6,vegetarian,rajasthani,0,improve_stamina|carb_rich
Paneer Bhurji 2252,dinner,666,11.0,32.7,14.2,vegetarian,kerala,0,weight_loss|light
Sprouts Salad 2253,snack,217,10.3,72.3,24.0,vegan,bengali,0,weight_loss|light
Egg Curry 2254,dinner,610,13.7,78.8,21.3,non_vegetarian,punjabi,0,balanced|beginner
Paneer Cubes 2255,snack,194,12.3,74.5,18.6,vegetarian,rajasthani,0,improve_stamina|carb_rich
Fruit Salad 2256,snack,159,10.4,30.2,14.8,vegan,gujarati,1,balanced|beginner
Paneer Cubes 2257,snack,196,5.1,74.0,17.3,vegetarian,maharashtrian,1,improve_stamina|carb_rich
Fish Curry Rice 2258,lunch,428,10.6,59.7,18.9,non_vegetarian,maharashtrian,0,balanced|beginner
Paneer Sandwich 2259,breakfast,427,10.8,58.5,8.8,vegetarian,kerala,1,balanced|beginner
Sprouts Salad 2260,snack,138,18.3,24.3,23.4,vegan,south_indian,0,weight_loss|light
Kadhi Rice 2261,lunch,360,9.0,24.6,4.4,vegetarian,north_indian,1,balanced|beginner
Paneer Cubes 2262,snack,250,22.6,43.4,9.4,vegetarian,maharashtrian,1,muscle_gain|high_protein
Hyderabadi Biryani 2263,lunch,647,9.2,67.1,24.0,non_vegetarian,hyderabadi,0,balanced|beginner
Peanut Chaat 2264,snack,281,11.2,43.0,13.8,vegetarian,rajasthani,1,improve_stamina|carb_rich
Paneer Bhurji 2265,dinner,535,11.0,48.1,13.6,vegetarian,south_indian,0,improve_stamina|carb_rich
Protein Shake 2266,snack,244,5.1,20.2,14.3,vegetarian,kerala,1,weight_loss|light
Upma 2267,breakfast,387,16.8,30.9,15.8,vegetarian,maharashtrian,1,improve_stamina|carb_rich
Paneer Cubes 2268,snack,150,17.3,41.1,10.5,vegetarian,south_indian,1,improve_stamina|carb_rich
Fish Curry Rice 2269,lunch,367,31.9,43.4,20.5,non_vegetarian,north_indian,0,muscle_gain|high_protein
Buttermilk 2270,snack,106,5.1,57.8,10.7,vegetarian,bengali,1,improve_stamina|carb_rich
Masala Omelette 2271,breakfast,193,13.8,55.8,19.9,non_vegetarian,punjabi,0,weight_loss|light
Fruit Salad 2272,snack,157,9.4,43.1,15.7,vegan,hyderabadi,1,balanced|beginner
Vegetable Soup 2273,dinner,408,13.8,22.3,10.0,vegan,south_indian,1,improve_stamina|carb_rich
Paneer Roti 2274,lunch,429,11.0,25.4,23.3,vegetarian,south_indian,0,weight_loss|light
Rajma Chawal 2275,lunch,451,12.7,55.7,14.1,vegetarian,maharashtrian,1,improve_stamina|carb_rich
Boiled Eggs 2276,snack,208,21.2,72.1,24.5,non_vegetarian,kerala,0,muscle_gain|high_protein
Peanut Chaat 2277,snack,157,18.2,72.1,17.3,vegetarian,hyderabadi,1,weight_loss|light
Fish Curry Rice 2278,lunch,494,13.5,52.3,6.7,non_vegetarian,hyderabadi,1,improve_stamina|carb_rich
Oats with Milk 2279,breakfast,242,19.5,74.1,3.7,vegetarian,hyderabadi,1,balanced|beginner
Chicken Curry Rice 2280,lunch,542,5.3,22.2,16.4,non_vegetarian,rajasthani,0,improve_stamina|carb_rich
Roasted Chana 2281,snack,295,40.1,53.5,7.4,vegan,bengali,1,muscle_gain|high_protein
Roasted Chana 2282,snack,170,19.5,79.0,14.4,vegan,gujarati,1,improve_stamina|carb_rich
Masala Omelette 2283,breakfast,297,6.1,51.2,12.6,non_vegetarian,gujarati,1,weight_loss|light
Grilled Chicken 2284,dinner,543,19.4,32.0,12.6,non_vegetarian,maharashtrian,0,muscle_gain|high_protein
Protein Shake 2285,snack,258,38.4,52.8,17.4,vegetarian,rajasthani,1,muscle_gain|high_protein
Paneer Bhurji 2286,dinner,671,6.7,57.5,7.8,vegetarian,south_indian,0,balanced|beginner
Tofu Scramble 2287,breakfast,163,7.5,69.8,3.3,vegan,kerala,1,weight_loss|light
Paneer Cubes 2288,snack,238,19.5,55.8,19.3,vegetarian,north_indian,0,balanced|beginner
Mixed Veg Curry 2289,dinner,365,15.8,48.1,13.4,vegetarian,bengali,1,improve_stamina|carb_rich
Sprouts Salad 2290,snack,103,33.6,73.8,12.8,vegan,rajasthani,1,muscle_gain|high_protein
Paneer Roti 2291,lunch,632,10.9,55.1,22.4,vegetarian,punjabi,0,balanced|beginner
Paneer Bhurji 2292,dinner,697,12.1,71.9,18.1,vegetarian,maharashtrian,0,weight_loss|light
Paneer Bhurji 2293,dinner,623,34.7,26.5,13.3,vegetarian,gujarati,0,muscle_gain|high_protein
Egg Curry 2294,dinner,558,5.9,76.5,15.3,non_vegetarian,mixed,0,balanced|beginner
Oats with Milk 2295,breakfast,413,21.6,77.6,10.1,vegetarian,maharashtrian,1,muscle_gain|high_protein
Oats with Milk 2296,breakfast,341,11.5,67.1,11.5,vegetarian,north_indian,1,balanced|beginner
Buttermilk 2297,snack,199,12.7,38.2,12.7,vegetarian,north_indian,1,balanced|beginner
Fish Fry 2298,dinner,609,11.5,28.8,18.4,non_vegetarian,north_indian,0,improve_stamina|carb_rich
Paneer Bhurji 2299,dinner,677,42.2,70.0,17.3,vegetarian,mixed,0,muscle_gain|high_protein
Fruit Salad 2300,snack,199,10.0,79.6,9.6,vegan,north_indian,1,balanced|beginner
Oats with Milk 2301,breakfast,200,7.1,37.7,10.2,vegetarian,maharashtrian,1,balanced|beginner
Oats with Milk 2302,breakfast,175,15.2,78.0,10.0,vegetarian,hyderabadi,1,balanced|beginner
Roti Sabji 2303,dinner,563,21.3,50.6,24.9,vegetarian,south_indian,0,muscle_gain|high_protein
Buttermilk 2304,snack,133,13.4,68.1,17.3,vegetarian,rajasthani,1,balanced|beginner
Paneer Sandwich 2305,breakfast,231,15.8,53.0,9.1,vegetarian,punjabi,1,improve_stamina|carb_rich
Egg Curry 2306,dinner,557,10.2,40.1,15.0,non_vegetarian,hyderabadi,0,balanced|beginner
Idli Sambar 2307,breakfast,358,35.4,47.0,18.1,vegetarian,mixed,0,muscle_gain|high_protein
Masala Omelette 2308,breakfast,267,22.5,24.7,19.4,non_vegetarian,gujarati,0,muscle_gain|high_protein
Tofu Curry 2309,dinner,359,13.6,57.2,24.5,vegan,gujarati,0,weight_loss|light
Roasted Chana 2310,snack,191,9.6,54.5,17.5,vegan,maharashtrian,1,balanced|beginner
Vegetable Soup 2311,dinner,591,9.9,73.4,17.6,vegan,bengali,0,improve_stamina|carb_rich
Thepla 2312,breakfast,432,19.1,52.1,24.5,vegetarian,kerala,0,muscle_gain|high_protein
Corn Chaat 2313,snack,223,10.3,21.3,23.8,vegan,gujarati,0,balanced|beginner
Thepla 2314,breakfast,268,9.3,43.6,11.6,vegetarian,north_indian,1,balanced|beginner
Fish Curry Rice 2315,lunch,479,6.5,22.8,9.0,non_vegetarian,hyderabadi,1,improve_stamina|carb_rich
Roasted Chana 2316,snack,191,17.3,45.9,11.3,vegan,north_indian,1,weight_loss|light
Paneer Cubes 2317,snack,247,14.8,73.3,15.5,vegetarian,hyderabadi,1,weight_loss|light
Sabudana Khichdi 2318,breakfast,257,13.7,63.3,8.3,vegetarian,north_indian,1,weight_loss|light
Tofu Curry 2319,dinner,492,7.3,57.3,20.4,vegan,bengali,0,improve_stamina|carb_rich
Protein Shake 2320,snack,260,8.1,60.8,14.7,vegetarian,bengali,1,balanced|beginner
Grilled Chicken 2321,dinner,657,15.1,37.9,6.9,non_vegetarian,kerala,0,improve_stamina|carb_rich
Sprouts Salad 2322,snack,94,18.2,58.2,23.2,vegan,gujarati,0,balanced|beginner
Upma 2323,breakfast,293,15.2,52.0,7.3,vegetarian,maharashtrian,1,improve_stamina|carb_rich
Vegetable Soup 2324,dinner,615,33.0,30.9,21.9,vegan,punjabi,0,muscle_gain|high_protein
Chicken Curry Rice 2325,lunch,464,13.5,59.7,11.4,non_vegetarian,gujarati,1,weight_loss|light
Vegetable Soup 2326,dinner,546,15.3,35.2,15.1,vegan,maharashtrian,0,improve_stamina|carb_rich
Paneer Bhurji 2327,dinner,549,19.5,36.8,24.5,vegetarian,kerala,0,weight_loss|light
Dal Rice 2328,lunch,659,44.2,63.0,22.4,vegetarian,kerala,0,muscle_gain|high_protein
Rajma Chawal 2329,lunch,678,7.2,46.9,7.1,vegetarian,punjabi,0,weight_loss|light
Vegetable Khichdi 2330,lunch,522,16.1,40.3,15.5,vegetarian,punjabi,0,balanced|beginner
Dal Tadka 2331,dinner,554,18.8,60.6,12.0,vegetarian,punjabi,0,balanced|beginner
Pav Bhaji 2332,lunch,441,8.8,43.9,19.1,vegetarian,north_indian,0,improve_stamina|carb_rich
Protein Shake 2333,snack,258,35.5,69.4,19.9,vegetarian,south_indian,0,muscle_gain|high_protein
Idli Sambar 2334,breakfast,425,15.4,73.3,4.9,vegetarian,south_indian,1,weight_loss|light
Paneer Roti 2335,lunch,545,25.7,35.8,7.2,vegetarian,mixed,0,muscle_gain|high_protein
Sabudana Khichdi 2336,breakfast,277,15.3,79.5,8.8,vegetarian,hyderabadi,1,improve_stamina|carb_rich
Idli Sambar 2337,breakfast,398,11.2,55.9,3.5,vegetarian,south_indian,1,balanced|beginner
Sabudana Khichdi 2338,breakfast,218,42.1,52.5,13.1,vegetarian,kerala,1,muscle_gain|high_protein
Roasted Chana 2339,snack,186,19.9,69.2,19.7,vegan,maharashtrian,0,balanced|beginner
Boiled Eggs 2340,snack,190,6.6,72.0,18.0,non_vegetarian,hyderabadi,1,weight_loss|light
Vegetable Khichdi 2341,lunch,483,27.3,76.2,15.8,vegetarian,north_indian,1,muscle_gain|high_protein
Sprouts Salad 2342,snack,218,6.1,33.6,5.7,vegan,gujarati,1,weight_loss|light
Sabudana Khichdi 2343,breakfast,232,32.5,52.4,9.1,vegetarian,maharashtrian,1,muscle_gain|high_protein
Fruit Salad 2344,snack,245,12.7,20.2,17.6,vegan,bengali,1,improve_stamina|carb_rich
Paneer Cubes 2345,snack,95,36.0,56.0,14.4,vegetarian,maharashtrian,1,muscle_gain|high_protein
Paneer Bhurji 2346,dinner,587,9.4,47.1,15.0,vegetarian,hyderabadi,0,balanced|beginner
Paneer Sandwich 2347,breakfast,246,11.6,60.7,24.1,vegetarian,north_indian,0,weight_loss|light
Vegetable Khichdi 2348,lunch,379,14.8,72.5,13.6,vegetarian,bengali,1,improve_stamina|carb_rich
Peanut Chaat 2349,snack,106,18.7,23.3,18.7,vegetarian,hyderabadi,0,balanced|beginner
Vegetable Soup 2350,dinner,366,13.9,22.5,16.4,vegan,rajasthani,1,weight_loss|light
Egg Curry 2351,dinner,462,17.6,68.6,18.3,non_vegetarian,bengali,0,improve_stamina|carb_rich
Sprouts Salad 2352,snack,257,16.1,27.6,5.1,vegan,gujarati,1,improve_stamina|carb_rich
Masala Omelette 2353,breakfast,255,15.5,35.0,14.6,non_vegetarian,kerala,1,improve_stamina|carb_rich
Hyderabadi Biryani 2354,lunch,443,37.9,29.8,23.1,non_vegetarian,mixed,0,muscle_gain|high_protein
Hyderabadi Biryani 2355,lunch,408,34.6,32.5,13.3,non_vegetarian,north_indian,1,muscle_gain|high_protein
Protein Shake 2356,snack,123,12.0,65.3,15.0,vegetarian,bengali,1,weight_loss|light
Vegetable Poha 2357,breakfast,444,9.2,56.1,10.1,vegetarian,mixed,1,improve_stamina|carb_rich
Paneer Bhurji 2358,dinner,392,11.0,71.8,4.3,vegetarian,maharashtrian,1,weight_loss|light
Pav Bhaji 2359,lunch,369,5.3,62.6,8.0,vegetarian,rajasthani,1,improve_stamina|carb_rich
Sabudana Khichdi 2360,breakfast,303,18.1,76.2,20.4,vegetarian,bengali,0,balanced|beginner
Dal Rice 2361,lunch,634,11.3,24.7,15.1,vegetarian,kerala,0,balanced|beginner
Buttermilk 2362,snack,91,7.9,76.5,4.4,vegetarian,maharashtrian,1,balanced|beginner
Upma 2363,breakfast,167,10.1,47.8,14.6,vegetarian,maharashtrian,1,balanced|beginner
Fruit Bowl 2364,breakfast,439,10.1,55.9,14.0,vegan,kerala,1,improve_stamina|carb_rich
Tofu Curry 2365,dinner,360,15.7,77.9,5.6,vegan,punjabi,1,weight_loss|light
Fruit Bowl 2366,breakfast,412,8.4,67.1,9.7,vegan,kerala,1,weight_loss|light
Egg Curry 2367,dinner,437,11.3,78.3,9.0,non_vegetarian,maharashtrian,1,balanced|beginner
Idli Sambar 2368,breakfast,164,17.4,44.8,11.3,vegetarian,maharashtrian,1,balanced|beginner
Sprouts Salad 2369,snack,95,39.9,28.8,3.3,vegan,bengali,1,muscle_gain|high_protein
Vegetable Poha 2370,breakfast,420,18.3,64.7,5.9,vegetarian,mixed,1,improve_stamina|carb_rich
Hyderabadi Biryani 2371,lunch,578,9.5,26.0,24.2,non_vegetarian,mixed,0,weight_loss|light
Masala Omelette 2372,breakfast,393,12.1,21.8,6.6,non_vegetarian,kerala,1,balanced|beginner
Grilled Chicken 2373,dinner,445,11.6,31.2,19.3,non_vegetarian,north_indian,0,improve_stamina|carb_rich
Roasted Chana 2374,snack,204,39.7,44.9,19.9,vegan,punjabi,0,muscle_gain|high_protein
Corn Chaat 2375,snack,111,10.7,42.5,14.9,vegan,maharashtrian,1,weight_loss|light
Paneer Cubes 2376,snack,233,13.3,59.8,23.3,vegetarian,maharashtrian,0,improve_stamina|carb_rich
Chicken Curry Rice 2377,lunch,554,8.7,43.8,18.5,non_vegetarian,kerala,0,balanced|beginner
Paneer Bhurji 2378,dinner,691,12.6,68.5,23.5,vegetarian,south_indian,0,balanced|beginner
Roti Sabji 2379,dinner,641,5.8,51.0,8.9,vegetarian,maharashtrian,0,balanced|beginner
Buttermilk 2380,snack,293,25.5,72.5,10.8,vegetarian,punjabi,1,muscle_gain|high_protein
Mixed Veg Curry 2381,dinner,479,12.1,67.3,24.5,vegetarian,kerala,0,weight_loss|light
Oats with Milk 2382,breakfast,377,9.2,35.0,15.5,vegetarian,mixed,1,improve_stamina|carb_rich
Masala Omelette 2383,breakfast,210,32.5,45.1,14.9,non_vegetarian,hyderabadi,1,muscle_gain|high_protein
Roti Sabji 2384,dinner,501,17.3,68.6,14.9,vegetarian,rajasthani,0,balanced|beginner
Tofu Stir Fry 2385,lunch,489,13.2,21.5,4.8,vegan,hyderabadi,1,balanced|beginner
Upma 2386,breakfast,170,8.5,43.7,8.2,vegetarian,rajasthani,1,improve_stamina|carb_rich
Idli Sambar 2387,breakfast,197,12.2,47.0,10.0,vegetarian,kerala,1,weight_loss|light
Dal Tadka 2388,dinner,378,17.4,48.3,24.4,vegetarian,south_indian,0,balanced|beginner
Dal Rice 2389,lunch,447,18.2,44.9,11.2,vegetarian,north_indian,1,muscle_gain|high_protein
Masala Omelette 2390,breakfast,164,7.6,20.8,16.4,non_vegetarian,rajasthani,1,weight_loss|light
Idli Sambar 2391,breakfast,282,10.7,73.5,23.7,vegetarian,south_indian,0,improve_stamina|carb_rich
Mixed Veg Curry 2392,dinner,651,18.0,49.0,22.6,vegetarian,north_indian,0,improve_stamina|carb_rich
Roti Sabji 2393,dinner,406,9.6,26.3,13.0,vegetarian,maharashtrian,1,weight_loss|light
Mixed Veg Curry 2394,dinner,612,12.8,48.3,12.2,vegetarian,rajasthani,0,improve_stamina|carb_rich
Tofu Scramble 2395,breakfast,392,16.4,44.3,10.5,vegan,hyderabadi,1,balanced|beginner
Thepla 2396,breakfast,231,26.0,58.9,8.0,vegetarian,kerala,1,muscle_gain|high_protein
Buttermilk 2397,snack,230,7.0,51.0,24.7,vegetarian,punjabi,0,weight_loss|light
Paneer Cubes 2398,snack,210,14.7,43.7,15.7,vegetarian,maharashtrian,1,weight_loss|light
Vegetable Khichdi 2399,lunch,505,15.6,59.3,10.7,vegetarian,punjabi,0,balanced|beginner
Roti Sabji 2400,dinner,561,5.6,40.1,15.5,vegetarian,rajasthani,0,weight_loss|light
Fruit Bowl 2401,breakfast,225,10.1,40.8,5.2,vegan,hyderabadi,1,improve_stamina|carb_rich
Paneer Roti 2402,lunch,529,14.9,57.4,22.4,vegetarian,kerala,0,weight_loss|light
Thepla 2403,breakfast,267,12.3,73.0,17.5,vegetarian,rajasthani,1,weight_loss|light
Pav Bhaji 2404,lunch,480,19.7,28.0,24.0,vegetarian,punjabi,0,balanced|beginner
Boiled Eggs 2405,snack,190,9.6,66.6,10.0,non_vegetarian,gujarati,1,weight_loss|light
Peanut Chaat 2406,snack,257,12.3,30.0,21.8,vegetarian,gujarati,0,improve_stamina|carb_rich
Sprouts Salad 2407,snack,125,38.6,74.6,7.1,vegan,rajasthani,1,muscle_gain|high_protein
Sabudana Khichdi 2408,breakfast,450,6.5,24.0,12.1,vegetarian,hyderabadi,1,balanced|beginner
Roasted Chana 2409,snack,102,5.7,23.0,22.6,vegan,north_indian,0,weight_loss|light
Tofu Stir Fry 2410,lunch,644,11.5,51.8,4.2,vegan,south_indian,0,weight_loss|light
Tofu Stir Fry 2411,lunch,409,6.0,55.0,20.1,vegan,rajasthani,0,balanced|beginner
Tofu Scramble 2412,breakfast,361,30.4,68.7,10.6,vegan,mixed,1,muscle_gain|high_protein
Chicken Curry Rice 2413,lunch,697,17.4,43.4,6.7,non_vegetarian,south_indian,0,improve_stamina|carb_rich
Roti Sabji 2414,dinner,362,39.2,45.5,20.7,vegetarian,rajasthani,0,muscle_gain|high_protein
Tofu Scramble 2415,breakfast,427,20.7,64.6,7.1,vegan,north_indian,1,muscle_gain|high_protein
Fish Curry Rice 2416,lunch,592,19.0,76.5,6.5,non_vegetarian,rajasthani,0,balanced|beginner
Oats with Milk 2417,breakfast,255,18.6,43.5,19.4,vegetarian,mixed,0,improve_stamina|carb_rich
Fish Fry 2418,dinner,510,7.6,21.2,11.5,non_vegetarian,kerala,0,weight_loss|light
Grilled Chicken 2419,dinner,590,19.8,78.9,20.2,non_vegetarian,hyderabadi,0,muscle_gain|high_protein
Paneer Cubes 2420,snack,162,17.9,38.7,4.7,vegetarian,hyderabadi,1,improve_stamina|carb_rich
Boiled Eggs 2421,snack,105,12.3,44.2,18.2,non_vegetarian,maharashtrian,0,improve_stamina|carb_rich
Tofu Curry 2422,dinner,697,19.0,75.1,17.1,vegan,gujarati,0,weight_loss|light
Paneer Cubes 2423,snack,211,40.7,71.6,15.2,vegetarian,gujarati,1,muscle_gain|high_protein
Protein Shake 2424,snack,297,18.5,52.0,24.1,vegetarian,mixed,0,improve_stamina|carb_rich
Tofu Curry 2425,dinner,651,18.7,26.6,20.9,vegan,south_indian,0,improve_stamina|carb_rich
Kadhi Rice 2426,lunch,497,6.0,64.8,22.3,vegetarian,punjabi,0,weight_loss|light
Dal Rice 2427,lunch,420,18.5,23.2,12.3,vegetarian,gujarati,1,balanced|beginner
Fish Curry Rice 2428,lunch,362,40.3,31.2,23.8,non_vegetarian,punjabi,0,muscle_gain|high_protein
Paneer Bhurji 2429,dinner,686,42.1,72.3,15.3,vegetarian,punjabi,0,muscle_gain|high_protein
Vegetable Khichdi 2430,lunch,545,9.4,47.5,19.4,vegetarian,gujarati,0,weight_loss|light
Pav Bhaji 2431,lunch,353,9.8,23.4,5.4,vegetarian,hyderabadi,1,improve_stamina|carb_rich
Oats with Milk 2432,breakfast,363,8.4,37.0,13.4,vegetarian,maharashtrian,1,balanced|beginner
Protein Shake 2433,snack,166,19.4,30.7,24.1,vegetarian,mixed,0,weight_loss|light
Dal Tadka 2434,dinner,632,9.5,48.9,12.2,vegetarian,kerala,0,balanced|beginner
Paneer Bhurji 2435,dinner,659,16.1,57.2,20.1,vegetarian,gujarati,0,weight_loss|light
Fish Curry Rice 2436,lunch,469,12.0,71.6,21.5,non_vegetarian,north_indian,0,balanced|beginner
Fish Curry Rice 2437,lunch,479,24.8,21.3,23.3,non_vegetarian,hyderabadi,0,muscle_gain|high_protein
Rajma Chawal 2438,lunch,439,44.3,46.6,18.7,vegetarian,punjabi,0,muscle_gain|high_protein
Upma 2439,breakfast,360,13.2,35.6,6.1,vegetarian,north_indian,1,improve_stamina|carb_rich
Tofu Curry 2440,dinner,525,9.8,36.4,13.0,vegan,hyderabadi,0,improve_stamina|carb_rich
Vegetable Khichdi 2441,lunch,378,20.5,75.4,10.7,vegetarian,bengali,1,muscle_gain|high_protein
Vegetable Soup 2442,dinner,612,18.7,41.5,7.7,vegan,gujarati,0,balanced|beginner
Vegetable Khichdi 2443,lunch,672,19.6,53.6,6.4,vegetarian,rajasthani,0,balanced|beginner
Corn Chaat 2444,snack,268,11.6,42.5,21.6,vegan,hyderabadi,0,balanced|beginner
Grilled Chicken 2445,dinner,355,10.5,70.1,17.0,non_vegetarian,gujarati,1,balanced|beginner
Dal Tadka 2446,dinner,589,24.6,61.0,19.4,vegetarian,kerala,0,muscle_gain|high_protein
Dal Rice 2447,lunch,403,20.8,69.5,4.0,vegetarian,north_indian,1,muscle_gain|high_protein
Mixed Veg Curry 2448,dinner,370,21.7,42.6,14.2,vegetarian,kerala,1,muscle_gain|high_protein
Fruit Salad 2449,snack,183,19.3,35.2,22.0,vegan,south_indian,0,improve_stamina|carb_rich
Roasted Chana 2450,snack,129,7.3,47.4,8.2,vegan,hyderabadi,1,weight_loss|light
Thepla 2451,breakfast,217,16.3,54.4,23.5,vegetarian,south_indian,0,balanced|beginner
Rajma Chawal 2452,lunch,613,10.3,80.0,19.8,vegetarian,north_indian,0,improve_stamina|carb_rich
Vegetable Khichdi 2453,lunch,424,28.5,79.2,5.6,vegetarian,punjabi,1,muscle_gain|high_protein
Roti Sabji 2454,dinner,621,18.1,49.0,18.2,vegetarian,mixed,0,improve_stamina|carb_rich
Chicken Curry Rice 2455,lunch,419,19.6,41.5,21.4,non_vegetarian,hyderabadi,0,balanced|beginner
Sabudana Khichdi 2456,breakfast,152,6.2,38.0,17.9,vegetarian,bengali,1,weight_loss|light
Rajma Chawal 2457,lunch,441,6.0,36.4,16.7,vegetarian,hyderabadi,1,weight_loss|light
Grilled Chicken 2458,dinner,426,11.4,36.9,21.9,non_vegetarian,mixed,0,improve_stamina|carb_rich
Paneer Sandwich 2459,breakfast,438,15.0,74.7,8.1,vegetarian,gujarati,1,weight_loss|light
Thepla 2460,breakfast,278,19.3,68.1,14.4,vegetarian,north_indian,1,muscle_gain|high_protein
Tofu Stir Fry 2461,lunch,548,18.0,49.9,15.3,vegan,punjabi,0,balanced|beginner
Corn Chaat 2462,snack,294,11.6,22.7,21.6,vegan,bengali,0,weight_loss|light
Mixed Veg Curry 2463,dinner,544,12.8,58.2,12.7,vegetarian,rajasthani,0,balanced|beginner
Vegetable Poha 2464,breakfast,245,14.1,56.6,15.1,vegetarian,mixed,1,improve_stamina|carb_rich
Dal Tadka 2465,dinner,571,18.5,42.8,12.4,vegetarian,maharashtrian,0,improve_stamina|carb_rich
Hyderabadi Biryani 2466,lunch,477,17.8,79.9,13.2,non_vegetarian,north_indian,1,improve_stamina|carb_rich
Fish Fry 2467,dinner,355,6.0,21.5,23.5,non_vegetarian,mixed,0,balanced|beginner
Vegetable Soup 2468,dinner,671,11.1,25.2,24.3,vegan,rajasthani,0,improve_stamina|carb_rich
Fish Fry 2469,dinner,418,16.6,70.3,9.7,non_vegetarian,rajasthani,1,improve_stamina|carb_rich
Sprouts Salad 2470,snack,124,13.4,24.5,10.4,vegan,kerala,1,weight_loss|light
Egg Curry 2471,dinner,543,6.1,31.9,20.9,non_vegetarian,north_indian,0,weight_loss|light
Thepla 2472,breakfast,248,9.9,20.9,17.1,vegetarian,bengali,1,weight_loss|light
Roasted Chana 2473,snack,150,5.4,44.6,15.4,vegan,rajasthani,1,weight_loss|light
Protein Shake 2474,snack,185,14.4,42.3,23.3,vegetarian,rajasthani,0,improve_stamina|carb_rich
Vegetable Soup 2475,dinner,630,35.9,51.8,24.6,vegan,maharashtrian,0,muscle_gain|high_protein
Hyderabadi Biryani 2476,lunch,693,35.8,52.6,10.6,non_vegetarian,hyderabadi,0,muscle_gain|high_protein
Sprouts Salad 2477,snack,168,16.2,55.2,6.6,vegan,punjabi,1,improve_stamina|carb_rich
Grilled Chicken 2478,dinner,657,5.9,29.0,15.6,non_vegetarian,maharashtrian,0,weight_loss|light
Buttermilk 2479,snack,293,8.6,78.0,22.2,vegetarian,south_indian,0,improve_stamina|carb_rich
Grilled Chicken 2480,dinner,540,29.2,42.6,18.3,non_vegetarian,mixed,0,muscle_gain|high_protein
Fruit Salad 2481,snack,281,13.0,74.9,15.9,vegan,rajasthani,1,balanced|beginner
Buttermilk 2482,snack,138,8.1,75.0,5.1,vegetarian,rajasthani,1,improve_stamina|carb_rich
Chicken Curry Rice 2483,lunch,600,17.9,40.7,17.6,non_vegetarian,north_indian,0,weight_loss|light
Tofu Stir Fry 2484,lunch,364,11.7,43.2,3.4,vegan,north_indian,1,balanced|beginner
Boiled Eggs 2485,snack,101,7.8,45.8,15.5,non_vegetarian,north_indian,1,weight_loss|light
Sprouts Salad 2486,snack,271,19.9,21.1,19.3,vegan,mixed,0,improve_stamina|carb_rich
Kadhi Rice 2487,lunch,525,24.3,71.6,22.4,vegetarian,rajasthani,0,muscle_gain|high_protein
Paneer Bhurji 2488,dinner,668,11.5,25.2,15.1,vegetarian,mixed,0,weight_loss|light
Roti Sabji 2489,dinner,685,11.8,68.6,20.4,vegetarian,kerala,0,improve_stamina|carb_rich
Protein Shake 2490,snack,237,15.2,56.0,6.2,vegetarian,mixed,1,improve_stamina|carb_rich
Sprouts Salad 2491,snack,188,14.2,47.2,19.5,vegan,rajasthani,0,improve_stamina|carb_rich
Egg Curry 2492,dinner,608,42.8,29.0,25.0,non_vegetarian,kerala,0,muscle_gain|high_protein
Dal Tadka 2493,dinner,694,18.4,47.9,14.5,vegetarian,north_indian,0,weight_loss|light
Boiled Eggs 2494,snack,299,7.0,67.6,12.4,non_vegetarian,mixed,1,weight_loss|light
Sprouts Salad 2495,snack,250,35.5,72.6,15.7,vegan,kerala,1,muscle_gain|high_protein
Fruit Salad 2496,snack,286,5.1,32.1,3.5,vegan,maharashtrian,1,balanced|beginner
Mixed Veg Curry 2497,dinner,462,12.3,71.8,13.3,vegetarian,hyderabadi,1,improve_stamina|carb_rich
Sabudana Khichdi 2498,breakfast,159,19.5,70.6,12.7,vegetarian,hyderabadi,1,muscle_gain|high_protein
Paneer Cubes 2499,snack,172,11.6,70.0,13.4,vegetarian,mixed,1,weight_loss|light
Dal Tadka 2500,dinner,356,38.8,42.2,3.4,vegetarian,south_indian,1,muscle_gain|high_protein
Thepla 2501,breakfast,184,10.6,53.8,11.4,vegetarian,maharashtrian,1,weight_loss|light
Fruit Bowl 2502,breakfast,445,7.8,49.3,4.8,vegan,maharashtrian,1,balanced|beginner
Idli Sambar 2503,breakfast,352,13.9,32.9,25.0,vegetarian,south_indian,0,improve_stamina|carb_rich
Egg Curry 2504,dinner,689,34.5,57.5,16.0,non_vegetarian,south_indian,0,muscle_gain|high_protein
Dal Rice 2505,lunch,556,18.0,49.4,21.2,vegetarian,kerala,0,weight_loss|light
Mixed Veg Curry 2506,dinner,627,6.2,38.0,20.1,vegetarian,maharashtrian,0,improve_stamina|carb_rich
Grilled Chicken 2507,dinner,692,12.7,21.7,16.6,non_vegetarian,maharashtrian,0,improve_stamina|carb_rich
Rajma Chawal 2508,lunch,695,43.6,45.5,10.8,vegetarian,mixed,0,muscle_gain|high_protein
Oats with Milk 2509,breakfast,195,18.7,23.4,11.3,vegetarian,south_indian,1,improve_stamina|carb_rich
Chicken Curry Rice 2510,lunch,353,9.2,77.4,17.8,non_vegetarian,maharashtrian,1,balanced|beginner
Roasted Chana 2511,snack,204,6.7,21.6,14.7,vegan,rajasthani,1,weight_loss|light
Thepla 2512,breakfast,220,11.0,74.0,10.0,vegetarian,north_indian,1,balanced|beginner
Buttermilk 2513,snack,116,14.1,41.1,16.2,vegetarian,kerala,1,weight_loss|light
Paneer Sandwich 2514,breakfast,361,16.9,76.0,22.2,vegetarian,north_indian,0,improve_stamina|carb_rich
Idli Sambar 2515,breakfast,348,25.3,47.9,4.7,vegetarian,rajasthani,1,muscle_gain|high_protein
Fruit Salad 2516,snack,222,6.5,41.8,22.3,vegan,bengali,0,balanced|beginner
Paneer Sandwich 2517,breakfast,250,19.8,66.1,6.6,vegetarian,punjabi,1,muscle_gain|high_protein
Rajma Chawal 2518,lunch,618,19.0,62.5,11.5,vegetarian,gujarati,0,improve_stamina|carb_rich
Egg Curry 2519,dinner,549,18.9,75.2,20.3,non_vegetarian,rajasthani,0,balanced|beginner
Boiled Eggs 2520,snack,105,40.9,57.9,17.9,non_vegetarian,mixed,1,muscle_gain|high_protein
Sprouts Salad 2521,snack,122,34.9,21.6,8.2,vegan,bengali,1,muscle_gain|high_protein
Idli Sambar 2522,breakfast,288,17.6,23.1,11.6,vegetarian,mixed,1,weight_loss|light
Peanut Chaat 2523,snack,173,15.3,52.2,5.2,vegetarian,hyderabadi,1,weight_loss|light
Fish Curry Rice 2524,lunch,694,7.0,27.0,7.5,non_vegetarian,mixed,0,improve_stamina|carb_rich
Paneer Bhurji 2525,dinner,390,12.2,53.9,9.0,vegetarian,hyderabadi,1,balanced|beginner
Boiled Eggs 2526,snack,203,15.1,78.6,21.9,non_vegetarian,south_indian,0,improve_stamina|carb_rich
Fish Fry 2527,dinner,666,10.3,32.9,6.0,non_vegetarian,hyderabadi,0,improve_stamina|carb_rich
Rajma Chawal 2528,lunch,437,17.6,69.4,8.5,vegetarian,mixed,1,balanced|beginner
Protein Shake 2529,snack,161,16.4,74.5,21.3,vegetarian,rajasthani,0,balanced|beginner
Buttermilk 2530,snack,234,19.2,38.4,11.3,vegetarian,north_indian,1,weight_loss|light
Paneer Sandwich 2531,breakfast,327,16.0,54.6,9.2,vegetarian,kerala,1,improve_stamina|carb_rich
Masala Omelette 2532,breakfast,181,5.9,45.2,17.3,non_vegetarian,north_indian,1,balanced|beginner
Buttermilk 2533,snack,133,16.6,70.1,17.1,vegetarian,mixed,1,weight_loss|light
Tofu Stir Fry 2534,lunch,615,28.9,59.9,14.4,vegan,maharashtrian,0,muscle_gain|high_protein
Fish Curry Rice 2535,lunch,676,6.4,73.7,9.2,non_vegetarian,mixed,0,balanced|beginner
Dal Rice 2536,lunch,387,25.6,49.2,5.9,vegetarian,rajasthani,1,muscle_gain|high_protein
Roasted Chana 2537,snack,237,15.5,52.4,25.0,vegan,south_indian,0,weight_loss|light
Chicken Curry Rice 2538,lunch,615,7.8,78.4,11.2,non_vegetarian,kerala,0,improve_stamina|carb_rich
Peanut Chaat 2539,snack,216,17.3,57.4,10.1,vegetarian,mixed,1,improve_stamina|carb_rich
Tofu Curry 2540,dinner,561,13.5,28.1,7.2,vegan,maharashtrian,0,balanced|beginner
Corn Chaat 2541,snack,168,11.8,35.0,16.7,vegan,hyderabadi,1,improve_stamina|carb_rich
Tofu Scramble 2542,breakfast,335,15.6,37.0,5.6,vegan,hyderabadi,1,improve_stamina|carb_rich
Tofu Curry 2543,dinner,630,11.7,63.3,22.3,vegan,kerala,0,improve_stamina|carb_rich
Tofu Scramble 2544,breakfast,300,34.7,49.0,10.5,vegan,rajasthani,1,muscle_gain|high_protein
Oats with Milk 2545,breakfast,196,12.0,33.4,23.5,vegetarian,hyderabadi,0,weight_loss|light
Vegetable Khichdi 2546,lunch,361,6.3,59.2,6.7,vegetarian,mixed,1,weight_loss|light
Fruit Bowl 2547,breakfast,207,18.7,73.5,14.1,vegan,kerala,1,balanced|beginner
Protein Shake 2548,snack,231,7.0,20.1,15.5,vegetarian,punjabi,1,improve_stamina|carb_rich
Fruit Bowl 2549,breakfast,217,6.7,63.9,17.3,vegan,bengali,1,weight_loss|light
Sprouts Salad 2550,snack,208,6.8,23.7,7.1,vegan,rajasthani,1,improve_stamina|carb_rich
Kadhi Rice 2551,lunch,525,5.7,39.1,23.5,vegetarian,rajasthani,0,improve_stamina|carb_rich
Fish Fry 2552,dinner,545,5.9,57.8,11.5,non_vegetarian,north_indian,0,weight_loss|light
Fish Fry 2553,dinner,505,13.0,22.8,20.3,non_vegetarian,mixed,0,balanced|beginner
Roasted Chana 2554,snack,131,13.1,36.8,3.6,vegan,rajasthani,1,improve_stamina|carb_rich
Tofu Curry 2555,dinner,558,43.9,26.0,7.3,vegan,south_indian,0,muscle_gain|high_protein
Roasted Chana 2556,snack,263,28.4,26.9,8.7,vegan,south_indian,1,muscle_gain|high_protein
Idli Sambar 2557,breakfast,196,7.0,27.7,10.8,vegetarian,mixed,1,weight_loss|light
Chicken Curry Rice 2558,lunch,540,7.4,38.9,3.6,non_vegetarian,punjabi,0,balanced|beginner
Rajma Chawal 2559,lunch,655,14.0,73.3,15.9,vegetarian,punjabi,0,balanced|beginner
Rajma Chawal 2560,lunch,570,14.7,66.8,12.2,vegetarian,rajasthani,0,weight_loss|light
Dal Rice 2561,lunch,586,11.6,54.2,11.3,vegetarian,bengali,0,balanced|beginner
Idli Sambar 2562,breakfast,431,15.6,24.8,17.2,vegetarian,maharashtrian,1,weight_loss|light
Paneer Sandwich 2563,breakfast,228,16.3,55.5,5.7,vegetarian,gujarati,1,weight_loss|light
Paneer Bhurji 2564,dinner,697,42.1,44.8,22.7,vegetarian,hyderabadi,0,muscle_gain|high_protein
Vegetable Soup 2565,dinner,444,30.5,47.9,15.8,vegan,gujarati,1,muscle_gain|high_protein
Paneer Cubes 2566,snack,282,9.4,68.8,4.9,vegetarian,south_indian,1,weight_loss|light
Idli Sambar 2567,breakfast,274,21.9,34.1,11.9,vegetarian,bengali,1,muscle_gain|high_protein
Rajma Chawal 2568,lunch,524,17.2,63.6,16.7,vegetarian,rajasthani,0,balanced|beginner
Protein Shake 2569,snack,117,15.5,37.6,10.5,vegetarian,maharashtrian,1,improve_stamina|carb_rich
Fruit Bowl 2570,breakfast,175,27.9,41.8,4.6,vegan,mixed,1,muscle_gain|high_protein
Vegetable Soup 2571,dinner,503,5.3,36.0,14.2,vegan,punjabi,0,balanced|beginner
Dal Rice 2572,lunch,498,11.9,22.9,6.9,vegetarian,kerala,1,weight_loss|light
Oats with Milk 2573,breakfast,219,12.1,52.7,14.3,vegetarian,hyderabadi,1,weight_loss|light
Rajma Chawal 2574,lunch,662,13.4,49.4,16.9,vegetarian,maharashtrian,0,improve_stamina|carb_rich
Grilled Chicken 2575,dinner,504,15.8,33.3,16.9,non_vegetarian,kerala,0,balanced|beginner
Pav Bhaji 2576,lunch,675,8.5,69.1,9.5,vegetarian,punjabi,0,weight_loss|light
Fruit Bowl 2577,breakfast,373,11.6,27.5,16.2,vegan,bengali,1,balanced|beginner
Paneer Sandwich 2578,breakfast,297,18.2,22.4,20.2,vegetarian,kerala,0,balanced|beginner
Fruit Salad 2579,snack,226,16.7,54.6,12.4,vegan,punjabi,1,improve_stamina|carb_rich
Vegetable Poha 2580,breakfast,433,17.7,32.8,16.6,vegetarian,rajasthani,1,improve_stamina|carb_rich
Upma 2581,breakfast,395,16.8,60.0,10.6,vegetarian,rajasthani,1,balanced|beginner
Tofu Stir Fry 2582,lunch,550,38.8,77.6,20.2,vegan,bengali,0,muscle_gain|high_protein
Vegetable Soup 2583,dinner,624,6.9,69.8,3.6,vegan,kerala,0,balanced|beginner
Sabudana Khichdi 2584,breakfast,410,11.5,38.2,5.1,vegetarian,bengali,1,balanced|beginner
Dal Tadka 2585,dinner,700,19.8,27.3,7.4,vegetarian,mixed,0,muscle_gain|high_protein
Paneer Cubes 2586,snack,253,37.5,34.3,10.3,vegetarian,north_indian,1,muscle_gain|high_protein
Upma 2587,breakfast,412,44.6,46.4,13.5,vegetarian,punjabi,1,muscle_gain|high_protein
Masala Omelette 2588,breakfast,401,7.8,61.7,7.7,non_vegetarian,hyderabadi,1,improve_stamina|carb_rich
Thepla 2589,breakfast,179,18.6,63.7,18.7,vegetarian,kerala,0,muscle_gain|high_protein
Roti Sabji 2590,dinner,645,17.3,39.3,23.3,vegetarian,hyderabadi,0,balanced|beginner
Fish Fry 2591,dinner,388,13.3,25.7,20.4,non_vegetarian,maharashtrian,0,improve_stamina|carb_rich
Tofu Curry 2592,dinner,513,12.1,70.5,9.6,vegan,maharashtrian,0,improve_stamina|carb_rich
Chicken Curry Rice 2593,lunch,585,18.9,52.8,14.1,non_vegetarian,hyderabadi,0,improve_stamina|carb_rich
Oats with Milk 2594,breakfast,402,32.0,50.0,22.7,vegetarian,hyderabadi,0,muscle_gain|high_protein
Kadhi Rice 2595,lunch,435,5.9,59.9,8.5,vegetarian,punjabi,1,balanced|beginner
Vegetable Soup 2596,dinner,413,16.5,59.9,5.9,vegan,hyderabadi,1,improve_stamina|carb_rich
Tofu Curry 2597,dinner,415,19.6,34.3,21.4,vegan,south_indian,0,balanced|beginner
Tofu Stir Fry 2598,lunch,357,14.6,49.4,9.3,vegan,north_indian,1,weight_loss|light
Pav Bhaji 2599,lunch,557,12.6,77.7,23.3,vegetarian,hyderabadi,0,improve_stamina|carb_rich
Roti Sabji 2600,dinner,645,5.9,20.7,9.1,vegetarian,south_indian,0,balanced|beginner
Fish Fry 2601,dinner,467,14.9,74.8,8.9,non_vegetarian,gujarati,1,improve_stamina|carb_rich
Boiled Eggs 2602,snack,115,7.1,70.3,10.5,non_vegetarian,punjabi,1,improve_stamina|carb_rich
Masala Omelette 2603,breakfast,291,29.6,53.5,22.7,non_vegetarian,kerala,0,muscle_gain|high_protein
Corn Chaat 2604,snack,227,8.9,77.9,20.6,vegan,mixed,0,balanced|beginner
Grilled Chicken 2605,dinner,620,13.5,35.6,14.5,non_vegetarian,north_indian,0,weight_loss|light
Rajma Chawal 2606,lunch,366,19.8,51.2,3.1,vegetarian,gujarati,1,balanced|beginner
Fish Fry 2607,dinner,480,32.6,79.4,12.9,non_vegetarian,north_indian,1,muscle_gain|high_protein
Grilled Chicken 2608,dinner,358,11.2,38.3,4.4,non_vegetarian,north_indian,1,weight_loss|light
Chicken Curry Rice 2609,lunch,618,26.7,33.8,19.5,non_vegetarian,bengali,0,muscle_gain|high_protein
Hyderabadi Biryani 2610,lunch,366,13.9,31.8,21.1,non_vegetarian,rajasthani,0,balanced|beginner
Peanut Chaat 2611,snack,262,6.9,50.0,17.0,vegetarian,bengali,1,improve_stamina|carb_rich
Fruit Salad 2612,snack,269,7.1,49.0,10.1,vegan,bengali,1,improve_stamina|carb_rich
Vegetable Soup 2613,dinner,503,13.0,76.1,17.9,vegan,gujarati,0,balanced|beginner
Pav Bhaji 2614,lunch,644,8.8,34.9,4.7,vegetarian,mixed,0,weight_loss|light
Fruit Salad 2615,snack,252,6.2,54.8,13.8,vegan,rajasthani,1,balanced|beginner
Egg Curry 2616,dinner,675,9.5,47.8,20.4,non_vegetarian,kerala,0,improve_stamina|carb_rich
Paneer Roti 2617,lunch,672,17.7,75.8,5.7,vegetarian,punjabi,0,improve_stamina|carb_rich
Grilled Chicken 2618,dinner,489,5.9,24.6,4.6,non_vegetarian,mixed,1,improve_stamina|carb_rich
Hyderabadi Biryani 2619,lunch,631,5.6,58.2,8.7,non_vegetarian,gujarati,0,balanced|beginner
Protein Shake 2620,snack,250,41.9,32.2,12.3,vegetarian,punjabi,1,muscle_gain|high_protein
Grilled Chicken 2621,dinner,561,22.8,30.9,5.6,non_vegetarian,bengali,0,muscle_gain|high_protein
Chicken Curry Rice 2622,lunch,672,8.1,35.4,14.9,non_vegetarian,south_indian,0,balanced|beginner
Tofu Scramble 2623,breakfast,333,18.8,71.2,15.4,vegan,hyderabadi,1,muscle_gain|high_protein
Roasted Chana 2624,snack,156,8.2,37.2,6.0,vegan,punjabi,1,improve_stamina|carb_rich
Fish Fry 2625,dinner,663,13.7,44.9,24.9,non_vegetarian,kerala,0,improve_stamina|carb_rich
Roti Sabji 2626,dinner,608,33.0,65.9,20.0,vegetarian,punjabi,0,muscle_gain|high_protein
Hyderabadi Biryani 2627,lunch,583,32.6,51.5,22.1,non_vegetarian,rajasthani,0,muscle_gain|high_protein
Thepla 2628,breakfast,171,19.0,60.9,16.0,vegetarian,gujarati,1,muscle_gain|high_protein
Paneer Cubes 2629,snack,149,30.2,50.0,20.6,vegetarian,rajasthani,0,muscle_gain|high_protein
Vegetable Khichdi 2630,lunch,453,17.4,31.9,24.1,vegetarian,south_indian,0,balanced|beginner
Hyderabadi Biryani 2631,lunch,372,38.2,51.9,4.5,non_vegetarian,hyderabadi,1,muscle_gain|high_protein
Boiled Eggs 2632,snack,180,19.1,75.1,20.0,non_vegetarian,mixed,0,improve_stamina|carb_rich
Corn Chaat 2633,snack,108,13.7,38.5,22.4,vegan,gujarati,0,improve_stamina|carb_rich
Paneer Roti 2634,lunch,537,8.3,73.8,7.3,vegetarian,rajasthani,0,balanced|beginner
Fish Fry 2635,dinner,652,42.2,43.9,7.5,non_vegetarian,hyderabadi,0,muscle_gain|high_protein
Paneer Bhurji 2636,dinner,594,6.8,77.5,17.9,vegetarian,kerala,0,improve_stamina|carb_rich
Pav Bhaji 2637,lunch,610,5.3,36.2,7.0,vegetarian,maharashtrian,0,weight_loss|light
Peanut Chaat 2638,snack,232,17.9,36.0,15.3,vegetarian,hyderabadi,1,weight_loss|light
Paneer Sandwich 2639,breakfast,274,8.5,32.4,13.5,vegetarian,north_indian,1,improve_stamina|carb_rich
Rajma Chawal 2640,lunch,591,39.7,76.3,19.6,vegetarian,kerala,0,muscle_gain|high_protein
Mixed Veg Curry 2641,dinner,434,8.0,66.8,8.9,vegetarian,punjabi,1,weight_loss|light
Paneer Bhurji 2642,dinner,664,9.9,69.5,8.0,vegetarian,punjabi,0,improve_stamina|carb_rich
Hyderabadi Biryani 2643,lunch,403,19.3,41.2,8.3,non_vegetarian,gujarati,1,weight_loss|light
Sprouts Salad 2644,snack,221,14.8,60.5,12.8,vegan,punjabi,1,balanced|beginner
Paneer Sandwich 2645,breakfast,228,17.8,48.5,14.9,vegetarian,bengali,1,improve_stamina|carb_rich
Paneer Sandwich 2646,breakfast,434,12.2,43.5,7.3,vegetarian,bengali,1,improve_stamina|carb_rich
Boiled Eggs 2647,snack,157,13.0,43.2,17.1,non_vegetarian,maharashtrian,1,balanced|beginner
Roti Sabji 2648,dinner,451,18.6,46.7,16.1,vegetarian,hyderabadi,1,balanced|beginner
Roti Sabji 2649,dinner,642,25.8,77.2,19.1,vegetarian,hyderabadi,0,muscle_gain|high_protein
Roasted Chana 2650,snack,146,8.3,41.3,11.7,vegan,south_indian,1,improve_stamina|carb_rich
Fish Fry 2651,dinner,429,5.7,42.7,6.8,non_vegetarian,hyderabadi,1,improve_stamina|carb_rich
Hyderabadi Biryani 2652,lunch,648,19.5,54.4,12.8,non_vegetarian,gujarati,0,weight_loss|light
Egg Curry 2653,dinner,569,15.0,48.6,23.3,non_vegetarian,bengali,0,weight_loss|light
Kadhi Rice 2654,lunch,488,8.8,32.9,11.7,vegetarian,south_indian,1,improve_stamina|carb_rich
Paneer Bhurji 2655,dinner,479,17.1,28.8,5.2,vegetarian,rajasthani,1,balanced|beginner
Vegetable Poha 2656,breakfast,251,18.0,51.6,13.4,vegetarian,maharashtrian,1,improve_stamina|carb_rich
Fish Curry Rice 2657,lunch,513,37.4,67.9,3.7,non_vegetarian,bengali,0,muscle_gain|high_protein
Upma 2658,breakfast,256,11.2,29.3,18.8,vegetarian,bengali,0,balanced|beginner
Egg Curry 2659,dinner,572,9.6,45.0,22.3,non_vegetarian,maharashtrian,0,improve_stamina|carb_rich
Rajma Chawal 2660,lunch,401,6.4,65.4,9.4,vegetarian,hyderabadi,1,weight_loss|light
Paneer Sandwich 2661,breakfast,166,11.8,58.9,11.4,vegetarian,south_indian,1,improve_stamina|carb_rich
Corn Chaat 2662,snack,124,18.7,68.8,5.0,vegan,bengali,1,improve_stamina|carb_rich
Rajma Chawal 2663,lunch,410,12.2,34.5,4.9,vegetarian,gujarati,1,improve_stamina|carb_rich
Paneer Cubes 2664,snack,184,11.3,23.0,15.4,vegetarian,mixed,1,weight_loss|light
Paneer Bhurji 2665,dinner,682,26.7,48.9,23.5,vegetarian,rajasthani,0,muscle_gain|high_protein
Sabudana Khichdi 2666,breakfast,176,15.1,71.9,18.5,vegetarian,north_indian,0,weight_loss|light
Fish Fry 2667,dinner,542,18.3,73.0,4.4,non_vegetarian,bengali,0,balanced|beginner
Boiled Eggs 2668,snack,123,29.7,66.9,24.9,non_vegetarian,mixed,0,muscle_gain|high_protein
Egg Curry 2669,dinner,581,8.7,40.0,11.7,non_vegetarian,mixed,0,improve_stamina|carb_rich
Vegetable Soup 2670,dinner,483,11.9,33.2,15.0,vegan,gujarati,1,improve_stamina|carb_rich
Hyderabadi Biryani 2671,lunch,641,17.1,79.0,5.0,non_vegetarian,bengali,0,improve_stamina|carb_rich
Masala Omelette 2672,breakfast,435,17.2,67.0,21.8,non_vegetarian,rajasthani,0,weight_loss|light
Fish Fry 2673,dinner,700,36.2,50.2,12.7,non_vegetarian,bengali,0,muscle_gain|high_protein
Upma 2674,breakfast,416,18.7,70.1,14.4,vegetarian,hyderabadi,1,weight_loss|light
Buttermilk 2675,snack,196,18.6,40.3,15.2,vegetarian,hyderabadi,1,muscle_gain|high_protein
Buttermilk 2676,snack,143,5.7,51.1,9.3,vegetarian,rajasthani,1,balanced|beginner
Hyderabadi Biryani 2677,lunch,432,41.0,36.2,7.6,non_vegetarian,north_indian,1,muscle_gain|high_protein
Roasted Chana 2678,snack,91,18.9,75.5,11.6,vegan,north_indian,1,muscle_gain|high_protein
Egg Curry 2679,dinner,534,17.4,30.6,9.3,non_vegetarian,south_indian,0,weight_loss|light
Paneer Roti 2680,lunch,422,11.8,55.7,22.7,vegetarian,bengali,0,balanced|beginner
Upma 2681,breakfast,335,5.8,30.5,6.9,vegetarian,south_indian,1,weight_loss|light
Grilled Chicken 2682,dinner,378,13.5,51.1,16.5,non_vegetarian,kerala,1,balanced|beginner
Protein Shake 2683,snack,298,29.8,35.5,10.1,vegetarian,gujarati,1,muscle_gain|high_protein
Vegetable Soup 2684,dinner,367,10.2,73.2,12.8,vegan,kerala,1,balanced|beginner
Corn Chaat 2685,snack,98,41.8,67.7,20.7,vegan,punjabi,0,muscle_gain|high_protein
Kadhi Rice 2686,lunch,368,17.9,39.8,6.0,vegetarian,mixed,1,improve_stamina|carb_rich
Thepla 2687,breakfast,185,19.7,50.8,16.6,vegetarian,kerala,1,weight_loss|light
Thepla 2688,breakfast,403,12.6,36.2,22.7,vegetarian,maharashtrian,0,balanced|beginner
Paneer Sandwich 2689,breakfast,191,22.9,40.0,15.6,vegetarian,kerala,1,muscle_gain|high_protein
Paneer Sandwich 2690,breakfast,319,17.1,66.4,9.4,vegetarian,gujarati,1,weight_loss|light
Mixed Veg Curry 2691,dinner,409,14.0,38.6,8.4,vegetarian,bengali,1,improve_stamina|carb_rich
Tofu Scramble 2692,breakfast,215,8.8,23.6,11.9,vegan,bengali,1,improve_stamina|carb_rich
Oats with Milk 2693,breakfast,377,32.9,21.8,13.5,vegetarian,maharashtrian,1,muscle_gain|high_protein
Upma 2694,breakfast,286,13.9,45.6,11.8,vegetarian,gujarati,1,weight_loss|light
Mixed Veg Curry 2695,dinner,450,12.2,44.7,19.3,vegetarian,south_indian,0,balanced|beginner
Tofu Stir Fry 2696,lunch,583,17.1,64.8,16.5,vegan,mixed,0,balanced|beginner
Tofu Stir Fry 2697,lunch,591,5.0,38.1,3.4,vegan,north_indian,0,weight_loss|light
Fish Fry 2698,dinner,419,13.1,73.8,16.8,non_vegetarian,rajasthani,1,balanced|beginner
Vegetable Poha 2699,breakfast,268,35.3,68.0,23.9,vegetarian,hyderabadi,0,muscle_gain|high_protein
Peanut Chaat 2700,snack,181,12.8,24.1,9.9,vegetarian,south_indian,1,improve_stamina|carb_rich
Vegetable Soup 2701,dinner,638,19.3,51.5,19.8,vegan,punjabi,0,balanced|beginner
Buttermilk 2702,snack,194,18.0,26.7,16.9,vegetarian,kerala,1,improve_stamina|carb_rich
Dal Rice 2703,lunch,465,43.4,26.6,17.6,vegetarian,mixed,1,muscle_gain|high_protein
Vegetable Soup 2704,dinner,509,8.3,53.0,12.5,vegan,punjabi,0,balanced|beginner
Thepla 2705,breakfast,362,5.7,22.3,24.9,vegetarian,punjabi,0,improve_stamina|carb_rich
Vegetable Khichdi 2706,lunch,599,16.7,64.8,10.6,vegetarian,hyderabadi,0,weight_loss|light
Dal Tadka 2707,dinner,487,41.0,26.6,7.5,vegetarian,north_indian,1,muscle_gain|high_protein
Hyderabadi Biryani 2708,lunch,648,16.8,41.7,16.3,non_vegetarian,south_indian,0,balanced|beginner
Vegetable Poha 2709,breakfast,399,14.8,56.8,21.6,vegetarian,north_indian,0,balanced|beginner
Dal Tadka 2710,dinner,498,15.1,62.7,16.6,vegetarian,bengali,1,improve_stamina|carb_rich
Mixed Veg Curry 2711,dinner,523,17.3,28.3,12.6,vegetarian,hyderabadi,0,improve_stamina|carb_rich
Fish Curry Rice 2712,lunch,378,16.6,73.7,14.9,non_vegetarian,bengali,1,balanced|beginner
Thepla 2713,breakfast,216,16.2,30.8,15.0,vegetarian,bengali,1,weight_loss|light
Grilled Chicken 2714,dinner,619,29.9,78.7,3.4,non_vegetarian,kerala,0,muscle_gain|high_protein
Roasted Chana 2715,snack,297,17.2,35.5,6.2,vegan,south_indian,1,balanced|beginner
Tofu Curry 2716,dinner,592,11.3,34.2,12.8,vegan,north_indian,0,improve_stamina|carb_rich
Roasted Chana 2717,snack,131,12.9,24.4,11.3,vegan,maharashtrian,1,balanced|beginner
Sabudana Khichdi 2718,breakfast,258,10.0,35.8,3.7,vegetarian,rajasthani,1,weight_loss|light
Fruit Salad 2719,snack,222,9.6,21.6,14.2,vegan,kerala,1,weight_loss|light
Paneer Sandwich 2720,breakfast,359,11.5,69.4,17.0,vegetarian,maharashtrian,1,improve_stamina|carb_rich
Fish Curry Rice 2721,lunch,689,12.3,54.4,18.2,non_vegetarian,gujarati,0,improve_stamina|carb_rich
Vegetable Poha 2722,breakfast,172,15.9,50.8,7.3,vegetarian,gujarati,1,balanced|beginner
Fruit Bowl 2723,breakfast,346,7.1,36.0,9.0,vegan,punjabi,1,weight_loss|light
Paneer Sandwich 2724,breakfast,210,18.8,54.1,5.6,vegetarian,rajasthani,1,weight_loss|light
Boiled Eggs 2725,snack,258,10.2,76.3,8.9,non_vegetarian,mixed,1,weight_loss|light
Fish Fry 2726,dinner,581,6.4,28.8,23.8,non_vegetarian,south_indian,0,balanced|beginner
Roti Sabji 2727,dinner,631,15.4,51.9,19.9,vegetarian,hyderabadi,0,balanced|beginner
Tofu Scramble 2728,breakfast,282,15.5,68.8,5.2,vegan,maharashtrian,1,weight_loss|light
Hyderabadi Biryani 2729,lunch,369,11.7,39.5,17.9,non_vegetarian,south_indian,1,balanced|beginner
Boiled Eggs 2730,snack,167,9.5,35.1,21.1,non_vegetarian,hyderabadi,0,balanced|beginner
Upma 2731,breakfast,242,9.9,46.4,15.6,vegetarian,rajasthani,1,balanced|beginner
Sabudana Khichdi 2732,breakfast,442,8.6,22.9,15.8,vegetarian,south_indian,1,improve_stamina|carb_rich
Egg Curry 2733,dinner,610,7.3,40.0,9.9,non_vegetarian,punjabi,0,balanced|beginner
Paneer Roti 2734,lunch,609,14.6,74.1,14.7,vegetarian,hyderabadi,0,weight_loss|light
Egg Curry 2735,dinner,442,16.5,57.1,19.4,non_vegetarian,north_indian,0,weight_loss|light
Sprouts Salad 2736,snack,134,17.8,24.5,10.6,vegan,bengali,1,improve_stamina|carb_rich
Kadhi Rice 2737,lunch,689,41.7,31.7,18.5,vegetarian,hyderabadi,0,muscle_gain|high_protein
Pav Bhaji 2738,lunch,672,17.3,24.3,9.8,vegetarian,gujarati,0,weight_loss|light
Hyderabadi Biryani 2739,lunch,505,16.1,43.5,13.5,non_vegetarian,bengali,0,balanced|beginner
Dal Tadka 2740,dinner,416,5.9,62.5,24.5,vegetarian,hyderabadi,0,weight_loss|light
Hyderabadi Biryani 2741,lunch,380,43.2,80.0,3.7,non_vegetarian,punjabi,1,muscle_gain|high_protein
Tofu Stir Fry 2742,lunch,669,14.9,75.0,3.6,vegan,north_indian,0,improve_stamina|carb_rich
Fish Fry 2743,dinner,420,33.7,53.6,5.4,non_vegetarian,north_indian,1,muscle_gain|high_protein
Thepla 2744,breakfast,366,15.9,60.6,15.2,vegetarian,bengali,1,improve_stamina|carb_rich
Fish Curry Rice 2745,lunch,551,12.0,44.0,22.2,non_vegetarian,hyderabadi,0,balanced|beginner
Mixed Veg Curry 2746,dinner,630,40.8,51.5,21.0,vegetarian,kerala,0,muscle_gain|high_protein
Upma 2747,breakfast,397,28.1,70.6,13.5,vegetarian,kerala,1,muscle_gain|high_protein
Fish Curry Rice 2748,lunch,611,34.6,35.2,11.5,non_vegetarian,south_indian,0,muscle_gain|high_protein
Roti Sabji 2749,dinner,479,9.9,39.4,14.3,vegetarian,gujarati,1,balanced|beginner
Paneer Cubes 2750,snack,184,6.6,69.7,4.4,vegetarian,punjabi,1,weight_loss|light
Fruit Salad 2751,snack,251,7.9,29.2,17.7,vegan,maharashtrian,1,balanced|beginner
Paneer Bhurji 2752,dinner,483,24.1,46.0,21.4,vegetarian,rajasthani,0,muscle_gain|high_protein
Thepla 2753,breakfast,361,12.7,26.2,17.3,vegetarian,gujarati,1,balanced|beginner
Paneer Roti 2754,lunch,407,7.7,36.0,10.5,vegetarian,kerala,1,balanced|beginner
Rajma Chawal 2755,lunch,601,13.8,22.3,16.7,vegetarian,punjabi,0,weight_loss|light
Tofu Scramble 2756,breakfast,414,17.1,68.1,8.5,vegan,south_indian,1,balanced|beginner
Corn Chaat 2757,snack,112,9.6,62.5,18.1,vegan,punjabi,0,weight_loss|light
Masala Omelette 2758,breakfast,400,9.7,57.1,11.0,non_vegetarian,rajasthani,1,balanced|beginner
Hyderabadi Biryani 2759,lunch,508,6.3,57.6,19.0,non_vegetarian,maharashtrian,0,improve_stamina|carb_rich
Dal Rice 2760,lunch,604,6.7,74.8,17.9,vegetarian,gujarati,0,improve_stamina|carb_rich
Thepla 2761,breakfast,195,9.1,24.8,19.0,vegetarian,hyderabadi,0,weight_loss|light
Rajma Chawal 2762,lunch,434,6.2,67.5,7.7,vegetarian,hyderabadi,1,balanced|beginner
Thepla 2763,breakfast,405,9.8,52.5,9.8,vegetarian,bengali,1,improve_stamina|carb_rich
Fish Curry Rice 2764,lunch,519,12.1,60.4,20.6,non_vegetarian,kerala,0,weight_loss|light
Chicken Curry Rice 2765,lunch,444,17.7,35.1,22.1,non_vegetarian,kerala,0,improve_stamina|carb_rich
Sabudana Khichdi 2766,breakfast,240,16.8,41.8,18.8,vegetarian,mixed,0,balanced|beginner
Paneer Sandwich 2767,breakfast,218,13.0,43.8,13.0,vegetarian,north_indian,1,balanced|beginner
Paneer Roti 2768,lunch,652,11.2,46.5,9.9,vegetarian,punjabi,0,balanced|beginner
Oats with Milk 2769,breakfast,419,7.2,46.0,19.3,vegetarian,hyderabadi,0,weight_loss|light
Chicken Curry Rice 2770,lunch,360,8.8,34.5,12.7,non_vegetarian,punjabi,1,improve_stamina|carb_rich
Vegetable Khichdi 2771,lunch,580,13.9,55.6,12.0,vegetarian,hyderabadi,0,weight_loss|light
Corn Chaat 2772,snack,267,7.4,73.8,18.9,vegan,punjabi,0,improve_stamina|carb_rich
Kadhi Rice 2773,lunch,467,12.8,55.4,5.7,vegetarian,kerala,1,balanced|beginner
Tofu Scramble 2774,breakfast,410,16.0,42.2,14.8,vegan,south_indian,1,weight_loss|light
Thepla 2775,breakfast,416,10.9,71.5,17.2,vegetarian,maharashtrian,1,balanced|beginner
Kadhi Rice 2776,lunch,485,12.2,24.0,14.2,vegetarian,mixed,1,balanced|beginner
Oats with Milk 2777,breakfast,186,16.7,77.6,13.9,vegetarian,bengali,1,weight_loss|light
Paneer Roti 2778,lunch,557,29.5,33.5,24.5,vegetarian,kerala,0,muscle_gain|high_protein
Fruit Bowl 2779,breakfast,167,26.1,22.9,11.6,vegan,south_indian,1,muscle_gain|high_protein
Chicken Curry Rice 2780,lunch,561,27.9,59.6,5.1,non_vegetarian,maharashtrian,0,muscle_gain|high_protein
Paneer Bhurji 2781,dinner,516,11.0,53.2,8.2,vegetarian,mixed,0,improve_stamina|carb_rich
Vegetable Khichdi 2782,lunch,642,37.4,55.8,17.3,vegetarian,bengali,0,muscle_gain|high_protein
Paneer Roti 2783,lunch,430,24.3,73.5,7.2,vegetarian,gujarati,1,muscle_gain|high_protein
Sabudana Khichdi 2784,breakfast,151,12.7,28.7,9.7,vegetarian,rajasthani,1,weight_loss|light
Paneer Cubes 2785,snack,114,37.3,58.9,13.7,vegetarian,kerala,1,muscle_gain|high_protein
Sabudana Khichdi 2786,breakfast,201,16.2,25.9,22.6,vegetarian,gujarati,0,improve_stamina|carb_rich
Chicken Curry Rice 2787,lunch,662,9.1,46.1,21.2,non_vegetarian,north_indian,0,weight_loss|light
Boiled Eggs 2788,snack,219,16.0,33.8,22.9,non_vegetarian,maharashtrian,0,weight_loss|light
Roasted Chana 2789,snack,190,13.8,78.1,12.7,vegan,rajasthani,1,weight_loss|light
Rajma Chawal 2790,lunch,547,7.2,66.3,20.9,vegetarian,gujarati,0,balanced|beginner
Fruit Salad 2791,snack,81,6.9,79.0,9.3,vegan,gujarati,1,improve_stamina|carb_rich
Grilled Chicken 2792,dinner,610,33.8,26.4,10.4,non_vegetarian,mixed,0,muscle_gain|high_protein
Rajma Chawal 2793,lunch,627,11.4,24.1,20.3,vegetarian,kerala,0,improve_stamina|carb_rich
Tofu Scramble 2794,breakfast,295,19.0,59.6,20.1,vegan,gujarati,0,balanced|beginner
Boiled Eggs 2795,snack,300,15.8,32.2,6.3,non_vegetarian,mixed,1,balanced|beginner
Dal Rice 2796,lunch,548,18.6,73.8,14.5,vegetarian,punjabi,0,improve_stamina|carb_rich
Hyderabadi Biryani 2797,lunch,484,23.2,74.0,14.6,non_vegetarian,bengali,1,muscle_gain|high_protein
Paneer Cubes 2798,snack,156,25.7,70.9,10.4,vegetarian,punjabi,1,muscle_gain|high_protein
Roti Sabji 2799,dinner,417,18.3,72.3,8.9,vegetarian,bengali,1,balanced|beginner
Fruit Bowl 2800,breakfast,182,11.5,74.9,23.0,vegan,maharashtrian,0,improve_stamina|carb_rich
Oats with Milk 2801,breakfast,211,10.0,24.3,17.3,vegetarian,north_indian,1,weight_loss|light
Sprouts Salad 2802,snack,122,14.0,38.9,19.3,vegan,gujarati,0,balanced|beginner
Protein Shake 2803,snack,194,8.2,36.3,15.6,vegetarian,kerala,1,balanced|beginner
Vegetable Khichdi 2804,lunch,559,7.6,32.3,15.7,vegetarian,hyderabadi,0,balanced|beginner
Chicken Curry Rice 2805,lunch,535,15.9,44.5,25.0,non_vegetarian,rajasthani,0,improve_stamina|carb_rich
Peanut Chaat 2806,snack,202,15.9,74.5,25.0,vegetarian,maharashtrian,0,improve_stamina|carb_rich
Masala Omelette 2807,breakfast,404,16.6,22.8,11.2,non_vegetarian,rajasthani,1,balanced|beginner
Buttermilk 2808,snack,105,33.2,59.5,3.6,vegetarian,rajasthani,1,muscle_gain|high_protein
Paneer Roti 2809,lunch,375,13.0,50.3,16.9,vegetarian,rajasthani,1,weight_loss|light
Roasted Chana 2810,snack,298,11.7,77.1,7.1,vegan,bengali,1,weight_loss|light
Fruit Bowl 2811,breakfast,221,14.0,30.6,19.0,vegan,bengali,0,weight_loss|light
Dal Tadka 2812,dinner,379,10.0,30.4,8.9,vegetarian,bengali,1,weight_loss|light
Dal Tadka 2813,dinner,451,19.8,62.6,23.2,vegetarian,kerala,0,improve_stamina|carb_rich
Fish Curry Rice 2814,lunch,566,6.5,65.2,17.2,non_vegetarian,maharashtrian,0,balanced|beginner
Hyderabadi Biryani 2815,lunch,567,7.8,34.8,12.7,non_vegetarian,hyderabadi,0,weight_loss|light
Masala Omelette 2816,breakfast,297,27.1,34.9,14.6,non_vegetarian,maharashtrian,1,muscle_gain|high_protein
Oats with Milk 2817,breakfast,241,12.9,50.0,24.2,vegetarian,bengali,0,balanced|beginner
Protein Shake 2818,snack,170,18.8,67.1,22.8,vegetarian,bengali,0,weight_loss|light
Fruit Salad 2819,snack,176,13.3,61.0,24.1,vegan,gujarati,0,improve_stamina|carb_rich
Boiled Eggs 2820,snack,179,16.6,79.7,11.4,non_vegetarian,rajasthani,1,improve_stamina|carb_rich
Rajma Chawal 2821,lunch,585,9.5,74.1,5.6,vegetarian,maharashtrian,0,balanced|beginner
Masala Omelette 2822,breakfast,347,35.1,28.6,22.9,non_vegetarian,hyderabadi,0,muscle_gain|high_protein
Paneer Cubes 2823,snack,176,12.3,45.5,11.3,vegetarian,north_indian,1,weight_loss|light
Paneer Cubes 2824,snack,231,10.4,56.9,19.2,vegetarian,gujarati,0,balanced|beginner
Paneer Roti 2825,lunch,501,26.3,41.6,12.9,vegetarian,punjabi,0,muscle_gain|high_protein
Tofu Curry 2826,dinner,592,18.6,27.2,17.6,vegan,mixed,0,weight_loss|light
Egg Curry 2827,dinner,417,19.6,32.0,23.5,non_vegetarian,mixed,0,muscle_gain|high_protein
Roasted Chana 2828,snack,194,7.1,60.1,12.7,vegan,kerala,1,improve_stamina|carb_rich
Paneer Cubes 2829,snack,160,18.6,36.4,23.5,vegetarian,hyderabadi,0,weight_loss|light
Oats with Milk 2830,breakfast,201,11.7,32.4,11.7,vegetarian,maharashtrian,1,improve_stamina|carb_rich
Buttermilk 2831,snack,218,9.5,75.6,11.5,vegetarian,north_indian,1,balanced|beginner
Vegetable Khichdi 2832,lunch,361,11.0,68.0,4.3,vegetarian,punjabi,1,improve_stamina|carb_rich
Vegetable Soup 2833,dinner,700,26.7,50.3,15.1,vegan,hyderabadi,0,muscle_gain|high_protein
Roasted Chana 2834,snack,257,10.9,70.3,19.8,vegan,rajasthani,0,weight_loss|light
Fish Fry 2835,dinner,453,14.9,79.9,9.7,non_vegetarian,punjabi,1,improve_stamina|carb_rich
Fish Fry 2836,dinner,547,16.1,30.5,10.7,non_vegetarian,gujarati,0,improve_stamina|carb_rich
Boiled Eggs 2837,snack,252,18.3,79.1,10.0,non_vegetarian,maharashtrian,1,improve_stamina|carb_rich
Dal Tadka 2838,dinner,585,24.8,32.3,10.3,vegetarian,mixed,0,muscle_gain|high_protein
Sprouts Salad 2839,snack,131,38.3,68.1,10.8,vegan,south_indian,1,muscle_gain|high_protein
Sprouts Salad 2840,snack,165,16.8,73.5,23.7,vegan,hyderabadi,0,improve_stamina|carb_rich
Idli Sambar 2841,breakfast,151,18.2,58.3,12.3,vegetarian,rajasthani,1,balanced|beginner
Roasted Chana 2842,snack,279,44.3,60.6,14.2,vegan,maharashtrian,1,muscle_gain|high_protein
Upma 2843,breakfast,167,14.0,64.1,17.6,vegetarian,punjabi,1,weight_loss|light
Dal Tadka 2844,dinner,388,26.7,49.8,12.8,vegetarian,north_indian,1,muscle_gain|high_protein
Paneer Roti 2845,lunch,384,11.1,50.2,23.4,vegetarian,maharashtrian,0,improve_stamina|carb_rich
Fish Fry 2846,dinner,556,5.5,21.8,6.7,non_vegetarian,bengali,0,balanced|beginner
Sprouts Salad 2847,snack,240,8.8,49.0,22.7,vegan,mixed,0,weight_loss|light
Protein Shake 2848,snack,101,6.9,25.8,24.7,vegetarian,bengali,0,balanced|beginner
Buttermilk 2849,snack,195,43.3,58.6,15.4,vegetarian,hyderabadi,1,muscle_gain|high_protein
Sprouts Salad 2850,snack,284,33.9,48.9,5.9,vegan,mixed,1,muscle_gain|high_protein
Vegetable Khichdi 2851,lunch,573,8.8,69.8,21.8,vegetarian,bengali,0,improve_stamina|carb_rich
Thepla 2852,breakfast,353,18.2,27.6,3.3,vegetarian,gujarati,1,weight_loss|light
Upma 2853,breakfast,445,11.9,28.3,18.4,vegetarian,rajasthani,0,improve_stamina|carb_rich
Vegetable Soup 2854,dinner,618,8.8,45.4,22.7,vegan,rajasthani,0,improve_stamina|carb_rich
Boiled Eggs 2855,snack,144,24.1,23.6,15.5,non_vegetarian,bengali,1,muscle_gain|high_protein
Peanut Chaat 2856,snack,224,19.4,40.5,21.3,vegetarian,punjabi,0,balanced|beginner
Buttermilk 2857,snack,298,5.7,49.6,13.0,vegetarian,mixed,1,balanced|beginner
Oats with Milk 2858,breakfast,426,10.8,41.3,22.0,vegetarian,rajasthani,0,balanced|beginner
Oats with Milk 2859,breakfast,163,12.9,73.6,3.2,vegetarian,kerala,1,weight_loss|light
Paneer Bhurji 2860,dinner,358,8.3,57.5,7.4,vegetarian,gujarati,1,balanced|beginner
Protein Shake 2861,snack,140,32.6,53.6,16.3,vegetarian,hyderabadi,1,muscle_gain|high_protein
Paneer Roti 2862,lunch,632,18.2,47.0,3.1,vegetarian,gujarati,0,balanced|beginner
Peanut Chaat 2863,snack,256,28.5,24.3,10.0,vegetarian,maharashtrian,1,muscle_gain|high_protein
Grilled Chicken 2864,dinner,502,35.6,44.1,5.2,non_vegetarian,hyderabadi,0,muscle_gain|high_protein
Mixed Veg Curry 2865,dinner,499,20.0,32.7,9.6,vegetarian,rajasthani,1,improve_stamina|carb_rich
Hyderabadi Biryani 2866,lunch,395,17.0,77.6,13.6,non_vegetarian,gujarati,1,balanced|beginner
Kadhi Rice 2867,lunch,556,7.0,53.0,19.3,vegetarian,north_indian,0,balanced|beginner
Masala Omelette 2868,breakfast,383,40.8,28.8,7.5,non_vegetarian,mixed,1,muscle_gain|high_protein
Mixed Veg Curry 2869,dinner,370,40.8,76.9,17.5,vegetarian,kerala,1,muscle_gain|high_protein
Masala Omelette 2870,breakfast,222,8.8,20.9,24.0,non_vegetarian,punjabi,0,improve_stamina|carb_rich
Masala Omelette 2871,breakfast,366,43.7,24.5,18.7,non_vegetarian,rajasthani,0,muscle_gain|high_protein
Vegetable Poha 2872,breakfast,444,8.1,50.1,17.6,vegetarian,rajasthani,1,weight_loss|light
Fruit Bowl 2873,breakfast,243,8.4,53.2,22.3,vegan,punjabi,0,weight_loss|light
Roti Sabji 2874,dinner,677,7.2,57.4,21.4,vegetarian,hyderabadi,0,balanced|beginner
Sprouts Salad 2875,snack,211,27.1,40.3,3.7,vegan,bengali,1,muscle_gain|high_protein
Chicken Curry Rice 2876,lunch,537,18.9,29.7,21.0,non_vegetarian,maharashtrian,0,weight_loss|light
Tofu Curry 2877,dinner,625,7.7,59.9,3.7,vegan,gujarati,0,weight_loss|light
Protein Shake 2878,snack,206,30.2,75.1,23.7,vegetarian,kerala,0,muscle_gain|high_protein
Kadhi Rice 2879,lunch,434,5.1,50.9,3.6,vegetarian,bengali,1,balanced|beginner
Paneer Sandwich 2880,breakfast,224,38.1,46.5,18.5,vegetarian,bengali,0,muscle_gain|high_protein
Paneer Cubes 2881,snack,145,8.9,70.4,24.9,vegetarian,mixed,0,balanced|beginner
Tofu Scramble 2882,breakfast,235,13.8,71.0,13.3,vegan,hyderabadi,1,weight_loss|light
Boiled Eggs 2883,snack,175,8.4,31.7,24.9,non_vegetarian,punjabi,0,improve_stamina|carb_rich
Upma 2884,breakfast,222,13.8,43.8,20.8,vegetarian,rajasthani,0,improve_stamina|carb_rich
Grilled Chicken 2885,dinner,520,41.3,44.7,14.4,non_vegetarian,hyderabadi,0,muscle_gain|high_protein
Dal Rice 2886,lunch,376,8.9,22.4,17.6,vegetarian,maharashtrian,1,weight_loss|light
Rajma Chawal 2887,lunch,656,6.7,47.9,3.1,vegetarian,rajasthani,0,balanced|beginner
Paneer Roti 2888,lunch,366,37.1,47.5,9.9,vegetarian,mixed,1,muscle_gain|high_protein
Idli Sambar 2889,breakfast,287,41.1,29.6,14.3,vegetarian,maharashtrian,1,muscle_gain|high_protein
Paneer Roti 2890,lunch,605,12.7,22.4,20.5,vegetarian,gujarati,0,improve_stamina|carb_rich
Vegetable Khichdi 2891,lunch,555,19.3,27.7,15.7,vegetarian,maharashtrian,0,balanced|beginner
Grilled Chicken 2892,dinner,564,43.8,75.2,6.4,non_vegetarian,north_indian,0,muscle_gain|high_protein
Oats with Milk 2893,breakfast,224,32.8,62.6,20.9,vegetarian,hyderabadi,0,muscle_gain|high_protein
Sabudana Khichdi 2894,breakfast,197,5.2,74.5,8.7,vegetarian,maharashtrian,1,improve_stamina|carb_rich
Fruit Salad 2895,snack,178,42.1,34.6,6.4,vegan,north_indian,1,muscle_gain|high_protein
Buttermilk 2896,snack,123,15.3,78.4,10.2,vegetarian,kerala,1,improve_stamina|carb_rich
Fish Curry Rice 2897,lunch,634,7.7,23.3,6.7,non_vegetarian,maharashtrian,0,balanced|beginner
Peanut Chaat 2898,snack,228,7.0,31.2,24.5,vegetarian,gujarati,0,balanced|beginner
Dal Tadka 2899,dinner,424,5.8,23.6,6.6,vegetarian,rajasthani,1,weight_loss|light
Sabudana Khichdi 2900,breakfast,152,19.3,27.2,18.8,vegetarian,hyderabadi,0,improve_stamina|carb_rich
Paneer Sandwich 2901,breakfast,212,5.2,34.2,16.1,vegetarian,north_indian,1,weight_loss|light
Fruit Bowl 2902,breakfast,254,14.5,24.2,14.9,vegan,north_indian,1,improve_stamina|carb_rich
Fish Fry 2903,dinner,371,10.4,60.4,23.7,non_vegetarian,north_indian,0,improve_stamina|carb_rich
Tofu Scramble 2904,breakfast,260,21.9,36.1,7.4,vegan,bengali,1,muscle_gain|high_protein
Kadhi Rice 2905,lunch,375,10.8,60.2,6.7,vegetarian,gujarati,1,balanced|beginner
Peanut Chaat 2906,snack,163,9.8,28.5,3.6,vegetarian,mixed,1,weight_loss|light
Buttermilk 2907,snack,282,9.0,44.7,17.9,vegetarian,bengali,1,weight_loss|light
Vegetable Poha 2908,breakfast,267,18.3,79.6,20.8,vegetarian,bengali,0,weight_loss|light
Fish Curry Rice 2909,lunch,459,10.4,74.7,16.2,non_vegetarian,bengali,1,improve_stamina|carb_rich
Idli Sambar 2910,breakfast,408,13.6,77.2,13.2,vegetarian,kerala,1,weight_loss|light
Vegetable Soup 2911,dinner,508,37.9,47.2,14.9,vegan,rajasthani,0,muscle_gain|high_protein
Dal Rice 2912,lunch,588,12.5,54.4,13.6,vegetarian,punjabi,0,improve_stamina|carb_rich
Fish Fry 2913,dinner,660,17.2,20.6,8.3,non_vegetarian,south_indian,0,weight_loss|light
Paneer Bhurji 2914,dinner,624,11.7,76.0,5.9,vegetarian,north_indian,0,improve_stamina|carb_rich
Fish Curry Rice 2915,lunch,643,18.1,51.0,17.2,non_vegetarian,hyderabadi,0,muscle_gain|high_protein
Vegetable Soup 2916,dinner,539,26.4,28.0,19.0,vegan,south_indian,0,muscle_gain|high_protein
Roti Sabji 2917,dinner,434,5.0,69.6,22.8,vegetarian,punjabi,0,weight_loss|light
Boiled Eggs 2918,snack,212,26.9,27.5,15.0,non_vegetarian,maharashtrian,1,muscle_gain|high_protein
Chicken Curry Rice 2919,lunch,438,22.2,73.4,17.6,non_vegetarian,maharashtrian,1,muscle_gain|high_protein
Roasted Chana 2920,snack,291,18.5,36.8,23.5,vegan,north_indian,0,weight_loss|light
Tofu Stir Fry 2921,lunch,618,11.5,70.5,16.3,vegan,rajasthani,0,improve_stamina|carb_rich
Mixed Veg Curry 2922,dinner,656,30.3,44.5,21.0,vegetarian,punjabi,0,muscle_gain|high_protein
Peanut Chaat 2923,snack,285,21.8,68.4,8.8,vegetarian,kerala,1,muscle_gain|high_protein
Vegetable Khichdi 2924,lunch,465,5.6,71.3,18.4,vegetarian,gujarati,0,balanced|beginner
Tofu Scramble 2925,breakfast,263,15.5,34.7,7.1,vegan,maharashtrian,1,improve_stamina|carb_rich
Vegetable Khichdi 2926,lunch,370,9.3,35.2,8.2,vegetarian,punjabi,1,balanced|beginner
Tofu Stir Fry 2927,lunch,596,18.3,50.4,15.2,vegan,punjabi,0,improve_stamina|carb_rich
Paneer Roti 2928,lunch,696,6.6,42.7,19.2,vegetarian,rajasthani,0,weight_loss|light
Fish Fry 2929,dinner,588,9.9,33.9,5.2,non_vegetarian,kerala,0,weight_loss|light
Paneer Cubes 2930,snack,154,10.4,54.6,4.1,vegetarian,gujarati,1,balanced|beginner
Fruit Salad 2931,snack,246,17.0,51.4,11.9,vegan,gujarati,1,weight_loss|light
Buttermilk 2932,snack,211,28.5,55.5,19.9,vegetarian,rajasthani,0,muscle_gain|high_protein
Paneer Sandwich 2933,breakfast,207,27.6,37.9,8.8,vegetarian,bengali,1,muscle_gain|high_protein
Kadhi Rice 2934,lunch,361,5.3,77.1,22.0,vegetarian,gujarati,0,balanced|beginner
Masala Omelette 2935,breakfast,448,6.1,69.4,16.1,non_vegetarian,kerala,1,balanced|beginner
Peanut Chaat 2936,snack,171,12.7,40.2,14.8,vegetarian,hyderabadi,1,improve_stamina|carb_rich
Paneer Cubes 2937,snack,242,12.6,23.0,15.2,vegetarian,hyderabadi,1,improve_stamina|carb_rich
Buttermilk 2938,snack,230,19.8,56.1,12.3,vegetarian,south_indian,1,balanced|beginner
Tofu Curry 2939,dinner,482,22.6,78.8,19.9,vegan,maharashtrian,0,muscle_gain|high_protein
Vegetable Soup 2940,dinner,694,9.7,37.0,17.3,vegan,south_indian,0,balanced|beginner
Tofu Curry 2941,dinner,614,19.1,60.6,23.7,vegan,rajasthani,0,balanced|beginner
Buttermilk 2942,snack,185,11.7,75.9,5.4,vegetarian,bengali,1,improve_stamina|carb_rich
Oats with Milk 2943,breakfast,435,18.4,67.0,13.6,vegetarian,south_indian,1,muscle_gain|high_protein
Dal Rice 2944,lunch,554,17.7,24.9,13.1,vegetarian,south_indian,0,weight_loss|light
Boiled Eggs 2945,snack,185,13.6,57.8,24.6,non_vegetarian,north_indian,0,balanced|beginner
Sprouts Salad 2946,snack,86,24.3,52.9,23.5,vegan,mixed,0,muscle_gain|high_protein
Boiled Eggs 2947,snack,277,36.0,35.0,22.3,non_vegetarian,maharashtrian,0,muscle_gain|high_protein
Chicken Curry Rice 2948,lunch,591,8.8,65.0,10.2,non_vegetarian,hyderabadi,0,weight_loss|light
Roasted Chana 2949,snack,153,26.7,22.4,9.4,vegan,maharashtrian,1,muscle_gain|high_protein
Thepla 2950,breakfast,244,7.1,70.6,17.5,vegetarian,hyderabadi,1,balanced|beginner
Sabudana Khichdi 2951,breakfast,382,12.9,61.1,14.6,vegetarian,north_indian,1,balanced|beginner
Paneer Bhurji 2952,dinner,493,12.1,30.0,19.9,vegetarian,punjabi,0,improve_stamina|carb_rich
Paneer Bhurji 2953,dinner,657,5.2,35.3,12.2,vegetarian,maharashtrian,0,improve_stamina|carb_rich
Rajma Chawal 2954,lunch,505,40.9,51.7,23.0,vegetarian,maharashtrian,0,muscle_gain|high_protein
Corn Chaat 2955,snack,286,10.0,22.3,11.6,vegan,rajasthani,1,balanced|beginner
Paneer Cubes 2956,snack,108,19.5,34.6,6.4,vegetarian,north_indian,1,weight_loss|light
Dal Tadka 2957,dinner,425,18.3,58.8,24.4,vegetarian,rajasthani,0,balanced|beginner
Buttermilk 2958,snack,118,17.4,79.8,4.6,vegetarian,maharashtrian,1,improve_stamina|carb_rich
Sprouts Salad 2959,snack,141,10.1,35.8,7.4,vegan,mixed,1,weight_loss|light
Dal Tadka 2960,dinner,618,12.7,78.1,23.9,vegetarian,rajasthani,0,improve_stamina|carb_rich
Rajma Chawal 2961,lunch,550,11.4,50.2,9.2,vegetarian,gujarati,0,balanced|beginner
Thepla 2962,breakfast,234,13.4,75.8,3.9,vegetarian,north_indian,1,improve_stamina|carb_rich
Protein Shake 2963,snack,296,10.6,27.4,12.3,vegetarian,gujarati,1,balanced|beginner
Oats with Milk 2964,breakfast,179,5.8,71.4,25.0,vegetarian,punjabi,0,improve_stamina|carb_rich
Tofu Curry 2965,dinner,700,36.2,47.2,5.2,vegan,punjabi,0,muscle_gain|high_protein
Hyderabadi Biryani 2966,lunch,554,22.5,70.9,10.8,non_vegetarian,mixed,0,muscle_gain|high_protein
Chicken Curry Rice 2967,lunch,443,15.5,21.0,15.4,non_vegetarian,mixed,1,weight_loss|light
Corn Chaat 2968,snack,243,17.0,35.2,10.8,vegan,rajasthani,1,weight_loss|light
Peanut Chaat 2969,snack,288,37.2,46.5,24.2,vegetarian,punjabi,0,muscle_gain|high_protein
Paneer Sandwich 2970,breakfast,400,15.6,50.3,22.6,vegetarian,north_indian,0,improve_stamina|carb_rich
Tofu Stir Fry 2971,lunch,514,15.7,21.0,5.4,vegan,south_indian,0,improve_stamina|carb_rich
Chicken Curry Rice 2972,lunch,496,5.3,75.1,11.0,non_vegetarian,bengali,1,weight_loss|light
Rajma Chawal 2973,lunch,592,38.4,62.5,22.6,vegetarian,mixed,0,muscle_gain|high_protein
Paneer Sandwich 2974,breakfast,228,7.8,35.3,12.2,vegetarian,kerala,1,weight_loss|light
Kadhi Rice 2975,lunch,655,6.6,57.8,4.7,vegetarian,gujarati,0,balanced|beginner
Peanut Chaat 2976,snack,104,19.5,68.0,20.8,vegetarian,rajasthani,0,balanced|beginner
Buttermilk 2977,snack,260,43.8,48.9,12.4,vegetarian,bengali,1,muscle_gain|high_protein
Boiled Eggs 2978,snack,116,11.2,62.5,10.8,non_vegetarian,punjabi,1,weight_loss|light
Buttermilk 2979,snack,87,42.1,20.0,11.6,vegetarian,maharashtrian,1,muscle_gain|high_protein
Dal Rice 2980,lunch,560,41.2,42.2,3.2,vegetarian,bengali,0,muscle_gain|high_protein
Egg Curry 2981,dinner,620,41.6,46.4,17.2,non_vegetarian,north_indian,0,muscle_gain|high_protein
Vegetable Poha 2982,breakfast,315,13.9,50.7,6.6,vegetarian,mixed,1,balanced|beginner
Chicken Curry Rice 2983,lunch,536,5.2,22.2,13.4,non_vegetarian,rajasthani,0,weight_loss|light
Mixed Veg Curry 2984,dinner,488,10.3,29.3,23.1,vegetarian,south_indian,0,weight_loss|light
Dal Tadka 2985,dinner,502,16.8,51.1,9.4,vegetarian,kerala,0,weight_loss|light
Buttermilk 2986,snack,287,21.1,44.1,22.3,vegetarian,bengali,0,muscle_gain|high_protein
Vegetable Poha 2987,breakfast,255,41.8,50.3,23.8,vegetarian,rajasthani,0,muscle_gain|high_protein
Masala Omelette 2988,breakfast,443,44.4,32.5,14.4,non_vegetarian,north_indian,1,muscle_gain|high_protein
Chicken Curry Rice 2989,lunch,470,10.9,60.6,22.8,non_vegetarian,south_indian,0,improve_stamina|carb_rich
Hyderabadi Biryani 2990,lunch,591,39.8,78.6,9.2,non_vegetarian,north_indian,0,muscle_gain|high_protein
Kadhi Rice 2991,lunch,522,17.4,58.0,23.2,vegetarian,kerala,0,improve_stamina|carb_rich
Tofu Stir Fry 2992,lunch,443,17.1,24.1,16.5,vegan,rajasthani,1,balanced|beginner
Corn Chaat 2993,snack,163,14.0,31.3,17.2,vegan,gujarati,1,balanced|beginner
Tofu Scramble 2994,breakfast,280,13.9,29.2,23.8,vegan,punjabi,0,weight_loss|light
Pav Bhaji 2995,lunch,373,26.3,61.4,3.3,vegetarian,south_indian,1,muscle_gain|high_protein
Tofu Curry 2996,dinner,584,18.9,44.0,9.0,vegan,mixed,0,improve_stamina|carb_rich
Oats with Milk 2997,breakfast,350,12.4,59.3,6.9,vegetarian,south_indian,1,weight_loss|light
Thepla 2998,breakfast,353,10.5,48.9,22.5,vegetarian,punjabi,0,weight_loss|light
Egg Curry 2999,dinner,685,32.2,50.6,9.4,non_vegetarian,south_indian,0,muscle_gain|high_protein
Fruit Salad 3000,snack,129,11.6,52.7,20.7,vegan,kerala,0,weight_loss|light
Hyderabadi Biryani 3001,lunch,391,37.5,79.3,19.7,non_vegetarian,rajasthani,0,muscle_gain|high_protein
Kadhi Rice 3002,lunch,547,8.8,55.4,3.3,vegetarian,kerala,0,balanced|beginner
Mixed Veg Curry 3003,dinner,682,14.6,40.8,12.3,vegetarian,south_indian,0,balanced|beginner
Upma 3004,breakfast,223,5.4,24.1,8.7,vegetarian,bengali,1,improve_stamina|carb_rich
Paneer Cubes 3005,snack,83,13.0,52.4,16.7,vegetarian,gujarati,1,weight_loss|light
Dal Tadka 3006,dinner,417,19.8,43.2,4.1,vegetarian,kerala,1,muscle_gain|high_protein
Vegetable Khichdi 3007,lunch,599,14.5,40.7,12.3,vegetarian,north_indian,0,balanced|beginner
Oats with Milk 3008,breakfast,254,39.2,32.1,15.0,vegetarian,mixed,1,muscle_gain|high_protein
Kadhi Rice 3009,lunch,357,40.1,79.2,14.9,vegetarian,kerala,1,muscle_gain|high_protein
Roti Sabji 3010,dinner,440,27.5,62.1,24.9,vegetarian,south_indian,0,muscle_gain|high_protein
Egg Curry 3011,dinner,644,5.9,26.9,21.2,non_vegetarian,north_indian,0,balanced|beginner
Hyderabadi Biryani 3012,lunch,592,11.3,79.8,24.9,non_vegetarian,bengali,0,balanced|beginner
Fruit Bowl 3013,breakfast,366,7.5,76.2,15.7,vegan,maharashtrian,1,weight_loss|light
Fruit Bowl 3014,breakfast,359,15.4,34.9,7.7,vegan,hyderabadi,1,improve_stamina|carb_rich
Roti Sabji 3015,dinner,447,11.9,72.3,9.2,vegetarian,north_indian,1,weight_loss|light
Roti Sabji 3016,dinner,453,14.6,44.7,24.1,vegetarian,maharashtrian,0,improve_stamina|carb_rich
Fruit Salad 3017,snack,127,40.7,34.7,12.1,vegan,hyderabadi,1,muscle_gain|high_protein
Upma 3018,breakfast,256,30.2,53.5,14.8,vegetarian,north_indian,1,muscle_gain|high_protein
Sprouts Salad 3019,snack,176,10.0,42.8,17.5,vegan,hyderabadi,1,balanced|beginner
Thepla 3020,breakfast,191,33.7,41.7,7.0,vegetarian,punjabi,1,muscle_gain|high_protein
Buttermilk 3021,snack,287,19.3,46.7,4.0,vegetarian,punjabi,1,improve_stamina|carb_rich
Tofu Scramble 3022,breakfast,198,13.4,77.0,18.0,vegan,gujarati,1,weight_loss|light
Vegetable Soup 3023,dinner,509,5.8,72.3,23.6,vegan,rajasthani,0,improve_stamina|carb_rich
Tofu Scramble 3024,breakfast,255,41.4,57.2,15.3,vegan,rajasthani,1,muscle_gain|high_protein
Vegetable Soup 3025,dinner,384,20.9,35.5,17.7,vegan,maharashtrian,1,muscle_gain|high_protein
Boiled Eggs 3026,snack,175,27.1,76.0,12.4,non_vegetarian,mixed,1,muscle_gain|high_protein
Idli Sambar 3027,breakfast,322,22.5,42.2,6.2,vegetarian,maharashtrian,1,muscle_gain|high_protein
Tofu Scramble 3028,breakfast,203,5.1,38.8,17.8,vegan,kerala,1,improve_stamina|carb_rich
Paneer Cubes 3029,snack,105,6.7,44.5,7.2,vegetarian,maharashtrian,1,improve_stamina|carb_rich
Vegetable Khichdi 3030,lunch,518,28.0,21.3,23.8,vegetarian,gujarati,0,muscle_gain|high_protein
Paneer Roti 3031,lunch,652,13.1,70.1,22.0,vegetarian,hyderabadi,0,balanced|beginner
Roti Sabji 3032,dinner,627,7.4,30.2,11.2,vegetarian,mixed,0,weight_loss|light
Oats with Milk 3033,breakfast,177,15.0,48.1,9.2,vegetarian,rajasthani,1,weight_loss|light
Vegetable Khichdi 3034,lunch,530,13.5,79.9,23.5,vegetarian,bengali,0,balanced|beginner
Fruit Bowl 3035,breakfast,300,23.4,37.5,7.1,vegan,south_indian,1,muscle_gain|high_protein
Chicken Curry Rice 3036,lunch,419,6.4,22.8,8.1,non_vegetarian,gujarati,1,weight_loss|light
Fish Fry 3037,dinner,374,38.2,63.7,18.1,non_vegetarian,gujarati,0,muscle_gain|high_protein
Vegetable Poha 3038,breakfast,374,22.3,41.4,3.9,vegetarian,kerala,1,muscle_gain|high_protein
Peanut Chaat 3039,snack,292,7.5,41.9,23.8,vegetarian,rajasthani,0,improve_stamina|carb_rich
Fruit Salad 3040,snack,245,6.6,49.8,12.1,vegan,south_indian,1,improve_stamina|carb_rich
Chicken Curry Rice 3041,lunch,356,5.1,27.7,18.9,non_vegetarian,gujarati,0,improve_stamina|carb_rich
Upma 3042,breakfast,197,17.9,42.8,9.7,vegetarian,maharashtrian,1,balanced|beginner
Egg Curry 3043,dinner,606,7.2,61.9,11.6,non_vegetarian,south_indian,0,balanced|beginner
Peanut Chaat 3044,snack,250,20.0,21.2,21.0,vegetarian,kerala,0,balanced|beginner
Sprouts Salad 3045,snack,282,14.8,53.2,23.3,vegan,hyderabadi,0,weight_loss|light
Chicken Curry Rice 3046,lunch,624,9.2,26.1,23.0,non_vegetarian,mixed,0,balanced|beginner
Fruit Bowl 3047,breakfast,223,8.9,27.0,13.3,vegan,bengali,1,weight_loss|light
Roasted Chana 3048,snack,98,6.7,25.1,10.9,vegan,maharashtrian,1,improve_stamina|carb_rich
Vegetable Soup 3049,dinner,583,6.1,22.3,22.5,vegan,punjabi,0,improve_stamina|carb_rich
Hyderabadi Biryani 3050,lunch,444,29.3,46.0,18.2,non_vegetarian,punjabi,0,muscle_gain|high_protein
Tofu Stir Fry 3051,lunch,599,16.0,62.4,18.7,vegan,maharashtrian,0,balanced|beginner
Dal Tadka 3052,dinner,676,14.0,61.9,4.6,vegetarian,mixed,0,weight_loss|light
Paneer Sandwich 3053,breakfast,297,13.6,52.8,20.4,vegetarian,bengali,0,improve_stamina|carb_rich
Masala Omelette 3054,breakfast,191,6.6,74.8,14.3,non_vegetarian,mixed,1,improve_stamina|carb_rich
Buttermilk 3055,snack,119,16.7,47.7,8.8,vegetarian,north_indian,1,balanced|beginner
Protein Shake 3056,snack,99,40.1,78.7,19.0,vegetarian,gujarati,0,muscle_gain|high_protein
Tofu Curry 3057,dinner,648,19.1,21.0,6.1,vegan,bengali,0,balanced|beginner
Buttermilk 3058,snack,196,34.7,78.4,5.1,vegetarian,north_indian,1,muscle_gain|high_protein
Paneer Cubes 3059,snack,234,17.1,56.9,20.0,vegetarian,bengali,0,balanced|beginner
Dal Tadka 3060,dinner,453,17.3,56.9,5.0,vegetarian,gujarati,1,balanced|beginner
Fruit Salad 3061,snack,286,19.1,40.5,23.4,vegan,mixed,0,improve_stamina|carb_rich
Dal Tadka 3062,dinner,547,7.2,46.7,13.0,vegetarian,hyderabadi,0,weight_loss|light
Fish Curry Rice 3063,lunch,648,8.9,28.7,22.5,non_vegetarian,gujarati,0,weight_loss|light
Buttermilk 3064,snack,206,23.8,21.5,15.1,vegetarian,punjabi,1,muscle_gain|high_protein
Kadhi Rice 3065,lunch,658,14.5,38.1,13.0,vegetarian,rajasthani,0,balanced|beginner
Mixed Veg Curry 3066,dinner,551,18.1,77.3,14.9,vegetarian,maharashtrian,0,improve_stamina|carb_rich
Fruit Salad 3067,snack,266,19.6,20.5,18.7,vegan,gujarati,0,balanced|beginner
Tofu Scramble 3068,breakfast,153,17.5,44.7,23.0,vegan,rajasthani,0,improve_stamina|carb_rich
Dal Rice 3069,lunch,561,10.1,46.2,14.6,vegetarian,gujarati,0,weight_loss|light
Kadhi Rice 3070,lunch,544,27.5,67.1,22.6,vegetarian,gujarati,0,muscle_gain|high_protein
Pav Bhaji 3071,lunch,621,8.9,74.8,20.0,vegetarian,maharashtrian,0,improve_stamina|carb_rich
Mixed Veg Curry 3072,dinner,579,15.9,38.4,3.3,vegetarian,bengali,0,balanced|beginner
Fish Fry 3073,dinner,415,15.6,49.4,10.0,non_vegetarian,punjabi,1,improve_stamina|carb_rich
Grilled Chicken 3074,dinner,591,8.3,54.9,7.0,non_vegetarian,mixed,0,balanced|beginner
Grilled Chicken 3075,dinner,684,16.6,73.9,13.4,non_vegetarian,hyderabadi,0,improve_stamina|carb_rich
Roti Sabji 3076,dinner,607,13.9,57.2,7.3,vegetarian,south_indian,0,weight_loss|light
Fruit Bowl 3077,breakfast,249,7.0,62.6,20.4,vegan,rajasthani,0,improve_stamina|carb_rich
Hyderabadi Biryani 3078,lunch,464,14.6,59.8,23.9,non_vegetarian,north_indian,0,balanced|beginner
Hyderabadi Biryani 3079,lunch,626,16.7,43.1,22.5,non_vegetarian,north_indian,0,balanced|beginner
Fish Curry Rice 3080,lunch,418,16.9,37.6,20.3,non_vegetarian,gujarati,0,balanced|beginner
Upma 3081,breakfast,236,10.0,35.4,23.9,vegetarian,hyderabadi,0,weight_loss|light
Fish Fry 3082,dinner,530,26.8,22.1,11.1,non_vegetarian,north_indian,0,muscle_gain|high_protein
Hyderabadi Biryani 3083,lunch,694,15.8,48.6,14.3,non_vegetarian,rajasthani,0,weight_loss|light
Grilled Chicken 3084,dinner,458,10.9,54.0,10.8,non_vegetarian,gujarati,1,weight_loss|light
Tofu Scramble 3085,breakfast,373,12.7,41.5,15.3,vegan,maharashtrian,1,improve_stamina|carb_rich
Sprouts Salad 3086,snack,83,43.6,57.3,10.2,vegan,maharashtrian,1,muscle_gain|high_protein
Paneer Roti 3087,lunch,367,17.7,68.9,6.1,vegetarian,kerala,1,improve_stamina|carb_rich
Paneer Sandwich 3088,breakfast,204,6.6,46.6,15.8,vegetarian,gujarati,1,balanced|beginner
Boiled Eggs 3089,snack,186,10.0,60.1,15.4,non_vegetarian,maharashtrian,1,weight_loss|light
Buttermilk 3090,snack,235,16.1,40.3,7.6,vegetarian,gujarati,1,improve_stamina|carb_rich
Paneer Sandwich 3091,breakfast,394,7.8,30.9,16.5,vegetarian,mixed,1,balanced|beginner
Buttermilk 3092,snack,234,6.1,73.4,7.9,vegetarian,hyderabadi,1,improve_stamina|carb_rich
Paneer Sandwich 3093,breakfast,378,14.6,54.9,23.5,vegetarian,rajasthani,0,balanced|beginner
Buttermilk 3094,snack,221,5.0,34.2,11.6,vegetarian,south_indian,1,improve_stamina|carb_rich
Paneer Cubes 3095,snack,184,15.8,55.6,24.8,vegetarian,hyderabadi,0,improve_stamina|carb_rich
Fruit Bowl 3096,breakfast,278,13.0,63.3,6.1,vegan,bengali,1,balanced|beginner
Thepla 3097,breakfast,332,9.8,65.1,3.9,vegetarian,mixed,1,improve_stamina|carb_rich
Sabudana Khichdi 3098,breakfast,301,15.5,46.9,23.5,vegetarian,gujarati,0,improve_stamina|carb_rich
Paneer Sandwich 3099,breakfast,307,7.1,47.2,19.8,vegetarian,maharashtrian,0,improve_stamina|carb_rich
Thepla 3100,breakfast,293,20.0,43.5,3.5,vegetarian,hyderabadi,1,improve_stamina|carb_rich
Paneer Cubes 3101,snack,258,14.2,50.3,21.4,vegetarian,gujarati,0,balanced|beginner
Masala Omelette 3102,breakfast,377,9.3,48.1,21.6,non_vegetarian,punjabi,0,balanced|beginner
Mixed Veg Curry 3103,dinner,633,15.5,62.7,15.3,vegetarian,north_indian,0,balanced|beginner
Vegetable Soup 3104,dinner,386,35.8,56.8,5.1,vegan,south_indian,1,muscle_gain|high_protein
Boiled Eggs 3105,snack,293,10.6,70.2,14.0,non_vegetarian,hyderabadi,1,balanced|beginner
Grilled Chicken 3106,dinner,594,16.6,44.6,22.4,non_vegetarian,kerala,0,balanced|beginner
Fish Curry Rice 3107,lunch,440,14.6,33.3,23.3,non_vegetarian,rajasthani,0,improve_stamina|carb_rich
Rajma Chawal 3108,lunch,386,6.4,41.7,7.1,vegetarian,bengali,1,balanced|beginner
Kadhi Rice 3109,lunch,381,19.8,65.7,17.4,vegetarian,hyderabadi,1,improve_stamina|carb_rich
Roasted Chana 3110,snack,168,15.6,46.9,5.3,vegan,south_indian,1,balanced|beginner
Paneer Roti 3111,lunch,529,37.2,51.9,22.6,vegetarian,hyderabadi,0,muscle_gain|high_protein
Fish Fry 3112,dinner,587,21.0,42.3,21.9,non_vegetarian,punjabi,0,muscle_gain|high_protein
Rajma Chawal 3113,lunch,570,5.6,50.3,11.4,vegetarian,south_indian,0,balanced|beginner
Sprouts Salad 3114,snack,283,37.2,29.4,7.2,vegan,south_indian,1,muscle_gain|high_protein
Paneer Sandwich 3115,breakfast,262,13.7,44.9,19.0,vegetarian,punjabi,0,weight_loss|light
Peanut Chaat 3116,snack,99,17.5,30.2,21.7,vegetarian,kerala,0,improve_stamina|carb_rich
Corn Chaat 3117,snack,283,12.3,32.2,21.1,vegan,hyderabadi,0,improve_stamina|carb_rich
Kadhi Rice 3118,lunch,530,6.9,70.1,9.2,vegetarian,maharashtrian,0,weight_loss|light
Egg Curry 3119,dinner,596,17.5,27.8,12.6,non_vegetarian,hyderabadi,0,weight_loss|light
Upma 3120,breakfast,360,18.5,78.9,12.1,vegetarian,south_indian,1,improve_stamina|carb_rich
Tofu Scramble 3121,breakfast,326,5.5,59.0,24.4,vegan,south_indian,0,improve_stamina|carb_rich
Idli Sambar 3122,breakfast,331,18.9,51.6,24.6,vegetarian,north_indian,0,muscle_gain|high_protein
Dal Tadka 3123,dinner,545,6.0,35.9,22.5,vegetarian,bengali,0,balanced|beginner
Grilled Chicken 3124,dinner,354,44.0,67.4,15.0,non_vegetarian,kerala,1,muscle_gain|high_protein
Thepla 3125,breakfast,176,17.7,73.2,13.9,vegetarian,punjabi,1,balanced|beginner
Paneer Bhurji 3126,dinner,394,27.6,20.5,16.5,vegetarian,kerala,1,muscle_gain|high_protein
Masala Omelette 3127,breakfast,361,13.1,75.1,21.4,non_vegetarian,rajasthani,0,balanced|beginner
Vegetable Khichdi 3128,lunch,506,15.0,21.0,12.9,vegetarian,hyderabadi,0,improve_stamina|carb_rich
Tofu Curry 3129,dinner,515,8.3,61.9,21.1,vegan,gujarati,0,balanced|beginner
Mixed Veg Curry 3130,dinner,392,8.0,47.7,19.3,vegetarian,rajasthani,0,improve_stamina|carb_rich
Oats with Milk 3131,breakfast,409,26.2,64.6,22.8,vegetarian,south_indian,0,muscle_gain|high_protein
Fish Curry Rice 3132,lunch,518,15.5,73.5,8.5,non_vegetarian,punjabi,0,improve_stamina|carb_rich
Vegetable Poha 3133,breakfast,296,16.0,51.0,12.9,vegetarian,mixed,1,weight_loss|light
Rajma Chawal 3134,lunch,410,31.4,72.1,12.9,vegetarian,hyderabadi,1,muscle_gain|high_protein
Vegetable Poha 3135,breakfast,314,17.7,43.6,5.7,vegetarian,north_indian,1,balanced|beginner
Paneer Roti 3136,lunch,401,28.4,51.6,21.5,vegetarian,maharashtrian,0,muscle_gain|high_protein
Tofu Curry 3137,dinner,461,36.8,57.5,21.7,vegan,maharashtrian,0,muscle_gain|high_protein
Tofu Scramble 3138,breakfast,164,19.7,41.9,4.0,vegan,gujarati,1,balanced|beginner
Fruit Salad 3139,snack,224,14.9,21.0,6.4,vegan,maharashtrian,1,weight_loss|light
Paneer Bhurji 3140,dinner,528,10.5,39.4,7.6,vegetarian,hyderabadi,0,weight_loss|light
Buttermilk 3141,snack,110,5.6,68.9,22.2,vegetarian,south_indian,0,balanced|beginner
Mixed Veg Curry 3142,dinner,643,9.7,34.5,7.2,vegetarian,rajasthani,0,balanced|beginner
Paneer Sandwich 3143,breakfast,234,15.8,54.8,14.7,vegetarian,north_indian,1,improve_stamina|carb_rich
Thepla 3144,breakfast,264,29.9,59.0,7.0,vegetarian,gujarati,1,muscle_gain|high_protein
Grilled Chicken 3145,dinner,632,35.7,28.5,9.1,non_vegetarian,hyderabadi,0,muscle_gain|high_protein
Kadhi Rice 3146,lunch,566,5.6,25.8,11.9,vegetarian,bengali,0,improve_stamina|carb_rich
Upma 3147,breakfast,297,44.0,50.4,10.4,vegetarian,bengali,1,muscle_gain|high_protein
Vegetable Khichdi 3148,lunch,469,18.1,39.5,4.6,vegetarian,north_indian,1,weight_loss|light
Paneer Sandwich 3149,breakfast,180,16.5,31.6,5.9,vegetarian,gujarati,1,improve_stamina|carb_rich
Egg Curry 3150,dinner,430,44.9,71.0,23.7,non_vegetarian,mixed,0,muscle_gain|high_protein
Sprouts Salad 3151,snack,190,27.8,74.8,6.9,vegan,maharashtrian,1,muscle_gain|high_protein
Fruit Bowl 3152,breakfast,193,6.5,55.2,22.7,vegan,mixed,0,improve_stamina|carb_rich
Grilled Chicken 3153,dinner,671,19.1,34.5,17.5,non_vegetarian,punjabi,0,improve_stamina|carb_rich
Paneer Cubes 3154,snack,134,40.2,78.4,9.3,vegetarian,mixed,1,muscle_gain|high_protein
Tofu Curry 3155,dinner,355,43.3,48.7,4.5,vegan,gujarati,1,muscle_gain|high_protein
Upma 3156,breakfast,177,17.0,23.5,16.8,vegetarian,south_indian,1,balanced|beginner
Masala Omelette 3157,breakfast,439,9.8,72.4,6.9,non_vegetarian,bengali,1,weight_loss|light
Tofu Stir Fry 3158,lunch,517,25.7,79.0,16.2,vegan,gujarati,0,muscle_gain|high_protein
Tofu Curry 3159,dinner,601,18.5,33.7,4.9,vegan,mixed,0,balanced|beginner
Thepla 3160,breakfast,321,17.5,70.5,17.4,vegetarian,maharashtrian,1,improve_stamina|carb_rich
Mixed Veg Curry 3161,dinner,445,18.8,58.2,15.0,vegetarian,rajasthani,1,muscle_gain|high_protein
Fruit Salad 3162,snack,299,9.6,76.0,4.1,vegan,north_indian,1,weight_loss|light
Thepla 3163,breakfast,253,23.4,27.2,16.2,vegetarian,hyderabadi,1,muscle_gain|high_protein
Egg Curry 3164,dinner,468,13.4,63.9,24.0,non_vegetarian,north_indian,0,balanced|beginner
Paneer Bhurji 3165,dinner,565,18.6,59.2,6.8,vegetarian,maharashtrian,0,balanced|beginner
Fish Curry Rice 3166,lunch,416,9.1,49.7,7.2,non_vegetarian,north_indian,1,weight_loss|light
Pav Bhaji 3167,lunch,460,18.0,20.4,23.5,vegetarian,rajasthani,0,weight_loss|light
Paneer Roti 3168,lunch,418,10.7,47.5,16.5,vegetarian,north_indian,1,weight_loss|light
Buttermilk 3169,snack,154,6.1,64.3,15.2,vegetarian,punjabi,1,balanced|beginner
Egg Curry 3170,dinner,462,7.6,25.0,8.0,non_vegetarian,hyderabadi,1,weight_loss|light
Pav Bhaji 3171,lunch,455,8.9,68.5,6.6,vegetarian,maharashtrian,1,improve_stamina|carb_rich
Idli Sambar 3172,breakfast,302,9.9,68.2,4.3,vegetarian,kerala,1,improve_stamina|carb_rich
Tofu Stir Fry 3173,lunch,447,35.5,55.8,21.7,vegan,south_indian,0,muscle_gain|high_protein
Thepla 3174,breakfast,225,9.9,72.3,19.5,vegetarian,mixed,0,improve_stamina|carb_rich
Peanut Chaat 3175,snack,120,44.0,28.4,15.1,vegetarian,mixed,1,muscle_gain|high_protein
Rajma Chawal 3176,lunch,517,18.0,67.0,6.6,vegetarian,kerala,0,muscle_gain|high_protein
Tofu Scramble 3177,breakfast,360,15.2,35.3,20.4,vegan,rajasthani,0,improve_stamina|carb_rich
Roasted Chana 3178,snack,83,32.9,79.2,3.4,vegan,bengali,1,muscle_gain|high_protein
Dal Rice 3179,lunch,414,11.9,29.2,8.4,vegetarian,bengali,1,weight_loss|light
Dal Tadka 3180,dinner,402,11.4,58.7,9.5,vegetarian,mixed,1,balanced|beginner
Sprouts Salad 3181,snack,290,18.4,64.6,19.1,vegan,gujarati,0,balanced|beginner
Upma 3182,breakfast,186,19.2,26.2,6.8,vegetarian,punjabi,1,muscle_gain|high_protein
Sprouts Salad 3183,snack,292,8.2,57.0,4.0,vegan,punjabi,1,balanced|beginner
Boiled Eggs 3184,snack,82,5.8,76.9,18.2,non_vegetarian,gujarati,0,weight_loss|light
Oats with Milk 3185,breakfast,226,40.0,77.9,15.9,vegetarian,south_indian,1,muscle_gain|high_protein
Fruit Salad 3186,snack,141,43.4,78.3,7.6,vegan,north_indian,1,muscle_gain|high_protein
Protein Shake 3187,snack,117,13.3,25.8,7.9,vegetarian,rajasthani,1,improve_stamina|carb_rich
Vegetable Khichdi 3188,lunch,487,20.0,44.4,6.4,vegetarian,north_indian,1,muscle_gain|high_protein
Chicken Curry Rice 3189,lunch,657,14.8,77.3,7.5,non_vegetarian,north_indian,0,weight_loss|light
Tofu Scramble 3190,breakfast,317,38.6,50.8,7.6,vegan,north_indian,1,muscle_gain|high_protein
Tofu Stir Fry 3191,lunch,508,30.7,79.2,7.0,vegan,north_indian,0,muscle_gain|high_protein
Buttermilk 3192,snack,93,11.2,69.5,15.7,vegetarian,punjabi,1,improve_stamina|carb_rich
Protein Shake 3193,snack,82,17.7,65.3,16.4,vegetarian,hyderabadi,1,improve_stamina|carb_rich
Roti Sabji 3194,dinner,681,18.8,69.3,14.6,vegetarian,north_indian,0,balanced|beginner
Fruit Salad 3195,snack,203,6.9,51.3,23.9,vegan,south_indian,0,weight_loss|light
Rajma Chawal 3196,lunch,495,18.9,21.8,10.1,vegetarian,bengali,1,weight_loss|light
Paneer Sandwich 3197,breakfast,440,5.7,38.6,12.5,vegetarian,hyderabadi,1,improve_stamina|carb_rich
Dal Tadka 3198,dinner,564,27.1,70.0,17.2,vegetarian,rajasthani,0,muscle_gain|high_protein
Egg Curry 3199,dinner,389,6.7,40.1,19.1,non_vegetarian,south_indian,0,improve_stamina|carb_rich
Kadhi Rice 3200,lunch,692,17.1,74.0,9.5,vegetarian,north_indian,0,weight_loss|light
Idli Sambar 3201,breakfast,418,15.8,22.7,19.1,vegetarian,bengali,0,balanced|beginner
Corn Chaat 3202,snack,170,17.0,38.5,17.5,vegan,rajasthani,1,weight_loss|light
Rajma Chawal 3203,lunch,575,31.3,50.2,12.8,vegetarian,punjabi,0,muscle_gain|high_protein
Fish Fry 3204,dinner,368,5.7,79.5,4.7,non_vegetarian,maharashtrian,1,weight_loss|light
Fish Fry 3205,dinner,502,41.0,40.7,23.5,non_vegetarian,hyderabadi,0,muscle_gain|high_protein
Fish Fry 3206,dinner,662,32.8,33.8,23.2,non_vegetarian,rajasthani,0,muscle_gain|high_protein
Oats with Milk 3207,breakfast,352,7.5,71.6,10.1,vegetarian,punjabi,1,improve_stamina|carb_rich
Masala Omelette 3208,breakfast,248,19.0,24.3,11.9,non_vegetarian,north_indian,1,balanced|beginner
Sabudana Khichdi 3209,breakfast,243,11.0,60.1,24.5,vegetarian,north_indian,0,weight_loss|light
Dal Rice 3210,lunch,383,32.6,29.5,6.0,vegetarian,mixed,1,muscle_gain|high_protein
Chicken Curry Rice 3211,lunch,357,16.2,28.4,14.1,non_vegetarian,bengali,1,balanced|beginner
Paneer Roti 3212,lunch,598,13.8,73.3,9.6,vegetarian,north_indian,0,improve_stamina|carb_rich
Upma 3213,breakfast,151,42.5,50.3,20.4,vegetarian,south_indian,0,muscle_gain|high_protein
Sprouts Salad 3214,snack,185,6.0,30.4,21.2,vegan,gujarati,0,balanced|beginner
Tofu Curry 3215,dinner,386,24.1,75.6,5.7,vegan,rajasthani,1,muscle_gain|high_protein
Rajma Chawal 3216,lunch,689,40.4,45.8,18.3,vegetarian,gujarati,0,muscle_gain|high_protein
Paneer Roti 3217,lunch,409,13.2,51.6,19.8,vegetarian,mixed,0,weight_loss|light
Paneer Roti 3218,lunch,650,32.6,58.4,6.2,vegetarian,bengali,0,muscle_gain|high_protein
Rajma Chawal 3219,lunch,522,8.9,44.3,16.1,vegetarian,maharashtrian,0,weight_loss|light
Pav Bhaji 3220,lunch,653,9.6,64.5,20.4,vegetarian,kerala,0,weight_loss|light
Grilled Chicken 3221,dinner,415,15.3,42.6,12.9,non_vegetarian,bengali,1,balanced|beginner
Sprouts Salad 3222,snack,289,17.4,61.4,13.1,vegan,kerala,1,improve_stamina|carb_rich
Roti Sabji 3223,dinner,363,21.8,60.0,19.0,vegetarian,gujarati,0,muscle_gain|high_protein
Vegetable Poha 3224,breakfast,226,15.9,68.2,12.8,vegetarian,maharashtrian,1,weight_loss|light
Sprouts Salad 3225,snack,241,14.6,53.0,24.8,vegan,kerala,0,improve_stamina|carb_rich
Paneer Bhurji 3226,dinner,498,19.3,41.4,10.9,vegetarian,kerala,1,weight_loss|light
Protein Shake 3227,snack,219,13.7,72.8,8.0,vegetarian,bengali,1,balanced|beginner
Thepla 3228,breakfast,401,7.7,50.5,24.9,vegetarian,mixed,0,improve_stamina|carb_rich
Dal Rice 3229,lunch,383,11.0,72.3,9.4,vegetarian,maharashtrian,1,weight_loss|light
Roasted Chana 3230,snack,232,10.0,77.3,8.2,vegan,punjabi,1,improve_stamina|carb_rich
Grilled Chicken 3231,dinner,560,18.2,29.0,14.0,non_vegetarian,rajasthani,0,weight_loss|light
Hyderabadi Biryani 3232,lunch,656,12.8,20.7,22.5,non_vegetarian,gujarati,0,balanced|beginner
Thepla 3233,breakfast,221,5.2,22.5,7.8,vegetarian,south_indian,1,improve_stamina|carb_rich
Fruit Bowl 3234,breakfast,375,17.4,23.2,15.8,vegan,mixed,1,weight_loss|light
Kadhi Rice 3235,lunch,422,37.6,36.4,11.6,vegetarian,hyderabadi,1,muscle_gain|high_protein
Paneer Sandwich 3236,breakfast,418,15.8,60.1,8.9,vegetarian,rajasthani,1,balanced|beginner
Rajma Chawal 3237,lunch,609,13.2,20.0,6.1,vegetarian,kerala,0,weight_loss|light
Tofu Curry 3238,dinner,669,13.4,51.8,10.1,vegan,bengali,0,balanced|beginner
Paneer Cubes 3239,snack,239,7.2,28.3,15.1,vegetarian,rajasthani,1,improve_stamina|carb_rich
Protein Shake 3240,snack,131,11.8,76.0,4.0,vegetarian,bengali,1,balanced|beginner
Egg Curry 3241,dinner,539,18.4,46.0,6.1,non_vegetarian,bengali,0,improve_stamina|carb_rich
Vegetable Soup 3242,dinner,679,12.9,37.3,22.8,vegan,north_indian,0,improve_stamina|carb_rich
Vegetable Khichdi 3243,lunch,395,15.4,71.9,5.2,vegetarian,gujarati,1,balanced|beginner
Boiled Eggs 3244,snack,227,13.7,68.0,20.3,non_vegetarian,gujarati,0,balanced|beginner
Paneer Cubes 3245,snack,90,13.3,33.0,8.9,vegetarian,gujarati,1,balanced|beginner
Tofu Stir Fry 3246,lunch,498,9.1,50.6,9.3,vegan,bengali,1,weight_loss|light
Tofu Stir Fry 3247,lunch,520,12.2,71.6,5.9,vegan,kerala,0,improve_stamina|carb_rich
Dal Tadka 3248,dinner,431,12.1,44.2,12.7,vegetarian,hyderabadi,1,weight_loss|light
Dal Rice 3249,lunch,398,8.4,54.6,14.5,vegetarian,kerala,1,balanced|beginner
Chicken Curry Rice 3250,lunch,685,7.9,25.4,13.6,non_vegetarian,south_indian,0,weight_loss|light
Idli Sambar 3251,breakfast,374,5.7,40.8,17.2,vegetarian,maharashtrian,1,improve_stamina|carb_rich
Dal Tadka 3252,dinner,452,18.5,34.2,11.9,vegetarian,punjabi,1,muscle_gain|high_protein
Paneer Sandwich 3253,breakfast,440,28.4,21.3,11.9,vegetarian,north_indian,1,muscle_gain|high_protein
Paneer Bhurji 3254,dinner,651,5.5,51.7,18.8,vegetarian,rajasthani,0,balanced|beginner
Rajma Chawal 3255,lunch,532,5.3,48.2,4.4,vegetarian,gujarati,0,improve_stamina|carb_rich
Vegetable Soup 3256,dinner,552,11.1,61.6,10.1,vegan,north_indian,0,improve_stamina|carb_rich
Hyderabadi Biryani 3257,lunch,544,17.6,58.7,5.7,non_vegetarian,mixed,0,weight_loss|light
Fruit Bowl 3258,breakfast,415,9.7,76.6,6.7,vegan,mixed,1,improve_stamina|carb_rich
Thepla 3259,breakfast,374,24.3,29.6,15.5,vegetarian,maharashtrian,1,muscle_gain|high_protein
Fruit Bowl 3260,breakfast,411,43.8,29.7,20.8,vegan,north_indian,0,muscle_gain|high_protein
Vegetable Soup 3261,dinner,390,16.1,56.9,7.1,vegan,south_indian,1,weight_loss|light
Buttermilk 3262,snack,230,15.5,38.1,9.9,vegetarian,punjabi,1,improve_stamina|carb_rich
Fish Curry Rice 3263,lunch,605,9.3,69.3,11.0,non_vegetarian,bengali,0,weight_loss|light
Tofu Curry 3264,dinner,637,14.8,66.5,24.0,vegan,maharashtrian,0,balanced|beginner
Paneer Cubes 3265,snack,282,10.9,31.9,4.7,vegetarian,maharashtrian,1,weight_loss|light
Boiled Eggs 3266,snack,182,19.7,32.5,24.4,non_vegetarian,punjabi,0,balanced|beginner
Buttermilk 3267,snack,224,24.9,71.3,9.1,vegetarian,rajasthani,1,muscle_gain|high_protein
Dal Tadka 3268,dinner,397,19.7,78.1,5.8,vegetarian,bengali,1,improve_stamina|carb_rich
Sprouts Salad 3269,snack,273,7.2,61.8,15.7,vegan,maharashtrian,1,weight_loss|light
Dal Rice 3270,lunch,649,19.5,49.7,4.3,vegetarian,gujarati,0,weight_loss|light
Vegetable Khichdi 3271,lunch,610,10.6,34.3,10.1,vegetarian,maharashtrian,0,balanced|beginner
Tofu Stir Fry 3272,lunch,488,6.7,53.3,18.2,vegan,bengali,0,balanced|beginner
Paneer Roti 3273,lunch,698,7.2,68.8,12.4,vegetarian,north_indian,0,weight_loss|light
Sprouts Salad 3274,snack,266,40.9,53.6,13.9,vegan,maharashtrian,1,muscle_gain|high_protein
Boiled Eggs 3275,snack,188,12.2,77.2,18.9,non_vegetarian,mixed,0,balanced|beginner
Boiled Eggs 3276,snack,148,6.5,73.6,3.8,non_vegetarian,north_indian,1,weight_loss|light
Masala Omelette 3277,breakfast,342,19.2,23.1,11.3,non_vegetarian,punjabi,1,balanced|beginner
Boiled Eggs 3278,snack,97,11.6,58.4,24.9,non_vegetarian,maharashtrian,0,improve_stamina|carb_rich
Chicken Curry Rice 3279,lunch,448,28.8,28.1,12.5,non_vegetarian,bengali,1,muscle_gain|high_protein
Kadhi Rice 3280,lunch,476,42.3,73.3,7.1,vegetarian,bengali,1,muscle_gain|high_protein
Idli Sambar 3281,breakfast,396,17.3,30.5,19.8,vegetarian,hyderabadi,0,balanced|beginner
Chicken Curry Rice 3282,lunch,396,20.2,68.6,8.3,non_vegetarian,rajasthani,1,muscle_gain|high_protein
Corn Chaat 3283,snack,277,16.1,35.6,10.4,vegan,south_indian,1,balanced|beginner
Roti Sabji 3284,dinner,448,23.5,53.7,15.0,vegetarian,south_indian,1,muscle_gain|high_protein
Paneer Sandwich 3285,breakfast,258,10.4,63.6,3.8,vegetarian,bengali,1,weight_loss|light
Paneer Roti 3286,lunch,600,27.7,42.7,24.8,vegetarian,maharashtrian,0,muscle_gain|high_protein
Grilled Chicken 3287,dinner,556,22.7,44.2,7.7,non_vegetarian,rajasthani,0,muscle_gain|high_protein
Fruit Salad 3288,snack,84,9.3,22.1,4.6,vegan,bengali,1,weight_loss|light
Fish Fry 3289,dinner,391,26.7,65.4,15.0,non_vegetarian,gujarati,1,muscle_gain|high_protein
Corn Chaat 3290,snack,285,8.8,44.0,10.6,vegan,north_indian,1,balanced|beginner
Tofu Curry 3291,dinner,418,21.0,33.1,22.7,vegan,mixed,0,muscle_gain|high_protein
Grilled Chicken 3292,dinner,385,32.6,23.8,9.9,non_vegetarian,bengali,1,muscle_gain|high_protein
Fish Fry 3293,dinner,689,12.5,65.7,22.8,non_vegetarian,hyderabadi,0,weight_loss|light
Dal Tadka 3294,dinner,536,15.0,74.7,21.8,vegetarian,punjabi,0,weight_loss|light
Paneer Sandwich 3295,breakfast,395,12.4,29.6,20.8,vegetarian,north_indian,0,weight_loss|light
Grilled Chicken 3296,dinner,693,6.7,42.7,8.2,non_vegetarian,hyderabadi,0,improve_stamina|carb_rich
Paneer Sandwich 3297,breakfast,347,17.9,20.2,6.9,vegetarian,north_indian,1,balanced|beginner
Fruit Bowl 3298,breakfast,373,20.5,41.9,21.6,vegan,maharashtrian,0,muscle_gain|high_protein
Fruit Salad 3299,snack,191,19.0,34.1,15.7,vegan,punjabi,1,muscle_gain|high_protein
Masala Omelette 3300,breakfast,397,15.3,56.4,15.1,non_vegetarian,hyderabadi,1,balanced|beginner
Upma 3301,breakfast,187,16.3,79.0,23.3,vegetarian,kerala,0,improve_stamina|carb_rich
Corn Chaat 3302,snack,295,27.6,26.2,6.3,vegan,rajasthani,1,muscle_gain|high_protein
Vegetable Khichdi 3303,lunch,501,15.9,80.0,21.5,vegetarian,kerala,0,weight_loss|light
Thepla 3304,breakfast,171,11.2,27.1,5.6,vegetarian,south_indian,1,improve_stamina|carb_rich
Grilled Chicken 3305,dinner,601,13.6,63.9,16.2,non_vegetarian,hyderabadi,0,balanced|beginner
Boiled Eggs 3306,snack,237,40.4,70.9,10.3,non_vegetarian,hyderabadi,1,muscle_gain|high_protein
Thepla 3307,breakfast,391,20.0,20.7,4.5,vegetarian,punjabi,1,muscle_gain|high_protein
Kadhi Rice 3308,lunch,551,28.1,40.2,21.2,vegetarian,bengali,0,muscle_gain|high_protein
Paneer Bhurji 3309,dinner,599,20.3,42.0,12.5,vegetarian,bengali,0,muscle_gain|high_protein
Tofu Scramble 3310,breakfast,282,17.1,46.8,5.5,vegan,gujarati,1,weight_loss|light
Egg Curry 3311,dinner,360,17.1,79.5,10.0,non_vegetarian,bengali,1,weight_loss|light
Vegetable Soup 3312,dinner,376,30.5,22.0,21.0,vegan,bengali,0,muscle_gain|high_protein
Roasted Chana 3313,snack,121,12.6,57.7,19.7,vegan,mixed,0,improve_stamina|carb_rich
Pav Bhaji 3314,lunch,461,10.4,67.9,9.0,vegetarian,rajasthani,1,balanced|beginner
Tofu Stir Fry 3315,lunch,602,37.4,39.4,6.9,vegan,north_indian,0,muscle_gain|high_protein
Sabudana Khichdi 3316,breakfast,294,21.3,75.1,6.3,vegetarian,south_indian,1,muscle_gain|high_protein
Masala Omelette 3317,breakfast,324,11.5,78.7,12.7,non_vegetarian,rajasthani,1,improve_stamina|carb_rich
Fruit Bowl 3318,breakfast,249,7.7,43.2,20.8,vegan,rajasthani,0,improve_stamina|carb_rich
Vegetable Soup 3319,dinner,545,19.7,59.8,7.2,vegan,maharashtrian,0,weight_loss|light
Corn Chaat 3320,snack,141,5.1,72.5,21.6,vegan,north_indian,0,weight_loss|light
Vegetable Soup 3321,dinner,406,19.8,53.0,12.7,vegan,south_indian,1,weight_loss|light
Masala Omelette 3322,breakfast,340,7.2,60.7,12.8,non_vegetarian,mixed,1,balanced|beginner
Paneer Sandwich 3323,breakfast,223,36.3,42.2,8.9,vegetarian,kerala,1,muscle_gain|high_protein
Grilled Chicken 3324,dinner,639,17.6,73.6,19.9,non_vegetarian,kerala,0,improve_stamina|carb_rich
Sprouts Salad 3325,snack,210,6.0,41.9,9.8,vegan,south_indian,1,improve_stamina|carb_rich
Paneer Bhurji 3326,dinner,422,9.0,50.8,23.0,vegetarian,gujarati,0,balanced|beginner
Sabudana Khichdi 3327,breakfast,395,16.6,66.0,8.0,vegetarian,gujarati,1,balanced|beginner
Fish Curry Rice 3328,lunch,404,13.9,59.8,16.5,non_vegetarian,punjabi,1,balanced|beginner
Egg Curry 3329,dinner,416,13.5,38.8,25.0,non_vegetarian,gujarati,0,balanced|beginner
Roti Sabji 3330,dinner,493,5.6,39.6,12.0,vegetarian,south_indian,1,improve_stamina|carb_rich
Protein Shake 3331,snack,248,24.8,38.7,5.6,vegetarian,rajasthani,1,muscle_gain|high_protein
Pav Bhaji 3332,lunch,484,14.2,64.6,23.3,vegetarian,maharashtrian,0,weight_loss|light
Kadhi Rice 3333,lunch,486,12.4,25.4,12.2,vegetarian,north_indian,1,balanced|beginner
Vegetable Soup 3334,dinner,565,7.8,59.0,6.4,vegan,hyderabadi,0,balanced|beginner
Fruit Bowl 3335,breakfast,435,10.8,22.1,14.8,vegan,kerala,1,weight_loss|light
Sabudana Khichdi 3336,breakfast,351,28.1,70.7,3.9,vegetarian,north_indian,1,muscle_gain|high_protein
Sprouts Salad 3337,snack,259,6.9,45.3,7.1,vegan,kerala,1,balanced|beginner
Paneer Roti 3338,lunch,628,9.3,76.5,21.9,vegetarian,mixed,0,improve_stamina|carb_rich
Hyderabadi Biryani 3339,lunch,526,32.1,30.0,11.0,non_vegetarian,bengali,0,muscle_gain|high_protein
Egg Curry 3340,dinner,424,17.5,34.6,18.9,non_vegetarian,punjabi,0,balanced|beginner
Boiled Eggs 3341,snack,291,14.0,59.9,15.6,non_vegetarian,rajasthani,1,balanced|beginner
Roasted Chana 3342,snack,274,18.6,40.6,17.3,vegan,punjabi,1,muscle_gain|high_protein
Tofu Stir Fry 3343,lunch,451,37.3,21.8,13.7,vegan,punjabi,1,muscle_gain|high_protein
Fruit Salad 3344,snack,225,17.4,50.5,12.5,vegan,north_indian,1,improve_stamina|carb_rich
Roti Sabji 3345,dinner,382,28.1,36.5,23.4,vegetarian,rajasthani,0,muscle_gain|high_protein
Roti Sabji 3346,dinner,560,11.5,74.3,21.6,vegetarian,rajasthani,0,balanced|beginner
Paneer Sandwich 3347,breakfast,211,6.5,25.8,15.4,vegetarian,kerala,1,balanced|beginner
Egg Curry 3348,dinner,554,34.1,45.6,22.9,non_vegetarian,hyderabadi,0,muscle_gain|high_protein
Peanut Chaat 3349,snack,198,5.9,43.2,17.3,vegetarian,maharashtrian,1,balanced|beginner
Fruit Bowl 3350,breakfast,328,22.2,27.1,16.4,vegan,mixed,1,muscle_gain|high_protein
Protein Shake 3351,snack,99,33.0,45.6,10.4,vegetarian,hyderabadi,1,muscle_gain|high_protein
Paneer Bhurji 3352,dinner,434,17.0,72.7,22.8,vegetarian,south_indian,0,balanced|beginner
Tofu Stir Fry 3353,lunch,454,7.8,54.1,21.5,vegan,rajasthani,0,balanced|beginner
Grilled Chicken 3354,dinner,516,9.1,46.7,11.7,non_vegetarian,punjabi,0,improve_stamina|carb_rich
Oats with Milk 3355,breakfast,187,32.8,61.4,24.5,vegetarian,gujarati,0,muscle_gain|high_protein
Roti Sabji 3356,dinner,430,6.6,78.5,14.6,vegetarian,bengali,1,weight_loss|light
Tofu Scramble 3357,breakfast,394,33.2,62.8,7.1,vegan,punjabi,1,muscle_gain|high_protein
Paneer Sandwich 3358,breakfast,279,19.9,69.0,7.5,vegetarian,hyderabadi,1,improve_stamina|carb_rich
Buttermilk 3359,snack,132,15.7,76.9,15.9,vegetarian,north_indian,1,weight_loss|light
Idli Sambar 3360,breakfast,391,19.3,26.0,4.4,vegetarian,mixed,1,muscle_gain|high_protein
Vegetable Soup 3361,dinner,682,11.6,21.0,17.3,vegan,rajasthani,0,improve_stamina|carb_rich
Upma 3362,breakfast,306,6.5,50.6,20.3,vegetarian,north_indian,0,weight_loss|light
Buttermilk 3363,snack,217,30.5,63.8,22.2,vegetarian,mixed,0,muscle_gain|high_protein
Tofu Stir Fry 3364,lunch,385,6.1,78.3,13.8,vegan,maharashtrian,1,balanced|beginner
Paneer Sandwich 3365,breakfast,362,7.8,26.9,21.7,vegetarian,bengali,0,weight_loss|light
Tofu Curry 3366,dinner,434,34.7,76.7,9.6,vegan,rajasthani,1,muscle_gain|high_protein
Sprouts Salad 3367,snack,219,16.5,47.7,14.0,vegan,gujarati,1,balanced|beginner
Corn Chaat 3368,snack,246,17.0,34.9,3.8,vegan,south_indian,1,weight_loss|light
Pav Bhaji 3369,lunch,557,14.8,35.5,22.6,vegetarian,kerala,0,balanced|beginner
Fruit Bowl 3370,breakfast,412,12.9,51.0,17.7,vegan,gujarati,1,weight_loss|light
Buttermilk 3371,snack,208,25.4,20.7,16.7,vegetarian,maharashtrian,1,muscle_gain|high_protein
Grilled Chicken 3372,dinner,546,11.9,34.1,7.7,non_vegetarian,hyderabadi,0,improve_stamina|carb_rich
Fish Curry Rice 3373,lunch,385,16.0,42.7,3.8,non_vegetarian,kerala,1,improve_stamina|carb_rich
Tofu Scramble 3374,breakfast,449,13.3,54.6,13.4,vegan,gujarati,1,weight_loss|light
Tofu Curry 3375,dinner,682,11.9,34.6,15.1,vegan,mixed,0,improve_stamina|carb_rich
Grilled Chicken 3376,dinner,402,7.8,25.2,15.5,non_vegetarian,kerala,1,balanced|beginner
Fish Fry 3377,dinner,424,14.7,51.8,15.1,non_vegetarian,punjabi,1,balanced|beginner
Fruit Bowl 3378,breakfast,419,14.1,78.2,19.3,vegan,punjabi,0,balanced|beginner
Grilled Chicken 3379,dinner,654,8.3,32.2,19.9,non_vegetarian,mixed,0,balanced|beginner
Mixed Veg Curry 3380,dinner,360,6.1,59.0,21.7,vegetarian,south_indian,0,weight_loss|light
Sabudana Khichdi 3381,breakfast,239,9.4,20.5,19.6,vegetarian,punjabi,0,improve_stamina|carb_rich
Thepla 3382,breakfast,242,25.3,67.6,11.4,vegetarian,gujarati,1,muscle_gain|high_protein
Oats with Milk 3383,breakfast,155,19.9,71.8,17.2,vegetarian,bengali,1,improve_stamina|carb_rich
Tofu Scramble 3384,breakfast,401,31.1,61.1,21.2,vegan,bengali,0,muscle_gain|high_protein
Dal Rice 3385,lunch,611,25.9,76.7,18.1,vegetarian,maharashtrian,0,muscle_gain|high_protein
Buttermilk 3386,snack,227,13.1,49.6,13.0,vegetarian,mixed,1,improve_stamina|carb_rich
Masala Omelette 3387,breakfast,351,5.7,30.0,7.0,non_vegetarian,punjabi,1,weight_loss|light
Boiled Eggs 3388,snack,102,12.7,63.3,12.1,non_vegetarian,gujarati,1,improve_stamina|carb_rich
Idli Sambar 3389,breakfast,157,16.7,77.5,10.4,vegetarian,mixed,1,balanced|beginner
Boiled Eggs 3390,snack,208,17.2,21.1,21.3,non_vegetarian,mixed,0,improve_stamina|carb_rich
Protein Shake 3391,snack,229,14.6,70.3,4.1,vegetarian,punjabi,1,balanced|beginner
Roti Sabji 3392,dinner,699,15.4,59.4,5.7,vegetarian,rajasthani,0,weight_loss|light
Tofu Curry 3393,dinner,689,10.0,55.2,16.3,vegan,gujarati,0,weight_loss|light
Paneer Sandwich 3394,breakfast,400,17.3,39.5,10.8,vegetarian,maharashtrian,1,weight_loss|light
Dal Rice 3395,lunch,539,28.3,67.6,24.6,vegetarian,kerala,0,muscle_gain|high_protein
Rajma Chawal 3396,lunch,543,6.6,49.3,18.8,vegetarian,hyderabadi,0,weight_loss|light
Roti Sabji 3397,dinner,387,5.9,65.7,18.9,vegetarian,bengali,0,improve_stamina|carb_rich
Fruit Bowl 3398,breakfast,211,42.7,50.3,10.8,vegan,hyderabadi,1,muscle_gain|high_protein
Paneer Roti 3399,lunch,665,13.8,64.4,22.6,vegetarian,rajasthani,0,improve_stamina|carb_rich
Roti Sabji 3400,dinner,578,14.8,52.5,13.4,vegetarian,punjabi,0,improve_stamina|carb_rich
Oats with Milk 3401,breakfast,191,19.9,58.3,9.4,vegetarian,hyderabadi,1,improve_stamina|carb_rich
Tofu Curry 3402,dinner,690,5.5,25.4,16.2,vegan,bengali,0,weight_loss|light
Buttermilk 3403,snack,267,5.7,28.7,13.7,vegetarian,bengali,1,improve_stamina|carb_rich
Tofu Stir Fry 3404,lunch,421,26.7,33.6,16.5,vegan,north_indian,1,muscle_gain|high_protein
Fruit Salad 3405,snack,270,5.6,71.4,7.6,vegan,north_indian,1,improve_stamina|carb_rich
Paneer Bhurji 3406,dinner,393,7.7,22.2,18.7,vegetarian,punjabi,0,weight_loss|light
Dal Tadka 3407,dinner,392,7.9,27.4,14.9,vegetarian,maharashtrian,1,improve_stamina|carb_rich
Paneer Cubes 3408,snack,269,8.4,60.2,15.2,vegetarian,hyderabadi,1,balanced|beginner
Vegetable Khichdi 3409,lunch,658,17.9,29.2,6.7,vegetarian,mixed,0,weight_loss|light
Corn Chaat 3410,snack,178,11.3,71.0,22.4,vegan,gujarati,0,weight_loss|light
Masala Omelette 3411,breakfast,278,19.2,32.9,21.1,non_vegetarian,bengali,0,muscle_gain|high_protein
Tofu Scramble 3412,breakfast,392,8.1,79.5,5.5,vegan,bengali,1,balanced|beginner
Dal Rice 3413,lunch,549,9.6,51.7,12.2,vegetarian,north_indian,0,weight_loss|light
Chicken Curry Rice 3414,lunch,456,18.5,73.6,24.2,non_vegetarian,kerala,0,improve_stamina|carb_rich
Vegetable Poha 3415,breakfast,426,6.7,35.9,24.0,vegetarian,maharashtrian,0,balanced|beginner
Egg Curry 3416,dinner,646,14.8,27.4,15.9,non_vegetarian,hyderabadi,0,weight_loss|light
Dal Tadka 3417,dinner,483,14.5,34.9,20.6,vegetarian,mixed,0,weight_loss|light
Thepla 3418,breakfast,286,17.4,74.0,15.9,vegetarian,bengali,1,improve_stamina|carb_rich
Egg Curry 3419,dinner,618,30.3,34.6,8.7,non_vegetarian,mixed,0,muscle_gain|high_protein
Pav Bhaji 3420,lunch,623,15.6,22.0,19.4,vegetarian,mixed,0,weight_loss|light
Paneer Roti 3421,lunch,677,18.8,79.1,20.8,vegetarian,bengali,0,improve_stamina|carb_rich
Idli Sambar 3422,breakfast,386,12.3,72.2,22.7,vegetarian,kerala,0,improve_stamina|carb_rich
Paneer Bhurji 3423,dinner,688,7.3,33.3,20.3,vegetarian,gujarati,0,improve_stamina|carb_rich
Paneer Roti 3424,lunch,527,8.1,71.7,21.7,vegetarian,south_indian,0,balanced|beginner
Upma 3425,breakfast,211,11.7,58.1,15.9,vegetarian,south_indian,1,improve_stamina|carb_rich
Peanut Chaat 3426,snack,218,5.7,40.9,13.1,vegetarian,mixed,1,improve_stamina|carb_rich
Fruit Bowl 3427,breakfast,428,34.9,63.9,23.9,vegan,south_indian,0,muscle_gain|high_protein
Fish Curry Rice 3428,lunch,409,6.8,73.6,3.3,non_vegetarian,north_indian,1,weight_loss|light
Paneer Sandwich 3429,breakfast,342,6.1,72.6,16.4,vegetarian,bengali,1,balanced|beginner
Thepla 3430,breakfast,398,31.8,30.4,14.0,vegetarian,kerala,1,muscle_gain|high_protein
Vegetable Khichdi 3431,lunch,654,9.8,32.8,9.4,vegetarian,maharashtrian,0,weight_loss|light
Vegetable Khichdi 3432,lunch,426,10.0,51.6,12.6,vegetarian,hyderabadi,1,improve_stamina|carb_rich
Fruit Salad 3433,snack,266,21.8,56.9,10.2,vegan,kerala,1,muscle_gain|high_protein
Pav Bhaji 3434,lunch,472,15.1,34.1,22.5,vegetarian,kerala,0,improve_stamina|carb_rich
Paneer Bhurji 3435,dinner,653,10.9,50.4,24.5,vegetarian,mixed,0,balanced|beginner
Protein Shake 3436,snack,297,16.0,78.3,24.1,vegetarian,north_indian,0,balanced|beginner
Roasted Chana 3437,snack,247,6.8,66.9,19.3,vegan,gujarati,0,improve_stamina|carb_rich
Paneer Bhurji 3438,dinner,656,11.9,37.3,19.4,vegetarian,bengali,0,weight_loss|light
Egg Curry 3439,dinner,511,17.3,70.8,3.7,non_vegetarian,south_indian,0,improve_stamina|carb_rich
Mixed Veg Curry 3440,dinner,566,17.3,35.3,15.0,vegetarian,kerala,0,balanced|beginner
Idli Sambar 3441,breakfast,374,20.2,69.8,10.6,vegetarian,rajasthani,1,muscle_gain|high_protein
Egg Curry 3442,dinner,470,6.4,65.5,20.7,non_vegetarian,maharashtrian,0,balanced|beginner
Tofu Stir Fry 3443,lunch,388,17.3,20.2,7.7,vegan,maharashtrian,1,balanced|beginner
Fish Curry Rice 3444,lunch,607,8.5,65.6,23.1,non_vegetarian,rajasthani,0,weight_loss|light
Tofu Scramble 3445,breakfast,310,8.9,51.1,9.9,vegan,kerala,1,weight_loss|light
Vegetable Khichdi 3446,lunch,500,9.0,59.1,18.4,vegetarian,maharashtrian,0,balanced|beginner
Fruit Bowl 3447,breakfast,448,5.9,70.7,5.9,vegan,rajasthani,1,improve_stamina|carb_rich
Corn Chaat 3448,snack,152,9.5,31.8,15.3,vegan,north_indian,1,weight_loss|light
Kadhi Rice 3449,lunch,605,15.3,48.1,13.0,vegetarian,north_indian,0,improve_stamina|carb_rich
Sprouts Salad 3450,snack,115,20.0,43.5,17.9,vegan,kerala,1,improve_stamina|carb_rich
Vegetable Khichdi 3451,lunch,436,9.2,75.8,9.3,vegetarian,hyderabadi,1,balanced|beginner
Paneer Sandwich 3452,breakfast,364,8.1,23.9,20.8,vegetarian,punjabi,0,weight_loss|light
Dal Rice 3453,lunch,509,6.8,74.8,10.7,vegetarian,maharashtrian,0,balanced|beginner
Roasted Chana 3454,snack,282,9.1,80.0,13.5,vegan,punjabi,1,balanced|beginner
Dal Rice 3455,lunch,499,8.4,59.6,12.3,vegetarian,hyderabadi,1,improve_stamina|carb_rich
Tofu Stir Fry 3456,lunch,581,10.4,24.4,23.8,vegan,maharashtrian,0,improve_stamina|carb_rich
Dal Tadka 3457,dinner,413,8.3,36.3,19.5,vegetarian,north_indian,0,balanced|beginner
Paneer Bhurji 3458,dinner,615,7.7,65.5,15.1,vegetarian,bengali,0,weight_loss|light
Vegetable Poha 3459,breakfast,354,16.7,52.2,24.8,vegetarian,mixed,0,weight_loss|light
Protein Shake 3460,snack,213,19.8,52.7,15.6,vegetarian,gujarati,1,improve_stamina|carb_rich
Fish Curry Rice 3461,lunch,420,33.8,50.0,18.4,non_vegetarian,kerala,0,muscle_gain|high_protein
Tofu Stir Fry 3462,lunch,436,17.6,50.3,4.9,vegan,south_indian,1,weight_loss|light
Protein Shake 3463,snack,219,23.6,22.0,23.9,vegetarian,mixed,0,muscle_gain|high_protein
Grilled Chicken 3464,dinner,417,17.3,71.9,24.6,non_vegetarian,punjabi,0,improve_stamina|carb_rich
Corn Chaat 3465,snack,164,11.1,22.1,13.8,vegan,bengali,1,weight_loss|light
Chicken Curry Rice 3466,lunch,536,15.0,63.2,21.6,non_vegetarian,gujarati,0,improve_stamina|carb_rich
Oats with Milk 3467,breakfast,421,6.0,32.6,16.3,vegetarian,punjabi,1,improve_stamina|carb_rich
Rajma Chawal 3468,lunch,354,17.2,53.4,19.6,vegetarian,south_indian,0,improve_stamina|carb_rich
Dal Rice 3469,lunch,685,38.1,42.8,21.7,vegetarian,gujarati,0,muscle_gain|high_protein
Fruit Bowl 3470,breakfast,195,16.7,73.3,12.5,vegan,south_indian,1,improve_stamina|carb_rich
Dal Tadka 3471,dinner,501,6.3,44.5,12.6,vegetarian,maharashtrian,0,improve_stamina|carb_rich
Roasted Chana 3472,snack,109,14.9,52.7,4.0,vegan,bengali,1,balanced|beginner
Upma 3473,breakfast,159,8.1,51.0,12.4,vegetarian,mixed,1,balanced|beginner
Tofu Curry 3474,dinner,553,7.5,79.9,13.1,vegan,north_indian,0,improve_stamina|carb_rich
Paneer Bhurji 3475,dinner,430,19.6,52.7,11.6,vegetarian,bengali,1,balanced|beginner
Dal Rice 3476,lunch,586,8.3,66.9,8.6,vegetarian,north_indian,0,balanced|beginner
Kadhi Rice 3477,lunch,563,14.8,61.7,11.0,vegetarian,maharashtrian,0,weight_loss|light
Mixed Veg Curry 3478,dinner,414,17.5,24.3,11.8,vegetarian,kerala,1,weight_loss|light
Paneer Roti 3479,lunch,467,36.3,45.1,18.5,vegetarian,rajasthani,0,muscle_gain|high_protein
Paneer Roti 3480,lunch,557,18.7,74.0,6.7,vegetarian,mixed,0,improve_stamina|carb_rich
Vegetable Soup 3481,dinner,375,10.9,66.9,14.3,vegan,rajasthani,1,balanced|beginner
Roasted Chana 3482,snack,205,20.7,57.1,23.8,vegan,mixed,0,muscle_gain|high_protein
Protein Shake 3483,snack,183,15.2,31.6,24.6,vegetarian,rajasthani,0,weight_loss|light
Fish Fry 3484,dinner,548,33.7,40.5,15.4,non_vegetarian,north_indian,0,muscle_gain|high_protein
Thepla 3485,breakfast,163,31.1,38.9,9.5,vegetarian,north_indian,1,muscle_gain|high_protein
Chicken Curry Rice 3486,lunch,602,17.7,29.3,4.7,non_vegetarian,mixed,0,balanced|beginner
Boiled Eggs 3487,snack,118,6.8,73.8,21.7,non_vegetarian,punjabi,0,improve_stamina|carb_rich
Peanut Chaat 3488,snack,117,10.3,55.5,6.9,vegetarian,hyderabadi,1,weight_loss|light
Paneer Bhurji 3489,dinner,503,10.0,75.0,10.8,vegetarian,mixed,0,weight_loss|light
Sabudana Khichdi 3490,breakfast,230,25.3,51.7,19.5,vegetarian,mixed,0,muscle_gain|high_protein
Fruit Bowl 3491,breakfast,417,43.3,53.8,24.9,vegan,maharashtrian,0,muscle_gain|high_protein
Sprouts Salad 3492,snack,171,12.4,38.7,11.8,vegan,rajasthani,1,weight_loss|light
Paneer Cubes 3493,snack,132,6.4,55.8,7.7,vegetarian,kerala,1,weight_loss|light
Tofu Stir Fry 3494,lunch,568,14.6,69.3,15.5,vegan,maharashtrian,0,improve_stamina|carb_rich
Idli Sambar 3495,breakfast,232,40.6,60.8,17.3,vegetarian,south_indian,1,muscle_gain|high_protein
Buttermilk 3496,snack,178,33.9,67.8,21.8,vegetarian,north_indian,0,muscle_gain|high_protein
Mixed Veg Curry 3497,dinner,585,6.8,36.5,5.2,vegetarian,hyderabadi,0,improve_stamina|carb_rich
Upma 3498,breakfast,343,14.7,21.0,15.2,vegetarian,kerala,1,improve_stamina|carb_rich
Paneer Roti 3499,lunch,388,9.0,53.4,15.0,vegetarian,gujarati,1,improve_stamina|carb_rich
Dal Tadka 3500,dinner,460,40.8,42.2,10.7,vegetarian,rajasthani,1,muscle_gain|high_protein
Kadhi Rice 3501,lunch,375,41.0,58.1,24.1,vegetarian,gujarati,0,muscle_gain|high_protein
Hyderabadi Biryani 3502,lunch,652,16.2,72.9,11.9,non_vegetarian,mixed,0,balanced|beginner
Dal Tadka 3503,dinner,367,36.2,52.3,6.8,vegetarian,gujarati,1,muscle_gain|high_protein
Roasted Chana 3504,snack,216,27.4,75.0,12.4,vegan,hyderabadi,1,muscle_gain|high_protein
Fruit Bowl 3505,breakfast,357,11.3,48.7,12.8,vegan,mixed,1,weight_loss|light
Paneer Cubes 3506,snack,256,12.7,66.7,6.2,vegetarian,punjabi,1,improve_stamina|carb_rich
Vegetable Soup 3507,dinner,644,6.5,74.8,12.0,vegan,north_indian,0,improve_stamina|carb_rich
Tofu Stir Fry 3508,lunch,405,16.4,38.9,10.8,vegan,maharashtrian,1,weight_loss|light
Protein Shake 3509,snack,184,18.0,48.1,22.8,vegetarian,rajasthani,0,improve_stamina|carb_rich
Mixed Veg Curry 3510,dinner,356,14.3,39.9,12.9,vegetarian,hyderabadi,1,weight_loss|light
Kadhi Rice 3511,lunch,648,12.2,67.8,8.7,vegetarian,south_indian,0,weight_loss|light
Dal Tadka 3512,dinner,608,16.0,37.4,19.4,vegetarian,bengali,0,weight_loss|light
Tofu Stir Fry 3513,lunch,664,5.1,23.4,15.1,vegan,rajasthani,0,balanced|beginner
Protein Shake 3514,snack,87,15.0,78.8,13.2,vegetarian,punjabi,1,weight_loss|light
Kadhi Rice 3515,lunch,572,41.0,25.3,18.5,vegetarian,south_indian,0,muscle_gain|high_protein
Corn Chaat 3516,snack,195,9.4,60.6,10.5,vegan,maharashtrian,1,weight_loss|light
Grilled Chicken 3517,dinner,366,17.7,75.1,16.6,non_vegetarian,south_indian,1,balanced|beginner
Vegetable Khichdi 3518,lunch,411,10.5,57.3,15.7,vegetarian,maharashtrian,1,weight_loss|light
Upma 3519,breakfast,334,32.1,77.8,10.7,vegetarian,bengali,1,muscle_gain|high_protein
Dal Rice 3520,lunch,536,5.1,29.5,7.7,vegetarian,rajasthani,0,improve_stamina|carb_rich
Grilled Chicken 3521,dinner,363,14.0,63.6,4.1,non_vegetarian,kerala,1,weight_loss|light
Upma 3522,breakfast,283,25.1,72.9,9.0,vegetarian,mixed,1,muscle_gain|high_protein
Kadhi Rice 3523,lunch,450,15.5,36.6,21.0,vegetarian,north_indian,0,weight_loss|light
Kadhi Rice 3524,lunch,433,11.3,58.0,12.7,vegetarian,south_indian,1,weight_loss|light
Tofu Curry 3525,dinner,594,15.7,70.5,14.6,vegan,bengali,0,improve_stamina|carb_rich
Buttermilk 3526,snack,160,27.9,61.7,6.3,vegetarian,kerala,1,muscle_gain|high_protein
Corn Chaat 3527,snack,157,6.2,57.2,4.2,vegan,hyderabadi,1,improve_stamina|carb_rich
Paneer Roti 3528,lunch,690,11.5,44.0,18.8,vegetarian,south_indian,0,balanced|beginner
Corn Chaat 3529,snack,230,5.4,43.9,24.0,vegan,north_indian,0,balanced|beginner
Hyderabadi Biryani 3530,lunch,392,8.9,31.5,16.2,non_vegetarian,maharashtrian,1,improve_stamina|carb_rich
Masala Omelette 3531,breakfast,274,14.0,74.1,8.5,non_vegetarian,south_indian,1,balanced|beginner
Dal Tadka 3532,dinner,561,6.2,31.6,18.6,vegetarian,gujarati,0,weight_loss|light
Sabudana Khichdi 3533,breakfast,300,10.4,58.3,21.6,vegetarian,maharashtrian,0,balanced|beginner
Upma 3534,breakfast,237,6.5,38.2,5.6,vegetarian,punjabi,1,improve_stamina|carb_rich
Peanut Chaat 3535,snack,199,19.5,37.7,6.4,vegetarian,south_indian,1,improve_stamina|carb_rich
Kadhi Rice 3536,lunch,535,12.7,32.5,6.6,vegetarian,south_indian,0,improve_stamina|carb_rich
Dal Tadka 3537,dinner,658,26.0,44.7,23.4,vegetarian,bengali,0,muscle_gain|high_protein
Rajma Chawal 3538,lunch,628,17.3,51.0,12.0,vegetarian,gujarati,0,improve_stamina|carb_rich
Rajma Chawal 3539,lunch,593,29.8,53.4,21.1,vegetarian,north_indian,0,muscle_gain|high_protein
Tofu Stir Fry 3540,lunch,353,10.7,60.7,15.9,vegan,mixed,1,weight_loss|light
Kadhi Rice 3541,lunch,446,44.8,65.7,13.2,vegetarian,gujarati,1,muscle_gain|high_protein
Paneer Cubes 3542,snack,247,9.1,51.6,17.7,vegetarian,kerala,1,balanced|beginner
Pav Bhaji 3543,lunch,444,26.5,62.9,4.0,vegetarian,gujarati,1,muscle_gain|high_protein
Fruit Bowl 3544,breakfast,450,16.5,37.4,4.9,vegan,bengali,1,improve_stamina|carb_rich
Chicken Curry Rice 3545,lunch,391,15.9,70.6,16.1,non_vegetarian,kerala,1,improve_stamina|carb_rich
Vegetable Khichdi 3546,lunch,446,43.8,69.2,18.6,vegetarian,hyderabadi,0,muscle_gain|high_protein
Hyderabadi Biryani 3547,lunch,390,14.2,31.3,23.3,non_vegetarian,north_indian,0,improve_stamina|carb_rich
Paneer Roti 3548,lunch,543,19.0,75.2,4.5,vegetarian,rajasthani,0,weight_loss|light
Roti Sabji 3549,dinner,415,19.8,38.7,23.0,vegetarian,rajasthani,0,muscle_gain|high_protein
Roasted Chana 3550,snack,126,17.6,34.2,11.4,vegan,maharashtrian,1,balanced|beginner
Paneer Sandwich 3551,breakfast,436,9.4,51.6,9.2,vegetarian,gujarati,1,balanced|beginner
Paneer Roti 3552,lunch,510,8.8,76.6,11.1,vegetarian,hyderabadi,0,weight_loss|light
Tofu Scramble 3553,breakfast,408,22.1,55.6,4.4,vegan,punjabi,1,muscle_gain|high_protein
Fish Curry Rice 3554,lunch,607,11.2,57.9,7.8,non_vegetarian,bengali,0,improve_stamina|carb_rich
Grilled Chicken 3555,dinner,580,15.6,71.2,21.2,non_vegetarian,mixed,0,balanced|beginner
Boiled Eggs 3556,snack,157,17.3,65.4,20.6,non_vegetarian,kerala,0,weight_loss|light
Sabudana Khichdi 3557,breakfast,249,15.7,67.7,6.5,vegetarian,bengali,1,improve_stamina|carb_rich
Mixed Veg Curry 3558,dinner,665,39.5,60.9,9.7,vegetarian,north_indian,0,muscle_gain|high_protein
Roasted Chana 3559,snack,257,9.2,57.3,11.8,vegan,mixed,1,weight_loss|light
Dal Rice 3560,lunch,640,36.1,57.5,13.9,vegetarian,south_indian,0,muscle_gain|high_protein
Fish Curry Rice 3561,lunch,512,29.8,76.3,3.7,non_vegetarian,hyderabadi,0,muscle_gain|high_protein
Paneer Roti 3562,lunch,568,11.2,35.8,8.3,vegetarian,south_indian,0,balanced|beginner
Paneer Roti 3563,lunch,678,12.1,62.0,6.3,vegetarian,kerala,0,balanced|beginner
Pav Bhaji 3564,lunch,518,19.1,28.9,15.8,vegetarian,mixed,0,improve_stamina|carb_rich
Upma 3565,breakfast,245,44.6,48.3,13.0,vegetarian,rajasthani,1,muscle_gain|high_protein
Mixed Veg Curry 3566,dinner,631,9.0,24.6,18.1,vegetarian,rajasthani,0,weight_loss|light
Dal Rice 3567,lunch,462,16.7,62.6,23.8,vegetarian,rajasthani,0,weight_loss|light
Peanut Chaat 3568,snack,268,9.8,48.2,4.2,vegetarian,mixed,1,improve_stamina|carb_rich
Paneer Roti 3569,lunch,375,14.4,60.4,12.6,vegetarian,south_indian,1,balanced|beginner
Kadhi Rice 3570,lunch,530,16.7,64.6,17.7,vegetarian,maharashtrian,0,balanced|beginner
Masala Omelette 3571,breakfast,430,8.9,38.3,11.7,non_vegetarian,gujarati,1,weight_loss|light
Corn Chaat 3572,snack,158,41.2,22.3,6.2,vegan,maharashtrian,1,muscle_gain|high_protein
Vegetable Khichdi 3573,lunch,423,17.6,68.5,19.9,vegetarian,rajasthani,0,balanced|beginner
Paneer Roti 3574,lunch,551,11.4,54.0,16.3,vegetarian,gujarati,0,balanced|beginner
Hyderabadi Biryani 3575,lunch,645,44.4,73.1,15.7,non_vegetarian,north_indian,0,muscle_gain|high_protein
Roti Sabji 3576,dinner,625,22.2,72.7,12.6,vegetarian,kerala,0,muscle_gain|high_protein
Dal Rice 3577,lunch,613,17.0,66.3,15.1,vegetarian,north_indian,0,balanced|beginner
Fruit Bowl 3578,breakfast,271,7.2,23.0,4.1,vegan,north_indian,1,improve_stamina|carb_rich
Dal Rice 3579,lunch,665,12.6,67.0,23.7,vegetarian,punjabi,0,improve_stamina|carb_rich
Tofu Stir Fry 3580,lunch,694,30.5,54.6,15.8,vegan,north_indian,0,muscle_gain|high_protein
Roasted Chana 3581,snack,129,17.3,39.7,15.3,vegan,kerala,1,weight_loss|light
Fish Fry 3582,dinner,405,14.3,21.1,17.7,non_vegetarian,north_indian,1,weight_loss|light
Tofu Curry 3583,dinner,532,7.5,53.3,9.0,vegan,bengali,0,balanced|beginner
Paneer Sandwich 3584,breakfast,300,43.6,57.9,13.9,vegetarian,south_indian,1,muscle_gain|high_protein
Roti Sabji 3585,dinner,387,13.2,38.3,19.4,vegetarian,rajasthani,0,weight_loss|light
Masala Omelette 3586,breakfast,256,5.1,31.2,19.0,non_vegetarian,kerala,0,balanced|beginner
Roti Sabji 3587,dinner,651,14.2,75.6,14.5,vegetarian,rajasthani,0,improve_stamina|carb_rich
Egg Curry 3588,dinner,570,30.3,24.3,13.3,non_vegetarian,north_indian,0,muscle_gain|high_protein
Upma 3589,breakfast,230,6.1,37.4,13.4,vegetarian,mixed,1,weight_loss|light
Vegetable Soup 3590,dinner,694,14.4,59.7,19.7,vegan,rajasthani,0,weight_loss|light
Mixed Veg Curry 3591,dinner,482,12.9,76.6,3.5,vegetarian,hyderabadi,1,weight_loss|light
Rajma Chawal 3592,lunch,433,19.5,56.8,3.2,vegetarian,bengali,1,muscle_gain|high_protein
Fish Curry Rice 3593,lunch,584,31.5,78.6,6.3,non_vegetarian,punjabi,0,muscle_gain|high_protein
Upma 3594,breakfast,184,38.4,63.6,9.1,vegetarian,gujarati,1,muscle_gain|high_protein
Sprouts Salad 3595,snack,145,5.9,61.2,8.5,vegan,gujarati,1,improve_stamina|carb_rich
Dal Rice 3596,lunch,626,16.5,39.5,12.4,vegetarian,hyderabadi,0,weight_loss|light
Rajma Chawal 3597,lunch,495,13.7,66.2,7.9,vegetarian,rajasthani,1,weight_loss|light
Hyderabadi Biryani 3598,lunch,579,7.9,29.0,14.4,non_vegetarian,rajasthani,0,weight_loss|light
Vegetable Khichdi 3599,lunch,524,34.2,73.0,11.3,vegetarian,south_indian,0,muscle_gain|high_protein
Vegetable Khichdi 3600,lunch,599,37.6,70.6,7.6,vegetarian,rajasthani,0,muscle_gain|high_protein
Rajma Chawal 3601,lunch,662,35.7,53.0,5.1,vegetarian,north_indian,0,muscle_gain|high_protein
Sprouts Salad 3602,snack,127,10.8,37.1,21.8,vegan,hyderabadi,0,balanced|beginner
Fish Curry Rice 3603,lunch,365,5.5,61.9,18.5,non_vegetarian,punjabi,0,improve_stamina|carb_rich
Hyderabadi Biryani 3604,lunch,621,16.7,58.2,6.6,non_vegetarian,bengali,0,improve_stamina|carb_rich
Hyderabadi Biryani 3605,lunch,585,6.6,73.5,23.2,non_vegetarian,south_indian,0,balanced|beginner
Sprouts Salad 3606,snack,164,10.2,49.0,15.2,vegan,mixed,1,weight_loss|light
Pav Bhaji 3607,lunch,697,25.5,36.1,5.7,vegetarian,south_indian,0,muscle_gain|high_protein
Paneer Sandwich 3608,breakfast,189,17.1,46.3,20.3,vegetarian,kerala,0,balanced|beginner
Boiled Eggs 3609,snack,121,16.3,59.6,19.8,non_vegetarian,hyderabadi,0,weight_loss|light
Masala Omelette 3610,breakfast,172,11.3,78.3,6.2,non_vegetarian,kerala,1,weight_loss|light
Paneer Cubes 3611,snack,267,29.5,60.3,12.6,vegetarian,south_indian,1,muscle_gain|high_protein
Buttermilk 3612,snack,188,10.6,36.7,5.3,vegetarian,hyderabadi,1,balanced|beginner
Sabudana Khichdi 3613,breakfast,204,31.5,29.0,21.6,vegetarian,mixed,0,muscle_gain|high_protein
Grilled Chicken 3614,dinner,394,19.7,74.7,22.8,non_vegetarian,mixed,0,weight_loss|light
Vegetable Soup 3615,dinner,642,42.7,24.4,9.5,vegan,north_indian,0,muscle_gain|high_protein
Chicken Curry Rice 3616,lunch,601,27.0,25.5,14.4,non_vegetarian,north_indian,0,muscle_gain|high_protein
Rajma Chawal 3617,lunch,410,13.9,46.8,23.9,vegetarian,maharashtrian,0,improve_stamina|carb_rich
Dal Rice 3618,lunch,478,9.7,44.2,18.8,vegetarian,maharashtrian,0,improve_stamina|carb_rich
Grilled Chicken 3619,dinner,605,17.0,60.5,9.6,non_vegetarian,hyderabadi,0,balanced|beginner
Tofu Scramble 3620,breakfast,254,14.1,31.8,19.3,vegan,bengali,0,weight_loss|light
Chicken Curry Rice 3621,lunch,555,35.4,79.3,12.9,non_vegetarian,hyderabadi,0,muscle_gain|high_protein
Vegetable Khichdi 3622,lunch,631,43.4,37.3,16.3,vegetarian,rajasthani,0,muscle_gain|high_protein
Paneer Sandwich 3623,breakfast,302,36.2,39.5,7.3,vegetarian,punjabi,1,muscle_gain|high_protein
Dal Tadka 3624,dinner,405,5.9,55.0,11.4,vegetarian,kerala,1,balanced|beginner
Tofu Curry 3625,dinner,672,25.3,42.3,14.5,vegan,hyderabadi,0,muscle_gain|high_protein
Vegetable Khichdi 3626,lunch,365,7.2,69.4,12.4,vegetarian,north_indian,1,balanced|beginner
Corn Chaat 3627,snack,295,12.8,56.8,3.4,vegan,south_indian,1,weight_loss|light
Oats with Milk 3628,breakfast,334,19.6,23.1,6.2,vegetarian,kerala,1,improve_stamina|carb_rich
Rajma Chawal 3629,lunch,658,25.9,46.0,23.7,vegetarian,mixed,0,muscle_gain|high_protein
Pav Bhaji 3630,lunch,682,9.4,75.9,5.7,vegetarian,kerala,0,balanced|beginner
Paneer Cubes 3631,snack,181,13.0,65.8,5.4,vegetarian,bengali,1,improve_stamina|carb_rich
Sabudana Khichdi 3632,breakfast,402,19.4,26.3,11.2,vegetarian,punjabi,1,balanced|beginner
Rajma Chawal 3633,lunch,378,7.9,25.1,18.8,vegetarian,maharashtrian,0,weight_loss|light
Tofu Scramble 3634,breakfast,349,9.5,54.1,21.9,vegan,rajasthani,0,improve_stamina|carb_rich
Tofu Curry 3635,dinner,601,5.1,26.2,11.4,vegan,punjabi,0,balanced|beginner
Roti Sabji 3636,dinner,433,17.6,57.7,8.6,vegetarian,mixed,1,balanced|beginner
Tofu Curry 3637,dinner,551,19.7,70.1,14.2,vegan,south_indian,0,improve_stamina|carb_rich
Chicken Curry Rice 3638,lunch,674,7.6,32.0,7.1,non_vegetarian,rajasthani,0,weight_loss|light
Corn Chaat 3639,snack,198,13.9,39.0,14.3,vegan,hyderabadi,1,weight_loss|light
Kadhi Rice 3640,lunch,391,15.4,41.1,10.4,vegetarian,bengali,1,improve_stamina|carb_rich
Mixed Veg Curry 3641,dinner,534,8.8,72.4,18.8,vegetarian,maharashtrian,0,balanced|beginner
Upma 3642,breakfast,253,14.3,39.4,10.4,vegetarian,rajasthani,1,weight_loss|light
Masala Omelette 3643,breakfast,168,5.9,70.9,22.8,non_vegetarian,kerala,0,improve_stamina|carb_rich
Upma 3644,breakfast,416,10.1,46.7,10.7,vegetarian,maharashtrian,1,improve_stamina|carb_rich
Roasted Chana 3645,snack,162,16.0,38.2,23.9,vegan,north_indian,0,weight_loss|light
Mixed Veg Curry 3646,dinner,435,11.1,78.0,23.5,vegetarian,gujarati,0,weight_loss|light
Hyderabadi Biryani 3647,lunch,544,27.6,57.0,12.6,non_vegetarian,gujarati,0,muscle_gain|high_protein
Tofu Curry 3648,dinner,365,19.4,42.2,20.4,vegan,kerala,0,weight_loss|light
Mixed Veg Curry 3649,dinner,647,13.0,37.1,6.1,vegetarian,maharashtrian,0,improve_stamina|carb_rich
Hyderabadi Biryani 3650,lunch,496,12.8,68.2,13.6,non_vegetarian,gujarati,1,balanced|beginner
Fruit Bowl 3651,breakfast,178,15.0,51.8,19.7,vegan,bengali,0,balanced|beginner
Tofu Scramble 3652,breakfast,393,24.6,67.3,19.6,vegan,hyderabadi,0,muscle_gain|high_protein
Vegetable Poha 3653,breakfast,160,18.2,75.1,11.5,vegetarian,gujarati,1,balanced|beginner
Protein Shake 3654,snack,92,13.2,67.8,9.1,vegetarian,kerala,1,weight_loss|light
Egg Curry 3655,dinner,353,12.8,46.4,7.6,non_vegetarian,punjabi,1,weight_loss|light
Sabudana Khichdi 3656,breakfast,270,10.6,33.0,18.5,vegetarian,maharashtrian,0,improve_stamina|carb_rich
Roasted Chana 3657,snack,283,9.7,48.0,18.9,vegan,south_indian,0,improve_stamina|carb_rich
Grilled Chicken 3658,dinner,479,18.1,47.2,6.5,non_vegetarian,north_indian,1,weight_loss|light
Grilled Chicken 3659,dinner,696,12.5,54.6,8.3,non_vegetarian,kerala,0,weight_loss|light
Thepla 3660,breakfast,320,17.4,58.7,11.2,vegetarian,mixed,1,improve_stamina|carb_rich
Peanut Chaat 3661,snack,215,19.4,57.4,15.2,vegetarian,punjabi,1,improve_stamina|carb_rich
Egg Curry 3662,dinner,561,7.1,67.8,5.9,non_vegetarian,kerala,0,weight_loss|light
Dal Tadka 3663,dinner,687,14.3,28.7,14.3,vegetarian,south_indian,0,balanced|beginner
Mixed Veg Curry 3664,dinner,448,21.6,35.1,16.2,vegetarian,gujarati,1,muscle_gain|high_protein
Tofu Stir Fry 3665,lunch,535,16.1,42.4,5.4,vegan,bengali,0,weight_loss|light
Fish Fry 3666,dinner,636,6.3,74.6,21.7,non_vegetarian,mixed,0,weight_loss|light
Peanut Chaat 3667,snack,126,20.5,51.3,10.5,vegetarian,north_indian,1,muscle_gain|high_protein
Fish Fry 3668,dinner,460,36.9,43.5,19.4,non_vegetarian,rajasthani,0,muscle_gain|high_protein
Tofu Curry 3669,dinner,587,9.4,53.0,12.8,vegan,south_indian,0,improve_stamina|carb_rich
Tofu Scramble 3670,breakfast,182,15.5,44.4,19.5,vegan,hyderabadi,0,balanced|beginner
Fish Fry 3671,dinner,592,15.5,35.5,7.2,non_vegetarian,south_indian,0,weight_loss|light
Tofu Stir Fry 3672,lunch,610,14.0,28.2,9.7,vegan,punjabi,0,balanced|beginner
Grilled Chicken 3673,dinner,535,13.2,76.8,9.2,non_vegetarian,rajasthani,0,improve_stamina|carb_rich
Paneer Sandwich 3674,breakfast,419,14.7,25.0,22.0,vegetarian,gujarati,0,weight_loss|light
Fruit Bowl 3675,breakfast,406,5.5,56.6,23.7,vegan,punjabi,0,balanced|beginner
Tofu Stir Fry 3676,lunch,393,16.5,50.6,5.9,vegan,hyderabadi,1,weight_loss|light
Tofu Scramble 3677,breakfast,443,40.4,49.6,18.4,vegan,hyderabadi,0,muscle_gain|high_protein
Kadhi Rice 3678,lunch,570,18.6,45.4,18.3,vegetarian,south_indian,0,improve_stamina|carb_rich
Idli Sambar 3679,breakfast,174,43.8,27.7,20.4,vegetarian,kerala,0,muscle_gain|high_protein
Boiled Eggs 3680,snack,237,17.5,37.9,4.3,non_vegetarian,mixed,1,improve_stamina|carb_rich
Rajma Chawal 3681,lunch,545,7.5,60.3,21.3,vegetarian,maharashtrian,0,weight_loss|light
Paneer Bhurji 3682,dinner,494,13.8,45.3,13.1,vegetarian,punjabi,1,balanced|beginner
Protein Shake 3683,snack,162,17.9,70.4,20.3,vegetarian,rajasthani,0,balanced|beginner
Fruit Bowl 3684,breakfast,418,22.8,78.4,8.7,vegan,rajasthani,1,muscle_gain|high_protein
Idli Sambar 3685,breakfast,235,40.1,60.9,7.3,vegetarian,maharashtrian,1,muscle_gain|high_protein
Sabudana Khichdi 3686,breakfast,317,13.2,74.4,24.8,vegetarian,south_indian,0,balanced|beginner
Masala Omelette 3687,breakfast,349,9.0,69.1,4.4,non_vegetarian,south_indian,1,improve_stamina|carb_rich
Sprouts Salad 3688,snack,269,12.8,24.4,15.7,vegan,maharashtrian,1,balanced|beginner
Roti Sabji 3689,dinner,438,13.7,30.8,14.8,vegetarian,north_indian,1,weight_loss|light
Paneer Bhurji 3690,dinner,561,14.1,65.8,23.2,vegetarian,gujarati,0,weight_loss|light
Dal Rice 3691,lunch,588,8.8,76.4,7.9,vegetarian,hyderabadi,0,balanced|beginner
Pav Bhaji 3692,lunch,511,12.5,44.5,16.6,vegetarian,hyderabadi,0,balanced|beginner
Fish Curry Rice 3693,lunch,613,25.6,49.8,7.6,non_vegetarian,mixed,0,muscle_gain|high_protein
Thepla 3694,breakfast,321,11.7,35.9,11.1,vegetarian,rajasthani,1,balanced|beginner
Thepla 3695,breakfast,220,13.1,40.5,24.6,vegetarian,maharashtrian,0,weight_loss|light
Masala Omelette 3696,breakfast,294,7.5,68.6,24.8,non_vegetarian,gujarati,0,balanced|beginner
Vegetable Soup 3697,dinner,444,5.1,59.2,12.1,vegan,hyderabadi,1,weight_loss|light
Sabudana Khichdi 3698,breakfast,244,23.1,58.2,19.8,vegetarian,maharashtrian,0,muscle_gain|high_protein
Kadhi Rice 3699,lunch,396,15.8,20.5,4.3,vegetarian,mixed,1,balanced|beginner
Roasted Chana 3700,snack,248,34.0,56.4,3.1,vegan,bengali,1,muscle_gain|high_protein
Vegetable Khichdi 3701,lunch,490,18.8,78.0,21.2,vegetarian,south_indian,0,weight_loss|light
Boiled Eggs 3702,snack,175,36.2,33.8,7.6,non_vegetarian,gujarati,1,muscle_gain|high_protein
Mixed Veg Curry 3703,dinner,549,5.7,39.9,13.0,vegetarian,bengali,0,weight_loss|light
Paneer Sandwich 3704,breakfast,295,18.0,26.1,14.5,vegetarian,kerala,1,weight_loss|light
Upma 3705,breakfast,363,17.2,33.6,23.2,vegetarian,mixed,0,weight_loss|light
Masala Omelette 3706,breakfast,320,36.7,20.9,22.2,non_vegetarian,rajasthani,0,muscle_gain|high_protein
Roasted Chana 3707,snack,240,14.3,39.8,8.9,vegan,bengali,1,balanced|beginner
Paneer Roti 3708,lunch,380,8.4,39.6,24.4,vegetarian,south_indian,0,balanced|beginner
Protein Shake 3709,snack,201,10.5,30.5,12.1,vegetarian,gujarati,1,weight_loss|light
Paneer Bhurji 3710,dinner,468,8.4,25.0,4.5,vegetarian,mixed,1,weight_loss|light
Pav Bhaji 3711,lunch,595,8.6,25.8,15.9,vegetarian,hyderabadi,0,improve_stamina|carb_rich
Rajma Chawal 3712,lunch,530,7.6,52.5,12.3,vegetarian,rajasthani,0,improve_stamina|carb_rich
Paneer Roti 3713,lunch,389,15.4,62.5,21.8,vegetarian,maharashtrian,0,improve_stamina|carb_rich
Idli Sambar 3714,breakfast,177,38.5,25.1,13.0,vegetarian,rajasthani,1,muscle_gain|high_protein
Vegetable Soup 3715,dinner,515,44.2,48.5,17.7,vegan,bengali,0,muscle_gain|high_protein
Upma 3716,breakfast,428,15.5,22.3,12.7,vegetarian,maharashtrian,1,weight_loss|light
Rajma Chawal 3717,lunch,588,30.6,40.9,21.0,vegetarian,hyderabadi,0,muscle_gain|high_protein
Pav Bhaji 3718,lunch,564,39.3,53.3,17.4,vegetarian,kerala,0,muscle_gain|high_protein
Grilled Chicken 3719,dinner,655,11.6,39.2,23.8,non_vegetarian,mixed,0,improve_stamina|carb_rich
Tofu Stir Fry 3720,lunch,402,43.7,44.1,7.2,vegan,maharashtrian,1,muscle_gain|high_protein
Buttermilk 3721,snack,232,5.6,32.9,6.7,vegetarian,kerala,1,balanced|beginner
Fish Fry 3722,dinner,582,17.8,56.6,15.2,non_vegetarian,punjabi,0,balanced|beginner
Dal Tadka 3723,dinner,689,5.3,20.3,9.2,vegetarian,mixed,0,weight_loss|light
Sabudana Khichdi 3724,breakfast,333,5.5,24.1,21.2,vegetarian,rajasthani,0,balanced|beginner
Peanut Chaat 3725,snack,286,11.7,79.8,5.0,vegetarian,rajasthani,1,balanced|beginner
Paneer Sandwich 3726,breakfast,412,15.7,71.6,5.3,vegetarian,kerala,1,weight_loss|light
Fish Curry Rice 3727,lunch,376,10.6,74.9,20.1,non_vegetarian,maharashtrian,0,balanced|beginner
Paneer Roti 3728,lunch,541,18.9,79.2,7.8,vegetarian,south_indian,0,balanced|beginner
Masala Omelette 3729,breakfast,437,17.7,70.4,6.3,non_vegetarian,north_indian,1,balanced|beginner
Thepla 3730,breakfast,325,16.3,48.3,5.8,vegetarian,kerala,1,balanced|beginner
Paneer Sandwich 3731,breakfast,437,12.0,40.4,10.6,vegetarian,hyderabadi,1,improve_stamina|carb_rich
Thepla 3732,breakfast,159,9.6,31.9,4.5,vegetarian,bengali,1,improve_stamina|carb_rich
Sabudana Khichdi 3733,breakfast,314,19.7,53.0,22.8,vegetarian,kerala,0,weight_loss|light
Sabudana Khichdi 3734,breakfast,424,39.0,50.7,24.0,vegetarian,kerala,0,muscle_gain|high_protein
Roasted Chana 3735,snack,216,6.7,31.4,16.1,vegan,kerala,1,improve_stamina|carb_rich
Fruit Bowl 3736,breakfast,388,8.8,64.5,7.3,vegan,rajasthani,1,improve_stamina|carb_rich
Vegetable Soup 3737,dinner,517,18.5,31.8,21.9,vegan,maharashtrian,0,balanced|beginner
Sprouts Salad 3738,snack,80,7.6,20.6,11.5,vegan,maharashtrian,1,weight_loss|light
Oats with Milk 3739,breakfast,274,17.2,23.4,9.2,vegetarian,gujarati,1,weight_loss|light
Fish Curry Rice 3740,lunch,479,9.2,63.8,18.6,non_vegetarian,north_indian,0,weight_loss|light
Tofu Stir Fry 3741,lunch,381,11.9,27.0,20.5,vegan,mixed,0,improve_stamina|carb_rich
Sabudana Khichdi 3742,breakfast,307,34.1,23.5,24.3,vegetarian,punjabi,0,muscle_gain|high_protein
Grilled Chicken 3743,dinner,423,10.7,47.0,18.8,non_vegetarian,kerala,0,weight_loss|light
Sprouts Salad 3744,snack,198,20.2,44.1,3.7,vegan,maharashtrian,1,muscle_gain|high_protein
Dal Tadka 3745,dinner,474,42.0,69.9,12.2,vegetarian,north_indian,1,muscle_gain|high_protein
Hyderabadi Biryani 3746,lunch,668,12.0,29.1,3.2,non_vegetarian,north_indian,0,balanced|beginner
Tofu Stir Fry 3747,lunch,455,16.5,38.7,21.4,vegan,north_indian,0,balanced|beginner
Mixed Veg Curry 3748,dinner,467,11.6,64.2,13.0,vegetarian,bengali,1,improve_stamina|carb_rich
Peanut Chaat 3749,snack,95,11.6,78.9,5.9,vegetarian,punjabi,1,weight_loss|light
Sprouts Salad 3750,snack,150,16.7,57.7,14.4,vegan,mixed,1,improve_stamina|carb_rich
Oats with Milk 3751,breakfast,158,39.1,54.2,18.9,vegetarian,gujarati,0,muscle_gain|high_protein
Buttermilk 3752,snack,104,12.1,78.0,13.4,vegetarian,mixed,1,improve_stamina|carb_rich
Dal Tadka 3753,dinner,550,14.1,78.4,15.4,vegetarian,gujarati,0,improve_stamina|carb_rich
Boiled Eggs 3754,snack,136,44.6,74.3,9.9,non_vegetarian,punjabi,1,muscle_gain|high_protein
Vegetable Khichdi 3755,lunch,462,29.2,27.6,11.8,vegetarian,gujarati,1,muscle_gain|high_protein
Vegetable Poha 3756,breakfast,394,19.4,53.6,5.5,vegetarian,bengali,1,weight_loss|light
Dal Rice 3757,lunch,389,15.8,29.3,13.3,vegetarian,rajasthani,1,balanced|beginner
Tofu Curry 3758,dinner,673,14.8,51.1,8.6,vegan,punjabi,0,balanced|beginner
Fish Curry Rice 3759,lunch,364,12.1,28.0,13.1,non_vegetarian,kerala,1,balanced|beginner
Vegetable Soup 3760,dinner,618,18.7,68.0,14.8,vegan,gujarati,0,improve_stamina|carb_rich
Rajma Chawal 3761,lunch,555,23.9,35.6,13.2,vegetarian,south_indian,0,muscle_gain|high_protein
Tofu Scramble 3762,breakfast,361,18.1,47.7,21.5,vegan,kerala,0,improve_stamina|carb_rich
Paneer Sandwich 3763,breakfast,368,10.6,70.8,14.9,vegetarian,hyderabadi,1,balanced|beginner
Upma 3764,breakfast,230,7.4,63.1,16.6,vegetarian,rajasthani,1,improve_stamina|carb_rich
Vegetable Soup 3765,dinner,463,40.9,56.0,10.1,vegan,punjabi,1,muscle_gain|high_protein
Tofu Stir Fry 3766,lunch,494,19.9,21.7,13.2,vegan,maharashtrian,1,balanced|beginner
Tofu Curry 3767,dinner,575,9.6,46.2,21.9,vegan,south_indian,0,weight_loss|light
Vegetable Khichdi 3768,lunch,573,16.8,36.5,4.0,vegetarian,north_indian,0,weight_loss|light
Fruit Bowl 3769,breakfast,251,27.9,31.8,7.6,vegan,maharashtrian,1,muscle_gain|high_protein
Thepla 3770,breakfast,234,24.9,73.8,14.3,vegetarian,mixed,1,muscle_gain|high_protein
Peanut Chaat 3771,snack,90,9.1,33.1,24.2,vegetarian,north_indian,0,weight_loss|light
Chicken Curry Rice 3772,lunch,492,5.4,59.0,19.6,non_vegetarian,bengali,0,improve_stamina|carb_rich
Idli Sambar 3773,breakfast,348,9.5,34.6,11.3,vegetarian,punjabi,1,weight_loss|light
Idli Sambar 3774,breakfast,380,16.1,66.5,9.0,vegetarian,bengali,1,improve_stamina|carb_rich
Hyderabadi Biryani 3775,lunch,562,8.1,23.8,6.0,non_vegetarian,gujarati,0,weight_loss|light
Dal Tadka 3776,dinner,436,17.6,79.9,13.8,vegetarian,hyderabadi,1,weight_loss|light
Vegetable Soup 3777,dinner,622,9.5,23.3,18.5,vegan,mixed,0,weight_loss|light
Roasted Chana 3778,snack,275,19.5,54.7,3.8,vegan,rajasthani,1,weight_loss|light
Protein Shake 3779,snack,106,11.1,65.9,18.8,vegetarian,maharashtrian,0,balanced|beginner
Boiled Eggs 3780,snack,237,20.3,69.3,7.3,non_vegetarian,maharashtrian,1,muscle_gain|high_protein
Tofu Scramble 3781,breakfast,414,17.3,71.7,12.6,vegan,south_indian,1,balanced|beginner
Upma 3782,breakfast,411,14.0,39.9,8.4,vegetarian,hyderabadi,1,improve_stamina|carb_rich
Grilled Chicken 3783,dinner,671,8.2,33.7,24.4,non_vegetarian,rajasthani,0,improve_stamina|carb_rich
Roasted Chana 3784,snack,204,17.1,38.7,7.5,vegan,maharashtrian,1,weight_loss|light
Dal Tadka 3785,dinner,402,34.9,55.4,8.6,vegetarian,mixed,1,muscle_gain|high_protein
Peanut Chaat 3786,snack,153,9.9,63.9,3.9,vegetarian,maharashtrian,1,improve_stamina|carb_rich
Mixed Veg Curry 3787,dinner,380,22.9,48.9,20.9,vegetarian,kerala,0,muscle_gain|high_protein
Dal Tadka 3788,dinner,654,10.5,77.0,20.2,vegetarian,punjabi,0,improve_stamina|carb_rich
Fish Fry 3789,dinner,674,15.0,60.4,12.0,non_vegetarian,hyderabadi,0,weight_loss|light
Tofu Stir Fry 3790,lunch,568,16.5,65.8,3.7,vegan,rajasthani,0,weight_loss|light
Mixed Veg Curry 3791,dinner,485,9.7,26.1,23.0,vegetarian,maharashtrian,0,weight_loss|light
Mixed Veg Curry 3792,dinner,416,12.5,38.8,8.1,vegetarian,north_indian,1,balanced|beginner
Pav Bhaji 3793,lunch,367,16.8,64.8,10.9,vegetarian,gujarati,1,improve_stamina|carb_rich
Vegetable Khichdi 3794,lunch,484,37.9,61.9,23.3,vegetarian,south_indian,0,muscle_gain|high_protein
Dal Tadka 3795,dinner,620,5.2,42.0,9.2,vegetarian,gujarati,0,balanced|beginner
Paneer Roti 3796,lunch,410,27.7,67.2,15.3,vegetarian,maharashtrian,1,muscle_gain|high_protein
Vegetable Poha 3797,breakfast,292,6.3,52.8,3.4,vegetarian,rajasthani,1,improve_stamina|carb_rich
Vegetable Soup 3798,dinner,469,33.2,51.8,23.6,vegan,kerala,0,muscle_gain|high_protein
Fish Fry 3799,dinner,601,15.5,75.5,6.7,non_vegetarian,rajasthani,0,balanced|beginner
Sprouts Salad 3800,snack,259,13.5,45.3,18.1,vegan,gujarati,0,improve_stamina|carb_rich
Mixed Veg Curry 3801,dinner,517,8.2,38.6,4.8,vegetarian,bengali,0,balanced|beginner
Kadhi Rice 3802,lunch,475,32.4,42.6,19.0,vegetarian,hyderabadi,0,muscle_gain|high_protein
Sprouts Salad 3803,snack,271,8.1,71.0,16.1,vegan,bengali,1,balanced|beginner
Fruit Bowl 3804,breakfast,245,42.6,41.4,10.4,vegan,hyderabadi,1,muscle_gain|high_protein
Tofu Scramble 3805,breakfast,194,19.0,34.9,5.2,vegan,hyderabadi,1,balanced|beginner
Corn Chaat 3806,snack,171,7.8,22.3,9.3,vegan,north_indian,1,improve_stamina|carb_rich
Boiled Eggs 3807,snack,101,8.0,59.5,17.0,non_vegetarian,bengali,1,weight_loss|light
Buttermilk 3808,snack,282,7.8,28.6,8.7,vegetarian,punjabi,1,weight_loss|light
Paneer Bhurji 3809,dinner,552,18.1,36.8,17.1,vegetarian,bengali,0,weight_loss|light
Grilled Chicken 3810,dinner,534,11.1,68.8,3.6,non_vegetarian,maharashtrian,0,improve_stamina|carb_rich
Vegetable Poha 3811,breakfast,240,14.0,67.5,14.7,vegetarian,gujarati,1,weight_loss|light
Chicken Curry Rice 3812,lunch,492,22.9,34.3,11.5,non_vegetarian,maharashtrian,1,muscle_gain|high_protein
Protein Shake 3813,snack,92,7.6,31.9,17.7,vegetarian,south_indian,1,balanced|beginner
Masala Omelette 3814,breakfast,387,17.4,41.0,23.9,non_vegetarian,gujarati,0,weight_loss|light
Hyderabadi Biryani 3815,lunch,685,38.5,27.0,13.5,non_vegetarian,gujarati,0,muscle_gain|high_protein
Oats with Milk 3816,breakfast,208,8.0,54.8,7.5,vegetarian,gujarati,1,weight_loss|light
Vegetable Poha 3817,breakfast,269,13.8,56.9,18.9,vegetarian,mixed,0,balanced|beginner
Boiled Eggs 3818,snack,261,32.4,66.5,18.1,non_vegetarian,south_indian,0,muscle_gain|high_protein
Paneer Cubes 3819,snack,234,7.1,59.8,21.5,vegetarian,south_indian,0,improve_stamina|carb_rich
Peanut Chaat 3820,snack,198,14.3,22.9,14.4,vegetarian,gujarati,1,balanced|beginner
Fish Curry Rice 3821,lunch,441,12.8,76.2,18.3,non_vegetarian,punjabi,0,weight_loss|light
Vegetable Poha 3822,breakfast,210,19.2,72.4,14.7,vegetarian,kerala,1,weight_loss|light
Paneer Roti 3823,lunch,474,34.9,29.5,7.6,vegetarian,gujarati,1,muscle_gain|high_protein
Fish Curry Rice 3824,lunch,603,19.7,51.4,9.1,non_vegetarian,maharashtrian,0,improve_stamina|carb_rich
Dal Tadka 3825,dinner,368,21.2,68.3,21.5,vegetarian,kerala,0,muscle_gain|high_protein
Chicken Curry Rice 3826,lunch,353,12.2,41.4,12.6,non_vegetarian,south_indian,1,weight_loss|light
Oats with Milk 3827,breakfast,206,19.9,49.6,17.3,vegetarian,south_indian,1,improve_stamina|carb_rich
Vegetable Poha 3828,breakfast,263,6.2,34.0,23.7,vegetarian,bengali,0,balanced|beginner
Tofu Stir Fry 3829,lunch,522,16.7,56.4,7.8,vegan,punjabi,0,balanced|beginner
Boiled Eggs 3830,snack,162,11.5,76.1,19.8,non_vegetarian,rajasthani,0,improve_stamina|carb_rich
Vegetable Soup 3831,dinner,613,5.1,54.2,10.0,vegan,south_indian,0,weight_loss|light
Paneer Cubes 3832,snack,229,21.5,47.9,3.8,vegetarian,bengali,1,muscle_gain|high_protein
Vegetable Poha 3833,breakfast,324,20.8,21.8,10.7,vegetarian,bengali,1,muscle_gain|high_protein
Dal Tadka 3834,dinner,423,18.3,35.8,4.1,vegetarian,maharashtrian,1,balanced|beginner
Vegetable Khichdi 3835,lunch,631,10.7,67.9,14.3,vegetarian,punjabi,0,balanced|beginner
Kadhi Rice 3836,lunch,387,6.4,64.7,6.7,vegetarian,north_indian,1,improve_stamina|carb_rich
Sprouts Salad 3837,snack,252,12.8,31.5,3.9,vegan,mixed,1,improve_stamina|carb_rich
Mixed Veg Curry 3838,dinner,384,31.4,47.7,24.4,vegetarian,south_indian,0,muscle_gain|high_protein
Paneer Cubes 3839,snack,277,17.1,37.1,6.6,vegetarian,mixed,1,weight_loss|light
Fish Fry 3840,dinner,554,10.9,79.8,7.9,non_vegetarian,mixed,0,balanced|beginner
Thepla 3841,breakfast,392,31.6,41.6,15.7,vegetarian,mixed,1,muscle_gain|high_protein
Pav Bhaji 3842,lunch,582,25.7,51.8,7.6,vegetarian,punjabi,0,muscle_gain|high_protein
Sabudana Khichdi 3843,breakfast,323,17.9,75.0,3.1,vegetarian,south_indian,1,improve_stamina|carb_rich
Fruit Salad 3844,snack,247,13.6,61.3,21.6,vegan,gujarati,0,balanced|beginner
Dal Rice 3845,lunch,444,5.2,75.8,21.2,vegetarian,maharashtrian,0,improve_stamina|carb_rich
Roti Sabji 3846,dinner,386,5.4,61.5,9.8,vegetarian,maharashtrian,1,balanced|beginner
Corn Chaat 3847,snack,207,17.8,71.2,24.7,vegan,mixed,0,weight_loss|light
Mixed Veg Curry 3848,dinner,531,14.2,62.9,11.4,vegetarian,maharashtrian,0,weight_loss|light
Paneer Roti 3849,lunch,527,6.4,77.4,15.1,vegetarian,bengali,0,balanced|beginner
Protein Shake 3850,snack,268,15.6,48.0,3.1,vegetarian,maharashtrian,1,balanced|beginner
Protein Shake 3851,snack,163,14.7,44.1,18.6,vegetarian,maharashtrian,0,improve_stamina|carb_rich
Paneer Cubes 3852,snack,235,6.3,29.8,11.2,vegetarian,punjabi,1,improve_stamina|carb_rich
Vegetable Khichdi 3853,lunch,623,42.2,76.6,5.3,vegetarian,gujarati,0,muscle_gain|high_protein
Grilled Chicken 3854,dinner,629,11.2,77.3,7.1,non_vegetarian,gujarati,0,improve_stamina|carb_rich
Oats with Milk 3855,breakfast,402,6.2,42.8,14.7,vegetarian,gujarati,1,balanced|beginner
Paneer Roti 3856,lunch,420,10.9,73.9,19.1,vegetarian,kerala,0,improve_stamina|carb_rich
Dal Rice 3857,lunch,388,6.5,32.6,13.4,vegetarian,mixed,1,weight_loss|light
Rajma Chawal 3858,lunch,645,10.5,31.1,24.5,vegetarian,kerala,0,improve_stamina|carb_rich
Protein Shake 3859,snack,210,31.8,65.9,17.0,vegetarian,rajasthani,1,muscle_gain|high_protein
Dal Rice 3860,lunch,651,14.3,27.2,14.6,vegetarian,south_indian,0,balanced|beginner
Boiled Eggs 3861,snack,134,19.9,32.2,20.6,non_vegetarian,maharashtrian,0,weight_loss|light
Fish Curry Rice 3862,lunch,669,18.2,52.2,12.0,non_vegetarian,south_indian,0,balanced|beginner
Dal Rice 3863,lunch,635,22.6,30.0,21.3,vegetarian,rajasthani,0,muscle_gain|high_protein
Sabudana Khichdi 3864,breakfast,217,34.4,49.7,17.2,vegetarian,hyderabadi,1,muscle_gain|high_protein
Fruit Bowl 3865,breakfast,189,16.0,65.5,22.7,vegan,mixed,0,improve_stamina|carb_rich
Dal Rice 3866,lunch,440,39.0,52.3,22.1,vegetarian,maharashtrian,0,muscle_gain|high_protein
Corn Chaat 3867,snack,95,14.5,67.2,10.9,vegan,hyderabadi,1,improve_stamina|carb_rich
Tofu Scramble 3868,breakfast,413,10.6,57.9,7.4,vegan,south_indian,1,weight_loss|light
Kadhi Rice 3869,lunch,501,27.7,37.3,11.7,vegetarian,punjabi,0,muscle_gain|high_protein
Roasted Chana 3870,snack,276,5.7,32.2,23.4,vegan,kerala,0,improve_stamina|carb_rich
Roasted Chana 3871,snack,87,34.2,68.9,15.0,vegan,south_indian,1,muscle_gain|high_protein
Egg Curry 3872,dinner,377,12.0,53.3,16.9,non_vegetarian,punjabi,1,balanced|beginner
Fish Fry 3873,dinner,602,12.7,52.4,6.7,non_vegetarian,north_indian,0,balanced|beginner
Egg Curry 3874,dinner,358,19.0,37.7,12.5,non_vegetarian,mixed,1,weight_loss|light
Boiled Eggs 3875,snack,293,18.3,38.3,21.6,non_vegetarian,mixed,0,weight_loss|light
Idli Sambar 3876,breakfast,294,10.0,50.9,4.5,vegetarian,north_indian,1,balanced|beginner
Mixed Veg Curry 3877,dinner,612,6.7,22.1,10.4,vegetarian,north_indian,0,weight_loss|light
Tofu Curry 3878,dinner,618,14.7,28.4,10.9,vegan,mixed,0,weight_loss|light
Paneer Cubes 3879,snack,197,6.4,64.8,13.7,vegetarian,gujarati,1,weight_loss|light
Upma 3880,breakfast,249,7.2,57.8,20.0,vegetarian,maharashtrian,0,balanced|beginner
Fruit Salad 3881,snack,263,5.4,69.7,23.2,vegan,mixed,0,balanced|beginner
Roti Sabji 3882,dinner,612,6.6,40.6,16.8,vegetarian,bengali,0,weight_loss|light
Sprouts Salad 3883,snack,94,5.5,72.1,14.5,vegan,rajasthani,1,weight_loss|light
Vegetable Soup 3884,dinner,543,38.0,20.5,3.7,vegan,mixed,0,muscle_gain|high_protein
Roasted Chana 3885,snack,277,15.4,69.9,8.3,vegan,north_indian,1,balanced|beginner
Mixed Veg Curry 3886,dinner,585,9.3,44.0,23.6,vegetarian,kerala,0,balanced|beginner
Upma 3887,breakfast,369,43.6,28.3,25.0,vegetarian,hyderabadi,0,muscle_gain|high_protein
Fruit Salad 3888,snack,294,7.1,57.5,17.2,vegan,rajasthani,1,balanced|beginner
Tofu Stir Fry 3889,lunch,370,29.3,59.9,22.4,vegan,gujarati,0,muscle_gain|high_protein
Protein Shake 3890,snack,206,17.4,21.8,12.6,vegetarian,punjabi,1,improve_stamina|carb_rich
Idli Sambar 3891,breakfast,304,19.5,37.8,15.2,vegetarian,rajasthani,1,muscle_gain|high_protein
Peanut Chaat 3892,snack,202,27.6,59.0,22.8,vegetarian,maharashtrian,0,muscle_gain|high_protein
Rajma Chawal 3893,lunch,470,11.6,48.2,21.1,vegetarian,punjabi,0,balanced|beginner
Kadhi Rice 3894,lunch,663,15.9,63.8,16.4,vegetarian,gujarati,0,improve_stamina|carb_rich
Dal Rice 3895,lunch,672,36.9,34.4,12.7,vegetarian,maharashtrian,0,muscle_gain|high_protein
Paneer Bhurji 3896,dinner,636,26.8,43.5,4.7,vegetarian,kerala,0,muscle_gain|high_protein
Roti Sabji 3897,dinner,612,21.6,44.3,16.5,vegetarian,hyderabadi,0,muscle_gain|high_protein
Thepla 3898,breakfast,235,11.0,36.9,17.4,vegetarian,bengali,1,balanced|beginner
Paneer Bhurji 3899,dinner,672,8.1,26.0,19.4,vegetarian,bengali,0,improve_stamina|carb_rich
Fish Curry Rice 3900,lunch,425,14.3,54.6,12.4,non_vegetarian,gujarati,1,balanced|beginner
Paneer Roti 3901,lunch,590,16.0,33.7,5.4,vegetarian,kerala,0,weight_loss|light
Paneer Cubes 3902,snack,270,13.9,72.1,10.8,vegetarian,punjabi,1,balanced|beginner
Paneer Roti 3903,lunch,508,38.8,39.9,7.3,vegetarian,south_indian,0,muscle_gain|high_protein
Fruit Salad 3904,snack,239,12.6,21.9,19.5,vegan,south_indian,0,balanced|beginner
Kadhi Rice 3905,lunch,647,18.7,46.3,8.1,vegetarian,rajasthani,0,muscle_gain|high_protein
Pav Bhaji 3906,lunch,393,10.6,23.9,13.1,vegetarian,mixed,1,balanced|beginner
Roti Sabji 3907,dinner,556,19.3,36.1,21.5,vegetarian,mixed,0,weight_loss|light
Roasted Chana 3908,snack,189,10.7,25.7,18.4,vegan,punjabi,0,improve_stamina|carb_rich
Vegetable Poha 3909,breakfast,350,5.3,40.3,7.8,vegetarian,hyderabadi,1,improve_stamina|carb_rich
Pav Bhaji 3910,lunch,635,13.2,36.1,10.4,vegetarian,punjabi,0,improve_stamina|carb_rich
Tofu Scramble 3911,breakfast,231,6.4,61.3,24.9,vegan,hyderabadi,0,weight_loss|light
Thepla 3912,breakfast,160,6.1,71.2,18.3,vegetarian,rajasthani,0,weight_loss|light
Oats with Milk 3913,breakfast,305,19.1,58.5,14.7,vegetarian,punjabi,1,weight_loss|light
Paneer Cubes 3914,snack,154,8.6,68.8,17.3,vegetarian,north_indian,1,balanced|beginner
Paneer Cubes 3915,snack,176,8.6,60.6,4.5,vegetarian,hyderabadi,1,improve_stamina|carb_rich
Tofu Curry 3916,dinner,686,6.1,45.0,11.6,vegan,kerala,0,weight_loss|light
Protein Shake 3917,snack,108,15.8,59.7,11.1,vegetarian,north_indian,1,balanced|beginner
Pav Bhaji 3918,lunch,354,7.4,76.9,13.4,vegetarian,north_indian,1,weight_loss|light
Sabudana Khichdi 3919,breakfast,257,15.7,58.1,17.2,vegetarian,mixed,1,improve_stamina|carb_rich
Roasted Chana 3920,snack,111,14.5,22.7,4.3,vegan,north_indian,1,balanced|beginner
Tofu Stir Fry 3921,lunch,594,5.3,40.3,17.4,vegan,bengali,0,improve_stamina|carb_rich
Boiled Eggs 3922,snack,288,13.0,27.2,18.0,non_vegetarian,bengali,1,weight_loss|light
Fruit Salad 3923,snack,286,16.2,43.7,17.3,vegan,gujarati,1,improve_stamina|carb_rich
Paneer Roti 3924,lunch,435,5.5,71.4,14.0,vegetarian,maharashtrian,1,improve_stamina|carb_rich
Rajma Chawal 3925,lunch,548,10.8,62.6,15.5,vegetarian,maharashtrian,0,improve_stamina|carb_rich
Peanut Chaat 3926,snack,201,27.0,66.4,9.3,vegetarian,maharashtrian,1,muscle_gain|high_protein
Thepla 3927,breakfast,279,43.8,77.9,9.2,vegetarian,maharashtrian,1,muscle_gain|high_protein
Fish Fry 3928,dinner,440,19.6,66.0,7.1,non_vegetarian,kerala,1,muscle_gain|high_protein
Peanut Chaat 3929,snack,117,19.7,72.1,15.2,vegetarian,rajasthani,1,weight_loss|light
Oats with Milk 3930,breakfast,267,6.5,63.5,5.0,vegetarian,rajasthani,1,improve_stamina|carb_rich
Protein Shake 3931,snack,114,5.0,27.8,24.7,vegetarian,mixed,0,improve_stamina|carb_rich
Hyderabadi Biryani 3932,lunch,645,24.0,78.2,9.9,non_vegetarian,mixed,0,muscle_gain|high_protein
Tofu Curry 3933,dinner,512,30.7,52.3,10.8,vegan,hyderabadi,0,muscle_gain|high_protein
Upma 3934,breakfast,220,9.7,27.5,7.3,vegetarian,punjabi,1,weight_loss|light
Boiled Eggs 3935,snack,266,16.5,41.9,23.5,non_vegetarian,rajasthani,0,balanced|beginner
Tofu Stir Fry 3936,lunch,632,8.5,78.8,24.0,vegan,rajasthani,0,balanced|beginner
Upma 3937,breakfast,213,18.4,50.0,3.6,vegetarian,punjabi,1,improve_stamina|carb_rich
Paneer Cubes 3938,snack,201,12.7,76.4,17.5,vegetarian,punjabi,1,improve_stamina|carb_rich
Fruit Bowl 3939,breakfast,287,6.2,52.1,5.6,vegan,gujarati,1,improve_stamina|carb_rich
Mixed Veg Curry 3940,dinner,433,28.7,72.1,5.4,vegetarian,punjabi,1,muscle_gain|high_protein
Rajma Chawal 3941,lunch,567,6.0,61.2,17.7,vegetarian,kerala,0,balanced|beginner
Sprouts Salad 3942,snack,80,16.8,57.5,11.7,vegan,rajasthani,1,balanced|beginner
Buttermilk 3943,snack,174,18.5,23.2,9.6,vegetarian,rajasthani,1,muscle_gain|high_protein
Paneer Roti 3944,lunch,417,10.0,76.0,22.6,vegetarian,gujarati,0,balanced|beginner
Tofu Scramble 3945,breakfast,346,11.7,29.0,6.2,vegan,south_indian,1,improve_stamina|carb_rich
Tofu Scramble 3946,breakfast,360,12.0,35.3,22.1,vegan,south_indian,0,improve_stamina|carb_rich
Roasted Chana 3947,snack,80,13.6,61.8,14.3,vegan,bengali,1,weight_loss|light
Paneer Roti 3948,lunch,542,16.3,39.8,21.9,vegetarian,mixed,0,improve_stamina|carb_rich
Hyderabadi Biryani 3949,lunch,380,8.5,68.8,8.4,non_vegetarian,hyderabadi,1,weight_loss|light
Pav Bhaji 3950,lunch,699,17.2,70.3,6.7,vegetarian,mixed,0,balanced|beginner
Masala Omelette 3951,breakfast,199,19.7,34.3,15.4,non_vegetarian,rajasthani,1,weight_loss|light
Paneer Bhurji 3952,dinner,412,8.7,43.5,13.8,vegetarian,maharashtrian,1,improve_stamina|carb_rich
Rajma Chawal 3953,lunch,484,11.8,75.7,16.7,vegetarian,south_indian,1,balanced|beginner
Dal Tadka 3954,dinner,628,34.6,65.8,11.9,vegetarian,hyderabadi,0,muscle_gain|high_protein
Sprouts Salad 3955,snack,182,5.2,50.8,9.8,vegan,bengali,1,weight_loss|light
Buttermilk 3956,snack,239,14.0,26.9,16.7,vegetarian,kerala,1,balanced|beginner
Fish Fry 3957,dinner,360,19.5,56.9,5.3,non_vegetarian,hyderabadi,1,balanced|beginner
Fish Fry 3958,dinner,638,39.3,44.8,22.8,non_vegetarian,hyderabadi,0,muscle_gain|high_protein
Buttermilk 3959,snack,178,44.8,65.1,23.9,vegetarian,punjabi,0,muscle_gain|high_protein
Corn Chaat 3960,snack,96,14.3,73.6,10.9,vegan,punjabi,1,weight_loss|light
Tofu Stir Fry 3961,lunch,669,10.1,57.8,22.0,vegan,bengali,0,weight_loss|light
Tofu Scramble 3962,breakfast,359,16.4,33.1,17.8,vegan,kerala,1,improve_stamina|carb_rich
Paneer Cubes 3963,snack,95,13.3,71.8,17.9,vegetarian,maharashtrian,1,balanced|beginner
Vegetable Soup 3964,dinner,551,10.7,63.1,19.3,vegan,north_indian,0,balanced|beginner
Dal Tadka 3965,dinner,466,12.2,31.0,11.5,vegetarian,north_indian,1,weight_loss|light
Roti Sabji 3966,dinner,671,5.2,72.3,14.5,vegetarian,maharashtrian,0,improve_stamina|carb_rich
Sabudana Khichdi 3967,breakfast,361,35.2,47.6,23.6,vegetarian,mixed,0,muscle_gain|high_protein
Roasted Chana 3968,snack,293,9.2,48.3,7.6,vegan,rajasthani,1,weight_loss|light
Fruit Bowl 3969,breakfast,389,9.4,52.9,6.4,vegan,kerala,1,weight_loss|light
Roasted Chana 3970,snack,112,12.4,51.8,7.3,vegan,maharashtrian,1,weight_loss|light
Dal Tadka 3971,dinner,460,8.3,49.2,20.4,vegetarian,mixed,0,balanced|beginner
Tofu Stir Fry 3972,lunch,630,19.5,43.6,14.0,vegan,bengali,0,improve_stamina|carb_rich
Tofu Stir Fry 3973,lunch,368,11.7,45.7,14.0,vegan,hyderabadi,1,balanced|beginner
Masala Omelette 3974,breakfast,328,13.2,33.3,10.9,non_vegetarian,bengali,1,improve_stamina|carb_rich
Vegetable Poha 3975,breakfast,345,18.4,63.7,6.5,vegetarian,north_indian,1,improve_stamina|carb_rich
Vegetable Soup 3976,dinner,615,13.1,42.8,12.2,vegan,gujarati,0,balanced|beginner
Corn Chaat 3977,snack,228,16.2,50.0,6.0,vegan,mixed,1,weight_loss|light
Dal Tadka 3978,dinner,679,43.1,79.7,21.3,vegetarian,bengali,0,muscle_gain|high_protein
Grilled Chicken 3979,dinner,382,14.7,75.1,12.9,non_vegetarian,south_indian,1,weight_loss|light
Roti Sabji 3980,dinner,529,10.6,59.7,11.2,vegetarian,kerala,0,balanced|beginner
Protein Shake 3981,snack,92,19.7,33.1,6.3,vegetarian,hyderabadi,1,balanced|beginner
Dal Rice 3982,lunch,680,19.3,48.5,10.6,vegetarian,kerala,0,improve_stamina|carb_rich
Paneer Bhurji 3983,dinner,442,8.5,76.9,15.0,vegetarian,punjabi,1,weight_loss|light
Sabudana Khichdi 3984,breakfast,377,6.7,42.6,6.4,vegetarian,bengali,1,improve_stamina|carb_rich
Mixed Veg Curry 3985,dinner,384,9.3,61.0,23.8,vegetarian,gujarati,0,balanced|beginner
Dal Tadka 3986,dinner,387,11.7,58.0,11.2,vegetarian,hyderabadi,1,improve_stamina|carb_rich
Fruit Salad 3987,snack,186,8.5,55.8,14.5,vegan,punjabi,1,improve_stamina|carb_rich
Grilled Chicken 3988,dinner,382,30.7,24.0,13.4,non_vegetarian,north_indian,1,muscle_gain|high_protein
Buttermilk 3989,snack,200,10.8,29.1,16.2,vegetarian,mixed,1,weight_loss|light
Oats with Milk 3990,breakfast,436,8.5,45.1,19.9,vegetarian,hyderabadi,0,improve_stamina|carb_rich
Boiled Eggs 3991,snack,296,15.1,41.5,7.7,non_vegetarian,south_indian,1,improve_stamina|carb_rich
Buttermilk 3992,snack,93,17.6,56.6,24.7,vegetarian,rajasthani,0,balanced|beginner
Sabudana Khichdi 3993,breakfast,380,14.2,77.7,6.7,vegetarian,north_indian,1,improve_stamina|carb_rich
Dal Rice 3994,lunch,459,31.2,42.9,24.8,vegetarian,mixed,0,muscle_gain|high_protein
Egg Curry 3995,dinner,668,21.3,61.6,6.1,non_vegetarian,hyderabadi,0,muscle_gain|high_protein
Buttermilk 3996,snack,175,19.7,31.1,5.2,vegetarian,bengali,1,improve_stamina|carb_rich
Paneer Roti 3997,lunch,501,5.2,63.4,17.4,vegetarian,gujarati,0,weight_loss|light
Protein Shake 3998,snack,245,5.6,74.6,3.0,vegetarian,north_indian,1,improve_stamina|carb_rich
Kadhi Rice 3999,lunch,688,13.1,21.8,7.8,vegetarian,hyderabadi,0,balanced|beginner
Hyderabadi Biryani 4000,lunch,651,6.8,26.8,5.0,non_vegetarian,maharashtrian,0,balanced|beginner
Chicken Curry Rice 4001,lunch,520,7.0,68.5,13.3,non_vegetarian,kerala,0,weight_loss|light
Protein Shake 4002,snack,184,18.2,52.6,17.0,vegetarian,bengali,1,improve_stamina|carb_rich
Egg Curry 4003,dinner,433,14.6,66.6,11.0,non_vegetarian,kerala,1,improve_stamina|carb_rich
Vegetable Khichdi 4004,lunch,611,11.1,59.1,5.1,vegetarian,maharashtrian,0,balanced|beginner
Mixed Veg Curry 4005,dinner,482,13.9,51.4,13.6,vegetarian,rajasthani,1,improve_stamina|carb_rich
Corn Chaat 4006,snack,104,13.9,42.8,3.9,vegan,bengali,1,balanced|beginner
Corn Chaat 4007,snack,294,35.4,26.4,20.4,vegan,north_indian,0,muscle_gain|high_protein
Vegetable Khichdi 4008,lunch,493,18.5,43.3,17.5,vegetarian,north_indian,1,weight_loss|light
Paneer Bhurji 4009,dinner,504,33.0,54.3,7.7,vegetarian,hyderabadi,0,muscle_gain|high_protein
Vegetable Khichdi 4010,lunch,479,8.9,70.0,10.2,vegetarian,kerala,1,weight_loss|light
Paneer Roti 4011,lunch,598,8.6,29.1,11.4,vegetarian,kerala,0,balanced|beginner
Sabudana Khichdi 4012,breakfast,435,12.3,33.6,6.7,vegetarian,rajasthani,1,weight_loss|light
Fish Fry 4013,dinner,418,6.7,78.1,15.5,non_vegetarian,north_indian,1,weight_loss|light
Paneer Roti 4014,lunch,652,12.6,56.5,12.9,vegetarian,hyderabadi,0,balanced|beginner
Paneer Cubes 4015,snack,196,24.9,22.0,20.2,vegetarian,north_indian,0,muscle_gain|high_protein
Fish Fry 4016,dinner,435,19.1,51.4,18.9,non_vegetarian,south_indian,0,weight_loss|light
Roti Sabji 4017,dinner,556,19.1,40.3,24.0,vegetarian,north_indian,0,improve_stamina|carb_rich
Masala Omelette 4018,breakfast,334,11.7,42.2,16.1,non_vegetarian,punjabi,1,weight_loss|light
Chicken Curry Rice 4019,lunch,450,11.1,39.8,22.1,non_vegetarian,south_indian,0,weight_loss|light
Roti Sabji 4020,dinner,397,19.3,39.8,20.0,vegetarian,gujarati,0,weight_loss|light
Hyderabadi Biryani 4021,lunch,358,15.3,71.8,22.5,non_vegetarian,mixed,0,weight_loss|light
Sabudana Khichdi 4022,breakfast,368,14.0,27.3,21.2,vegetarian,south_indian,0,balanced|beginner
Protein Shake 4023,snack,229,26.2,69.7,20.0,vegetarian,north_indian,0,muscle_gain|high_protein
Fruit Bowl 4024,breakfast,155,16.9,41.8,24.5,vegan,rajasthani,0,balanced|beginner
Idli Sambar 4025,breakfast,241,11.4,39.9,13.6,vegetarian,gujarati,1,improve_stamina|carb_rich
Paneer Roti 4026,lunch,646,39.4,37.1,23.1,vegetarian,gujarati,0,muscle_gain|high_protein
Roasted Chana 4027,snack,126,17.4,47.2,23.5,vegan,punjabi,0,balanced|beginner
Fruit Salad 4028,snack,115,14.2,60.4,10.5,vegan,south_indian,1,balanced|beginner
Protein Shake 4029,snack,151,10.6,67.0,6.7,vegetarian,punjabi,1,improve_stamina|carb_rich
Thepla 4030,breakfast,416,13.7,22.5,3.9,vegetarian,gujarati,1,weight_loss|light
Chicken Curry Rice 4031,lunch,635,18.3,35.8,24.9,non_vegetarian,gujarati,0,balanced|beginner
Oats with Milk 4032,breakfast,160,25.7,68.9,21.8,vegetarian,hyderabadi,0,muscle_gain|high_protein
Vegetable Poha 4033,breakfast,286,15.8,34.1,22.4,vegetarian,kerala,0,weight_loss|light
Grilled Chicken 4034,dinner,369,16.7,61.3,19.2,non_vegetarian,rajasthani,0,balanced|beginner
Vegetable Soup 4035,dinner,584,14.8,75.1,4.8,vegan,south_indian,0,balanced|beginner
Kadhi Rice 4036,lunch,352,12.0,53.9,15.8,vegetarian,bengali,1,balanced|beginner
Dal Rice 4037,lunch,412,17.9,62.3,16.4,vegetarian,mixed,1,improve_stamina|carb_rich
Fish Fry 4038,dinner,390,18.4,36.4,19.5,non_vegetarian,mixed,0,muscle_gain|high_protein
Upma 4039,breakfast,381,34.0,63.4,22.7,vegetarian,bengali,0,muscle_gain|high_protein
Kadhi Rice 4040,lunch,682,11.9,21.6,12.0,vegetarian,maharashtrian,0,improve_stamina|carb_rich
Mixed Veg Curry 4041,dinner,648,29.5,59.8,5.0,vegetarian,hyderabadi,0,muscle_gain|high_protein
Idli Sambar 4042,breakfast,215,19.2,70.8,18.2,vegetarian,gujarati,0,weight_loss|light
Vegetable Soup 4043,dinner,657,10.2,51.4,9.2,vegan,hyderabadi,0,weight_loss|light
Kadhi Rice 4044,lunch,441,8.4,74.6,9.6,vegetarian,maharashtrian,1,balanced|beginner
Idli Sambar 4045,breakfast,421,13.8,29.4,10.6,vegetarian,maharashtrian,1,weight_loss|light
Fruit Salad 4046,snack,243,6.7,56.5,7.0,vegan,hyderabadi,1,weight_loss|light
Tofu Scramble 4047,breakfast,278,18.6,72.3,4.4,vegan,bengali,1,weight_loss|light
Protein Shake 4048,snack,150,8.6,64.6,13.5,vegetarian,mixed,1,balanced|beginner
Dal Rice 4049,lunch,411,11.6,79.3,3.6,vegetarian,north_indian,1,weight_loss|light
Sabudana Khichdi 4050,breakfast,398,10.9,54.3,4.5,vegetarian,north_indian,1,weight_loss|light
Fruit Salad 4051,snack,211,16.0,34.5,12.0,vegan,hyderabadi,1,improve_stamina|carb_rich
Protein Shake 4052,snack,123,11.1,59.7,14.3,vegetarian,mixed,1,balanced|beginner
Corn Chaat 4053,snack,186,18.4,21.5,8.8,vegan,gujarati,1,weight_loss|light
Upma 4054,breakfast,394,18.3,44.8,10.9,vegetarian,gujarati,1,improve_stamina|carb_rich
Paneer Bhurji 4055,dinner,635,10.6,29.5,23.0,vegetarian,south_indian,0,weight_loss|light
Vegetable Khichdi 4056,lunch,375,28.1,60.2,11.0,vegetarian,south_indian,1,muscle_gain|high_protein
Fish Fry 4057,dinner,471,37.2,53.6,8.8,non_vegetarian,mixed,1,muscle_gain|high_protein
Fish Curry Rice 4058,lunch,604,17.7,42.4,5.2,non_vegetarian,south_indian,0,balanced|beginner
Sabudana Khichdi 4059,breakfast,153,9.6,43.4,19.1,vegetarian,punjabi,0,balanced|beginner
Dal Rice 4060,lunch,636,19.1,63.0,15.8,vegetarian,punjabi,0,balanced|beginner
Masala Omelette 4061,breakfast,248,37.4,79.1,17.8,non_vegetarian,rajasthani,1,muscle_gain|high_protein
Tofu Stir Fry 4062,lunch,554,7.7,40.1,5.2,vegan,maharashtrian,0,balanced|beginner
Roasted Chana 4063,snack,215,17.7,67.4,5.9,vegan,mixed,1,balanced|beginner
Fruit Bowl 4064,breakfast,291,19.2,70.0,4.3,vegan,punjabi,1,balanced|beginner
Chicken Curry Rice 4065,lunch,472,8.1,64.6,23.7,non_vegetarian,south_indian,0,improve_stamina|carb_rich
Vegetable Soup 4066,dinner,608,9.4,71.6,7.5,vegan,hyderabadi,0,weight_loss|light
Corn Chaat 4067,snack,244,8.0,34.3,15.3,vegan,gujarati,1,improve_stamina|carb_rich
Fish Curry Rice 4068,lunch,491,5.6,36.0,11.9,non_vegetarian,hyderabadi,1,improve_stamina|carb_rich
Corn Chaat 4069,snack,148,9.6,66.3,5.0,vegan,punjabi,1,weight_loss|light
Dal Rice 4070,lunch,469,21.3,43.6,10.0,vegetarian,gujarati,1,muscle_gain|high_protein
Sprouts Salad 4071,snack,162,7.1,41.6,13.6,vegan,north_indian,1,balanced|beginner
Masala Omelette 4072,breakfast,272,12.0,23.0,20.6,non_vegetarian,bengali,0,improve_stamina|carb_rich
Oats with Milk 4073,breakfast,291,6.0,50.7,15.7,vegetarian,south_indian,1,weight_loss|light
Fruit Salad 4074,snack,115,8.3,55.5,15.6,vegan,punjabi,1,balanced|beginner
Peanut Chaat 4075,snack,226,41.6,42.2,10.0,vegetarian,rajasthani,1,muscle_gain|high_protein
Pav Bhaji 4076,lunch,440,5.1,56.4,4.5,vegetarian,hyderabadi,1,weight_loss|light
Oats with Milk 4077,breakfast,336,21.2,46.2,24.1,vegetarian,kerala,0,muscle_gain|high_protein
Oats with Milk 4078,breakfast,440,17.5,36.3,14.2,vegetarian,gujarati,1,weight_loss|light
Sabudana Khichdi 4079,breakfast,321,20.2,64.3,23.6,vegetarian,south_indian,0,muscle_gain|high_protein
Tofu Curry 4080,dinner,575,12.6,27.9,12.1,vegan,gujarati,0,weight_loss|light
Mixed Veg Curry 4081,dinner,636,23.5,58.5,11.5,vegetarian,hyderabadi,0,muscle_gain|high_protein
Masala Omelette 4082,breakfast,448,41.9,54.6,17.5,non_vegetarian,maharashtrian,1,muscle_gain|high_protein
Fruit Bowl 4083,breakfast,345,5.2,78.9,12.9,vegan,hyderabadi,1,weight_loss|light
Idli Sambar 4084,breakfast,439,29.5,45.3,12.9,vegetarian,kerala,1,muscle_gain|high_protein
Dal Rice 4085,lunch,672,10.7,63.9,20.2,vegetarian,hyderabadi,0,balanced|beginner
Paneer Sandwich 4086,breakfast,212,20.5,35.9,3.8,vegetarian,kerala,1,muscle_gain|high_protein
Egg Curry 4087,dinner,646,19.5,52.4,4.1,non_vegetarian,north_indian,0,weight_loss|light
Vegetable Khichdi 4088,lunch,449,8.5,79.8,16.2,vegetarian,gujarati,1,balanced|beginner
Vegetable Poha 4089,breakfast,345,16.0,48.2,5.9,vegetarian,punjabi,1,balanced|beginner
Chicken Curry Rice 4090,lunch,550,10.8,66.0,5.1,non_vegetarian,kerala,0,improve_stamina|carb_rich
Paneer Sandwich 4091,breakfast,325,40.8,53.1,22.9,vegetarian,bengali,0,muscle_gain|high_protein
Paneer Bhurji 4092,dinner,480,43.1,48.7,6.5,vegetarian,punjabi,1,muscle_gain|high_protein
Peanut Chaat 4093,snack,115,5.7,76.5,3.5,vegetarian,hyderabadi,1,improve_stamina|carb_rich
Boiled Eggs 4094,snack,269,26.8,33.9,7.5,non_vegetarian,mixed,1,muscle_gain|high_protein
Upma 4095,breakfast,255,16.4,65.5,22.9,vegetarian,kerala,0,weight_loss|light
Vegetable Poha 4096,breakfast,177,9.9,33.2,5.5,vegetarian,north_indian,1,weight_loss|light
Paneer Sandwich 4097,breakfast,258,40.8,60.3,10.0,vegetarian,bengali,1,muscle_gain|high_protein
Masala Omelette 4098,breakfast,315,6.4,77.5,9.5,non_vegetarian,maharashtrian,1,weight_loss|light
Protein Shake 4099,snack,203,8.5,25.3,17.6,vegetarian,maharashtrian,1,weight_loss|light
Dal Rice 4100,lunch,461,10.2,68.7,22.9,vegetarian,mixed,0,improve_stamina|carb_rich
Paneer Cubes 4101,snack,216,30.0,74.0,4.2,vegetarian,north_indian,1,muscle_gain|high_protein
Vegetable Khichdi 4102,lunch,572,24.1,30.3,8.9,vegetarian,bengali,0,muscle_gain|high_protein
Vegetable Poha 4103,breakfast,194,14.0,50.4,24.4,vegetarian,kerala,0,weight_loss|light
Peanut Chaat 4104,snack,256,13.3,22.7,8.9,vegetarian,kerala,1,improve_stamina|carb_rich
Fruit Bowl 4105,breakfast,375,15.2,44.6,13.7,vegan,north_indian,1,weight_loss|light
Kadhi Rice 4106,lunch,410,12.6,26.3,13.8,vegetarian,bengali,1,weight_loss|light
Tofu Scramble 4107,breakfast,258,17.9,29.1,23.5,vegan,gujarati,0,weight_loss|light
Pav Bhaji 4108,lunch,573,19.2,37.3,10.3,vegetarian,punjabi,0,weight_loss|light
Paneer Cubes 4109,snack,241,11.7,48.9,13.9,vegetarian,rajasthani,1,improve_stamina|carb_rich
Masala Omelette 4110,breakfast,378,6.1,67.1,21.8,non_vegetarian,bengali,0,weight_loss|light
Protein Shake 4111,snack,83,15.7,61.4,7.9,vegetarian,maharashtrian,1,improve_stamina|carb_rich
Dal Rice 4112,lunch,468,30.5,73.4,17.4,vegetarian,north_indian,1,muscle_gain|high_protein
Protein Shake 4113,snack,95,5.1,43.6,19.6,vegetarian,north_indian,0,balanced|beginner
Sabudana Khichdi 4114,breakfast,163,6.4,51.3,5.9,vegetarian,rajasthani,1,balanced|beginner
Corn Chaat 4115,snack,183,24.4,35.2,16.1,vegan,punjabi,1,muscle_gain|high_protein
Kadhi Rice 4116,lunch,572,24.0,74.7,4.8,vegetarian,south_indian,0,muscle_gain|high_protein
Sabudana Khichdi 4117,breakfast,236,13.9,60.4,16.6,vegetarian,hyderabadi,1,balanced|beginner
Paneer Sandwich 4118,breakfast,234,8.3,52.9,9.6,vegetarian,gujarati,1,weight_loss|light
Paneer Bhurji 4119,dinner,541,26.5,74.2,19.7,vegetarian,hyderabadi,0,muscle_gain|high_protein
Tofu Scramble 4120,breakfast,273,14.3,74.1,16.3,vegan,south_indian,1,balanced|beginner
Roti Sabji 4121,dinner,410,5.9,39.6,24.3,vegetarian,north_indian,0,balanced|beginner
Rajma Chawal 4122,lunch,600,10.3,32.6,20.8,vegetarian,mixed,0,balanced|beginner
Roasted Chana 4123,snack,242,13.6,50.4,8.9,vegan,gujarati,1,weight_loss|light
Fruit Salad 4124,snack,195,7.0,77.4,22.7,vegan,bengali,0,balanced|beginner
Paneer Sandwich 4125,breakfast,298,9.4,66.6,10.4,vegetarian,maharashtrian,1,balanced|beginner
Roasted Chana 4126,snack,158,38.6,36.2,9.3,vegan,kerala,1,muscle_gain|high_protein
Paneer Roti 4127,lunch,631,14.3,39.0,20.4,vegetarian,mixed,0,weight_loss|light
Upma 4128,breakfast,251,26.6,21.8,4.7,vegetarian,kerala,1,muscle_gain|high_protein
Paneer Roti 4129,lunch,557,5.1,61.2,8.1,vegetarian,maharashtrian,0,improve_stamina|carb_rich
Fruit Bowl 4130,breakfast,229,36.1,33.5,8.7,vegan,gujarati,1,muscle_gain|high_protein
Tofu Curry 4131,dinner,458,10.8,21.8,22.1,vegan,punjabi,0,improve_stamina|carb_rich
Roasted Chana 4132,snack,89,26.0,56.5,16.3,vegan,mixed,1,muscle_gain|high_protein
Corn Chaat 4133,snack,124,12.0,45.7,11.6,vegan,rajasthani,1,weight_loss|light
Egg Curry 4134,dinner,517,44.5,25.0,24.2,non_vegetarian,mixed,0,muscle_gain|high_protein
Tofu Scramble 4135,breakfast,409,12.2,40.5,3.6,vegan,bengali,1,balanced|beginner
Kadhi Rice 4136,lunch,416,17.7,69.8,6.3,vegetarian,mixed,1,balanced|beginner
Paneer Sandwich 4137,breakfast,265,27.2,20.9,14.9,vegetarian,bengali,1,muscle_gain|high_protein
Buttermilk 4138,snack,220,16.8,35.6,3.2,vegetarian,mixed,1,improve_stamina|carb_rich
Vegetable Khichdi 4139,lunch,362,14.6,56.3,14.2,vegetarian,maharashtrian,1,weight_loss|light
Tofu Curry 4140,dinner,658,11.8,30.0,12.9,vegan,north_indian,0,balanced|beginner
Paneer Roti 4141,lunch,571,22.3,48.7,15.1,vegetarian,south_indian,0,muscle_gain|high_protein
Chicken Curry Rice 4142,lunch,562,11.5,58.0,9.0,non_vegetarian,bengali,0,improve_stamina|carb_rich
Chicken Curry Rice 4143,lunch,593,11.3,33.7,6.8,non_vegetarian,kerala,0,weight_loss|light
Paneer Roti 4144,lunch,668,14.4,25.0,17.3,vegetarian,gujarati,0,balanced|beginner
Peanut Chaat 4145,snack,208,19.5,30.5,18.2,vegetarian,north_indian,0,balanced|beginner
Sprouts Salad 4146,snack,121,10.3,42.5,14.6,vegan,south_indian,1,improve_stamina|carb_rich
Egg Curry 4147,dinner,503,38.3,51.0,19.0,non_vegetarian,north_indian,0,muscle_gain|high_protein
Tofu Scramble 4148,breakfast,189,7.5,57.8,4.5,vegan,bengali,1,weight_loss|light
Thepla 4149,breakfast,256,37.4,39.2,18.9,vegetarian,south_indian,0,muscle_gain|high_protein
Fruit Salad 4150,snack,117,10.7,33.7,12.7,vegan,rajasthani,1,balanced|beginner
Sabudana Khichdi 4151,breakfast,352,35.0,68.4,17.9,vegetarian,hyderabadi,1,muscle_gain|high_protein
Grilled Chicken 4152,dinner,445,26.7,57.3,4.8,non_vegetarian,north_indian,1,muscle_gain|high_protein
Paneer Roti 4153,lunch,487,5.8,22.0,10.9,vegetarian,gujarati,1,weight_loss|light
Mixed Veg Curry 4154,dinner,663,11.2,70.4,9.5,vegetarian,north_indian,0,weight_loss|light
Oats with Milk 4155,breakfast,283,43.9,37.4,11.0,vegetarian,gujarati,1,muscle_gain|high_protein
Tofu Stir Fry 4156,lunch,359,13.0,71.7,20.1,vegan,kerala,0,weight_loss|light
Vegetable Khichdi 4157,lunch,415,12.8,41.7,9.6,vegetarian,mixed,1,improve_stamina|carb_rich
Dal Tadka 4158,dinner,644,28.4,32.2,11.6,vegetarian,hyderabadi,0,muscle_gain|high_protein
Grilled Chicken 4159,dinner,534,15.9,65.0,17.2,non_vegetarian,mixed,0,balanced|beginner
Tofu Curry 4160,dinner,564,5.2,46.9,4.0,vegan,gujarati,0,weight_loss|light
Paneer Sandwich 4161,breakfast,286,13.0,45.5,14.5,vegetarian,gujarati,1,balanced|beginner
Tofu Scramble 4162,breakfast,321,19.9,37.5,10.7,vegan,bengali,1,weight_loss|light
Tofu Stir Fry 4163,lunch,634,30.7,50.7,4.4,vegan,north_indian,0,muscle_gain|high_protein
Chicken Curry Rice 4164,lunch,534,7.9,51.7,4.5,non_vegetarian,hyderabadi,0,improve_stamina|carb_rich
Buttermilk 4165,snack,203,30.0,36.1,20.3,vegetarian,south_indian,0,muscle_gain|high_protein
Fruit Salad 4166,snack,220,40.3,68.6,22.0,vegan,rajasthani,0,muscle_gain|high_protein
Tofu Stir Fry 4167,lunch,529,5.7,34.5,4.7,vegan,maharashtrian,0,improve_stamina|carb_rich
Tofu Curry 4168,dinner,551,19.7,55.8,24.4,vegan,south_indian,0,improve_stamina|carb_rich
Tofu Curry 4169,dinner,357,22.7,40.3,14.1,vegan,rajasthani,1,muscle_gain|high_protein
Thepla 4170,breakfast,153,11.9,38.8,12.9,vegetarian,bengali,1,weight_loss|light
Idli Sambar 4171,breakfast,389,8.3,40.6,17.7,vegetarian,bengali,1,balanced|beginner
Rajma Chawal 4172,lunch,402,25.1,72.7,6.5,vegetarian,maharashtrian,1,muscle_gain|high_protein
Egg Curry 4173,dinner,674,33.5,28.2,21.7,non_vegetarian,hyderabadi,0,muscle_gain|high_protein
Boiled Eggs 4174,snack,122,15.8,43.7,9.5,non_vegetarian,kerala,1,improve_stamina|carb_rich
Paneer Roti 4175,lunch,353,13.3,33.3,18.0,vegetarian,kerala,1,balanced|beginner
Paneer Sandwich 4176,breakfast,156,16.6,66.7,3.8,vegetarian,bengali,1,weight_loss|light
Idli Sambar 4177,breakfast,260,15.3,32.2,14.6,vegetarian,maharashtrian,1,improve_stamina|carb_rich
Masala Omelette 4178,breakfast,311,7.6,62.1,7.1,non_vegetarian,rajasthani,1,weight_loss|light
Corn Chaat 4179,snack,118,15.3,26.2,21.6,vegan,hyderabadi,0,improve_stamina|carb_rich
Buttermilk 4180,snack,174,16.7,38.3,15.5,vegetarian,hyderabadi,1,balanced|beginner
Oats with Milk 4181,breakfast,336,17.9,76.2,15.9,vegetarian,gujarati,1,improve_stamina|carb_rich
Masala Omelette 4182,breakfast,157,11.7,46.7,19.6,non_vegetarian,maharashtrian,0,weight_loss|light
Peanut Chaat 4183,snack,185,14.0,69.0,9.1,vegetarian,mixed,1,balanced|beginner
Grilled Chicken 4184,dinner,698,9.6,36.1,5.1,non_vegetarian,north_indian,0,weight_loss|light
Corn Chaat 4185,snack,97,12.2,61.0,21.8,vegan,punjabi,0,balanced|beginner
Pav Bhaji 4186,lunch,638,12.2,54.8,12.9,vegetarian,north_indian,0,balanced|beginner
Upma 4187,breakfast,353,32.9,39.6,21.9,vegetarian,rajasthani,0,muscle_gain|high_protein
Thepla 4188,breakfast,439,11.8,52.1,12.9,vegetarian,maharashtrian,1,weight_loss|light
Buttermilk 4189,snack,126,13.0,49.4,20.0,vegetarian,gujarati,0,weight_loss|light
Chicken Curry Rice 4190,lunch,487,5.8,55.2,22.7,non_vegetarian,north_indian,0,weight_loss|light
Buttermilk 4191,snack,221,9.0,55.3,10.7,vegetarian,kerala,1,improve_stamina|carb_rich
Sprouts Salad 4192,snack,273,8.2,72.4,23.7,vegan,south_indian,0,balanced|beginner
Corn Chaat 4193,snack,243,31.2,46.6,8.5,vegan,kerala,1,muscle_gain|high_protein
Dal Tadka 4194,dinner,393,14.8,56.8,5.5,vegetarian,gujarati,1,weight_loss|light
Corn Chaat 4195,snack,199,7.9,62.1,16.0,vegan,hyderabadi,1,balanced|beginner
Fruit Salad 4196,snack,230,17.8,35.0,11.6,vegan,maharashtrian,1,improve_stamina|carb_rich
Mixed Veg Curry 4197,dinner,506,13.5,53.2,15.6,vegetarian,south_indian,0,weight_loss|light
Peanut Chaat 4198,snack,84,13.2,56.8,15.2,vegetarian,north_indian,1,weight_loss|light
Fruit Salad 4199,snack,98,9.9,71.7,22.3,vegan,rajasthani,0,weight_loss|light
Idli Sambar 4200,breakfast,443,12.7,52.6,24.7,vegetarian,bengali,0,weight_loss|light
Oats with Milk 4201,breakfast,366,12.7,31.9,20.2,vegetarian,north_indian,0,improve_stamina|carb_rich
Corn Chaat 4202,snack,102,44.5,52.0,9.1,vegan,rajasthani,1,muscle_gain|high_protein
Fish Fry 4203,dinner,516,5.9,73.9,9.5,non_vegetarian,north_indian,0,balanced|beginner
Masala Omelette 4204,breakfast,343,5.7,20.5,11.7,non_vegetarian,kerala,1,balanced|beginner
Roti Sabji 4205,dinner,405,15.7,70.2,9.8,vegetarian,gujarati,1,improve_stamina|carb_rich
Tofu Stir Fry 4206,lunch,548,10.4,26.9,15.8,vegan,rajasthani,0,balanced|beginner
Paneer Bhurji 4207,dinner,521,16.2,24.2,14.3,vegetarian,north_indian,0,improve_stamina|carb_rich
Paneer Sandwich 4208,breakfast,288,27.9,63.4,6.9,vegetarian,maharashtrian,1,muscle_gain|high_protein
Sabudana Khichdi 4209,breakfast,297,17.3,64.8,9.1,vegetarian,bengali,1,improve_stamina|carb_rich
Fruit Salad 4210,snack,297,35.0,27.7,21.7,vegan,punjabi,0,muscle_gain|high_protein
Vegetable Poha 4211,breakfast,173,7.5,65.8,21.9,vegetarian,north_indian,0,improve_stamina|carb_rich
Hyderabadi Biryani 4212,lunch,505,14.4,68.6,12.9,non_vegetarian,gujarati,0,balanced|beginner
Thepla 4213,breakfast,320,18.1,75.6,22.1,vegetarian,punjabi,0,balanced|beginner
Paneer Bhurji 4214,dinner,584,32.3,68.8,6.1,vegetarian,north_indian,0,muscle_gain|high_protein
Sabudana Khichdi 4215,breakfast,307,18.7,65.5,11.6,vegetarian,kerala,1,improve_stamina|carb_rich
Protein Shake 4216,snack,170,9.9,61.3,10.0,vegetarian,kerala,1,improve_stamina|carb_rich
Dal Rice 4217,lunch,646,18.1,48.7,17.8,vegetarian,rajasthani,0,balanced|beginner
Paneer Bhurji 4218,dinner,416,7.5,37.7,20.1,vegetarian,north_indian,0,improve_stamina|carb_rich
Boiled Eggs 4219,snack,94,19.1,71.8,12.8,non_vegetarian,rajasthani,1,muscle_gain|high_protein
Paneer Bhurji 4220,dinner,392,11.9,43.6,23.2,vegetarian,hyderabadi,0,improve_stamina|carb_rich
Kadhi Rice 4221,lunch,399,40.8,33.0,23.9,vegetarian,gujarati,0,muscle_gain|high_protein
Fruit Salad 4222,snack,127,40.2,70.6,22.7,vegan,kerala,0,muscle_gain|high_protein
Tofu Curry 4223,dinner,682,36.1,74.5,5.9,vegan,punjabi,0,muscle_gain|high_protein
Idli Sambar 4224,breakfast,237,40.1,71.0,20.0,vegetarian,kerala,0,muscle_gain|high_protein
Chicken Curry Rice 4225,lunch,527,8.9,50.3,6.9,non_vegetarian,hyderabadi,0,weight_loss|light
Kadhi Rice 4226,lunch,366,7.8,48.5,11.6,vegetarian,north_indian,1,improve_stamina|carb_rich
Tofu Stir Fry 4227,lunch,526,14.5,50.1,12.1,vegan,maharashtrian,0,weight_loss|light
Kadhi Rice 4228,lunch,587,14.8,22.1,6.0,vegetarian,bengali,0,balanced|beginner
Chicken Curry Rice 4229,lunch,580,13.0,32.3,15.2,non_vegetarian,bengali,0,balanced|beginner
Tofu Curry 4230,dinner,401,11.4,22.1,3.7,vegan,bengali,1,balanced|beginner
Fish Curry Rice 4231,lunch,358,21.7,55.6,23.0,non_vegetarian,rajasthani,0,muscle_gain|high_protein
Rajma Chawal 4232,lunch,608,19.2,36.7,15.1,vegetarian,north_indian,0,weight_loss|light
Roasted Chana 4233,snack,295,41.9,40.5,16.0,vegan,hyderabadi,1,muscle_gain|high_protein
Roasted Chana 4234,snack,119,35.7,80.0,3.3,vegan,gujarati,1,muscle_gain|high_protein
Mixed Veg Curry 4235,dinner,368,25.0,53.4,17.5,vegetarian,mixed,1,muscle_gain|high_protein
Fruit Bowl 4236,breakfast,445,39.4,72.9,20.3,vegan,maharashtrian,0,muscle_gain|high_protein
Grilled Chicken 4237,dinner,540,14.5,37.5,16.5,non_vegetarian,mixed,0,balanced|beginner
Sabudana Khichdi 4238,breakfast,175,15.4,40.5,8.5,vegetarian,hyderabadi,1,weight_loss|light
Oats with Milk 4239,breakfast,318,10.6,64.9,16.9,vegetarian,punjabi,1,weight_loss|light
Buttermilk 4240,snack,139,22.5,51.9,20.4,vegetarian,gujarati,0,muscle_gain|high_protein
Kadhi Rice 4241,lunch,570,22.2,30.3,19.8,vegetarian,north_indian,0,muscle_gain|high_protein
Fish Fry 4242,dinner,426,14.3,76.6,16.1,non_vegetarian,punjabi,1,improve_stamina|carb_rich
Grilled Chicken 4243,dinner,403,24.0,45.2,22.3,non_vegetarian,hyderabadi,0,muscle_gain|high_protein
Vegetable Soup 4244,dinner,580,15.1,47.9,18.3,vegan,north_indian,0,improve_stamina|carb_rich
Paneer Cubes 4245,snack,81,9.7,29.8,20.5,vegetarian,rajasthani,0,weight_loss|light
Mixed Veg Curry 4246,dinner,625,10.7,79.3,22.2,vegetarian,gujarati,0,balanced|beginner
Rajma Chawal 4247,lunch,446,31.5,51.1,18.0,vegetarian,maharashtrian,1,muscle_gain|high_protein
Fish Fry 4248,dinner,556,10.6,68.2,18.6,non_vegetarian,punjabi,0,improve_stamina|carb_rich
Paneer Sandwich 4249,breakfast,160,32.7,53.7,6.1,vegetarian,kerala,1,muscle_gain|high_protein
Corn Chaat 4250,snack,157,19.6,47.1,22.9,vegan,punjabi,0,improve_stamina|carb_rich
Rajma Chawal 4251,lunch,613,7.6,75.3,17.2,vegetarian,bengali,0,improve_stamina|carb_rich
Corn Chaat 4252,snack,171,9.1,73.0,22.0,vegan,gujarati,0,improve_stamina|carb_rich
Roti Sabji 4253,dinner,587,11.4,48.8,16.5,vegetarian,hyderabadi,0,improve_stamina|carb_rich
Fish Curry Rice 4254,lunch,446,6.0,41.5,7.9,non_vegetarian,south_indian,1,balanced|beginner
Dal Tadka 4255,dinner,518,13.4,28.9,5.7,vegetarian,rajasthani,0,improve_stamina|carb_rich
Hyderabadi Biryani 4256,lunch,411,18.1,29.1,20.8,non_vegetarian,hyderabadi,0,improve_stamina|carb_rich
Kadhi Rice 4257,lunch,683,8.5,72.5,17.9,vegetarian,hyderabadi,0,improve_stamina|carb_rich
Roasted Chana 4258,snack,201,9.2,34.8,5.5,vegan,bengali,1,weight_loss|light
Mixed Veg Curry 4259,dinner,474,15.1,76.2,20.8,vegetarian,bengali,0,balanced|beginner
Rajma Chawal 4260,lunch,458,11.1,35.0,13.9,vegetarian,kerala,1,weight_loss|light
Chicken Curry Rice 4261,lunch,540,27.2,66.5,18.2,non_vegetarian,gujarati,0,muscle_gain|high_protein
Upma 4262,breakfast,376,10.0,73.0,5.2,vegetarian,maharashtrian,1,balanced|beginner
Buttermilk 4263,snack,199,18.4,42.5,13.6,vegetarian,hyderabadi,1,improve_stamina|carb_rich
Kadhi Rice 4264,lunch,676,5.4,68.4,6.8,vegetarian,bengali,0,improve_stamina|carb_rich
Fruit Bowl 4265,breakfast,397,15.2,77.3,23.0,vegan,gujarati,0,balanced|beginner
Protein Shake 4266,snack,272,31.5,53.3,12.4,vegetarian,kerala,1,muscle_gain|high_protein
Vegetable Poha 4267,breakfast,327,15.4,41.2,9.8,vegetarian,punjabi,1,balanced|beginner
Kadhi Rice 4268,lunch,390,14.5,61.5,16.2,vegetarian,mixed,1,balanced|beginner
Mixed Veg Curry 4269,dinner,515,7.7,62.3,22.1,vegetarian,punjabi,0,weight_loss|light
Paneer Bhurji 4270,dinner,411,10.0,50.5,12.3,vegetarian,kerala,1,balanced|beginner
Vegetable Soup 4271,dinner,455,12.3,55.8,10.1,vegan,bengali,1,weight_loss|light
Protein Shake 4272,snack,246,22.2,39.8,8.5,vegetarian,hyderabadi,1,muscle_gain|high_protein
Fish Fry 4273,dinner,399,8.9,72.0,18.1,non_vegetarian,south_indian,0,balanced|beginner
Thepla 4274,breakfast,196,16.6,23.3,6.9,vegetarian,gujarati,1,improve_stamina|carb_rich
Hyderabadi Biryani 4275,lunch,684,16.1,52.7,4.1,non_vegetarian,mixed,0,weight_loss|light
Fish Curry Rice 4276,lunch,423,42.4,67.0,23.5,non_vegetarian,hyderabadi,0,muscle_gain|high_protein
Tofu Curry 4277,dinner,626,7.6,56.9,7.2,vegan,rajasthani,0,improve_stamina|carb_rich
Vegetable Soup 4278,dinner,544,6.1,23.2,14.2,vegan,hyderabadi,0,weight_loss|light
Boiled Eggs 4279,snack,92,32.0,60.5,8.2,non_vegetarian,hyderabadi,1,muscle_gain|high_protein
Tofu Scramble 4280,breakfast,227,19.3,45.7,4.4,vegan,bengali,1,muscle_gain|high_protein
Kadhi Rice 4281,lunch,656,12.5,51.8,13.9,vegetarian,maharashtrian,0,improve_stamina|carb_rich
Protein Shake 4282,snack,260,33.3,64.0,5.2,vegetarian,hyderabadi,1,muscle_gain|high_protein
Vegetable Poha 4283,breakfast,386,18.7,23.5,19.0,vegetarian,maharashtrian,0,balanced|beginner
Chicken Curry Rice 4284,lunch,609,35.4,54.5,13.7,non_vegetarian,maharashtrian,0,muscle_gain|high_protein
Paneer Sandwich 4285,breakfast,362,18.3,45.7,21.8,vegetarian,maharashtrian,0,weight_loss|light
Peanut Chaat 4286,snack,299,11.0,41.2,23.3,vegetarian,kerala,0,weight_loss|light
Boiled Eggs 4287,snack,243,12.2,63.0,10.2,non_vegetarian,rajasthani,1,improve_stamina|carb_rich
Vegetable Soup 4288,dinner,372,16.6,42.4,19.8,vegan,rajasthani,0,weight_loss|light
Fish Fry 4289,dinner,405,16.3,21.0,16.9,non_vegetarian,kerala,1,weight_loss|light
Fruit Salad 4290,snack,297,15.5,36.1,14.7,vegan,rajasthani,1,weight_loss|light
Fruit Bowl 4291,breakfast,314,9.4,70.3,8.4,vegan,mixed,1,weight_loss|light
Mixed Veg Curry 4292,dinner,353,33.2,51.9,17.6,vegetarian,hyderabadi,1,muscle_gain|high_protein
Sprouts Salad 4293,snack,200,41.7,41.9,22.5,vegan,mixed,0,muscle_gain|high_protein
Rajma Chawal 4294,lunch,404,5.3,33.2,18.6,vegetarian,rajasthani,0,weight_loss|light
Vegetable Soup 4295,dinner,612,16.7,36.2,4.0,vegan,rajasthani,0,weight_loss|light
Fruit Salad 4296,snack,153,14.6,65.0,4.1,vegan,gujarati,1,improve_stamina|carb_rich
Peanut Chaat 4297,snack,196,6.5,30.3,15.2,vegetarian,hyderabadi,1,improve_stamina|carb_rich
Tofu Curry 4298,dinner,665,23.5,34.2,11.2,vegan,south_indian,0,muscle_gain|high_protein
Dal Tadka 4299,dinner,668,6.4,62.6,3.5,vegetarian,north_indian,0,weight_loss|light
Dal Tadka 4300,dinner,600,14.3,53.0,24.3,vegetarian,punjabi,0,weight_loss|light
Paneer Sandwich 4301,breakfast,299,19.8,50.2,23.6,vegetarian,rajasthani,0,balanced|beginner
Vegetable Khichdi 4302,lunch,556,17.1,59.5,16.8,vegetarian,bengali,0,weight_loss|light
Peanut Chaat 4303,snack,172,26.2,25.3,4.2,vegetarian,hyderabadi,1,muscle_gain|high_protein
Paneer Sandwich 4304,breakfast,379,40.0,66.7,9.5,vegetarian,gujarati,1,muscle_gain|high_protein
Corn Chaat 4305,snack,284,12.6,41.3,13.2,vegan,north_indian,1,balanced|beginner
Paneer Cubes 4306,snack,244,12.6,30.8,3.9,vegetarian,punjabi,1,balanced|beginner
Vegetable Soup 4307,dinner,589,14.1,57.9,8.1,vegan,gujarati,0,balanced|beginner
Boiled Eggs 4308,snack,252,6.6,25.6,3.5,non_vegetarian,north_indian,1,balanced|beginner
Buttermilk 4309,snack,203,6.8,55.7,23.5,vegetarian,hyderabadi,0,improve_stamina|carb_rich
Tofu Curry 4310,dinner,693,15.4,66.3,13.3,vegan,punjabi,0,improve_stamina|carb_rich
Oats with Milk 4311,breakfast,400,25.7,40.5,18.5,vegetarian,bengali,0,muscle_gain|high_protein
Boiled Eggs 4312,snack,160,27.8,39.4,19.7,non_vegetarian,rajasthani,0,muscle_gain|high_protein
Paneer Bhurji 4313,dinner,621,12.7,32.3,9.2,vegetarian,rajasthani,0,improve_stamina|carb_rich
Upma 4314,breakfast,437,6.7,47.0,5.8,vegetarian,kerala,1,balanced|beginner
Vegetable Soup 4315,dinner,564,9.5,69.7,16.3,vegan,punjabi,0,improve_stamina|carb_rich
Chicken Curry Rice 4316,lunch,682,17.3,56.0,9.4,non_vegetarian,bengali,0,weight_loss|light
Paneer Roti 4317,lunch,406,12.2,40.0,22.8,vegetarian,hyderabadi,0,balanced|beginner
Fruit Salad 4318,snack,293,9.5,22.4,18.7,vegan,south_indian,0,improve_stamina|carb_rich
Masala Omelette 4319,breakfast,234,11.9,63.2,12.1,non_vegetarian,punjabi,1,balanced|beginner
Protein Shake 4320,snack,287,7.4,54.5,18.0,vegetarian,bengali,1,balanced|beginner
Buttermilk 4321,snack,115,15.7,57.8,15.0,vegetarian,north_indian,1,improve_stamina|carb_rich
Paneer Bhurji 4322,dinner,422,24.7,21.4,17.3,vegetarian,kerala,1,muscle_gain|high_protein
Idli Sambar 4323,breakfast,333,11.6,26.7,23.1,vegetarian,bengali,0,weight_loss|light
Masala Omelette 4324,breakfast,400,10.0,27.3,22.2,non_vegetarian,south_indian,0,balanced|beginner
Fish Curry Rice 4325,lunch,580,19.1,24.6,12.2,non_vegetarian,gujarati,0,balanced|beginner
Grilled Chicken 4326,dinner,622,10.3,24.8,4.7,non_vegetarian,north_indian,0,weight_loss|light
Upma 4327,breakfast,226,5.9,67.6,19.9,vegetarian,gujarati,0,balanced|beginner
Tofu Scramble 4328,breakfast,264,15.5,50.6,3.5,vegan,north_indian,1,balanced|beginner
Upma 4329,breakfast,237,39.1,58.3,23.4,vegetarian,mixed,0,muscle_gain|high_protein
Tofu Scramble 4330,breakfast,227,35.1,65.9,7.0,vegan,rajasthani,1,muscle_gain|high_protein
Fish Fry 4331,dinner,371,6.0,21.2,10.6,non_vegetarian,north_indian,1,balanced|beginner
Protein Shake 4332,snack,270,43.9,50.8,8.0,vegetarian,kerala,1,muscle_gain|high_protein
Corn Chaat 4333,snack,116,16.1,63.4,3.7,vegan,rajasthani,1,weight_loss|light
Rajma Chawal 4334,lunch,644,31.8,38.9,4.3,vegetarian,hyderabadi,0,muscle_gain|high_protein
Roasted Chana 4335,snack,129,18.5,65.0,19.3,vegan,rajasthani,0,improve_stamina|carb_rich
Protein Shake 4336,snack,136,6.0,37.7,6.2,vegetarian,south_indian,1,balanced|beginner
Vegetable Khichdi 4337,lunch,544,12.7,79.0,10.4,vegetarian,north_indian,0,improve_stamina|carb_rich
Rajma Chawal 4338,lunch,497,15.4,46.9,13.8,vegetarian,hyderabadi,1,balanced|beginner
Kadhi Rice 4339,lunch,602,18.6,47.6,9.0,vegetarian,south_indian,0,weight_loss|light
Sprouts Salad 4340,snack,120,35.9,59.3,8.0,vegan,gujarati,1,muscle_gain|high_protein
Fish Fry 4341,dinner,393,19.0,30.9,14.8,non_vegetarian,hyderabadi,1,improve_stamina|carb_rich
Paneer Bhurji 4342,dinner,552,19.7,65.4,19.4,vegetarian,kerala,0,improve_stamina|carb_rich
Sprouts Salad 4343,snack,111,18.3,64.7,16.1,vegan,punjabi,1,weight_loss|light
Masala Omelette 4344,breakfast,187,18.9,66.5,23.4,non_vegetarian,mixed,0,balanced|beginner
Roasted Chana 4345,snack,92,20.0,42.4,19.3,vegan,maharashtrian,0,balanced|beginner
Buttermilk 4346,snack,173,10.8,43.5,20.4,vegetarian,punjabi,0,weight_loss|light
Paneer Cubes 4347,snack,247,37.5,45.9,16.1,vegetarian,mixed,1,muscle_gain|high_protein
Mixed Veg Curry 4348,dinner,513,32.7,62.8,21.0,vegetarian,north_indian,0,muscle_gain|high_protein
Buttermilk 4349,snack,179,16.4,32.0,23.3,vegetarian,mixed,0,balanced|beginner
Vegetable Poha 4350,breakfast,358,5.7,41.6,17.4,vegetarian,bengali,1,weight_loss|light
Fruit Bowl 4351,breakfast,293,8.0,26.2,21.5,vegan,punjabi,0,weight_loss|light
Paneer Roti 4352,lunch,460,18.8,34.1,11.2,vegetarian,kerala,1,muscle_gain|high_protein
Fruit Salad 4353,snack,289,25.4,41.4,11.4,vegan,kerala,1,muscle_gain|high_protein
Egg Curry 4354,dinner,492,25.1,76.4,13.8,non_vegetarian,kerala,1,muscle_gain|high_protein
Rajma Chawal 4355,lunch,669,9.0,53.8,11.9,vegetarian,bengali,0,improve_stamina|carb_rich
Upma 4356,breakfast,378,34.9,40.0,10.6,vegetarian,north_indian,1,muscle_gain|high_protein
Idli Sambar 4357,breakfast,363,41.7,75.5,16.0,vegetarian,south_indian,1,muscle_gain|high_protein
Masala Omelette 4358,breakfast,313,17.2,45.9,4.4,non_vegetarian,south_indian,1,balanced|beginner
Sabudana Khichdi 4359,breakfast,409,19.4,76.7,15.2,vegetarian,rajasthani,1,improve_stamina|carb_rich
Buttermilk 4360,snack,141,42.0,66.1,23.0,vegetarian,punjabi,0,muscle_gain|high_protein
Chicken Curry Rice 4361,lunch,404,5.7,52.2,5.6,non_vegetarian,maharashtrian,1,improve_stamina|carb_rich
Fruit Salad 4362,snack,160,8.2,45.7,24.2,vegan,rajasthani,0,weight_loss|light
Roti Sabji 4363,dinner,418,26.4,34.8,19.2,vegetarian,punjabi,0,muscle_gain|high_protein
Boiled Eggs 4364,snack,265,6.6,63.9,7.0,non_vegetarian,rajasthani,1,improve_stamina|carb_rich
Vegetable Khichdi 4365,lunch,683,6.5,36.3,23.3,vegetarian,mixed,0,weight_loss|light
Dal Tadka 4366,dinner,635,11.8,57.3,20.3,vegetarian,south_indian,0,improve_stamina|carb_rich
Paneer Roti 4367,lunch,366,26.8,57.7,23.1,vegetarian,kerala,0,muscle_gain|high_protein
Roasted Chana 4368,snack,274,7.2,32.8,5.9,vegan,gujarati,1,improve_stamina|carb_rich
Thepla 4369,breakfast,347,12.6,39.2,24.6,vegetarian,kerala,0,balanced|beginner
Fish Fry 4370,dinner,637,10.7,73.5,13.0,non_vegetarian,kerala,0,improve_stamina|carb_rich
Tofu Curry 4371,dinner,359,28.5,39.0,19.9,vegan,kerala,0,muscle_gain|high_protein
Buttermilk 4372,snack,283,17.7,70.6,19.5,vegetarian,north_indian,0,balanced|beginner
Roasted Chana 4373,snack,267,6.6,46.4,3.5,vegan,maharashtrian,1,weight_loss|light
Tofu Scramble 4374,breakfast,213,5.4,72.9,8.3,vegan,maharashtrian,1,weight_loss|light
Sprouts Salad 4375,snack,81,33.3,29.2,3.2,vegan,gujarati,1,muscle_gain|high_protein
Hyderabadi Biryani 4376,lunch,509,19.9,52.1,24.1,non_vegetarian,kerala,0,weight_loss|light
Mixed Veg Curry 4377,dinner,397,12.8,29.0,7.3,vegetarian,bengali,1,improve_stamina|carb_rich
Paneer Roti 4378,lunch,683,10.7,61.6,23.9,vegetarian,gujarati,0,balanced|beginner
Oats with Milk 4379,breakfast,198,15.4,69.6,16.0,vegetarian,maharashtrian,1,weight_loss|light
Upma 4380,breakfast,311,21.1,32.6,22.3,vegetarian,mixed,0,muscle_gain|high_protein
Hyderabadi Biryani 4381,lunch,411,8.6,34.1,5.7,non_vegetarian,kerala,1,weight_loss|light
Boiled Eggs 4382,snack,93,14.7,72.6,5.1,non_vegetarian,punjabi,1,improve_stamina|carb_rich
Vegetable Khichdi 4383,lunch,661,9.7,51.5,18.8,vegetarian,rajasthani,0,weight_loss|light
Rajma Chawal 4384,lunch,406,10.3,73.8,4.2,vegetarian,south_indian,1,balanced|beginner
Tofu Stir Fry 4385,lunch,473,40.0,59.9,4.3,vegan,hyderabadi,1,muscle_gain|high_protein
Paneer Bhurji 4386,dinner,411,21.4,74.5,24.7,vegetarian,gujarati,0,muscle_gain|high_protein
Roasted Chana 4387,snack,226,12.9,35.8,14.3,vegan,mixed,1,improve_stamina|carb_rich
Paneer Cubes 4388,snack,163,15.1,68.5,22.9,vegetarian,north_indian,0,improve_stamina|carb_rich
Kadhi Rice 4389,lunch,545,13.0,44.7,17.5,vegetarian,rajasthani,0,balanced|beginner
Fruit Bowl 4390,breakfast,321,14.4,60.4,14.8,vegan,hyderabadi,1,balanced|beginner
Hyderabadi Biryani 4391,lunch,651,6.0,61.5,7.2,non_vegetarian,hyderabadi,0,balanced|beginner
Fruit Salad 4392,snack,249,5.7,55.0,8.6,vegan,rajasthani,1,weight_loss|light
Paneer Sandwich 4393,breakfast,164,12.8,55.0,6.2,vegetarian,rajasthani,1,weight_loss|light
Tofu Scramble 4394,breakfast,228,14.2,42.2,12.5,vegan,kerala,1,improve_stamina|carb_rich
Tofu Stir Fry 4395,lunch,579,13.6,43.4,12.9,vegan,rajasthani,0,weight_loss|light
Fish Fry 4396,dinner,593,10.2,22.9,22.1,non_vegetarian,bengali,0,balanced|beginner
Dal Rice 4397,lunch,640,14.0,39.0,21.9,vegetarian,rajasthani,0,weight_loss|light
Oats with Milk 4398,breakfast,208,7.6,41.2,4.1,vegetarian,north_indian,1,improve_stamina|carb_rich
Corn Chaat 4399,snack,83,6.1,57.1,16.0,vegan,kerala,1,balanced|beginner
Rajma Chawal 4400,lunch,359,19.4,61.7,13.1,vegetarian,north_indian,1,balanced|beginner
Fruit Salad 4401,snack,147,12.6,52.5,11.5,vegan,mixed,1,improve_stamina|carb_rich
Grilled Chicken 4402,dinner,604,44.1,56.5,12.9,non_vegetarian,hyderabadi,0,muscle_gain|high_protein
Kadhi Rice 4403,lunch,647,19.1,66.4,19.2,vegetarian,rajasthani,0,balanced|beginner
Vegetable Khichdi 4404,lunch,490,8.6,57.5,7.1,vegetarian,hyderabadi,1,balanced|beginner
Oats with Milk 4405,breakfast,316,13.4,74.4,12.3,vegetarian,maharashtrian,1,balanced|beginner
Fish Fry 4406,dinner,507,29.9,52.2,13.1,non_vegetarian,rajasthani,0,muscle_gain|high_protein
Tofu Scramble 4407,breakfast,442,9.5,34.8,8.9,vegan,rajasthani,1,improve_stamina|carb_rich
Paneer Roti 4408,lunch,623,23.0,39.6,19.4,vegetarian,punjabi,0,muscle_gain|high_protein
Corn Chaat 4409,snack,91,10.7,21.5,21.8,vegan,bengali,0,balanced|beginner
Vegetable Khichdi 4410,lunch,633,16.1,49.4,5.7,vegetarian,maharashtrian,0,improve_stamina|carb_rich
Kadhi Rice 4411,lunch,585,18.2,47.9,24.3,vegetarian,rajasthani,0,balanced|beginner
Idli Sambar 4412,breakfast,204,12.9,38.0,15.4,vegetarian,mixed,1,improve_stamina|carb_rich
Upma 4413,breakfast,302,8.6,22.0,10.4,vegetarian,bengali,1,balanced|beginner
Protein Shake 4414,snack,128,21.4,59.3,9.4,vegetarian,maharashtrian,1,muscle_gain|high_protein
Chicken Curry Rice 4415,lunch,521,6.6,69.3,16.3,non_vegetarian,gujarati,0,weight_loss|light
Grilled Chicken 4416,dinner,432,16.8,47.9,22.7,non_vegetarian,rajasthani,0,balanced|beginner
Fruit Bowl 4417,breakfast,389,13.3,64.7,20.9,vegan,kerala,0,weight_loss|light
Dal Tadka 4418,dinner,501,18.9,34.4,19.1,vegetarian,gujarati,0,balanced|beginner
Sabudana Khichdi 4419,breakfast,227,19.9,61.6,19.1,vegetarian,gujarati,0,improve_stamina|carb_rich
Vegetable Soup 4420,dinner,444,20.0,27.5,6.9,vegan,hyderabadi,1,weight_loss|light
Roti Sabji 4421,dinner,551,9.2,72.7,21.3,vegetarian,hyderabadi,0,weight_loss|light
Corn Chaat 4422,snack,257,38.7,28.9,18.1,vegan,maharashtrian,0,muscle_gain|high_protein
Vegetable Soup 4423,dinner,673,16.2,24.2,23.3,vegan,mixed,0,improve_stamina|carb_rich
Peanut Chaat 4424,snack,272,40.3,69.2,12.0,vegetarian,gujarati,1,muscle_gain|high_protein
Paneer Roti 4425,lunch,513,17.2,77.5,10.0,vegetarian,kerala,0,improve_stamina|carb_rich
Paneer Roti 4426,lunch,432,13.4,60.9,10.7,vegetarian,punjabi,1,weight_loss|light
Paneer Roti 4427,lunch,660,5.4,33.6,6.4,vegetarian,punjabi,0,improve_stamina|carb_rich
Fish Fry 4428,dinner,389,14.8,21.1,20.4,non_vegetarian,mixed,0,weight_loss|light
Dal Tadka 4429,dinner,683,15.5,43.2,14.3,vegetarian,south_indian,0,improve_stamina|carb_rich
Protein Shake 4430,snack,265,7.8,78.6,7.3,vegetarian,north_indian,1,weight_loss|light
Fruit Bowl 4431,breakfast,446,14.9,36.2,3.9,vegan,bengali,1,improve_stamina|carb_rich
Fruit Bowl 4432,breakfast,181,5.4,54.4,13.4,vegan,south_indian,1,balanced|beginner
Tofu Stir Fry 4433,lunch,589,10.4,43.4,18.3,vegan,north_indian,0,improve_stamina|carb_rich
Oats with Milk 4434,breakfast,288,19.7,25.3,15.0,vegetarian,rajasthani,1,balanced|beginner
Mixed Veg Curry 4435,dinner,471,6.9,44.7,18.1,vegetarian,gujarati,0,balanced|beginner
Paneer Roti 4436,lunch,443,8.2,40.5,21.5,vegetarian,north_indian,0,improve_stamina|carb_rich
Fruit Bowl 4437,breakfast,373,17.5,31.6,11.8,vegan,bengali,1,balanced|beginner
Masala Omelette 4438,breakfast,205,43.3,75.8,4.7,non_vegetarian,maharashtrian,1,muscle_gain|high_protein
Sprouts Salad 4439,snack,220,5.5,75.9,7.2,vegan,rajasthani,1,improve_stamina|carb_rich
Vegetable Khichdi 4440,lunch,683,38.1,73.7,13.3,vegetarian,maharashtrian,0,muscle_gain|high_protein
Paneer Roti 4441,lunch,681,15.4,64.4,9.6,vegetarian,gujarati,0,weight_loss|light
Corn Chaat 4442,snack,182,40.9,52.9,5.1,vegan,north_indian,1,muscle_gain|high_protein
Mixed Veg Curry 4443,dinner,423,12.0,26.9,3.7,vegetarian,punjabi,1,weight_loss|light
Roasted Chana 4444,snack,238,31.5,57.3,8.8,vegan,south_indian,1,muscle_gain|high_protein
Tofu Stir Fry 4445,lunch,357,17.4,62.3,16.3,vegan,bengali,1,improve_stamina|carb_rich
Sabudana Khichdi 4446,breakfast,374,30.7,56.2,11.2,vegetarian,south_indian,1,muscle_gain|high_protein
Sabudana Khichdi 4447,breakfast,317,16.9,79.0,6.2,vegetarian,gujarati,1,improve_stamina|carb_rich
Paneer Cubes 4448,snack,105,29.8,66.8,5.2,vegetarian,north_indian,1,muscle_gain|high_protein
Fish Fry 4449,dinner,505,13.0,49.5,19.3,non_vegetarian,bengali,0,weight_loss|light
Buttermilk 4450,snack,162,13.2,67.1,20.5,vegetarian,rajasthani,0,weight_loss|light
Vegetable Poha 4451,breakfast,204,15.6,55.3,4.3,vegetarian,bengali,1,weight_loss|light
Paneer Cubes 4452,snack,92,37.4,45.1,24.2,vegetarian,north_indian,0,muscle_gain|high_protein
Peanut Chaat 4453,snack,278,18.1,73.0,19.4,vegetarian,maharashtrian,0,improve_stamina|carb_rich
Fish Curry Rice 4454,lunch,497,13.2,76.1,18.7,non_vegetarian,bengali,0,balanced|beginner
Boiled Eggs 4455,snack,197,18.1,68.4,4.9,non_vegetarian,gujarati,1,improve_stamina|carb_rich
Thepla 4456,breakfast,369,17.7,41.6,20.9,vegetarian,hyderabadi,0,improve_stamina|carb_rich
Paneer Cubes 4457,snack,271,14.0,63.2,10.6,vegetarian,kerala,1,improve_stamina|carb_rich
Thepla 4458,breakfast,383,11.5,67.5,18.0,vegetarian,rajasthani,1,improve_stamina|carb_rich
Fish Fry 4459,dinner,600,35.3,60.4,9.5,non_vegetarian,maharashtrian,0,muscle_gain|high_protein
Rajma Chawal 4460,lunch,399,16.2,47.6,11.3,vegetarian,bengali,1,weight_loss|light
Tofu Stir Fry 4461,lunch,534,7.3,52.5,19.1,vegan,maharashtrian,0,improve_stamina|carb_rich
Vegetable Soup 4462,dinner,431,9.9,26.6,12.1,vegan,punjabi,1,improve_stamina|carb_rich
Vegetable Khichdi 4463,lunch,556,22.3,43.7,15.6,vegetarian,punjabi,0,muscle_gain|high_protein
Oats with Milk 4464,breakfast,234,43.3,34.9,5.6,vegetarian,maharashtrian,1,muscle_gain|high_protein
Sprouts Salad 4465,snack,289,42.6,32.8,21.3,vegan,bengali,0,muscle_gain|high_protein
Idli Sambar 4466,breakfast,199,9.5,75.1,8.6,vegetarian,maharashtrian,1,weight_loss|light
Tofu Curry 4467,dinner,386,9.4,79.7,14.4,vegan,mixed,1,weight_loss|light
Grilled Chicken 4468,dinner,409,5.1,39.1,20.1,non_vegetarian,punjabi,0,balanced|beginner
Oats with Milk 4469,breakfast,165,41.4,40.3,7.9,vegetarian,bengali,1,muscle_gain|high_protein
Kadhi Rice 4470,lunch,637,13.3,58.2,17.8,vegetarian,maharashtrian,0,balanced|beginner
Rajma Chawal 4471,lunch,459,6.6,28.2,18.8,vegetarian,kerala,0,balanced|beginner
Corn Chaat 4472,snack,199,30.5,50.7,12.3,vegan,kerala,1,muscle_gain|high_protein
Fish Fry 4473,dinner,616,6.3,38.6,12.6,non_vegetarian,rajasthani,0,weight_loss|light
Paneer Sandwich 4474,breakfast,226,12.7,73.2,24.5,vegetarian,maharashtrian,0,balanced|beginner
Tofu Scramble 4475,breakfast,279,5.4,36.1,21.9,vegan,gujarati,0,weight_loss|light
Idli Sambar 4476,breakfast,201,19.9,76.2,19.7,vegetarian,rajasthani,0,balanced|beginner
Tofu Scramble 4477,breakfast,410,8.8,44.3,16.4,vegan,bengali,1,improve_stamina|carb_rich
Vegetable Poha 4478,breakfast,426,6.2,73.8,4.1,vegetarian,gujarati,1,weight_loss|light
Idli Sambar 4479,breakfast,398,7.4,58.5,22.8,vegetarian,kerala,0,balanced|beginner
Paneer Roti 4480,lunch,547,12.0,73.9,23.6,vegetarian,maharashtrian,0,weight_loss|light
Vegetable Khichdi 4481,lunch,658,29.1,47.9,13.7,vegetarian,bengali,0,muscle_gain|high_protein
Chicken Curry Rice 4482,lunch,399,43.7,50.6,7.5,non_vegetarian,gujarati,1,muscle_gain|high_protein
Vegetable Poha 4483,breakfast,239,24.4,56.7,18.5,vegetarian,mixed,0,muscle_gain|high_protein
Oats with Milk 4484,breakfast,444,14.6,56.5,3.9,vegetarian,punjabi,1,weight_loss|light
Hyderabadi Biryani 4485,lunch,474,11.3,66.7,18.1,non_vegetarian,south_indian,0,weight_loss|light
Corn Chaat 4486,snack,291,15.2,59.2,17.0,vegan,bengali,1,improve_stamina|carb_rich
Tofu Curry 4487,dinner,401,14.8,61.5,14.6,vegan,south_indian,1,weight_loss|light
Chicken Curry Rice 4488,lunch,355,7.0,20.4,11.4,non_vegetarian,hyderabadi,1,balanced|beginner
Pav Bhaji 4489,lunch,697,16.6,41.4,7.7,vegetarian,south_indian,0,improve_stamina|carb_rich
Paneer Sandwich 4490,breakfast,342,16.9,47.8,23.8,vegetarian,gujarati,0,weight_loss|light
Boiled Eggs 4491,snack,121,16.6,26.4,15.7,non_vegetarian,maharashtrian,1,balanced|beginner
Roasted Chana 4492,snack,80,5.7,46.9,15.4,vegan,north_indian,1,weight_loss|light
Dal Rice 4493,lunch,392,13.6,27.2,19.2,vegetarian,maharashtrian,0,improve_stamina|carb_rich
Upma 4494,breakfast,224,16.1,42.3,11.6,vegetarian,kerala,1,balanced|beginner
Sprouts Salad 4495,snack,159,15.7,43.0,4.5,vegan,kerala,1,improve_stamina|carb_rich
Dal Tadka 4496,dinner,578,39.3,55.8,3.1,vegetarian,punjabi,0,muscle_gain|high_protein
Egg Curry 4497,dinner,541,14.3,29.4,19.9,non_vegetarian,rajasthani,0,improve_stamina|carb_rich
Hyderabadi Biryani 4498,lunch,696,18.2,20.4,16.2,non_vegetarian,maharashtrian,0,weight_loss|light
Idli Sambar 4499,breakfast,369,10.5,61.8,15.0,vegetarian,bengali,1,improve_stamina|carb_rich
Boiled Eggs 4500,snack,189,8.2,70.1,16.2,non_vegetarian,bengali,1,improve_stamina|carb_rich
Protein Shake 4501,snack,118,7.3,37.7,15.3,vegetarian,kerala,1,improve_stamina|carb_rich
Vegetable Poha 4502,breakfast,338,7.3,23.8,9.3,vegetarian,punjabi,1,balanced|beginner
Paneer Cubes 4503,snack,100,7.4,73.9,4.7,vegetarian,south_indian,1,weight_loss|light
Boiled Eggs 4504,snack,143,15.2,56.1,7.9,non_vegetarian,maharashtrian,1,improve_stamina|carb_rich
Tofu Scramble 4505,breakfast,439,6.1,42.9,9.1,vegan,south_indian,1,weight_loss|light
Egg Curry 4506,dinner,589,37.4,43.4,21.9,non_vegetarian,north_indian,0,muscle_gain|high_protein
Hyderabadi Biryani 4507,lunch,522,28.2,71.5,9.6,non_vegetarian,rajasthani,0,muscle_gain|high_protein
Mixed Veg Curry 4508,dinner,550,10.8,74.4,19.8,vegetarian,gujarati,0,balanced|beginner
Tofu Scramble 4509,breakfast,334,7.2,77.7,23.4,vegan,north_indian,0,improve_stamina|carb_rich
Vegetable Poha 4510,breakfast,391,9.4,49.1,14.8,vegetarian,punjabi,1,weight_loss|light
Vegetable Khichdi 4511,lunch,518,14.8,21.6,4.5,vegetarian,mixed,0,improve_stamina|carb_rich
Paneer Roti 4512,lunch,478,18.5,64.2,17.8,vegetarian,punjabi,1,improve_stamina|carb_rich
Paneer Bhurji 4513,dinner,606,15.1,22.7,19.7,vegetarian,punjabi,0,weight_loss|light
Idli Sambar 4514,breakfast,407,15.0,73.4,3.1,vegetarian,gujarati,1,weight_loss|light
Corn Chaat 4515,snack,292,17.9,40.7,9.9,vegan,mixed,1,improve_stamina|carb_rich
Dal Tadka 4516,dinner,374,7.4,61.7,19.0,vegetarian,south_indian,0,weight_loss|light
Idli Sambar 4517,breakfast,191,11.1,25.6,17.9,vegetarian,rajasthani,1,weight_loss|light
Fruit Bowl 4518,breakfast,168,9.6,43.2,14.3,vegan,maharashtrian,1,balanced|beginner
Paneer Cubes 4519,snack,286,30.1,26.7,23.1,vegetarian,mixed,0,muscle_gain|high_protein
Paneer Roti 4520,lunch,414,11.6,69.4,17.0,vegetarian,gujarati,1,weight_loss|light
Paneer Cubes 4521,snack,88,43.7,69.6,8.2,vegetarian,kerala,1,muscle_gain|high_protein
Paneer Roti 4522,lunch,616,15.8,32.5,22.1,vegetarian,maharashtrian,0,improve_stamina|carb_rich
Upma 4523,breakfast,299,7.8,66.6,19.9,vegetarian,mixed,0,improve_stamina|carb_rich
Fruit Salad 4524,snack,103,17.0,41.9,12.6,vegan,hyderabadi,1,balanced|beginner
Paneer Cubes 4525,snack,217,12.6,36.1,19.7,vegetarian,hyderabadi,0,balanced|beginner
Fish Fry 4526,dinner,690,9.4,34.4,17.3,non_vegetarian,north_indian,0,improve_stamina|carb_rich
Dal Tadka 4527,dinner,574,22.5,69.9,18.3,vegetarian,rajasthani,0,muscle_gain|high_protein
Fish Fry 4528,dinner,591,7.7,78.1,23.7,non_vegetarian,punjabi,0,improve_stamina|carb_rich
Fruit Salad 4529,snack,180,13.9,63.9,21.1,vegan,south_indian,0,balanced|beginner
Paneer Roti 4530,lunch,414,14.6,50.9,21.9,vegetarian,maharashtrian,0,balanced|beginner
Hyderabadi Biryani 4531,lunch,594,12.2,21.6,9.8,non_vegetarian,punjabi,0,balanced|beginner
Tofu Stir Fry 4532,lunch,698,12.4,30.4,18.4,vegan,gujarati,0,weight_loss|light
Roti Sabji 4533,dinner,368,12.8,26.7,22.8,vegetarian,mixed,0,weight_loss|light
Fruit Bowl 4534,breakfast,311,10.7,24.4,5.5,vegan,punjabi,1,weight_loss|light
Roti Sabji 4535,dinner,571,25.7,79.7,21.5,vegetarian,gujarati,0,muscle_gain|high_protein
Sabudana Khichdi 4536,breakfast,376,13.3,55.5,20.6,vegetarian,bengali,0,weight_loss|light
Vegetable Khichdi 4537,lunch,448,18.4,59.3,8.5,vegetarian,rajasthani,1,balanced|beginner
Dal Rice 4538,lunch,548,20.9,37.7,3.3,vegetarian,rajasthani,0,muscle_gain|high_protein
Idli Sambar 4539,breakfast,427,8.8,39.5,20.2,vegetarian,rajasthani,0,balanced|beginner
Mixed Veg Curry 4540,dinner,628,5.5,65.4,20.5,vegetarian,rajasthani,0,balanced|beginner
Egg Curry 4541,dinner,649,13.8,36.0,7.2,non_vegetarian,punjabi,0,weight_loss|light
Fish Fry 4542,dinner,672,12.1,24.0,6.4,non_vegetarian,south_indian,0,balanced|beginner
Oats with Milk 4543,breakfast,250,14.8,75.3,24.4,vegetarian,kerala,0,improve_stamina|carb_rich
Egg Curry 4544,dinner,550,6.3,41.8,11.3,non_vegetarian,north_indian,0,improve_stamina|carb_rich
Sabudana Khichdi 4545,breakfast,349,8.3,45.5,3.0,vegetarian,north_indian,1,balanced|beginner
Fruit Bowl 4546,breakfast,385,17.7,60.8,11.4,vegan,rajasthani,1,weight_loss|light
Kadhi Rice 4547,lunch,466,15.9,36.5,10.0,vegetarian,maharashtrian,1,weight_loss|light
Dal Tadka 4548,dinner,397,13.3,67.3,17.0,vegetarian,punjabi,1,weight_loss|light
Egg Curry 4549,dinner,357,38.8,44.1,19.8,non_vegetarian,north_indian,0,muscle_gain|high_protein
Dal Rice 4550,lunch,667,28.1,53.6,11.4,vegetarian,north_indian,0,muscle_gain|high_protein
Tofu Stir Fry 4551,lunch,615,16.9,72.3,9.6,vegan,mixed,0,balanced|beginner
Kadhi Rice 4552,lunch,670,11.7,78.5,20.5,vegetarian,kerala,0,improve_stamina|carb_rich
Paneer Cubes 4553,snack,103,5.0,33.7,19.7,vegetarian,south_indian,0,balanced|beginner
Egg Curry 4554,dinner,522,18.7,37.4,21.5,non_vegetarian,south_indian,0,weight_loss|light
Tofu Curry 4555,dinner,580,27.0,63.0,9.7,vegan,south_indian,0,muscle_gain|high_protein
Sprouts Salad 4556,snack,112,19.4,29.8,14.1,vegan,north_indian,1,balanced|beginner
Dal Rice 4557,lunch,640,7.6,39.9,22.3,vegetarian,rajasthani,0,weight_loss|light
Protein Shake 4558,snack,84,10.9,69.7,10.6,vegetarian,punjabi,1,improve_stamina|carb_rich
Pav Bhaji 4559,lunch,358,9.4,77.9,5.9,vegetarian,bengali,1,improve_stamina|carb_rich
Roti Sabji 4560,dinner,374,14.0,73.0,15.6,vegetarian,hyderabadi,1,improve_stamina|carb_rich
Dal Rice 4561,lunch,371,15.0,29.7,9.2,vegetarian,north_indian,1,improve_stamina|carb_rich
Paneer Bhurji 4562,dinner,471,6.8,79.5,17.9,vegetarian,rajasthani,1,weight_loss|light
Dal Tadka 4563,dinner,410,31.1,79.9,19.8,vegetarian,mixed,0,muscle_gain|high_protein
Roasted Chana 4564,snack,99,19.6,58.6,18.1,vegan,gujarati,0,muscle_gain|high_protein
Egg Curry 4565,dinner,380,16.4,54.8,6.5,non_vegetarian,mixed,1,balanced|beginner
Fruit Salad 4566,snack,183,14.1,56.2,23.4,vegan,north_indian,0,balanced|beginner
Idli Sambar 4567,breakfast,437,35.2,51.9,14.7,vegetarian,gujarati,1,muscle_gain|high_protein
Dal Tadka 4568,dinner,691,38.6,23.0,9.1,vegetarian,bengali,0,muscle_gain|high_protein
Paneer Sandwich 4569,breakfast,237,10.2,41.4,23.0,vegetarian,hyderabadi,0,improve_stamina|carb_rich
Vegetable Khichdi 4570,lunch,417,11.4,50.7,14.0,vegetarian,south_indian,1,improve_stamina|carb_rich
Tofu Stir Fry 4571,lunch,350,17.3,69.1,5.2,vegan,hyderabadi,1,weight_loss|light
Fish Fry 4572,dinner,522,9.0,65.8,24.1,non_vegetarian,punjabi,0,weight_loss|light
Masala Omelette 4573,breakfast,419,10.5,69.8,6.3,non_vegetarian,punjabi,1,balanced|beginner
Paneer Sandwich 4574,breakfast,193,6.5,47.1,11.5,vegetarian,punjabi,1,improve_stamina|carb_rich
Idli Sambar 4575,breakfast,152,5.5,78.6,14.1,vegetarian,north_indian,1,improve_stamina|carb_rich
Vegetable Soup 4576,dinner,672,8.9,65.3,11.4,vegan,north_indian,0,improve_stamina|carb_rich
Paneer Cubes 4577,snack,226,7.4,63.1,3.7,vegetarian,north_indian,1,improve_stamina|carb_rich
Fish Fry 4578,dinner,692,33.1,21.4,19.4,non_vegetarian,hyderabadi,0,muscle_gain|high_protein
Pav Bhaji 4579,lunch,688,13.9,43.9,10.3,vegetarian,maharashtrian,0,balanced|beginner
Tofu Stir Fry 4580,lunch,516,18.6,74.0,21.2,vegan,hyderabadi,0,weight_loss|light
Tofu Stir Fry 4581,lunch,672,28.0,74.8,11.3,vegan,gujarati,0,muscle_gain|high_protein
Fruit Salad 4582,snack,249,6.5,78.2,8.0,vegan,rajasthani,1,improve_stamina|carb_rich
Egg Curry 4583,dinner,661,6.2,79.3,12.6,non_vegetarian,north_indian,0,weight_loss|light
Kadhi Rice 4584,lunch,419,28.6,48.8,19.5,vegetarian,south_indian,0,muscle_gain|high_protein
Upma 4585,breakfast,428,43.0,62.8,14.7,vegetarian,hyderabadi,1,muscle_gain|high_protein
Egg Curry 4586,dinner,519,23.6,55.8,9.8,non_vegetarian,rajasthani,0,muscle_gain|high_protein
Buttermilk 4587,snack,272,13.0,74.7,21.4,vegetarian,bengali,0,balanced|beginner
Tofu Curry 4588,dinner,400,29.6,46.9,11.9,vegan,bengali,1,muscle_gain|high_protein
Fruit Salad 4589,snack,155,5.9,61.3,10.4,vegan,bengali,1,weight_loss|light
Vegetable Khichdi 4590,lunch,363,16.5,27.1,22.4,vegetarian,punjabi,0,balanced|beginner
Dal Rice 4591,lunch,649,17.8,28.5,6.6,vegetarian,south_indian,0,improve_stamina|carb_rich
Vegetable Soup 4592,dinner,432,16.2,39.8,21.4,vegan,bengali,0,weight_loss|light
Roti Sabji 4593,dinner,569,9.1,27.6,20.7,vegetarian,maharashtrian,0,balanced|beginner
Masala Omelette 4594,breakfast,254,6.9,67.7,24.2,non_vegetarian,hyderabadi,0,improve_stamina|carb_rich
Fruit Salad 4595,snack,177,14.3,33.5,4.8,vegan,kerala,1,balanced|beginner
Dal Rice 4596,lunch,516,11.4,26.2,14.8,vegetarian,north_indian,0,improve_stamina|carb_rich
Idli Sambar 4597,breakfast,183,7.2,51.2,5.3,vegetarian,maharashtrian,1,balanced|beginner
Boiled Eggs 4598,snack,193,12.5,65.0,4.8,non_vegetarian,hyderabadi,1,improve_stamina|carb_rich
Oats with Milk 4599,breakfast,188,31.0,78.2,17.3,vegetarian,south_indian,1,muscle_gain|high_protein
Tofu Scramble 4600,breakfast,371,32.8,21.7,11.6,vegan,hyderabadi,1,muscle_gain|high_protein
Peanut Chaat 4601,snack,287,34.4,60.7,15.0,vegetarian,south_indian,1,muscle_gain|high_protein
Corn Chaat 4602,snack,166,5.9,75.2,19.0,vegan,punjabi,0,weight_loss|light
Paneer Roti 4603,lunch,363,11.5,41.4,6.7,vegetarian,kerala,1,improve_stamina|carb_rich
Fruit Bowl 4604,breakfast,395,15.2,29.4,16.5,vegan,kerala,1,balanced|beginner
Fruit Salad 4605,snack,212,9.8,52.2,6.9,vegan,mixed,1,weight_loss|light
Paneer Bhurji 4606,dinner,357,11.2,73.1,21.5,vegetarian,hyderabadi,0,weight_loss|light
Fish Fry 4607,dinner,697,17.5,29.7,13.8,non_vegetarian,maharashtrian,0,weight_loss|light
Fruit Bowl 4608,breakfast,289,33.6,63.5,24.5,vegan,maharashtrian,0,muscle_gain|high_protein
Oats with Milk 4609,breakfast,354,14.0,24.9,4.1,vegetarian,north_indian,1,improve_stamina|carb_rich
Vegetable Poha 4610,breakfast,330,18.8,69.5,18.9,vegetarian,gujarati,0,weight_loss|light
Vegetable Poha 4611,breakfast,445,9.6,65.2,8.7,vegetarian,gujarati,1,weight_loss|light
Grilled Chicken 4612,dinner,388,30.0,57.6,20.0,non_vegetarian,south_indian,0,muscle_gain|high_protein
Fruit Bowl 4613,breakfast,377,34.2,61.2,7.7,vegan,south_indian,1,muscle_gain|high_protein
Upma 4614,breakfast,301,18.3,45.5,23.9,vegetarian,rajasthani,0,muscle_gain|high_protein
Vegetable Soup 4615,dinner,594,16.8,53.5,21.8,vegan,hyderabadi,0,balanced|beginner
Egg Curry 4616,dinner,364,11.0,74.8,15.2,non_vegetarian,north_indian,1,weight_loss|light
Paneer Roti 4617,lunch,434,17.5,39.0,4.0,vegetarian,bengali,1,improve_stamina|carb_rich
Dal Rice 4618,lunch,668,31.0,58.9,7.4,vegetarian,maharashtrian,0,muscle_gain|high_protein
Paneer Bhurji 4619,dinner,503,44.5,60.1,10.2,vegetarian,north_indian,0,muscle_gain|high_protein
Tofu Curry 4620,dinner,668,13.3,68.4,16.8,vegan,bengali,0,weight_loss|light
Sabudana Khichdi 4621,breakfast,449,40.8,72.5,10.8,vegetarian,rajasthani,1,muscle_gain|high_protein
Corn Chaat 4622,snack,94,8.7,62.5,17.6,vegan,rajasthani,1,weight_loss|light
Fruit Bowl 4623,breakfast,171,6.5,53.0,12.2,vegan,hyderabadi,1,balanced|beginner
Fish Fry 4624,dinner,648,10.6,25.6,7.9,non_vegetarian,bengali,0,weight_loss|light
Pav Bhaji 4625,lunch,426,14.3,36.4,18.4,vegetarian,maharashtrian,0,weight_loss|light
Dal Rice 4626,lunch,671,5.7,38.2,10.7,vegetarian,gujarati,0,weight_loss|light
Protein Shake 4627,snack,139,15.3,64.6,7.6,vegetarian,kerala,1,balanced|beginner
Fish Curry Rice 4628,lunch,385,10.1,64.9,14.5,non_vegetarian,hyderabadi,1,balanced|beginner
Tofu Scramble 4629,breakfast,202,6.5,25.8,10.5,vegan,mixed,1,balanced|beginner
Dal Rice 4630,lunch,577,8.4,58.0,22.1,vegetarian,hyderabadi,0,weight_loss|light
Roasted Chana 4631,snack,238,6.7,36.4,6.6,vegan,north_indian,1,improve_stamina|carb_rich
Mixed Veg Curry 4632,dinner,634,8.3,63.7,18.1,vegetarian,maharashtrian,0,improve_stamina|carb_rich
Idli Sambar 4633,breakfast,236,9.7,51.1,3.8,vegetarian,gujarati,1,balanced|beginner
Egg Curry 4634,dinner,559,9.4,56.4,19.1,non_vegetarian,mixed,0,balanced|beginner
Tofu Scramble 4635,breakfast,278,5.1,51.4,18.7,vegan,mixed,0,improve_stamina|carb_rich
Fruit Salad 4636,snack,219,29.4,21.8,10.8,vegan,punjabi,1,muscle_gain|high_protein
Fruit Bowl 4637,breakfast,373,17.3,55.0,21.6,vegan,south_indian,0,balanced|beginner
Upma 4638,breakfast,391,18.7,56.1,7.2,vegetarian,bengali,1,weight_loss|light
Vegetable Soup 4639,dinner,675,9.5,40.2,10.7,vegan,mixed,0,balanced|beginner
Pav Bhaji 4640,lunch,627,19.2,57.3,24.7,vegetarian,maharashtrian,0,balanced|beginner
Tofu Stir Fry 4641,lunch,421,5.9,25.8,14.9,vegan,rajasthani,1,balanced|beginner
Paneer Roti 4642,lunch,530,7.4,67.5,10.2,vegetarian,rajasthani,0,improve_stamina|carb_rich
Hyderabadi Biryani 4643,lunch,412,8.9,72.7,3.4,non_vegetarian,kerala,1,improve_stamina|carb_rich
Fish Fry 4644,dinner,381,7.0,38.1,5.4,non_vegetarian,maharashtrian,1,weight_loss|light
Fruit Salad 4645,snack,203,23.5,26.1,15.6,vegan,south_indian,1,muscle_gain|high_protein
Fish Fry 4646,dinner,448,7.5,35.2,11.1,non_vegetarian,north_indian,1,weight_loss|light
Paneer Cubes 4647,snack,291,17.1,65.8,23.8,vegetarian,north_indian,0,weight_loss|light
Vegetable Khichdi 4648,lunch,467,9.3,78.9,9.8,vegetarian,rajasthani,1,improve_stamina|carb_rich
Boiled Eggs 4649,snack,285,24.7,32.1,11.8,non_vegetarian,north_indian,1,muscle_gain|high_protein
Fruit Salad 4650,snack,200,38.0,79.0,7.4,vegan,rajasthani,1,muscle_gain|high_protein
Paneer Roti 4651,lunch,609,17.4,69.7,23.9,vegetarian,maharashtrian,0,balanced|beginner
Rajma Chawal 4652,lunch,375,12.9,67.7,18.4,vegetarian,mixed,0,improve_stamina|carb_rich
Tofu Stir Fry 4653,lunch,629,16.6,66.4,10.0,vegan,bengali,0,weight_loss|light
Vegetable Soup 4654,dinner,457,23.1,54.2,8.7,vegan,south_indian,1,muscle_gain|high_protein
Idli Sambar 4655,breakfast,437,17.7,61.3,4.1,vegetarian,hyderabadi,1,balanced|beginner
Fruit Bowl 4656,breakfast,167,10.8,21.7,16.5,vegan,gujarati,1,weight_loss|light
Mixed Veg Curry 4657,dinner,634,5.1,32.0,12.6,vegetarian,south_indian,0,improve_stamina|carb_rich
Hyderabadi Biryani 4658,lunch,613,19.9,66.2,11.4,non_vegetarian,maharashtrian,0,weight_loss|light
Protein Shake 4659,snack,290,8.3,60.5,12.2,vegetarian,gujarati,1,balanced|beginner
Vegetable Soup 4660,dinner,375,10.8,39.5,23.2,vegan,rajasthani,0,weight_loss|light
Roasted Chana 4661,snack,89,25.3,32.5,3.5,vegan,rajasthani,1,muscle_gain|high_protein
Tofu Scramble 4662,breakfast,200,25.6,58.0,8.9,vegan,punjabi,1,muscle_gain|high_protein
Buttermilk 4663,snack,193,5.2,30.4,24.4,vegetarian,north_indian,0,weight_loss|light
Dal Tadka 4664,dinner,427,17.9,79.5,20.2,vegetarian,north_indian,0,weight_loss|light
Roasted Chana 4665,snack,214,10.5,39.8,23.5,vegan,rajasthani,0,weight_loss|light
Grilled Chicken 4666,dinner,671,11.4,71.5,20.3,non_vegetarian,mixed,0,improve_stamina|carb_rich
Kadhi Rice 4667,lunch,689,39.6,33.2,12.3,vegetarian,rajasthani,0,muscle_gain|high_protein
Pav Bhaji 4668,lunch,439,32.1,78.8,19.1,vegetarian,rajasthani,0,muscle_gain|high_protein
Roasted Chana 4669,snack,287,18.7,29.5,20.4,vegan,north_indian,0,weight_loss|light
Vegetable Soup 4670,dinner,567,8.1,24.4,11.1,vegan,bengali,0,weight_loss|light
Vegetable Khichdi 4671,lunch,408,10.5,29.2,15.9,vegetarian,punjabi,1,weight_loss|light
Kadhi Rice 4672,lunch,474,13.2,24.5,4.5,vegetarian,bengali,1,weight_loss|light
Fish Curry Rice 4673,lunch,376,16.3,55.0,19.4,non_vegetarian,north_indian,0,weight_loss|light
Paneer Cubes 4674,snack,138,44.6,32.5,4.3,vegetarian,south_indian,1,muscle_gain|high_protein
Fish Fry 4675,dinner,366,7.6,75.5,9.3,non_vegetarian,rajasthani,1,weight_loss|light
Fish Curry Rice 4676,lunch,391,20.6,69.6,23.8,non_vegetarian,north_indian,0,muscle_gain|high_protein
Boiled Eggs 4677,snack,154,14.3,43.7,22.7,non_vegetarian,kerala,0,weight_loss|light
Paneer Sandwich 4678,breakfast,273,12.1,62.4,14.8,vegetarian,gujarati,1,balanced|beginner
Fruit Salad 4679,snack,286,12.8,36.1,23.0,vegan,south_indian,0,improve_stamina|carb_rich
Boiled Eggs 4680,snack,264,30.7,79.8,5.4,non_vegetarian,north_indian,1,muscle_gain|high_protein
Roasted Chana 4681,snack,194,21.3,36.8,20.2,vegan,gujarati,0,muscle_gain|high_protein
Dal Tadka 4682,dinner,506,10.8,42.2,17.4,vegetarian,maharashtrian,0,balanced|beginner
Protein Shake 4683,snack,208,7.2,54.0,12.8,vegetarian,south_indian,1,improve_stamina|carb_rich
Hyderabadi Biryani 4684,lunch,357,34.6,40.9,9.7,non_vegetarian,hyderabadi,1,muscle_gain|high_protein
Oats with Milk 4685,breakfast,336,13.6,25.7,24.2,vegetarian,south_indian,0,balanced|beginner
Peanut Chaat 4686,snack,189,24.8,40.8,7.1,vegetarian,kerala,1,muscle_gain|high_protein
Dal Tadka 4687,dinner,540,14.4,28.7,19.2,vegetarian,bengali,0,balanced|beginner
Tofu Scramble 4688,breakfast,384,19.8,65.2,14.1,vegan,north_indian,1,improve_stamina|carb_rich
Pav Bhaji 4689,lunch,420,28.9,63.1,14.2,vegetarian,hyderabadi,1,muscle_gain|high_protein
Roasted Chana 4690,snack,124,17.7,29.9,19.8,vegan,south_indian,0,improve_stamina|carb_rich
Pav Bhaji 4691,lunch,497,12.5,43.3,14.3,vegetarian,north_indian,1,improve_stamina|carb_rich
Kadhi Rice 4692,lunch,577,17.0,74.0,19.4,vegetarian,kerala,0,balanced|beginner
Buttermilk 4693,snack,166,10.3,31.4,7.5,vegetarian,mixed,1,weight_loss|light
Protein Shake 4694,snack,116,9.6,54.2,23.3,vegetarian,mixed,0,weight_loss|light
Oats with Milk 4695,breakfast,231,16.7,62.3,11.1,vegetarian,maharashtrian,1,balanced|beginner
Paneer Roti 4696,lunch,415,19.9,28.7,4.5,vegetarian,gujarati,1,balanced|beginner
Chicken Curry Rice 4697,lunch,475,16.4,33.1,15.0,non_vegetarian,north_indian,1,weight_loss|light
Fruit Salad 4698,snack,171,17.8,61.6,14.6,vegan,bengali,1,improve_stamina|carb_rich
Fish Curry Rice 4699,lunch,628,12.7,25.5,7.9,non_vegetarian,maharashtrian,0,balanced|beginner
Roasted Chana 4700,snack,275,17.0,41.3,24.3,vegan,north_indian,0,balanced|beginner
Hyderabadi Biryani 4701,lunch,576,5.6,58.0,11.1,non_vegetarian,maharashtrian,0,improve_stamina|carb_rich
Oats with Milk 4702,breakfast,258,13.8,47.7,17.0,vegetarian,north_indian,1,weight_loss|light
Vegetable Poha 4703,breakfast,423,19.6,31.3,17.4,vegetarian,south_indian,1,weight_loss|light
Mixed Veg Curry 4704,dinner,646,24.0,63.8,3.7,vegetarian,rajasthani,0,muscle_gain|high_protein
Fruit Bowl 4705,breakfast,182,7.3,41.8,20.0,vegan,hyderabadi,0,balanced|beginner
Pav Bhaji 4706,lunch,432,15.0,66.6,17.1,vegetarian,gujarati,1,improve_stamina|carb_rich
Roti Sabji 4707,dinner,690,19.9,38.5,8.5,vegetarian,kerala,0,weight_loss|light
Rajma Chawal 4708,lunch,359,6.3,44.3,11.0,vegetarian,mixed,1,balanced|beginner
Boiled Eggs 4709,snack,234,26.2,28.4,12.6,non_vegetarian,rajasthani,1,muscle_gain|high_protein
Roasted Chana 4710,snack,104,9.9,77.4,14.5,vegan,hyderabadi,1,balanced|beginner
Tofu Curry 4711,dinner,697,6.9,39.3,18.4,vegan,gujarati,0,improve_stamina|carb_rich
Peanut Chaat 4712,snack,197,28.5,21.7,5.0,vegetarian,maharashtrian,1,muscle_gain|high_protein
Fruit Bowl 4713,breakfast,242,12.8,36.7,23.4,vegan,hyderabadi,0,balanced|beginner
Tofu Scramble 4714,breakfast,299,17.7,31.3,20.1,vegan,mixed,0,balanced|beginner
Vegetable Poha 4715,breakfast,322,34.9,22.3,5.6,vegetarian,north_indian,1,muscle_gain|high_protein
Fruit Salad 4716,snack,299,6.8,22.8,15.2,vegan,punjabi,1,weight_loss|light
Hyderabadi Biryani 4717,lunch,470,9.2,63.1,18.7,non_vegetarian,north_indian,0,weight_loss|light
Dal Rice 4718,lunch,696,19.1,58.7,3.3,vegetarian,punjabi,0,muscle_gain|high_protein
Corn Chaat 4719,snack,179,19.9,73.7,20.6,vegan,maharashtrian,0,muscle_gain|high_protein
Vegetable Soup 4720,dinner,669,23.9,72.3,9.5,vegan,punjabi,0,muscle_gain|high_protein
Paneer Roti 4721,lunch,600,12.1,77.9,22.2,vegetarian,mixed,0,weight_loss|light
Rajma Chawal 4722,lunch,588,8.0,21.4,11.9,vegetarian,north_indian,0,weight_loss|light
Protein Shake 4723,snack,128,15.5,53.7,18.2,vegetarian,hyderabadi,0,balanced|beginner
Roasted Chana 4724,snack,183,16.7,63.9,11.1,vegan,north_indian,1,balanced|beginner
Buttermilk 4725,snack,103,16.5,53.9,5.9,vegetarian,north_indian,1,balanced|beginner
Mixed Veg Curry 4726,dinner,624,28.5,67.1,16.1,vegetarian,kerala,0,muscle_gain|high_protein
Vegetable Soup 4727,dinner,518,35.8,36.1,17.6,vegan,south_indian,0,muscle_gain|high_protein
Hyderabadi Biryani 4728,lunch,600,15.2,71.8,21.4,non_vegetarian,rajasthani,0,balanced|beginner
Peanut Chaat 4729,snack,104,11.8,33.5,18.6,vegetarian,maharashtrian,0,improve_stamina|carb_rich
Kadhi Rice 4730,lunch,681,19.2,72.6,3.1,vegetarian,bengali,0,muscle_gain|high_protein
Oats with Milk 4731,breakfast,394,5.4,45.1,10.0,vegetarian,south_indian,1,improve_stamina|carb_rich
Chicken Curry Rice 4732,lunch,378,6.9,66.9,9.0,non_vegetarian,gujarati,1,improve_stamina|carb_rich
Oats with Milk 4733,breakfast,291,31.5,53.1,15.4,vegetarian,gujarati,1,muscle_gain|high_protein
Boiled Eggs 4734,snack,170,32.6,64.3,15.3,non_vegetarian,punjabi,1,muscle_gain|high_protein
Roti Sabji 4735,dinner,654,20.1,21.4,7.5,vegetarian,hyderabadi,0,muscle_gain|high_protein
Sprouts Salad 4736,snack,138,11.5,22.5,3.1,vegan,south_indian,1,balanced|beginner
Vegetable Poha 4737,breakfast,321,19.7,51.3,11.9,vegetarian,hyderabadi,1,weight_loss|light
Dal Rice 4738,lunch,526,13.9,52.2,8.5,vegetarian,rajasthani,0,improve_stamina|carb_rich
Dal Tadka 4739,dinner,435,30.0,44.2,3.0,vegetarian,hyderabadi,1,muscle_gain|high_protein
Roasted Chana 4740,snack,132,19.1,61.2,3.7,vegan,maharashtrian,1,improve_stamina|carb_rich
Peanut Chaat 4741,snack,122,39.7,64.7,5.0,vegetarian,north_indian,1,muscle_gain|high_protein
Vegetable Soup 4742,dinner,696,27.8,62.0,19.2,vegan,south_indian,0,muscle_gain|high_protein
Masala Omelette 4743,breakfast,394,9.9,37.1,19.7,non_vegetarian,maharashtrian,0,improve_stamina|carb_rich
Thepla 4744,breakfast,398,38.2,22.8,12.6,vegetarian,kerala,1,muscle_gain|high_protein
Egg Curry 4745,dinner,394,11.7,52.8,16.3,non_vegetarian,punjabi,1,improve_stamina|carb_rich
Roasted Chana 4746,snack,205,22.8,34.6,10.7,vegan,gujarati,1,muscle_gain|high_protein
Boiled Eggs 4747,snack,199,14.5,47.9,12.7,non_vegetarian,punjabi,1,weight_loss|light
Oats with Milk 4748,breakfast,308,14.4,27.5,24.9,vegetarian,gujarati,0,balanced|beginner
Corn Chaat 4749,snack,153,19.0,34.6,4.7,vegan,mixed,1,improve_stamina|carb_rich
Vegetable Khichdi 4750,lunch,358,10.5,78.5,17.4,vegetarian,hyderabadi,1,balanced|beginner
Protein Shake 4751,snack,237,12.9,25.3,14.5,vegetarian,gujarati,1,weight_loss|light
Grilled Chicken 4752,dinner,449,13.3,55.3,3.1,non_vegetarian,gujarati,1,weight_loss|light
Sprouts Salad 4753,snack,291,7.2,27.0,20.2,vegan,gujarati,0,weight_loss|light
Egg Curry 4754,dinner,472,12.0,43.9,3.2,non_vegetarian,maharashtrian,1,improve_stamina|carb_rich
Corn Chaat 4755,snack,260,5.1,74.9,5.7,vegan,south_indian,1,balanced|beginner
Paneer Roti 4756,lunch,469,17.3,25.3,20.2,vegetarian,rajasthani,0,balanced|beginner
Paneer Cubes 4757,snack,191,12.2,31.6,14.7,vegetarian,maharashtrian,1,improve_stamina|carb_rich
Roti Sabji 4758,dinner,357,12.0,36.4,23.3,vegetarian,rajasthani,0,balanced|beginner
Chicken Curry Rice 4759,lunch,687,9.4,46.3,11.1,non_vegetarian,mixed,0,weight_loss|light
Sabudana Khichdi 4760,breakfast,242,26.6,50.9,7.0,vegetarian,south_indian,1,muscle_gain|high_protein
Sprouts Salad 4761,snack,137,29.3,45.2,16.2,vegan,bengali,1,muscle_gain|high_protein
Vegetable Soup 4762,dinner,468,14.9,28.5,10.6,vegan,bengali,1,balanced|beginner
Fish Fry 4763,dinner,623,15.5,61.9,21.8,non_vegetarian,south_indian,0,weight_loss|light
Buttermilk 4764,snack,137,11.7,65.3,18.8,vegetarian,hyderabadi,0,weight_loss|light
Idli Sambar 4765,breakfast,247,15.1,25.2,12.3,vegetarian,north_indian,1,balanced|beginner
Peanut Chaat 4766,snack,128,14.0,29.4,12.4,vegetarian,bengali,1,weight_loss|light
Sprouts Salad 4767,snack,173,5.4,57.4,21.1,vegan,bengali,0,improve_stamina|carb_rich
Fish Curry Rice 4768,lunch,608,11.5,67.4,4.7,non_vegetarian,hyderabadi,0,improve_stamina|carb_rich
Tofu Scramble 4769,breakfast,312,24.2,75.0,14.4,vegan,rajasthani,1,muscle_gain|high_protein
Oats with Milk 4770,breakfast,331,18.7,34.5,11.6,vegetarian,north_indian,1,weight_loss|light
Egg Curry 4771,dinner,489,18.1,78.3,11.4,non_vegetarian,punjabi,1,improve_stamina|carb_rich
Roti Sabji 4772,dinner,537,10.7,21.4,16.9,vegetarian,rajasthani,0,balanced|beginner
Pav Bhaji 4773,lunch,359,11.1,23.7,4.5,vegetarian,hyderabadi,1,weight_loss|light
Sprouts Salad 4774,snack,145,18.1,57.5,6.8,vegan,rajasthani,1,weight_loss|light
Upma 4775,breakfast,250,36.3,34.8,3.1,vegetarian,bengali,1,muscle_gain|high_protein
Tofu Curry 4776,dinner,679,8.7,68.6,13.2,vegan,hyderabadi,0,improve_stamina|carb_rich
Fruit Bowl 4777,breakfast,407,13.0,26.8,4.4,vegan,south_indian,1,improve_stamina|carb_rich
Grilled Chicken 4778,dinner,647,5.0,68.3,5.1,non_vegetarian,maharashtrian,0,weight_loss|light
Grilled Chicken 4779,dinner,632,18.6,67.3,8.0,non_vegetarian,punjabi,0,weight_loss|light
Oats with Milk 4780,breakfast,158,12.2,46.4,23.6,vegetarian,maharashtrian,0,balanced|beginner
Buttermilk 4781,snack,187,39.9,78.6,11.6,vegetarian,gujarati,1,muscle_gain|high_protein
Chicken Curry Rice 4782,lunch,368,29.6,50.3,6.4,non_vegetarian,maharashtrian,1,muscle_gain|high_protein
Paneer Sandwich 4783,breakfast,244,9.0,72.6,9.0,vegetarian,north_indian,1,improve_stamina|carb_rich
Vegetable Soup 4784,dinner,414,18.3,50.2,24.9,vegan,gujarati,0,balanced|beginner
Buttermilk 4785,snack,89,36.0,53.0,7.3,vegetarian,maharashtrian,1,muscle_gain|high_protein
Egg Curry 4786,dinner,358,18.8,76.2,18.6,non_vegetarian,north_indian,0,balanced|beginner
Tofu Stir Fry 4787,lunch,494,17.5,33.9,25.0,vegan,gujarati,0,balanced|beginner
Tofu Curry 4788,dinner,615,14.0,63.9,13.9,vegan,south_indian,0,balanced|beginner
Boiled Eggs 4789,snack,183,27.2,59.1,17.7,non_vegetarian,kerala,1,muscle_gain|high_protein
Kadhi Rice 4790,lunch,464,15.6,79.8,6.4,vegetarian,north_indian,1,improve_stamina|carb_rich
Vegetable Poha 4791,breakfast,309,19.3,25.9,19.8,vegetarian,south_indian,0,muscle_gain|high_protein
Paneer Cubes 4792,snack,193,17.6,22.7,7.2,vegetarian,rajasthani,1,balanced|beginner
Fruit Salad 4793,snack,226,11.0,52.3,13.8,vegan,north_indian,1,balanced|beginner
Fish Curry Rice 4794,lunch,543,10.1,70.8,19.5,non_vegetarian,hyderabadi,0,improve_stamina|carb_rich
Oats with Milk 4795,breakfast,181,17.7,57.2,24.9,vegetarian,bengali,0,balanced|beginner
Paneer Roti 4796,lunch,479,13.0,38.1,3.4,vegetarian,bengali,1,improve_stamina|carb_rich
Fruit Salad 4797,snack,173,34.0,57.3,15.8,vegan,south_indian,1,muscle_gain|high_protein
Pav Bhaji 4798,lunch,369,32.3,63.8,13.6,vegetarian,south_indian,1,muscle_gain|high_protein
Boiled Eggs 4799,snack,257,7.7,54.2,19.4,non_vegetarian,gujarati,0,improve_stamina|carb_rich
Pav Bhaji 4800,lunch,567,12.8,28.9,18.5,vegetarian,hyderabadi,0,weight_loss|light
Chicken Curry Rice 4801,lunch,392,13.1,33.1,6.5,non_vegetarian,north_indian,1,improve_stamina|carb_rich
Paneer Cubes 4802,snack,272,35.8,77.9,14.5,vegetarian,gujarati,1,muscle_gain|high_protein
Thepla 4803,breakfast,330,13.4,64.3,15.1,vegetarian,maharashtrian,1,balanced|beginner
Hyderabadi Biryani 4804,lunch,402,6.5,66.7,10.2,non_vegetarian,rajasthani,1,weight_loss|light
Chicken Curry Rice 4805,lunch,426,11.5,54.0,17.0,non_vegetarian,kerala,1,balanced|beginner
Oats with Milk 4806,breakfast,296,14.9,22.3,17.2,vegetarian,north_indian,1,balanced|beginner
Vegetable Khichdi 4807,lunch,356,15.2,70.4,7.4,vegetarian,mixed,1,balanced|beginner
Buttermilk 4808,snack,187,10.9,40.2,18.2,vegetarian,north_indian,0,weight_loss|light
Paneer Bhurji 4809,dinner,503,15.4,26.4,7.9,vegetarian,gujarati,0,improve_stamina|carb_rich
Roasted Chana 4810,snack,257,21.5,25.3,8.7,vegan,bengali,1,muscle_gain|high_protein
Chicken Curry Rice 4811,lunch,622,20.9,23.3,13.9,non_vegetarian,maharashtrian,0,muscle_gain|high_protein
Buttermilk 4812,snack,115,37.8,20.2,24.5,vegetarian,bengali,0,muscle_gain|high_protein
Masala Omelette 4813,breakfast,183,12.8,72.4,16.4,non_vegetarian,kerala,1,weight_loss|light
Egg Curry 4814,dinner,630,12.5,70.5,15.5,non_vegetarian,rajasthani,0,balanced|beginner
Idli Sambar 4815,breakfast,348,16.7,77.9,23.1,vegetarian,south_indian,0,balanced|beginner
Egg Curry 4816,dinner,400,41.0,45.0,15.2,non_vegetarian,maharashtrian,1,muscle_gain|high_protein
Paneer Roti 4817,lunch,660,42.9,64.6,3.6,vegetarian,mixed,0,muscle_gain|high_protein
Vegetable Khichdi 4818,lunch,371,15.3,26.0,22.8,vegetarian,punjabi,0,improve_stamina|carb_rich
Kadhi Rice 4819,lunch,693,10.4,34.0,24.7,vegetarian,rajasthani,0,balanced|beginner
Egg Curry 4820,dinner,481,5.4,59.6,13.6,non_vegetarian,mixed,1,weight_loss|light
Mixed Veg Curry 4821,dinner,500,7.0,72.5,17.4,vegetarian,south_indian,1,weight_loss|light
Dal Tadka 4822,dinner,434,13.8,35.1,6.0,vegetarian,south_indian,1,weight_loss|light
Fruit Bowl 4823,breakfast,387,6.0,58.2,10.2,vegan,maharashtrian,1,improve_stamina|carb_rich
Tofu Scramble 4824,breakfast,416,7.2,79.0,22.5,vegan,gujarati,0,improve_stamina|carb_rich
Protein Shake 4825,snack,132,8.5,69.6,11.9,vegetarian,punjabi,1,improve_stamina|carb_rich
Oats with Milk 4826,breakfast,187,33.5,68.1,15.6,vegetarian,gujarati,1,muscle_gain|high_protein
Oats with Milk 4827,breakfast,394,10.2,63.1,21.0,vegetarian,kerala,0,weight_loss|light
Egg Curry 4828,dinner,384,13.3,47.0,23.0,non_vegetarian,mixed,0,balanced|beginner
Upma 4829,breakfast,405,8.5,77.4,20.0,vegetarian,punjabi,0,weight_loss|light
Egg Curry 4830,dinner,643,23.0,79.7,14.1,non_vegetarian,punjabi,0,muscle_gain|high_protein
Idli Sambar 4831,breakfast,150,21.6,57.5,9.6,vegetarian,south_indian,1,muscle_gain|high_protein
Vegetable Soup 4832,dinner,693,8.1,27.1,24.5,vegan,north_indian,0,improve_stamina|carb_rich
Hyderabadi Biryani 4833,lunch,394,11.4,70.6,22.7,non_vegetarian,rajasthani,0,weight_loss|light
Buttermilk 4834,snack,154,17.7,76.5,18.7,vegetarian,gujarati,0,balanced|beginner
Fruit Salad 4835,snack,119,17.5,60.9,23.4,vegan,hyderabadi,0,weight_loss|light
Sprouts Salad 4836,snack,297,16.8,43.1,20.6,vegan,north_indian,0,balanced|beginner
Oats with Milk 4837,breakfast,374,12.1,41.5,14.4,vegetarian,bengali,1,improve_stamina|carb_rich
Egg Curry 4838,dinner,598,5.7,29.1,5.0,non_vegetarian,kerala,0,balanced|beginner
Fish Curry Rice 4839,lunch,438,17.9,29.7,9.4,non_vegetarian,bengali,1,balanced|beginner
Tofu Curry 4840,dinner,618,12.6,69.4,9.9,vegan,punjabi,0,weight_loss|light
Upma 4841,breakfast,254,17.6,52.4,21.5,vegetarian,punjabi,0,weight_loss|light
Corn Chaat 4842,snack,186,26.7,47.5,13.5,vegan,gujarati,1,muscle_gain|high_protein
Upma 4843,breakfast,224,12.0,55.0,8.9,vegetarian,kerala,1,balanced|beginner
Rajma Chawal 4844,lunch,432,6.0,58.3,5.1,vegetarian,north_indian,1,balanced|beginner
Oats with Milk 4845,breakfast,278,26.8,61.8,8.2,vegetarian,punjabi,1,muscle_gain|high_protein
Fruit Bowl 4846,breakfast,168,15.5,28.8,9.9,vegan,south_indian,1,balanced|beginner
Grilled Chicken 4847,dinner,537,35.3,35.4,19.2,non_vegetarian,kerala,0,muscle_gain|high_protein
Vegetable Khichdi 4848,lunch,522,5.9,52.1,16.8,vegetarian,bengali,0,balanced|beginner
Protein Shake 4849,snack,231,8.1,63.5,9.2,vegetarian,hyderabadi,1,balanced|beginner
Tofu Curry 4850,dinner,695,18.0,53.4,20.5,vegan,bengali,0,improve_stamina|carb_rich
Mixed Veg Curry 4851,dinner,429,6.3,32.2,13.2,vegetarian,maharashtrian,1,improve_stamina|carb_rich
Grilled Chicken 4852,dinner,616,33.1,44.1,12.2,non_vegetarian,mixed,0,muscle_gain|high_protein
Mixed Veg Curry 4853,dinner,394,5.3,71.5,3.7,vegetarian,maharashtrian,1,balanced|beginner
Hyderabadi Biryani 4854,lunch,682,14.9,33.9,23.7,non_vegetarian,hyderabadi,0,weight_loss|light
Roasted Chana 4855,snack,93,36.0,37.7,22.8,vegan,north_indian,0,muscle_gain|high_protein
Fruit Salad 4856,snack,175,33.2,34.1,22.7,vegan,rajasthani,0,muscle_gain|high_protein
Paneer Sandwich 4857,breakfast,298,17.4,60.7,16.7,vegetarian,south_indian,1,balanced|beginner
Rajma Chawal 4858,lunch,431,44.4,67.5,3.4,vegetarian,bengali,1,muscle_gain|high_protein
Oats with Milk 4859,breakfast,251,9.1,58.8,15.5,vegetarian,rajasthani,1,balanced|beginner
Roti Sabji 4860,dinner,525,7.2,40.1,24.3,vegetarian,maharashtrian,0,weight_loss|light
Vegetable Soup 4861,dinner,517,16.9,51.4,19.7,vegan,south_indian,0,balanced|beginner
Grilled Chicken 4862,dinner,520,7.0,29.9,11.6,non_vegetarian,hyderabadi,0,weight_loss|light
Dal Rice 4863,lunch,564,15.4,40.9,3.1,vegetarian,north_indian,0,weight_loss|light
Corn Chaat 4864,snack,165,13.7,55.3,17.8,vegan,punjabi,1,improve_stamina|carb_rich
Fruit Bowl 4865,breakfast,299,9.1,35.0,12.5,vegan,kerala,1,balanced|beginner
Fish Curry Rice 4866,lunch,368,13.3,43.6,11.3,non_vegetarian,gujarati,1,weight_loss|light
Pav Bhaji 4867,lunch,563,11.1,57.7,21.7,vegetarian,rajasthani,0,weight_loss|light
Tofu Curry 4868,dinner,373,19.5,26.5,7.5,vegan,punjabi,1,muscle_gain|high_protein
Paneer Roti 4869,lunch,393,19.7,71.1,13.1,vegetarian,south_indian,1,weight_loss|light
Vegetable Poha 4870,breakfast,187,14.0,37.8,5.2,vegetarian,kerala,1,weight_loss|light
Roasted Chana 4871,snack,165,8.1,34.1,15.0,vegan,maharashtrian,1,balanced|beginner
Chicken Curry Rice 4872,lunch,677,27.2,65.0,24.2,non_vegetarian,north_indian,0,muscle_gain|high_protein
Tofu Stir Fry 4873,lunch,410,18.8,58.2,4.7,vegan,gujarati,1,balanced|beginner
Fruit Salad 4874,snack,103,19.6,20.8,11.6,vegan,maharashtrian,1,balanced|beginner
Peanut Chaat 4875,snack,108,12.9,31.7,12.0,vegetarian,punjabi,1,improve_stamina|carb_rich
Vegetable Khichdi 4876,lunch,403,5.7,24.3,20.8,vegetarian,mixed,0,balanced|beginner
Dal Rice 4877,lunch,597,19.8,24.9,11.4,vegetarian,rajasthani,0,weight_loss|light
Dal Rice 4878,lunch,579,6.6,39.0,11.8,vegetarian,north_indian,0,balanced|beginner
Tofu Stir Fry 4879,lunch,479,5.8,51.5,18.4,vegan,maharashtrian,0,improve_stamina|carb_rich
Dal Tadka 4880,dinner,362,8.0,26.3,24.0,vegetarian,maharashtrian,0,improve_stamina|carb_rich
Roti Sabji 4881,dinner,552,25.8,20.3,14.0,vegetarian,punjabi,0,muscle_gain|high_protein
Idli Sambar 4882,breakfast,270,14.5,63.9,18.8,vegetarian,north_indian,0,improve_stamina|carb_rich
Oats with Milk 4883,breakfast,302,12.0,37.8,4.1,vegetarian,hyderabadi,1,balanced|beginner
Roasted Chana 4884,snack,198,5.5,23.1,7.1,vegan,kerala,1,balanced|beginner
Roasted Chana 4885,snack,107,19.9,27.0,23.2,vegan,gujarati,0,muscle_gain|high_protein
Paneer Roti 4886,lunch,377,25.2,23.7,24.4,vegetarian,mixed,0,muscle_gain|high_protein
Vegetable Soup 4887,dinner,469,30.9,31.2,19.0,vegan,bengali,0,muscle_gain|high_protein
Roti Sabji 4888,dinner,442,11.8,37.2,24.3,vegetarian,bengali,0,weight_loss|light
Upma 4889,breakfast,164,14.3,27.5,4.4,vegetarian,kerala,1,weight_loss|light
Idli Sambar 4890,breakfast,184,8.3,49.1,13.2,vegetarian,gujarati,1,balanced|beginner
Grilled Chicken 4891,dinner,572,19.6,36.6,3.9,non_vegetarian,gujarati,0,weight_loss|light
Chicken Curry Rice 4892,lunch,547,13.6,32.3,7.0,non_vegetarian,mixed,0,improve_stamina|carb_rich
Sabudana Khichdi 4893,breakfast,303,16.1,62.0,3.0,vegetarian,bengali,1,improve_stamina|carb_rich
Chicken Curry Rice 4894,lunch,521,6.6,61.3,12.2,non_vegetarian,maharashtrian,0,improve_stamina|carb_rich
Sprouts Salad 4895,snack,113,44.2,35.8,20.3,vegan,punjabi,0,muscle_gain|high_protein
Hyderabadi Biryani 4896,lunch,490,25.7,38.0,18.2,non_vegetarian,maharashtrian,0,muscle_gain|high_protein
Vegetable Soup 4897,dinner,488,13.3,54.9,14.5,vegan,maharashtrian,1,improve_stamina|carb_rich
Fruit Bowl 4898,breakfast,448,37.2,61.3,13.5,vegan,hyderabadi,1,muscle_gain|high_protein
Paneer Cubes 4899,snack,102,33.0,28.0,8.2,vegetarian,north_indian,1,muscle_gain|high_protein
Sprouts Salad 4900,snack,154,7.8,55.8,19.2,vegan,hyderabadi,0,balanced|beginner
Fruit Salad 4901,snack,237,10.4,42.7,24.3,vegan,bengali,0,weight_loss|light
Tofu Curry 4902,dinner,532,10.5,36.6,21.7,vegan,maharashtrian,0,improve_stamina|carb_rich
Vegetable Soup 4903,dinner,614,19.3,65.3,13.3,vegan,kerala,0,balanced|beginner
Roti Sabji 4904,dinner,491,11.8,40.2,18.6,vegetarian,south_indian,0,improve_stamina|carb_rich
Hyderabadi Biryani 4905,lunch,596,7.7,60.0,7.3,non_vegetarian,maharashtrian,0,weight_loss|light
Pav Bhaji 4906,lunch,643,42.6,58.5,3.2,vegetarian,north_indian,0,muscle_gain|high_protein
Fish Curry Rice 4907,lunch,544,9.3,55.3,19.6,non_vegetarian,rajasthani,0,weight_loss|light
Chicken Curry Rice 4908,lunch,545,15.8,68.7,20.1,non_vegetarian,south_indian,0,improve_stamina|carb_rich
Buttermilk 4909,snack,152,5.8,24.2,9.1,vegetarian,south_indian,1,balanced|beginner
Peanut Chaat 4910,snack,208,41.0,50.4,14.4,vegetarian,kerala,1,muscle_gain|high_protein
Vegetable Soup 4911,dinner,364,5.5,54.9,20.7,vegan,south_indian,0,improve_stamina|carb_rich
Upma 4912,breakfast,349,23.6,57.1,23.8,vegetarian,mixed,0,muscle_gain|high_protein
Corn Chaat 4913,snack,136,16.3,33.6,4.2,vegan,rajasthani,1,improve_stamina|carb_rich
Idli Sambar 4914,breakfast,349,6.4,28.6,3.6,vegetarian,bengali,1,weight_loss|light
Grilled Chicken 4915,dinner,378,42.8,46.9,5.0,non_vegetarian,gujarati,1,muscle_gain|high_protein
Chicken Curry Rice 4916,lunch,460,17.0,46.1,9.2,non_vegetarian,hyderabadi,1,improve_stamina|carb_rich
Fish Curry Rice 4917,lunch,493,14.1,78.8,22.9,non_vegetarian,south_indian,0,improve_stamina|carb_rich
Tofu Stir Fry 4918,lunch,695,10.3,52.0,10.4,vegan,kerala,0,improve_stamina|carb_rich
Tofu Scramble 4919,breakfast,374,16.6,60.1,22.1,vegan,rajasthani,0,balanced|beginner
Roti Sabji 4920,dinner,691,17.7,57.0,13.2,vegetarian,punjabi,0,weight_loss|light
Masala Omelette 4921,breakfast,416,9.9,28.6,7.8,non_vegetarian,punjabi,1,weight_loss|light
Tofu Scramble 4922,breakfast,365,19.5,21.6,8.7,vegan,mixed,1,weight_loss|light
Fruit Bowl 4923,breakfast,444,19.2,70.4,17.9,vegan,maharashtrian,1,balanced|beginner
Buttermilk 4924,snack,162,13.9,69.4,19.7,vegetarian,hyderabadi,0,balanced|beginner
Pav Bhaji 4925,lunch,549,19.3,32.6,24.6,vegetarian,rajasthani,0,weight_loss|light
Sprouts Salad 4926,snack,129,19.6,61.7,4.8,vegan,kerala,1,improve_stamina|carb_rich
Grilled Chicken 4927,dinner,419,15.1,32.0,12.3,non_vegetarian,rajasthani,1,weight_loss|light
Paneer Bhurji 4928,dinner,374,9.5,37.8,15.6,vegetarian,kerala,1,improve_stamina|carb_rich
Grilled Chicken 4929,dinner,386,7.0,24.9,8.7,non_vegetarian,mixed,1,improve_stamina|carb_rich
Roti Sabji 4930,dinner,443,22.1,55.2,12.9,vegetarian,rajasthani,1,muscle_gain|high_protein
Fish Fry 4931,dinner,497,15.1,66.6,3.1,non_vegetarian,maharashtrian,1,improve_stamina|carb_rich
Chicken Curry Rice 4932,lunch,562,12.2,59.6,14.4,non_vegetarian,bengali,0,weight_loss|light
Fish Curry Rice 4933,lunch,365,11.8,29.8,23.0,non_vegetarian,maharashtrian,0,weight_loss|light
Peanut Chaat 4934,snack,137,15.4,45.9,13.1,vegetarian,north_indian,1,balanced|beginner
Upma 4935,breakfast,381,11.1,50.1,17.0,vegetarian,mixed,1,improve_stamina|carb_rich
Paneer Cubes 4936,snack,299,15.9,51.3,8.8,vegetarian,rajasthani,1,weight_loss|light
Boiled Eggs 4937,snack,83,8.5,44.9,22.2,non_vegetarian,gujarati,0,weight_loss|light
Pav Bhaji 4938,lunch,472,8.0,51.1,18.2,vegetarian,mixed,0,weight_loss|light
Chicken Curry Rice 4939,lunch,620,15.7,28.9,9.6,non_vegetarian,mixed,0,improve_stamina|carb_rich
Vegetable Poha 4940,breakfast,386,9.8,35.5,3.1,vegetarian,mixed,1,weight_loss|light
Sprouts Salad 4941,snack,83,9.6,78.0,14.8,vegan,maharashtrian,1,improve_stamina|carb_rich
Mixed Veg Curry 4942,dinner,691,7.1,76.0,9.5,vegetarian,hyderabadi,0,improve_stamina|carb_rich
Boiled Eggs 4943,snack,116,12.4,75.3,21.7,non_vegetarian,mixed,0,improve_stamina|carb_rich
Protein Shake 4944,snack,153,12.7,26.3,21.8,vegetarian,hyderabadi,0,improve_stamina|carb_rich
Roti Sabji 4945,dinner,588,10.1,47.4,20.7,vegetarian,maharashtrian,0,improve_stamina|carb_rich
Paneer Sandwich 4946,breakfast,237,8.7,48.1,21.5,vegetarian,mixed,0,improve_stamina|carb_rich
Paneer Sandwich 4947,breakfast,349,42.4,46.6,15.9,vegetarian,maharashtrian,1,muscle_gain|high_protein
Fruit Salad 4948,snack,253,15.4,63.8,20.3,vegan,punjabi,0,balanced|beginner
Grilled Chicken 4949,dinner,520,30.6,65.0,10.5,non_vegetarian,hyderabadi,0,muscle_gain|high_protein
Hyderabadi Biryani 4950,lunch,353,8.6,45.8,12.0,non_vegetarian,south_indian,1,improve_stamina|carb_rich
Upma 4951,breakfast,198,7.1,79.5,23.8,vegetarian,bengali,0,improve_stamina|carb_rich
Chicken Curry Rice 4952,lunch,554,19.9,65.0,4.8,non_vegetarian,maharashtrian,0,muscle_gain|high_protein
Peanut Chaat 4953,snack,124,18.9,64.9,24.8,vegetarian,gujarati,0,muscle_gain|high_protein
Paneer Sandwich 4954,breakfast,193,15.9,27.0,12.2,vegetarian,north_indian,1,improve_stamina|carb_rich
Roti Sabji 4955,dinner,399,19.9,76.9,8.8,vegetarian,gujarati,1,balanced|beginner
Fruit Bowl 4956,breakfast,428,37.7,35.9,3.9,vegan,kerala,1,muscle_gain|high_protein
Masala Omelette 4957,breakfast,432,19.5,71.0,8.1,non_vegetarian,punjabi,1,improve_stamina|carb_rich
Pav Bhaji 4958,lunch,568,16.8,42.4,15.2,vegetarian,south_indian,0,weight_loss|light
Fish Fry 4959,dinner,651,20.0,59.0,22.2,non_vegetarian,north_indian,0,balanced|beginner
Chicken Curry Rice 4960,lunch,385,14.2,47.9,22.0,non_vegetarian,south_indian,0,weight_loss|light
Upma 4961,breakfast,405,15.5,38.5,4.0,vegetarian,south_indian,1,improve_stamina|carb_rich
Dal Rice 4962,lunch,686,10.1,37.4,10.8,vegetarian,maharashtrian,0,balanced|beginner
Roti Sabji 4963,dinner,592,12.2,48.5,22.3,vegetarian,hyderabadi,0,improve_stamina|carb_rich
Rajma Chawal 4964,lunch,617,14.5,23.4,17.3,vegetarian,punjabi,0,weight_loss|light
Hyderabadi Biryani 4965,lunch,511,18.7,50.1,3.1,non_vegetarian,maharashtrian,0,muscle_gain|high_protein
Sabudana Khichdi 4966,breakfast,396,20.1,49.4,9.5,vegetarian,bengali,1,muscle_gain|high_protein
Dal Rice 4967,lunch,407,19.9,43.2,7.9,vegetarian,mixed,1,muscle_gain|high_protein
Paneer Roti 4968,lunch,556,17.3,75.2,8.3,vegetarian,gujarati,0,weight_loss|light
Upma 4969,breakfast,216,5.4,56.5,4.8,vegetarian,kerala,1,improve_stamina|carb_rich
Buttermilk 4970,snack,228,5.8,50.2,11.5,vegetarian,north_indian,1,balanced|beginner
Fruit Bowl 4971,breakfast,417,9.0,56.3,14.6,vegan,punjabi,1,improve_stamina|carb_rich
Mixed Veg Curry 4972,dinner,354,5.8,77.0,23.3,vegetarian,maharashtrian,0,balanced|beginner
Idli Sambar 4973,breakfast,327,15.2,62.2,17.1,vegetarian,north_indian,1,balanced|beginner
Fruit Salad 4974,snack,91,18.2,33.9,5.7,vegan,south_indian,1,improve_stamina|carb_rich
Pav Bhaji 4975,lunch,678,5.5,61.9,22.9,vegetarian,mixed,0,weight_loss|light
Grilled Chicken 4976,dinner,570,39.4,77.6,5.7,non_vegetarian,bengali,0,muscle_gain|high_protein
Tofu Scramble 4977,breakfast,222,29.7,31.7,5.8,vegan,south_indian,1,muscle_gain|high_protein
Fruit Bowl 4978,breakfast,312,16.9,53.6,12.1,vegan,gujarati,1,weight_loss|light
Boiled Eggs 4979,snack,132,22.6,33.7,24.8,non_vegetarian,south_indian,0,muscle_gain|high_protein
Paneer Bhurji 4980,dinner,464,17.4,40.1,13.1,vegetarian,gujarati,1,balanced|beginner
Vegetable Soup 4981,dinner,565,20.0,37.3,21.3,vegan,north_indian,0,weight_loss|light
Buttermilk 4982,snack,216,7.2,35.7,9.1,vegetarian,north_indian,1,balanced|beginner
Tofu Stir Fry 4983,lunch,643,14.2,21.2,20.2,vegan,rajasthani,0,balanced|beginner
Thepla 4984,breakfast,422,8.1,48.5,8.3,vegetarian,rajasthani,1,weight_loss|light
Sprouts Salad 4985,snack,97,12.0,20.6,10.7,vegan,punjabi,1,balanced|beginner
Tofu Scramble 4986,breakfast,407,6.0,22.3,15.7,vegan,north_indian,1,weight_loss|light
Oats with Milk 4987,breakfast,247,7.7,67.0,20.4,vegetarian,bengali,0,weight_loss|light
Fish Fry 4988,dinner,609,9.5,28.3,4.7,non_vegetarian,mixed,0,balanced|beginner
Protein Shake 4989,snack,173,9.3,65.9,9.1,vegetarian,hyderabadi,1,weight_loss|light
Egg Curry 4990,dinner,362,7.9,74.1,16.2,non_vegetarian,gujarati,1,improve_stamina|carb_rich
Mixed Veg Curry 4991,dinner,401,17.0,68.4,17.5,vegetarian,gujarati,1,improve_stamina|carb_rich
Masala Omelette 4992,breakfast,212,15.0,42.0,10.3,non_vegetarian,punjabi,1,improve_stamina|carb_rich
Peanut Chaat 4993,snack,255,7.2,31.3,13.1,vegetarian,maharashtrian,1,improve_stamina|carb_rich
Egg Curry 4994,dinner,389,43.1,30.5,5.4,non_vegetarian,maharashtrian,1,muscle_gain|high_protein
Tofu Curry 4995,dinner,397,11.2,63.6,14.8,vegan,kerala,1,balanced|beginner
Roasted Chana 4996,snack,137,10.3,45.4,9.1,vegan,bengali,1,weight_loss|light
Paneer Bhurji 4997,dinner,506,8.2,79.6,15.7,vegetarian,north_indian,0,balanced|beginner
Hyderabadi Biryani 4998,lunch,531,16.4,63.1,13.6,non_vegetarian,rajasthani,0,weight_loss|light
Upma 4999,breakfast,393,5.4,35.9,4.2,vegetarian,rajasthani,1,balanced|beginner
Roti Sabji 5000,dinner,471,9.3,52.6,7.1,vegetarian,rajasthani,1,improve_stamina|carb_rich
Peanut Chaat 5001,snack,133,7.1,61.5,20.8,vegetarian,gujarati,0,weight_loss|light
Grilled Chicken 5002,dinner,688,12.9,78.5,23.4,non_vegetarian,hyderabadi,0,improve_stamina|carb_rich
Boiled Eggs 5003,snack,205,9.3,56.9,3.9,non_vegetarian,mixed,1,improve_stamina|carb_rich
Hyderabadi Biryani 5004,lunch,667,5.9,25.6,7.8,non_vegetarian,kerala,0,weight_loss|light
Egg Curry 5005,dinner,470,9.7,56.6,14.3,non_vegetarian,punjabi,1,weight_loss|light
Peanut Chaat 5006,snack,273,17.9,43.2,5.4,vegetarian,punjabi,1,improve_stamina|carb_rich
Boiled Eggs 5007,snack,169,14.3,66.2,20.1,non_vegetarian,bengali,0,weight_loss|light
Idli Sambar 5008,breakfast,368,7.2,42.5,24.2,vegetarian,north_indian,0,improve_stamina|carb_rich
Paneer Bhurji 5009,dinner,525,11.1,68.6,20.5,vegetarian,south_indian,0,improve_stamina|carb_rich
Paneer Roti 5010,lunch,515,12.5,43.3,13.7,vegetarian,punjabi,0,weight_loss|light
Fish Fry 5011,dinner,402,44.0,54.3,17.9,non_vegetarian,bengali,1,muscle_gain|high_protein
Pav Bhaji 5012,lunch,518,7.7,66.8,10.5,vegetarian,mixed,0,improve_stamina|carb_rich
Oats with Milk 5013,breakfast,150,15.4,64.4,18.5,vegetarian,gujarati,0,weight_loss|light
Fruit Salad 5014,snack,153,14.1,21.6,17.5,vegan,maharashtrian,1,balanced|beginner
Paneer Sandwich 5015,breakfast,171,29.5,36.3,8.3,vegetarian,hyderabadi,1,muscle_gain|high_protein
Vegetable Soup 5016,dinner,589,20.0,68.6,4.4,vegan,bengali,0,improve_stamina|carb_rich
Dal Tadka 5017,dinner,551,13.9,47.6,5.0,vegetarian,south_indian,0,balanced|beginner
Peanut Chaat 5018,snack,228,10.2,72.0,15.2,vegetarian,punjabi,1,balanced|beginner
Paneer Bhurji 5019,dinner,554,5.1,62.8,12.6,vegetarian,bengali,0,balanced|beginner
Vegetable Poha 5020,breakfast,222,18.9,31.2,22.1,vegetarian,rajasthani,0,improve_stamina|carb_rich
Protein Shake 5021,snack,235,9.1,71.7,19.0,vegetarian,kerala,0,balanced|beginner
Vegetable Soup 5022,dinner,451,5.7,46.9,4.5,vegan,north_indian,1,weight_loss|light
Roasted Chana 5023,snack,110,18.1,45.6,8.3,vegan,hyderabadi,1,weight_loss|light
Fruit Salad 5024,snack,159,6.9,30.2,13.5,vegan,punjabi,1,improve_stamina|carb_rich
Protein Shake 5025,snack,157,8.9,58.5,4.3,vegetarian,punjabi,1,balanced|beginner
Paneer Sandwich 5026,breakfast,244,25.9,36.3,22.7,vegetarian,kerala,0,muscle_gain|high_protein
Hyderabadi Biryani 5027,lunch,604,9.3,60.0,14.6,non_vegetarian,mixed,0,improve_stamina|carb_rich
Dal Tadka 5028,dinner,411,17.1,56.3,13.6,vegetarian,rajasthani,1,improve_stamina|carb_rich
Hyderabadi Biryani 5029,lunch,498,8.1,66.9,5.4,non_vegetarian,rajasthani,1,improve_stamina|carb_rich
Protein Shake 5030,snack,281,14.6,36.8,8.2,vegetarian,north_indian,1,weight_loss|light
Vegetable Soup 5031,dinner,680,8.3,66.0,21.3,vegan,rajasthani,0,weight_loss|light
Vegetable Soup 5032,dinner,575,10.5,66.1,15.2,vegan,kerala,0,balanced|beginner
Tofu Curry 5033,dinner,557,17.5,72.5,7.5,vegan,kerala,0,improve_stamina|carb_rich
Mixed Veg Curry 5034,dinner,389,5.1,41.4,5.5,vegetarian,bengali,1,balanced|beginner
Paneer Sandwich 5035,breakfast,417,14.8,70.9,9.3,vegetarian,kerala,1,balanced|beginner
Tofu Curry 5036,dinner,398,9.8,56.5,6.8,vegan,bengali,1,balanced|beginner
Tofu Scramble 5037,breakfast,370,10.3,76.0,11.2,vegan,south_indian,1,balanced|beginner
Egg Curry 5038,dinner,528,9.9,66.8,17.2,non_vegetarian,north_indian,0,weight_loss|light
Fruit Bowl 5039,breakfast,161,8.7,21.5,8.0,vegan,kerala,1,balanced|beginner
Fruit Bowl 5040,breakfast,170,16.3,77.8,17.3,vegan,rajasthani,1,improve_stamina|carb_rich
Grilled Chicken 5041,dinner,584,34.0,30.0,3.4,non_vegetarian,gujarati,0,muscle_gain|high_protein
Kadhi Rice 5042,lunch,445,12.0,75.2,10.6,vegetarian,rajasthani,1,improve_stamina|carb_rich
Grilled Chicken 5043,dinner,515,6.3,52.1,4.3,non_vegetarian,mixed,0,balanced|beginner
Masala Omelette 5044,breakfast,162,18.7,21.4,10.7,non_vegetarian,kerala,1,improve_stamina|carb_rich
Mixed Veg Curry 5045,dinner,368,6.9,24.7,17.6,vegetarian,maharashtrian,1,improve_stamina|carb_rich
Peanut Chaat 5046,snack,236,18.5,61.1,20.0,vegetarian,bengali,0,weight_loss|light
Sabudana Khichdi 5047,breakfast,202,9.4,50.5,6.5,vegetarian,south_indian,1,improve_stamina|carb_rich
Vegetable Khichdi 5048,lunch,366,8.8,70.0,4.0,vegetarian,gujarati,1,weight_loss|light
Idli Sambar 5049,breakfast,413,42.4,66.1,4.5,vegetarian,kerala,1,muscle_gain|high_protein
Corn Chaat 5050,snack,278,10.8,62.4,14.9,vegan,gujarati,1,weight_loss|light
Tofu Scramble 5051,breakfast,233,11.2,49.7,17.5,vegan,maharashtrian,1,weight_loss|light
Paneer Sandwich 5052,breakfast,367,19.8,36.2,22.3,vegetarian,mixed,0,weight_loss|light
Paneer Roti 5053,lunch,361,17.0,37.9,15.9,vegetarian,kerala,1,balanced|beginner
Paneer Roti 5054,lunch,660,13.1,73.6,7.3,vegetarian,rajasthani,0,balanced|beginner
Sprouts Salad 5055,snack,277,19.8,27.0,5.2,vegan,kerala,1,improve_stamina|carb_rich
Buttermilk 5056,snack,282,7.7,46.3,12.8,vegetarian,punjabi,1,weight_loss|light
Grilled Chicken 5057,dinner,376,14.7,37.7,9.1,non_vegetarian,north_indian,1,balanced|beginner
Egg Curry 5058,dinner,536,21.3,38.5,9.7,non_vegetarian,south_indian,0,muscle_gain|high_protein
Paneer Cubes 5059,snack,279,11.0,44.4,16.3,vegetarian,mixed,1,improve_stamina|carb_rich
Paneer Bhurji 5060,dinner,658,17.8,71.1,13.4,vegetarian,bengali,0,balanced|beginner
Upma 5061,breakfast,392,9.3,25.5,18.0,vegetarian,punjabi,1,balanced|beginner
Pav Bhaji 5062,lunch,553,11.3,51.5,3.9,vegetarian,north_indian,0,improve_stamina|carb_rich
Paneer Cubes 5063,snack,205,14.7,41.2,3.6,vegetarian,south_indian,1,improve_stamina|carb_rich
Fish Fry 5064,dinner,623,14.6,38.0,8.9,non_vegetarian,punjabi,0,balanced|beginner
Paneer Sandwich 5065,breakfast,377,15.0,76.9,14.2,vegetarian,maharashtrian,1,weight_loss|light
Boiled Eggs 5066,snack,91,13.6,51.1,22.6,non_vegetarian,north_indian,0,weight_loss|light
Chicken Curry Rice 5067,lunch,635,14.0,30.6,5.9,non_vegetarian,south_indian,0,improve_stamina|carb_rich
Idli Sambar 5068,breakfast,278,8.7,23.7,11.0,vegetarian,south_indian,1,improve_stamina|carb_rich
Tofu Scramble 5069,breakfast,325,15.9,67.3,8.8,vegan,north_indian,1,balanced|beginner
Egg Curry 5070,dinner,689,19.5,38.2,8.0,non_vegetarian,hyderabadi,0,balanced|beginner
Masala Omelette 5071,breakfast,402,7.2,23.0,12.1,non_vegetarian,south_indian,1,improve_stamina|carb_rich
Tofu Stir Fry 5072,lunch,511,18.0,79.5,11.9,vegan,rajasthani,0,improve_stamina|carb_rich
Tofu Curry 5073,dinner,575,18.9,51.9,23.9,vegan,north_indian,0,improve_stamina|carb_rich
Fruit Bowl 5074,breakfast,359,16.4,61.3,7.4,vegan,rajasthani,1,weight_loss|light
Kadhi Rice 5075,lunch,568,20.1,68.0,21.5,vegetarian,hyderabadi,0,muscle_gain|high_protein
Sprouts Salad 5076,snack,177,29.5,79.9,21.0,vegan,hyderabadi,0,muscle_gain|high_protein
Masala Omelette 5077,breakfast,278,7.9,57.3,18.7,non_vegetarian,gujarati,0,improve_stamina|carb_rich
Corn Chaat 5078,snack,262,8.7,23.3,20.0,vegan,north_indian,0,balanced|beginner
Paneer Bhurji 5079,dinner,688,5.0,78.3,20.4,vegetarian,north_indian,0,weight_loss|light
Mixed Veg Curry 5080,dinner,650,21.6,20.6,15.6,vegetarian,mixed,0,muscle_gain|high_protein
Peanut Chaat 5081,snack,157,14.0,75.3,16.8,vegetarian,maharashtrian,1,improve_stamina|carb_rich
Corn Chaat 5082,snack,177,9.6,74.1,13.7,vegan,bengali,1,improve_stamina|carb_rich
Mixed Veg Curry 5083,dinner,526,17.5,24.1,22.0,vegetarian,north_indian,0,weight_loss|light
Fruit Bowl 5084,breakfast,337,8.7,68.5,8.0,vegan,hyderabadi,1,improve_stamina|carb_rich
Hyderabadi Biryani 5085,lunch,487,44.8,74.4,16.9,non_vegetarian,hyderabadi,1,muscle_gain|high_protein
Pav Bhaji 5086,lunch,531,7.7,44.1,9.1,vegetarian,maharashtrian,0,improve_stamina|carb_rich
Sprouts Salad 5087,snack,300,17.5,62.7,14.0,vegan,kerala,1,improve_stamina|carb_rich
Tofu Scramble 5088,breakfast,251,16.0,41.6,4.2,vegan,bengali,1,balanced|beginner
Chicken Curry Rice 5089,lunch,482,6.0,33.3,23.7,non_vegetarian,hyderabadi,0,improve_stamina|carb_rich
Tofu Scramble 5090,breakfast,192,5.4,33.5,19.5,vegan,mixed,0,improve_stamina|carb_rich
Tofu Stir Fry 5091,lunch,633,18.0,78.0,6.6,vegan,north_indian,0,balanced|beginner
Masala Omelette 5092,breakfast,429,29.9,37.6,24.6,non_vegetarian,bengali,0,muscle_gain|high_protein
Vegetable Khichdi 5093,lunch,409,43.5,66.6,3.5,vegetarian,hyderabadi,1,muscle_gain|high_protein
Pav Bhaji 5094,lunch,608,16.1,55.8,19.7,vegetarian,gujarati,0,weight_loss|light
Vegetable Soup 5095,dinner,424,13.5,35.6,13.4,vegan,bengali,1,weight_loss|light
Kadhi Rice 5096,lunch,673,18.8,29.5,21.1,vegetarian,rajasthani,0,weight_loss|light
Masala Omelette 5097,breakfast,202,17.7,21.7,6.7,non_vegetarian,south_indian,1,balanced|beginner
Grilled Chicken 5098,dinner,540,5.9,47.3,14.8,non_vegetarian,punjabi,0,balanced|beginner
Peanut Chaat 5099,snack,227,17.5,34.2,5.3,vegetarian,rajasthani,1,improve_stamina|carb_rich
Pav Bhaji 5100,lunch,436,12.2,72.1,3.9,vegetarian,hyderabadi,1,weight_loss|light
Corn Chaat 5101,snack,242,8.1,38.7,15.8,vegan,south_indian,1,balanced|beginner
Dal Tadka 5102,dinner,581,6.4,30.6,17.1,vegetarian,south_indian,0,weight_loss|light
Vegetable Poha 5103,breakfast,238,42.8,49.3,24.5,vegetarian,north_indian,0,muscle_gain|high_protein
Protein Shake 5104,snack,252,16.9,46.4,10.6,vegetarian,maharashtrian,1,weight_loss|light
Egg Curry 5105,dinner,427,19.4,67.6,15.0,non_vegetarian,kerala,1,muscle_gain|high_protein
Peanut Chaat 5106,snack,112,34.9,75.5,21.2,vegetarian,mixed,0,muscle_gain|high_protein
Masala Omelette 5107,breakfast,216,7.1,59.7,8.3,non_vegetarian,bengali,1,improve_stamina|carb_rich
Upma 5108,breakfast,325,35.3,69.0,10.7,vegetarian,punjabi,1,muscle_gain|high_protein
Protein Shake 5109,snack,270,17.6,65.7,7.5,vegetarian,punjabi,1,balanced|beginner
Egg Curry 5110,dinner,650,18.5,41.7,6.3,non_vegetarian,gujarati,0,improve_stamina|carb_rich
Tofu Stir Fry 5111,lunch,545,17.9,78.4,13.1,vegan,north_indian,0,weight_loss|light
Oats with Milk 5112,breakfast,424,13.5,51.4,8.5,vegetarian,maharashtrian,1,balanced|beginner
Dal Tadka 5113,dinner,571,5.1,27.9,12.0,vegetarian,punjabi,0,weight_loss|light
Fruit Bowl 5114,breakfast,242,11.7,23.4,13.8,vegan,mixed,1,improve_stamina|carb_rich
Dal Tadka 5115,dinner,415,32.4,35.3,25.0,vegetarian,hyderabadi,0,muscle_gain|high_protein
Roasted Chana 5116,snack,247,19.8,61.9,20.9,vegan,punjabi,0,improve_stamina|carb_rich
Tofu Stir Fry 5117,lunch,429,17.0,51.0,9.8,vegan,rajasthani,1,balanced|beginner
Pav Bhaji 5118,lunch,555,16.7,52.7,8.5,vegetarian,south_indian,0,weight_loss|light
Fish Fry 5119,dinner,493,25.5,64.3,9.7,non_vegetarian,mixed,1,muscle_gain|high_protein
Sabudana Khichdi 5120,breakfast,181,18.0,65.8,7.9,vegetarian,hyderabadi,1,balanced|beginner
Oats with Milk 5121,breakfast,328,11.1,55.7,21.1,vegetarian,gujarati,0,improve_stamina|carb_rich
Tofu Scramble 5122,breakfast,318,36.9,29.9,8.3,vegan,north_indian,1,muscle_gain|high_protein
Upma 5123,breakfast,328,18.9,41.0,23.1,vegetarian,bengali,0,improve_stamina|carb_rich
Dal Rice 5124,lunch,531,6.7,26.3,8.0,vegetarian,north_indian,0,improve_stamina|carb_rich
Tofu Curry 5125,dinner,555,41.2,60.6,10.7,vegan,gujarati,0,muscle_gain|high_protein
Rajma Chawal 5126,lunch,609,10.3,39.9,19.3,vegetarian,bengali,0,weight_loss|light
Fish Curry Rice 5127,lunch,455,14.4,47.9,17.0,non_vegetarian,maharashtrian,1,improve_stamina|carb_rich
Paneer Roti 5128,lunch,355,10.2,69.8,6.7,vegetarian,bengali,1,weight_loss|light
Dal Rice 5129,lunch,370,11.7,72.8,17.8,vegetarian,punjabi,1,weight_loss|light
Boiled Eggs 5130,snack,297,34.3,28.7,6.1,non_vegetarian,south_indian,1,muscle_gain|high_protein
Hyderabadi Biryani 5131,lunch,512,7.4,74.6,13.3,non_vegetarian,bengali,0,weight_loss|light
Rajma Chawal 5132,lunch,593,6.2,47.3,8.0,vegetarian,kerala,0,weight_loss|light
Buttermilk 5133,snack,206,37.3,67.0,23.8,vegetarian,north_indian,0,muscle_gain|high_protein
Pav Bhaji 5134,lunch,640,5.1,69.4,14.3,vegetarian,maharashtrian,0,weight_loss|light
Fish Curry Rice 5135,lunch,587,7.5,37.6,11.4,non_vegetarian,bengali,0,balanced|beginner
Hyderabadi Biryani 5136,lunch,407,17.4,77.0,12.3,non_vegetarian,gujarati,1,improve_stamina|carb_rich
Dal Rice 5137,lunch,594,18.1,65.6,3.8,vegetarian,gujarati,0,balanced|beginner
Roasted Chana 5138,snack,273,20.8,27.2,3.2,vegan,bengali,1,muscle_gain|high_protein
Paneer Roti 5139,lunch,623,16.9,23.4,9.6,vegetarian,mixed,0,improve_stamina|carb_rich
Idli Sambar 5140,breakfast,361,28.7,42.4,22.6,vegetarian,south_indian,0,muscle_gain|high_protein
Roasted Chana 5141,snack,178,34.4,56.4,10.5,vegan,south_indian,1,muscle_gain|high_protein
Vegetable Soup 5142,dinner,415,17.9,48.9,12.9,vegan,north_indian,1,balanced|beginner
Roti Sabji 5143,dinner,525,18.8,64.4,14.0,vegetarian,rajasthani,0,weight_loss|light
Roti Sabji 5144,dinner,521,10.7,49.2,15.1,vegetarian,maharashtrian,0,weight_loss|light
Dal Tadka 5145,dinner,663,8.6,33.5,10.8,vegetarian,south_indian,0,weight_loss|light
Masala Omelette 5146,breakfast,201,17.0,49.5,20.5,non_vegetarian,hyderabadi,0,improve_stamina|carb_rich
Tofu Curry 5147,dinner,544,13.1,35.5,21.4,vegan,kerala,0,improve_stamina|carb_rich
Protein Shake 5148,snack,217,10.4,41.4,16.5,vegetarian,mixed,1,balanced|beginner
Roti Sabji 5149,dinner,573,30.8,22.1,16.8,vegetarian,hyderabadi,0,muscle_gain|high_protein
Paneer Sandwich 5150,breakfast,333,11.1,55.6,14.9,vegetarian,bengali,1,improve_stamina|carb_rich
Vegetable Poha 5151,breakfast,313,10.5,42.6,13.3,vegetarian,north_indian,1,weight_loss|light
Kadhi Rice 5152,lunch,516,9.0,56.2,4.0,vegetarian,punjabi,0,weight_loss|light
Tofu Curry 5153,dinner,595,5.2,52.2,24.6,vegan,gujarati,0,balanced|beginner
Thepla 5154,breakfast,443,13.8,33.0,8.2,vegetarian,south_indian,1,weight_loss|light
Kadhi Rice 5155,lunch,389,19.5,56.8,14.9,vegetarian,hyderabadi,1,balanced|beginner
Idli Sambar 5156,breakfast,230,12.4,32.2,23.9,vegetarian,bengali,0,balanced|beginner
Oats with Milk 5157,breakfast,421,5.9,35.6,11.9,vegetarian,hyderabadi,1,improve_stamina|carb_rich
Grilled Chicken 5158,dinner,436,6.7,56.9,14.4,non_vegetarian,rajasthani,1,balanced|beginner
Paneer Sandwich 5159,breakfast,231,9.9,74.7,19.0,vegetarian,punjabi,0,balanced|beginner
Peanut Chaat 5160,snack,254,13.9,42.9,13.2,vegetarian,hyderabadi,1,balanced|beginner
Tofu Stir Fry 5161,lunch,376,26.1,29.6,7.8,vegan,hyderabadi,1,muscle_gain|high_protein
Fruit Bowl 5162,breakfast,368,5.7,31.3,19.9,vegan,hyderabadi,0,improve_stamina|carb_rich
Rajma Chawal 5163,lunch,675,5.7,73.2,18.2,vegetarian,mixed,0,balanced|beginner
Fruit Salad 5164,snack,261,18.4,43.9,23.4,vegan,south_indian,0,weight_loss|light
Protein Shake 5165,snack,203,6.8,31.3,21.2,vegetarian,kerala,0,balanced|beginner
Fruit Salad 5166,snack,224,20.1,44.0,4.0,vegan,gujarati,1,muscle_gain|high_protein
Egg Curry 5167,dinner,572,44.1,24.4,9.8,non_vegetarian,gujarati,0,muscle_gain|high_protein
Fruit Salad 5168,snack,131,18.4,27.2,9.9,vegan,maharashtrian,1,improve_stamina|carb_rich
Tofu Curry 5169,dinner,358,6.5,51.2,23.1,vegan,gujarati,0,improve_stamina|carb_rich
Protein Shake 5170,snack,263,18.5,64.3,3.6,vegetarian,mixed,1,weight_loss|light
Vegetable Poha 5171,breakfast,424,14.3,42.9,18.9,vegetarian,gujarati,0,balanced|beginner
Corn Chaat 5172,snack,225,13.2,70.2,8.2,vegan,kerala,1,weight_loss|light
Roasted Chana 5173,snack,108,18.4,43.8,12.9,vegan,maharashtrian,1,weight_loss|light
Boiled Eggs 5174,snack,126,8.5,63.0,19.0,non_vegetarian,north_indian,0,improve_stamina|carb_rich
Fish Curry Rice 5175,lunch,443,6.7,34.9,5.5,non_vegetarian,punjabi,1,improve_stamina|carb_rich
Peanut Chaat 5176,snack,132,14.8,58.4,9.6,vegetarian,kerala,1,improve_stamina|carb_rich
Paneer Sandwich 5177,breakfast,408,6.0,42.8,18.6,vegetarian,mixed,0,improve_stamina|carb_rich
Thepla 5178,breakfast,234,11.8,32.4,7.2,vegetarian,gujarati,1,balanced|beginner
Fish Fry 5179,dinner,373,19.0,60.7,11.7,non_vegetarian,maharashtrian,1,improve_stamina|carb_rich
Vegetable Poha 5180,breakfast,354,10.1,64.0,13.1,vegetarian,mixed,1,balanced|beginner
Dal Tadka 5181,dinner,523,5.8,72.3,22.4,vegetarian,south_indian,0,weight_loss|light
Roti Sabji 5182,dinner,595,19.4,55.2,13.6,vegetarian,hyderabadi,0,balanced|beginner
Paneer Roti 5183,lunch,548,5.6,52.0,4.8,vegetarian,gujarati,0,improve_stamina|carb_rich
Protein Shake 5184,snack,205,30.7,42.3,5.0,vegetarian,hyderabadi,1,muscle_gain|high_protein
Corn Chaat 5185,snack,212,6.6,33.8,5.8,vegan,north_indian,1,balanced|beginner
Rajma Chawal 5186,lunch,578,5.1,42.4,10.2,vegetarian,rajasthani,0,improve_stamina|carb_rich
Boiled Eggs 5187,snack,85,40.5,44.3,7.3,non_vegetarian,kerala,1,muscle_gain|high_protein
Hyderabadi Biryani 5188,lunch,537,17.6,23.6,18.3,non_vegetarian,maharashtrian,0,balanced|beginner
Boiled Eggs 5189,snack,183,18.9,21.3,14.2,non_vegetarian,kerala,1,balanced|beginner
Vegetable Khichdi 5190,lunch,526,15.7,44.3,11.1,vegetarian,mixed,0,weight_loss|light
Dal Rice 5191,lunch,403,7.7,30.2,3.7,vegetarian,punjabi,1,balanced|beginner
Grilled Chicken 5192,dinner,539,10.8,29.7,4.5,non_vegetarian,rajasthani,0,weight_loss|light
Kadhi Rice 5193,lunch,676,18.8,41.2,17.5,vegetarian,mixed,0,balanced|beginner
Grilled Chicken 5194,dinner,625,29.1,55.6,20.1,non_vegetarian,bengali,0,muscle_gain|high_protein
Thepla 5195,breakfast,177,34.8,25.3,10.4,vegetarian,kerala,1,muscle_gain|high_protein
Oats with Milk 5196,breakfast,219,11.1,33.5,10.7,vegetarian,hyderabadi,1,balanced|beginner
Buttermilk 5197,snack,101,14.0,51.4,4.5,vegetarian,punjabi,1,balanced|beginner
Paneer Bhurji 5198,dinner,589,7.7,79.7,20.9,vegetarian,north_indian,0,weight_loss|light
Oats with Milk 5199,breakfast,212,12.2,29.1,8.1,vegetarian,north_indian,1,balanced|beginner
Vegetable Poha 5200,breakfast,295,12.1,40.9,9.7,vegetarian,hyderabadi,1,improve_stamina|carb_rich
Fish Curry Rice 5201,lunch,419,6.4,35.2,21.2,non_vegetarian,punjabi,0,balanced|beginner
Protein Shake 5202,snack,109,16.1,30.6,6.9,vegetarian,bengali,1,improve_stamina|carb_rich
Peanut Chaat 5203,snack,173,33.6,24.3,12.9,vegetarian,maharashtrian,1,muscle_gain|high_protein
Fruit Bowl 5204,breakfast,190,19.1,78.3,24.5,vegan,mixed,0,weight_loss|light
Buttermilk 5205,snack,150,17.0,28.8,20.0,vegetarian,mixed,0,balanced|beginner
Sprouts Salad 5206,snack,228,8.9,57.0,25.0,vegan,north_indian,0,weight_loss|light
Thepla 5207,breakfast,258,33.5,79.1,17.3,vegetarian,bengali,1,muscle_gain|high_protein
Kadhi Rice 5208,lunch,456,19.7,58.2,11.9,vegetarian,gujarati,1,balanced|beginner
Tofu Curry 5209,dinner,389,16.5,24.6,21.1,vegan,maharashtrian,0,weight_loss|light
Egg Curry 5210,dinner,473,9.7,72.7,15.2,non_vegetarian,south_indian,1,balanced|beginner
Buttermilk 5211,snack,284,14.8,56.3,18.8,vegetarian,gujarati,0,improve_stamina|carb_rich
Paneer Sandwich 5212,breakfast,307,15.9,39.4,5.5,vegetarian,punjabi,1,weight_loss|light
Peanut Chaat 5213,snack,161,15.7,52.1,23.7,vegetarian,north_indian,0,balanced|beginner
Protein Shake 5214,snack,82,21.3,78.6,5.5,vegetarian,bengali,1,muscle_gain|high_protein
Hyderabadi Biryani 5215,lunch,668,11.1,31.7,3.6,non_vegetarian,punjabi,0,weight_loss|light
Boiled Eggs 5216,snack,267,13.4,78.4,25.0,non_vegetarian,gujarati,0,improve_stamina|carb_rich
Vegetable Poha 5217,breakfast,300,9.6,27.2,23.4,vegetarian,north_indian,0,weight_loss|light
Kadhi Rice 5218,lunch,444,37.1,48.4,18.9,vegetarian,kerala,0,muscle_gain|high_protein
Roasted Chana 5219,snack,157,9.9,70.9,11.5,vegan,gujarati,1,improve_stamina|carb_rich
Kadhi Rice 5220,lunch,646,12.4,34.1,21.7,vegetarian,north_indian,0,balanced|beginner
Idli Sambar 5221,breakfast,386,7.7,77.4,22.5,vegetarian,mixed,0,weight_loss|light
Mixed Veg Curry 5222,dinner,582,7.3,37.9,8.4,vegetarian,gujarati,0,improve_stamina|carb_rich
Hyderabadi Biryani 5223,lunch,623,39.5,21.9,10.6,non_vegetarian,bengali,0,muscle_gain|high_protein
Tofu Scramble 5224,breakfast,428,18.8,58.2,3.6,vegan,south_indian,1,weight_loss|light
Roasted Chana 5225,snack,98,21.2,29.0,12.9,vegan,maharashtrian,1,muscle_gain|high_protein
Thepla 5226,breakfast,323,13.1,58.1,23.2,vegetarian,bengali,0,improve_stamina|carb_rich
Fruit Salad 5227,snack,263,6.1,59.3,8.8,vegan,hyderabadi,1,improve_stamina|carb_rich
Idli Sambar 5228,breakfast,230,39.1,75.0,16.7,vegetarian,north_indian,1,muscle_gain|high_protein
Oats with Milk 5229,breakfast,205,7.3,37.0,8.0,vegetarian,bengali,1,balanced|beginner
Tofu Stir Fry 5230,lunch,583,33.5,35.3,5.0,vegan,rajasthani,0,muscle_gain|high_protein
Grilled Chicken 5231,dinner,441,10.6,78.7,6.0,non_vegetarian,bengali,1,weight_loss|light
Idli Sambar 5232,breakfast,292,23.8,48.4,18.5,vegetarian,maharashtrian,0,muscle_gain|high_protein
Idli Sambar 5233,breakfast,267,13.1,30.2,17.6,vegetarian,punjabi,1,weight_loss|light
Chicken Curry Rice 5234,lunch,652,15.8,67.1,16.4,non_vegetarian,hyderabadi,0,weight_loss|light
Fish Fry 5235,dinner,392,13.5,32.8,22.2,non_vegetarian,punjabi,0,improve_stamina|carb_rich
Kadhi Rice 5236,lunch,404,14.4,36.3,14.5,vegetarian,kerala,1,balanced|beginner
Vegetable Khichdi 5237,lunch,368,8.3,47.7,9.1,vegetarian,bengali,1,improve_stamina|carb_rich
Vegetable Soup 5238,dinner,694,32.7,60.7,9.2,vegan,hyderabadi,0,muscle_gain|high_protein
Sabudana Khichdi 5239,breakfast,169,42.5,36.1,11.7,vegetarian,rajasthani,1,muscle_gain|high_protein
Vegetable Soup 5240,dinner,567,15.9,67.4,12.3,vegan,north_indian,0,weight_loss|light
Paneer Cubes 5241,snack,160,9.0,41.4,23.8,vegetarian,gujarati,0,improve_stamina|carb_rich
Dal Tadka 5242,dinner,651,12.2,59.9,4.8,vegetarian,south_indian,0,weight_loss|light
Dal Tadka 5243,dinner,599,11.4,47.9,7.3,vegetarian,maharashtrian,0,weight_loss|light
Thepla 5244,breakfast,216,34.2,31.0,5.6,vegetarian,south_indian,1,muscle_gain|high_protein
Fish Curry Rice 5245,lunch,438,13.8,76.0,8.7,non_vegetarian,rajasthani,1,weight_loss|light
Thepla 5246,breakfast,342,22.5,29.4,11.8,vegetarian,gujarati,1,muscle_gain|high_protein
Pav Bhaji 5247,lunch,523,9.9,35.2,20.6,vegetarian,punjabi,0,balanced|beginner
Egg Curry 5248,dinner,557,34.6,51.0,3.9,non_vegetarian,hyderabadi,0,muscle_gain|high_protein
Dal Rice 5249,lunch,401,18.6,69.4,19.4,vegetarian,bengali,0,improve_stamina|carb_rich
Masala Omelette 5250,breakfast,334,16.4,37.5,22.7,non_vegetarian,south_indian,0,weight_loss|light
Upma 5251,breakfast,315,17.3,24.2,10.3,vegetarian,hyderabadi,1,weight_loss|light
Tofu Scramble 5252,breakfast,390,18.2,29.4,24.0,vegan,south_indian,0,weight_loss|light
Egg Curry 5253,dinner,382,6.6,67.5,10.7,non_vegetarian,mixed,1,balanced|beginner
Sabudana Khichdi 5254,breakfast,269,19.7,66.8,8.6,vegetarian,maharashtrian,1,weight_loss|light
Corn Chaat 5255,snack,187,44.3,70.5,13.7,vegan,maharashtrian,1,muscle_gain|high_protein
Vegetable Soup 5256,dinner,391,40.0,59.3,14.8,vegan,punjabi,1,muscle_gain|high_protein
Corn Chaat 5257,snack,145,19.5,36.9,11.8,vegan,north_indian,1,improve_stamina|carb_rich
Sabudana Khichdi 5258,breakfast,238,9.5,55.8,14.8,vegetarian,maharashtrian,1,improve_stamina|carb_rich
Fish Curry Rice 5259,lunch,567,23.7,60.2,19.4,non_vegetarian,punjabi,0,muscle_gain|high_protein
Fruit Salad 5260,snack,208,43.1,62.7,21.4,vegan,rajasthani,0,muscle_gain|high_protein
Fruit Bowl 5261,breakfast,188,33.3,48.2,8.7,vegan,south_indian,1,muscle_gain|high_protein
Paneer Bhurji 5262,dinner,646,19.8,73.3,12.0,vegetarian,hyderabadi,0,muscle_gain|high_protein
Vegetable Poha 5263,breakfast,185,8.2,50.0,3.1,vegetarian,gujarati,1,improve_stamina|carb_rich
Pav Bhaji 5264,lunch,400,6.0,47.6,10.6,vegetarian,punjabi,1,balanced|beginner
Vegetable Khichdi 5265,lunch,657,28.3,55.7,17.1,vegetarian,bengali,0,muscle_gain|high_protein
Thepla 5266,breakfast,377,18.7,33.0,9.6,vegetarian,mixed,1,weight_loss|light
Paneer Cubes 5267,snack,230,17.6,58.7,22.7,vegetarian,gujarati,0,weight_loss|light
Corn Chaat 5268,snack,184,38.7,22.8,6.6,vegan,bengali,1,muscle_gain|high_protein
Masala Omelette 5269,breakfast,175,29.5,54.7,7.9,non_vegetarian,bengali,1,muscle_gain|high_protein
Vegetable Soup 5270,dinner,633,18.3,27.1,12.2,vegan,rajasthani,0,muscle_gain|high_protein
Fruit Bowl 5271,breakfast,156,18.9,77.5,24.3,vegan,punjabi,0,muscle_gain|high_protein
Thepla 5272,breakfast,205,16.0,21.7,12.0,vegetarian,gujarati,1,balanced|beginner
Paneer Cubes 5273,snack,278,6.6,26.7,21.8,vegetarian,maharashtrian,0,weight_loss|light
Tofu Stir Fry 5274,lunch,700,6.2,37.2,21.6,vegan,bengali,0,improve_stamina|carb_rich
Upma 5275,breakfast,404,8.3,70.3,4.3,vegetarian,south_indian,1,improve_stamina|carb_rich
Pav Bhaji 5276,lunch,652,27.6,44.8,19.5,vegetarian,gujarati,0,muscle_gain|high_protein
Thepla 5277,breakfast,313,12.1,61.6,4.0,vegetarian,bengali,1,weight_loss|light
Rajma Chawal 5278,lunch,459,10.0,42.5,5.6,vegetarian,punjabi,1,weight_loss|light
Fish Curry Rice 5279,lunch,380,11.1,41.8,8.3,non_vegetarian,north_indian,1,weight_loss|light
Fish Fry 5280,dinner,676,13.0,72.9,18.9,non_vegetarian,bengali,0,balanced|beginner
Fruit Salad 5281,snack,214,15.4,72.1,21.7,vegan,bengali,0,balanced|beginner
Paneer Sandwich 5282,breakfast,354,20.0,68.0,18.2,vegetarian,punjabi,0,weight_loss|light
Peanut Chaat 5283,snack,114,18.0,63.5,14.7,vegetarian,punjabi,1,weight_loss|light
Tofu Scramble 5284,breakfast,383,30.2,27.2,10.2,vegan,mixed,1,muscle_gain|high_protein
Oats with Milk 5285,breakfast,228,43.6,33.9,6.0,vegetarian,gujarati,1,muscle_gain|high_protein
Roti Sabji 5286,dinner,446,15.8,66.3,22.0,vegetarian,north_indian,0,improve_stamina|carb_rich
Buttermilk 5287,snack,204,12.5,44.8,25.0,vegetarian,rajasthani,0,improve_stamina|carb_rich
Vegetable Poha 5288,breakfast,282,16.2,53.8,9.8,vegetarian,bengali,1,balanced|beginner
Boiled Eggs 5289,snack,131,9.0,31.9,10.1,non_vegetarian,maharashtrian,1,weight_loss|light
Roti Sabji 5290,dinner,623,39.6,58.7,23.0,vegetarian,maharashtrian,0,muscle_gain|high_protein
Sabudana Khichdi 5291,breakfast,155,17.6,32.6,4.5,vegetarian,mixed,1,improve_stamina|carb_rich
Hyderabadi Biryani 5292,lunch,493,13.3,78.4,20.1,non_vegetarian,hyderabadi,0,improve_stamina|carb_rich
Paneer Sandwich 5293,breakfast,261,8.0,27.4,20.9,vegetarian,hyderabadi,0,improve_stamina|carb_rich
Upma 5294,breakfast,319,10.8,65.6,21.6,vegetarian,maharashtrian,0,improve_stamina|carb_rich
Sprouts Salad 5295,snack,84,15.8,79.9,9.4,vegan,gujarati,1,balanced|beginner
Rajma Chawal 5296,lunch,406,17.0,37.3,15.0,vegetarian,bengali,1,weight_loss|light
Tofu Scramble 5297,breakfast,399,43.3,63.4,9.6,vegan,south_indian,1,muscle_gain|high_protein
Mixed Veg Curry 5298,dinner,650,9.4,59.3,4.9,vegetarian,north_indian,0,balanced|beginner
Vegetable Soup 5299,dinner,375,5.2,59.0,18.9,vegan,rajasthani,0,improve_stamina|carb_rich
Idli Sambar 5300,breakfast,196,31.8,56.9,18.2,vegetarian,rajasthani,0,muscle_gain|high_protein
Rajma Chawal 5301,lunch,573,20.6,46.5,18.3,vegetarian,south_indian,0,muscle_gain|high_protein
Vegetable Soup 5302,dinner,501,8.8,40.4,20.6,vegan,mixed,0,weight_loss|light
Fruit Bowl 5303,breakfast,434,14.4,45.2,16.9,vegan,mixed,1,balanced|beginner
Vegetable Soup 5304,dinner,673,32.7,45.9,8.3,vegan,bengali,0,muscle_gain|high_protein
Chicken Curry Rice 5305,lunch,531,40.4,54.9,9.1,non_vegetarian,south_indian,0,muscle_gain|high_protein
Sabudana Khichdi 5306,breakfast,319,15.2,27.7,8.8,vegetarian,kerala,1,improve_stamina|carb_rich
Paneer Roti 5307,lunch,684,5.9,38.0,8.4,vegetarian,kerala,0,balanced|beginner
Oats with Milk 5308,breakfast,234,34.8,34.4,23.3,vegetarian,kerala,0,muscle_gain|high_protein
Paneer Cubes 5309,snack,228,29.8,64.1,13.6,vegetarian,north_indian,1,muscle_gain|high_protein
Dal Rice 5310,lunch,681,15.9,56.0,18.3,vegetarian,maharashtrian,0,weight_loss|light
Roasted Chana 5311,snack,112,16.1,40.1,21.5,vegan,gujarati,0,improve_stamina|carb_rich
Mixed Veg Curry 5312,dinner,450,18.6,24.9,19.5,vegetarian,rajasthani,0,weight_loss|light
Fruit Salad 5313,snack,202,19.1,53.7,16.3,vegan,hyderabadi,1,improve_stamina|carb_rich
Thepla 5314,breakfast,211,42.3,71.9,11.4,vegetarian,hyderabadi,1,muscle_gain|high_protein
Hyderabadi Biryani 5315,lunch,496,12.0,58.7,18.8,non_vegetarian,kerala,0,weight_loss|light
Roasted Chana 5316,snack,189,17.6,51.3,12.9,vegan,gujarati,1,balanced|beginner
Rajma Chawal 5317,lunch,544,17.5,78.7,24.1,vegetarian,punjabi,0,weight_loss|light
Thepla 5318,breakfast,380,29.0,56.5,8.8,vegetarian,bengali,1,muscle_gain|high_protein
Paneer Roti 5319,lunch,518,7.9,68.5,19.7,vegetarian,kerala,0,weight_loss|light
Rajma Chawal 5320,lunch,697,18.9,72.2,14.3,vegetarian,hyderabadi,0,muscle_gain|high_protein
Sprouts Salad 5321,snack,300,29.3,57.6,19.9,vegan,kerala,0,muscle_gain|high_protein
Paneer Cubes 5322,snack,279,15.2,66.8,16.9,vegetarian,south_indian,1,improve_stamina|carb_rich
Paneer Cubes 5323,snack,116,12.0,45.4,11.8,vegetarian,south_indian,1,balanced|beginner
Vegetable Soup 5324,dinner,660,7.2,54.0,24.4,vegan,mixed,0,balanced|beginner
Roti Sabji 5325,dinner,374,7.8,46.5,19.1,vegetarian,south_indian,0,balanced|beginner
Paneer Bhurji 5326,dinner,483,18.5,41.7,20.8,vegetarian,gujarati,0,improve_stamina|carb_rich
Sprouts Salad 5327,snack,272,15.1,45.6,21.9,vegan,gujarati,0,weight_loss|light
Roti Sabji 5328,dinner,674,24.7,39.2,13.8,vegetarian,hyderabadi,0,muscle_gain|high_protein
Sabudana Khichdi 5329,breakfast,256,18.5,59.5,4.1,vegetarian,gujarati,1,balanced|beginner
Vegetable Poha 5330,breakfast,350,15.1,53.0,17.3,vegetarian,gujarati,1,improve_stamina|carb_rich
Buttermilk 5331,snack,148,12.2,67.1,12.1,vegetarian,rajasthani,1,balanced|beginner
Paneer Cubes 5332,snack,122,10.7,40.7,3.2,vegetarian,bengali,1,balanced|beginner
Fruit Bowl 5333,breakfast,200,15.1,35.0,3.7,vegan,mixed,1,balanced|beginner
Pav Bhaji 5334,lunch,676,12.1,26.9,9.0,vegetarian,punjabi,0,improve_stamina|carb_rich
Fish Curry Rice 5335,lunch,564,8.8,52.2,6.3,non_vegetarian,maharashtrian,0,balanced|beginner
Fruit Bowl 5336,breakfast,301,44.7,26.0,16.2,vegan,kerala,1,muscle_gain|high_protein
Sprouts Salad 5337,snack,183,21.7,43.2,18.1,vegan,mixed,0,muscle_gain|high_protein
Masala Omelette 5338,breakfast,403,8.9,26.0,15.9,non_vegetarian,kerala,1,improve_stamina|carb_rich
Grilled Chicken 5339,dinner,643,7.4,65.8,25.0,non_vegetarian,north_indian,0,balanced|beginner
Rajma Chawal 5340,lunch,681,19.7,53.3,21.8,vegetarian,punjabi,0,weight_loss|light
Vegetable Soup 5341,dinner,451,17.1,59.6,14.1,vegan,mixed,1,balanced|beginner
Masala Omelette 5342,breakfast,307,13.5,62.6,12.6,non_vegetarian,north_indian,1,balanced|beginner
Paneer Cubes 5343,snack,280,30.5,22.2,3.5,vegetarian,maharashtrian,1,muscle_gain|high_protein
Paneer Roti 5344,lunch,545,25.3,26.7,6.7,vegetarian,maharashtrian,0,muscle_gain|high_protein
Masala Omelette 5345,breakfast,196,19.0,66.7,22.8,non_vegetarian,bengali,0,weight_loss|light
Fish Fry 5346,dinner,404,21.9,66.0,15.1,non_vegetarian,maharashtrian,1,muscle_gain|high_protein
Boiled Eggs 5347,snack,281,5.4,23.0,16.8,non_vegetarian,kerala,1,improve_stamina|carb_rich
Buttermilk 5348,snack,106,14.4,74.0,20.4,vegetarian,punjabi,0,balanced|beginner
Upma 5349,breakfast,428,18.0,79.3,14.2,vegetarian,south_indian,1,weight_loss|light
Grilled Chicken 5350,dinner,595,7.3,55.9,4.8,non_vegetarian,punjabi,0,weight_loss|light
Chicken Curry Rice 5351,lunch,499,18.6,66.0,19.4,non_vegetarian,mixed,0,weight_loss|light
Oats with Milk 5352,breakfast,211,19.0,76.2,16.8,vegetarian,bengali,1,balanced|beginner
Fish Curry Rice 5353,lunch,522,42.4,79.0,14.3,non_vegetarian,maharashtrian,0,muscle_gain|high_protein
Tofu Scramble 5354,breakfast,427,29.9,43.4,8.1,vegan,south_indian,1,muscle_gain|high_protein
Idli Sambar 5355,breakfast,294,13.3,77.8,11.1,vegetarian,hyderabadi,1,balanced|beginner
Roti Sabji 5356,dinner,426,9.0,38.4,9.7,vegetarian,punjabi,1,improve_stamina|carb_rich
Upma 5357,breakfast,158,43.4,78.5,10.6,vegetarian,south_indian,1,muscle_gain|high_protein
Roti Sabji 5358,dinner,462,5.5,65.9,4.4,vegetarian,hyderabadi,1,weight_loss|light
Roti Sabji 5359,dinner,549,8.6,66.9,7.9,vegetarian,punjabi,0,improve_stamina|carb_rich
Fish Curry Rice 5360,lunch,662,22.7,59.1,19.7,non_vegetarian,mixed,0,muscle_gain|high_protein
Oats with Milk 5361,breakfast,281,30.0,54.4,17.3,vegetarian,hyderabadi,1,muscle_gain|high_protein
Roti Sabji 5362,dinner,369,10.0,44.4,5.4,vegetarian,kerala,1,improve_stamina|carb_rich
Tofu Stir Fry 5363,lunch,354,8.7,23.3,15.1,vegan,gujarati,1,balanced|beginner
Paneer Roti 5364,lunch,380,16.5,27.2,4.0,vegetarian,kerala,1,balanced|beginner
Vegetable Poha 5365,breakfast,243,16.7,27.1,12.8,vegetarian,kerala,1,weight_loss|light
Oats with Milk 5366,breakfast,211,16.8,30.2,22.8,vegetarian,rajasthani,0,improve_stamina|carb_rich
Sabudana Khichdi 5367,breakfast,435,31.9,78.8,22.6,vegetarian,gujarati,0,muscle_gain|high_protein
Egg Curry 5368,dinner,573,30.2,36.4,14.6,non_vegetarian,south_indian,0,muscle_gain|high_protein
Paneer Sandwich 5369,breakfast,319,11.3,65.6,23.8,vegetarian,bengali,0,improve_stamina|carb_rich
Roti Sabji 5370,dinner,604,40.9,22.5,8.8,vegetarian,north_indian,0,muscle_gain|high_protein
Tofu Stir Fry 5371,lunch,411,15.8,38.2,20.4,vegan,punjabi,0,weight_loss|light
Tofu Stir Fry 5372,lunch,555,13.1,70.8,19.9,vegan,mixed,0,weight_loss|light
Thepla 5373,breakfast,366,7.0,41.4,10.0,vegetarian,bengali,1,balanced|beginner
Boiled Eggs 5374,snack,190,12.7,48.7,14.7,non_vegetarian,hyderabadi,1,weight_loss|light
Fruit Salad 5375,snack,95,16.1,31.8,17.4,vegan,bengali,1,balanced|beginner
Tofu Scramble 5376,breakfast,320,27.3,65.0,7.8,vegan,maharashtrian,1,muscle_gain|high_protein
Vegetable Khichdi 5377,lunch,391,19.6,34.6,10.2,vegetarian,bengali,1,weight_loss|light
Tofu Stir Fry 5378,lunch,408,12.9,78.3,9.5,vegan,hyderabadi,1,improve_stamina|carb_rich
Idli Sambar 5379,breakfast,415,17.3,68.4,3.8,vegetarian,hyderabadi,1,balanced|beginner
Vegetable Poha 5380,breakfast,433,41.5,33.6,13.4,vegetarian,hyderabadi,1,muscle_gain|high_protein
Dal Rice 5381,lunch,459,11.3,38.4,21.2,vegetarian,kerala,0,improve_stamina|carb_rich
Paneer Bhurji 5382,dinner,660,9.7,47.6,6.7,vegetarian,north_indian,0,weight_loss|light
Roasted Chana 5383,snack,292,5.1,53.7,11.6,vegan,kerala,1,balanced|beginner
Paneer Roti 5384,lunch,576,16.1,28.6,16.2,vegetarian,hyderabadi,0,weight_loss|light
Tofu Scramble 5385,breakfast,156,6.0,61.8,16.2,vegan,south_indian,1,weight_loss|light
Oats with Milk 5386,breakfast,275,10.3,71.9,8.9,vegetarian,rajasthani,1,balanced|beginner
Hyderabadi Biryani 5387,lunch,614,13.6,60.0,16.2,non_vegetarian,north_indian,0,weight_loss|light
Kadhi Rice 5388,lunch,396,8.5,60.7,7.7,vegetarian,bengali,1,balanced|beginner
Roti Sabji 5389,dinner,638,9.6,73.6,8.7,vegetarian,bengali,0,balanced|beginner
Oats with Milk 5390,breakfast,178,5.2,74.1,17.7,vegetarian,hyderabadi,1,balanced|beginner
Boiled Eggs 5391,snack,172,5.5,50.3,21.9,non_vegetarian,south_indian,0,improve_stamina|carb_rich
Fruit Bowl 5392,breakfast,174,5.2,48.8,22.3,vegan,maharashtrian,0,weight_loss|light
Egg Curry 5393,dinner,391,21.9,54.3,14.6,non_vegetarian,hyderabadi,1,muscle_gain|high_protein
Vegetable Poha 5394,breakfast,302,19.4,45.8,17.7,vegetarian,punjabi,1,weight_loss|light
Protein Shake 5395,snack,291,42.9,60.2,19.8,vegetarian,rajasthani,0,muscle_gain|high_protein
Fish Fry 5396,dinner,387,5.9,45.6,24.0,non_vegetarian,gujarati,0,improve_stamina|carb_rich
Chicken Curry Rice 5397,lunch,407,19.1,39.8,4.1,non_vegetarian,bengali,1,weight_loss|light
Buttermilk 5398,snack,87,39.0,47.8,20.6,vegetarian,kerala,0,muscle_gain|high_protein
Kadhi Rice 5399,lunch,516,7.7,61.4,5.5,vegetarian,north_indian,0,balanced|beginner
Vegetable Poha 5400,breakfast,199,5.3,39.5,16.3,vegetarian,mixed,1,balanced|beginner
Chicken Curry Rice 5401,lunch,603,29.0,77.8,14.0,non_vegetarian,gujarati,0,muscle_gain|high_protein
Idli Sambar 5402,breakfast,338,31.8,59.9,8.1,vegetarian,punjabi,1,muscle_gain|high_protein
Fish Fry 5403,dinner,361,22.2,24.2,13.5,non_vegetarian,hyderabadi,1,muscle_gain|high_protein
Mixed Veg Curry 5404,dinner,413,7.4,62.2,4.9,vegetarian,north_indian,1,improve_stamina|carb_rich
Kadhi Rice 5405,lunch,351,9.3,55.4,16.4,vegetarian,south_indian,1,weight_loss|light
Egg Curry 5406,dinner,396,18.6,36.4,15.9,non_vegetarian,north_indian,1,weight_loss|light
Fish Curry Rice 5407,lunch,443,14.3,46.5,4.3,non_vegetarian,hyderabadi,1,improve_stamina|carb_rich
Tofu Stir Fry 5408,lunch,605,19.1,57.4,16.1,vegan,hyderabadi,0,improve_stamina|carb_rich
Dal Tadka 5409,dinner,619,30.0,61.1,3.6,vegetarian,kerala,0,muscle_gain|high_protein
Fruit Salad 5410,snack,84,5.8,68.9,4.2,vegan,north_indian,1,balanced|beginner
Pav Bhaji 5411,lunch,362,32.0,79.9,21.5,vegetarian,hyderabadi,0,muscle_gain|high_protein
Fish Curry Rice 5412,lunch,524,14.6,63.8,4.7,non_vegetarian,kerala,0,improve_stamina|carb_rich
Buttermilk 5413,snack,101,27.0,44.5,24.9,vegetarian,south_indian,0,muscle_gain|high_protein
Kadhi Rice 5414,lunch,561,11.2,48.6,12.8,vegetarian,rajasthani,0,balanced|beginner
Fish Fry 5415,dinner,687,12.5,27.0,19.0,non_vegetarian,hyderabadi,0,weight_loss|light
Fruit Salad 5416,snack,220,17.5,47.1,19.0,vegan,south_indian,0,improve_stamina|carb_rich
Egg Curry 5417,dinner,434,44.1,39.2,6.1,non_vegetarian,gujarati,1,muscle_gain|high_protein
Boiled Eggs 5418,snack,106,25.8,64.3,11.6,non_vegetarian,punjabi,1,muscle_gain|high_protein
Rajma Chawal 5419,lunch,467,18.9,76.1,14.4,vegetarian,north_indian,1,improve_stamina|carb_rich
Pav Bhaji 5420,lunch,424,33.9,78.8,6.9,vegetarian,rajasthani,1,muscle_gain|high_protein
Pav Bhaji 5421,lunch,380,30.5,20.3,17.6,vegetarian,punjabi,1,muscle_gain|high_protein
Dal Rice 5422,lunch,415,8.1,57.2,8.3,vegetarian,mixed,1,weight_loss|light
Paneer Sandwich 5423,breakfast,365,18.3,56.6,22.5,vegetarian,bengali,0,weight_loss|light
Roasted Chana 5424,snack,211,28.2,21.2,15.9,vegan,gujarati,1,muscle_gain|high_protein
Paneer Sandwich 5425,breakfast,344,5.1,34.0,22.6,vegetarian,north_indian,0,improve_stamina|carb_rich
Tofu Curry 5426,dinner,412,8.3,37.8,17.3,vegan,kerala,1,improve_stamina|carb_rich
Paneer Cubes 5427,snack,278,10.2,61.9,5.1,vegetarian,gujarati,1,weight_loss|light
Grilled Chicken 5428,dinner,544,11.6,71.8,18.2,non_vegetarian,south_indian,0,weight_loss|light
Vegetable Soup 5429,dinner,522,12.8,31.2,10.3,vegan,south_indian,0,weight_loss|light
Dal Rice 5430,lunch,583,13.5,51.3,10.2,vegetarian,north_indian,0,balanced|beginner
Paneer Roti 5431,lunch,523,23.5,43.1,4.0,vegetarian,bengali,0,muscle_gain|high_protein
Sabudana Khichdi 5432,breakfast,210,12.2,39.8,9.7,vegetarian,south_indian,1,improve_stamina|carb_rich
Paneer Cubes 5433,snack,268,18.5,71.9,18.2,vegetarian,punjabi,0,balanced|beginner
Fish Curry Rice 5434,lunch,356,18.9,33.3,17.4,non_vegetarian,maharashtrian,1,improve_stamina|carb_rich
Tofu Scramble 5435,breakfast,379,6.1,71.4,10.4,vegan,hyderabadi,1,weight_loss|light
Pav Bhaji 5436,lunch,499,13.5,77.1,11.1,vegetarian,rajasthani,1,improve_stamina|carb_rich
Paneer Cubes 5437,snack,230,13.5,34.0,8.9,vegetarian,north_indian,1,weight_loss|light
Grilled Chicken 5438,dinner,550,17.5,66.0,16.9,non_vegetarian,bengali,0,balanced|beginner
Paneer Bhurji 5439,dinner,484,6.5,32.3,12.2,vegetarian,punjabi,1,weight_loss|light
Fruit Bowl 5440,breakfast,233,18.3,44.0,5.0,vegan,gujarati,1,weight_loss|light
Paneer Cubes 5441,snack,228,9.3,65.7,17.6,vegetarian,rajasthani,1,weight_loss|light
Paneer Sandwich 5442,breakfast,428,9.7,50.9,4.3,vegetarian,north_indian,1,weight_loss|light
Grilled Chicken 5443,dinner,662,15.8,68.6,17.8,non_vegetarian,rajasthani,0,improve_stamina|carb_rich
Paneer Roti 5444,lunch,520,19.0,58.1,18.8,vegetarian,south_indian,0,weight_loss|light
Sprouts Salad 5445,snack,290,14.1,37.4,20.9,vegan,gujarati,0,balanced|beginner
Masala Omelette 5446,breakfast,381,12.4,60.9,8.4,non_vegetarian,north_indian,1,balanced|beginner
Egg Curry 5447,dinner,695,11.1,71.9,4.3,non_vegetarian,gujarati,0,balanced|beginner
Dal Tadka 5448,dinner,574,5.6,38.7,16.3,vegetarian,north_indian,0,improve_stamina|carb_rich
Vegetable Poha 5449,breakfast,165,14.6,78.7,21.0,vegetarian,punjabi,0,weight_loss|light
Sabudana Khichdi 5450,breakfast,193,5.8,72.3,5.1,vegetarian,south_indian,1,weight_loss|light
Roti Sabji 5451,dinner,630,18.2,64.0,23.5,vegetarian,kerala,0,muscle_gain|high_protein
Fish Fry 5452,dinner,529,15.6,33.0,13.1,non_vegetarian,bengali,0,weight_loss|light
Paneer Cubes 5453,snack,233,7.7,27.5,5.6,vegetarian,hyderabadi,1,balanced|beginner
Boiled Eggs 5454,snack,190,20.0,31.1,6.9,non_vegetarian,mixed,1,improve_stamina|carb_rich
Corn Chaat 5455,snack,126,15.4,47.9,9.4,vegan,gujarati,1,balanced|beginner
Kadhi Rice 5456,lunch,396,8.9,75.8,21.0,vegetarian,north_indian,0,balanced|beginner
Dal Rice 5457,lunch,372,11.7,75.7,21.9,vegetarian,gujarati,0,improve_stamina|carb_rich
Fish Fry 5458,dinner,385,29.1,24.8,11.8,non_vegetarian,punjabi,1,muscle_gain|high_protein
Tofu Curry 5459,dinner,616,7.7,79.4,15.5,vegan,north_indian,0,balanced|beginner
Peanut Chaat 5460,snack,185,14.2,36.8,15.6,vegetarian,maharashtrian,1,weight_loss|light
Idli Sambar 5461,breakfast,152,39.5,45.2,18.4,vegetarian,rajasthani,0,muscle_gain|high_protein
Paneer Roti 5462,lunch,351,8.3,22.5,3.4,vegetarian,rajasthani,1,weight_loss|light
Vegetable Soup 5463,dinner,483,13.2,44.8,19.3,vegan,punjabi,0,balanced|beginner
Upma 5464,breakfast,382,34.1,47.7,20.3,vegetarian,north_indian,0,muscle_gain|high_protein
Fruit Salad 5465,snack,283,15.2,43.3,20.9,vegan,rajasthani,0,improve_stamina|carb_rich
Rajma Chawal 5466,lunch,652,18.0,68.0,10.8,vegetarian,hyderabadi,0,balanced|beginner
Paneer Cubes 5467,snack,98,26.4,31.1,7.4,vegetarian,gujarati,1,muscle_gain|high_protein
Corn Chaat 5468,snack,113,16.2,46.9,14.7,vegan,bengali,1,balanced|beginner
Vegetable Soup 5469,dinner,455,18.3,49.6,7.9,vegan,hyderabadi,1,weight_loss|light
Oats with Milk 5470,breakfast,208,14.7,29.2,12.3,vegetarian,kerala,1,balanced|beginner
Roti Sabji 5471,dinner,673,11.6,43.4,19.9,vegetarian,mixed,0,improve_stamina|carb_rich
Tofu Scramble 5472,breakfast,166,12.1,43.1,4.8,vegan,hyderabadi,1,improve_stamina|carb_rich
Egg Curry 5473,dinner,491,18.0,31.1,14.1,non_vegetarian,bengali,1,balanced|beginner
Paneer Bhurji 5474,dinner,427,18.2,44.2,8.2,vegetarian,rajasthani,1,muscle_gain|high_protein
Fish Curry Rice 5475,lunch,455,34.6,73.0,14.1,non_vegetarian,gujarati,1,muscle_gain|high_protein
Roti Sabji 5476,dinner,651,16.0,26.7,20.3,vegetarian,north_indian,0,balanced|beginner
Paneer Sandwich 5477,breakfast,317,9.3,46.0,10.5,vegetarian,north_indian,1,weight_loss|light
Vegetable Khichdi 5478,lunch,611,6.8,24.3,23.2,vegetarian,south_indian,0,weight_loss|light
Vegetable Khichdi 5479,lunch,369,6.1,36.4,22.5,vegetarian,hyderabadi,0,weight_loss|light
Vegetable Khichdi 5480,lunch,479,45.0,44.8,4.1,vegetarian,kerala,1,muscle_gain|high_protein
Peanut Chaat 5481,snack,274,14.0,65.5,14.6,vegetarian,south_indian,1,weight_loss|light
Dal Tadka 5482,dinner,384,15.1,70.8,3.4,vegetarian,rajasthani,1,weight_loss|light
Paneer Roti 5483,lunch,670,12.9,69.2,5.2,vegetarian,hyderabadi,0,weight_loss|light
Hyderabadi Biryani 5484,lunch,663,43.0,44.6,7.8,non_vegetarian,punjabi,0,muscle_gain|high_protein
Paneer Bhurji 5485,dinner,494,5.5,27.7,12.1,vegetarian,mixed,1,improve_stamina|carb_rich
Paneer Sandwich 5486,breakfast,255,16.3,76.7,18.5,vegetarian,kerala,0,improve_stamina|carb_rich
Hyderabadi Biryani 5487,lunch,397,10.9,26.2,22.9,non_vegetarian,mixed,0,weight_loss|light
Dal Tadka 5488,dinner,662,13.3,35.5,9.6,vegetarian,maharashtrian,0,balanced|beginner
Hyderabadi Biryani 5489,lunch,424,19.5,25.5,9.4,non_vegetarian,rajasthani,1,improve_stamina|carb_rich
Paneer Bhurji 5490,dinner,694,13.1,45.3,17.7,vegetarian,bengali,0,improve_stamina|carb_rich
Peanut Chaat 5491,snack,111,12.5,73.3,8.6,vegetarian,maharashtrian,1,weight_loss|light
Buttermilk 5492,snack,87,5.8,74.2,7.0,vegetarian,maharashtrian,1,weight_loss|light
Sprouts Salad 5493,snack,279,22.4,50.1,9.4,vegan,punjabi,1,muscle_gain|high_protein
Idli Sambar 5494,breakfast,159,7.1,79.8,16.3,vegetarian,gujarati,1,weight_loss|light
Peanut Chaat 5495,snack,298,16.5,77.5,24.8,vegetarian,south_indian,0,weight_loss|light
Paneer Bhurji 5496,dinner,610,10.4,46.2,8.7,vegetarian,punjabi,0,balanced|beginner
Hyderabadi Biryani 5497,lunch,466,11.1,76.9,23.2,non_vegetarian,bengali,0,weight_loss|light
Grilled Chicken 5498,dinner,622,11.1,69.1,11.9,non_vegetarian,hyderabadi,0,improve_stamina|carb_rich
Oats with Milk 5499,breakfast,186,10.6,64.9,5.4,vegetarian,south_indian,1,improve_stamina|carb_rich
Chicken Curry Rice 5500,lunch,493,10.8,62.8,22.0,non_vegetarian,north_indian,0,balanced|beginner
Upma 5501,breakfast,383,18.1,45.5,20.8,vegetarian,hyderabadi,0,improve_stamina|carb_rich
Fish Fry 5502,dinner,359,35.5,42.3,10.1,non_vegetarian,mixed,1,muscle_gain|high_protein
Kadhi Rice 5503,lunch,572,21.4,42.7,3.9,vegetarian,south_indian,0,muscle_gain|high_protein
Dal Tadka 5504,dinner,365,8.8,67.6,17.2,vegetarian,punjabi,1,weight_loss|light
Kadhi Rice 5505,lunch,591,23.4,52.7,9.7,vegetarian,north_indian,0,muscle_gain|high_protein
Roasted Chana 5506,snack,186,10.0,72.0,3.8,vegan,punjabi,1,balanced|beginner
Mixed Veg Curry 5507,dinner,452,11.2,56.4,6.8,vegetarian,north_indian,1,balanced|beginner
Egg Curry 5508,dinner,689,7.5,21.8,24.7,non_vegetarian,mixed,0,improve_stamina|carb_rich
Pav Bhaji 5509,lunch,691,15.6,66.7,4.2,vegetarian,mixed,0,weight_loss|light
Sabudana Khichdi 5510,breakfast,385,17.7,46.6,10.7,vegetarian,kerala,1,weight_loss|light
Dal Rice 5511,lunch,612,12.5,64.9,23.8,vegetarian,bengali,0,weight_loss|light
Buttermilk 5512,snack,289,14.5,75.6,10.9,vegetarian,south_indian,1,balanced|beginner
Paneer Roti 5513,lunch,531,14.3,68.6,16.0,vegetarian,punjabi,0,improve_stamina|carb_rich
Oats with Milk 5514,breakfast,362,43.8,70.4,14.6,vegetarian,north_indian,1,muscle_gain|high_protein
Tofu Curry 5515,dinner,500,14.4,74.9,21.5,vegan,south_indian,0,weight_loss|light
Tofu Scramble 5516,breakfast,236,11.2,44.7,10.3,vegan,punjabi,1,weight_loss|light
Masala Omelette 5517,breakfast,339,30.0,58.0,9.2,non_vegetarian,rajasthani,1,muscle_gain|high_protein
Tofu Curry 5518,dinner,561,10.4,56.8,12.0,vegan,mixed,0,weight_loss|light
Sprouts Salad 5519,snack,124,21.0,39.9,19.8,vegan,south_indian,0,muscle_gain|high_protein
Thepla 5520,breakfast,307,25.0,70.7,20.9,vegetarian,north_indian,0,muscle_gain|high_protein
Rajma Chawal 5521,lunch,679,20.6,53.9,20.2,vegetarian,rajasthani,0,muscle_gain|high_protein
Peanut Chaat 5522,snack,269,8.1,45.9,15.5,vegetarian,gujarati,1,improve_stamina|carb_rich
Paneer Bhurji 5523,dinner,568,25.5,66.5,22.4,vegetarian,south_indian,0,muscle_gain|high_protein
Chicken Curry Rice 5524,lunch,657,29.8,52.0,19.0,non_vegetarian,rajasthani,0,muscle_gain|high_protein
Fruit Salad 5525,snack,136,15.1,62.9,13.1,vegan,north_indian,1,weight_loss|light
Paneer Cubes 5526,snack,195,17.7,49.3,3.1,vegetarian,rajasthani,1,balanced|beginner
Fish Fry 5527,dinner,675,15.8,38.9,14.5,non_vegetarian,kerala,0,weight_loss|light
Roasted Chana 5528,snack,217,19.0,47.2,13.2,vegan,rajasthani,1,balanced|beginner
Roasted Chana 5529,snack,227,37.0,77.3,17.4,vegan,south_indian,1,muscle_gain|high_protein
Fruit Bowl 5530,breakfast,281,17.7,45.5,13.6,vegan,mixed,1,weight_loss|light
Oats with Milk 5531,breakfast,243,11.3,51.3,12.7,vegetarian,maharashtrian,1,weight_loss|light
Kadhi Rice 5532,lunch,683,21.7,52.8,20.1,vegetarian,maharashtrian,0,muscle_gain|high_protein
Pav Bhaji 5533,lunch,672,37.5,40.5,9.4,vegetarian,rajasthani,0,muscle_gain|high_protein
Fish Curry Rice 5534,lunch,401,38.1,77.1,22.8,non_vegetarian,mixed,0,muscle_gain|high_protein
Upma 5535,breakfast,190,6.2,20.2,16.9,vegetarian,bengali,1,weight_loss|light
Dal Rice 5536,lunch,496,8.5,47.9,5.8,vegetarian,maharashtrian,1,improve_stamina|carb_rich
Protein Shake 5537,snack,278,11.7,77.7,4.9,vegetarian,gujarati,1,balanced|beginner
Masala Omelette 5538,breakfast,163,5.2,62.0,6.5,non_vegetarian,mixed,1,balanced|beginner
Upma 5539,breakfast,213,19.0,78.2,19.6,vegetarian,south_indian,0,balanced|beginner
Tofu Stir Fry 5540,lunch,655,5.2,73.9,5.8,vegan,mixed,0,weight_loss|light
Tofu Stir Fry 5541,lunch,425,10.9,58.9,16.5,vegan,mixed,1,weight_loss|light
Peanut Chaat 5542,snack,89,18.3,76.0,3.6,vegetarian,hyderabadi,1,weight_loss|light
Buttermilk 5543,snack,93,34.5,32.9,18.1,vegetarian,kerala,0,muscle_gain|high_protein
Buttermilk 5544,snack,147,35.7,71.4,24.0,vegetarian,mixed,0,muscle_gain|high_protein
Dal Rice 5545,lunch,634,18.4,21.6,17.3,vegetarian,north_indian,0,weight_loss|light
Roti Sabji 5546,dinner,609,8.3,66.8,14.4,vegetarian,north_indian,0,balanced|beginner
Chicken Curry Rice 5547,lunch,429,14.0,55.0,22.5,non_vegetarian,bengali,0,improve_stamina|carb_rich
Fish Fry 5548,dinner,525,12.7,22.7,10.3,non_vegetarian,south_indian,0,improve_stamina|carb_rich
Paneer Sandwich 5549,breakfast,374,15.3,47.9,20.2,vegetarian,mixed,0,balanced|beginner
Tofu Curry 5550,dinner,638,18.7,51.5,9.1,vegan,gujarati,0,weight_loss|light
Grilled Chicken 5551,dinner,547,10.8,53.8,21.3,non_vegetarian,hyderabadi,0,improve_stamina|carb_rich
Peanut Chaat 5552,snack,281,20.1,50.1,23.5,vegetarian,north_indian,0,muscle_gain|high_protein
Chicken Curry Rice 5553,lunch,563,31.5,32.3,16.8,non_vegetarian,north_indian,0,muscle_gain|high_protein
Vegetable Poha 5554,breakfast,277,33.2,31.8,7.7,vegetarian,south_indian,1,muscle_gain|high_protein
Oats with Milk 5555,breakfast,240,9.0,79.1,10.7,vegetarian,south_indian,1,balanced|beginner
Paneer Roti 5556,lunch,373,31.4,61.6,10.6,vegetarian,south_indian,1,muscle_gain|high_protein
Fruit Bowl 5557,breakfast,308,17.2,72.0,20.3,vegan,mixed,0,improve_stamina|carb_rich
Dal Tadka 5558,dinner,570,15.3,25.4,17.3,vegetarian,maharashtrian,0,weight_loss|light
Vegetable Poha 5559,breakfast,411,39.6,51.0,17.2,vegetarian,mixed,1,muscle_gain|high_protein
Paneer Roti 5560,lunch,584,19.0,34.2,6.6,vegetarian,gujarati,0,improve_stamina|carb_rich
Buttermilk 5561,snack,107,19.9,28.5,23.6,vegetarian,mixed,0,improve_stamina|carb_rich
Fruit Salad 5562,snack,286,10.4,21.1,4.4,vegan,north_indian,1,weight_loss|light
Mixed Veg Curry 5563,dinner,358,11.1,28.5,3.3,vegetarian,maharashtrian,1,balanced|beginner
Pav Bhaji 5564,lunch,610,12.5,69.9,13.6,vegetarian,maharashtrian,0,improve_stamina|carb_rich
Protein Shake 5565,snack,221,39.1,38.2,15.6,vegetarian,kerala,1,muscle_gain|high_protein
Chicken Curry Rice 5566,lunch,387,32.0,74.0,14.9,non_vegetarian,south_indian,1,muscle_gain|high_protein
Tofu Scramble 5567,breakfast,334,5.4,35.4,5.5,vegan,mixed,1,improve_stamina|carb_rich
Fish Curry Rice 5568,lunch,632,20.8,49.6,17.3,non_vegetarian,maharashtrian,0,muscle_gain|high_protein
Fruit Bowl 5569,breakfast,349,17.8,38.9,15.2,vegan,rajasthani,1,balanced|beginner
Paneer Cubes 5570,snack,121,25.5,23.7,10.2,vegetarian,punjabi,1,muscle_gain|high_protein
Fruit Bowl 5571,breakfast,276,14.4,62.1,16.1,vegan,bengali,1,weight_loss|light
Thepla 5572,breakfast,329,15.0,49.4,10.7,vegetarian,rajasthani,1,balanced|beginner
Dal Tadka 5573,dinner,694,10.0,49.4,9.9,vegetarian,south_indian,0,balanced|beginner
Roti Sabji 5574,dinner,503,8.9,52.9,17.8,vegetarian,kerala,0,weight_loss|light
Corn Chaat 5575,snack,227,44.8,39.5,19.9,vegan,hyderabadi,0,muscle_gain|high_protein
Tofu Scramble 5576,breakfast,162,16.8,59.0,20.7,vegan,kerala,0,improve_stamina|carb_rich
Sprouts Salad 5577,snack,173,15.1,21.3,7.5,vegan,kerala,1,weight_loss|light
Paneer Roti 5578,lunch,572,19.9,43.0,4.2,vegetarian,bengali,0,balanced|beginner
Peanut Chaat 5579,snack,205,17.9,36.5,9.5,vegetarian,mixed,1,weight_loss|light
Sabudana Khichdi 5580,breakfast,199,16.5,24.5,7.8,vegetarian,maharashtrian,1,improve_stamina|carb_rich
Rajma Chawal 5581,lunch,583,39.3,48.4,14.0,vegetarian,rajasthani,0,muscle_gain|high_protein
Vegetable Poha 5582,breakfast,286,29.1,33.8,11.4,vegetarian,kerala,1,muscle_gain|high_protein
Boiled Eggs 5583,snack,177,31.6,37.3,15.9,non_vegetarian,punjabi,1,muscle_gain|high_protein
Mixed Veg Curry 5584,dinner,432,40.6,31.7,14.6,vegetarian,gujarati,1,muscle_gain|high_protein
Idli Sambar 5585,breakfast,400,10.7,42.2,20.6,vegetarian,gujarati,0,balanced|beginner
Oats with Milk 5586,breakfast,399,14.6,77.8,15.2,vegetarian,north_indian,1,balanced|beginner
Roasted Chana 5587,snack,93,15.0,70.9,17.9,vegan,gujarati,1,weight_loss|light
Oats with Milk 5588,breakfast,245,18.4,34.1,11.6,vegetarian,gujarati,1,weight_loss|light
Peanut Chaat 5589,snack,118,27.8,49.8,10.5,vegetarian,gujarati,1,muscle_gain|high_protein
Tofu Scramble 5590,breakfast,222,12.0,71.8,12.0,vegan,south_indian,1,improve_stamina|carb_rich
Pav Bhaji 5591,lunch,520,6.2,67.7,21.7,vegetarian,bengali,0,balanced|beginner
Kadhi Rice 5592,lunch,618,7.9,39.4,6.9,vegetarian,punjabi,0,weight_loss|light
Pav Bhaji 5593,lunch,698,6.4,36.8,17.4,vegetarian,kerala,0,weight_loss|light
Sabudana Khichdi 5594,breakfast,442,24.6,53.4,5.6,vegetarian,south_indian,1,muscle_gain|high_protein
Roti Sabji 5595,dinner,362,10.8,37.4,12.5,vegetarian,bengali,1,weight_loss|light
Masala Omelette 5596,breakfast,435,13.8,39.9,24.3,non_vegetarian,maharashtrian,0,balanced|beginner
Grilled Chicken 5597,dinner,418,30.5,21.6,4.1,non_vegetarian,mixed,1,muscle_gain|high_protein
Upma 5598,breakfast,238,16.1,20.5,24.5,vegetarian,gujarati,0,weight_loss|light
Roasted Chana 5599,snack,192,17.3,65.3,18.4,vegan,bengali,0,improve_stamina|carb_rich
Protein Shake 5600,snack,93,20.0,71.0,15.8,vegetarian,kerala,1,muscle_gain|high_protein
Egg Curry 5601,dinner,647,14.5,54.7,24.8,non_vegetarian,maharashtrian,0,balanced|beginner
Paneer Cubes 5602,snack,200,15.2,76.3,11.4,vegetarian,punjabi,1,improve_stamina|carb_rich
Masala Omelette 5603,breakfast,447,26.2,56.0,19.8,non_vegetarian,gujarati,0,muscle_gain|high_protein
Paneer Sandwich 5604,breakfast,335,12.5,26.7,11.2,vegetarian,kerala,1,improve_stamina|carb_rich
Sprouts Salad 5605,snack,283,16.3,50.9,20.2,vegan,mixed,0,improve_stamina|carb_rich
Boiled Eggs 5606,snack,292,23.2,29.2,5.4,non_vegetarian,punjabi,1,muscle_gain|high_protein
Pav Bhaji 5607,lunch,659,10.9,38.6,22.2,vegetarian,rajasthani,0,weight_loss|light
Grilled Chicken 5608,dinner,511,10.2,55.9,3.2,non_vegetarian,kerala,0,improve_stamina|carb_rich
Fish Fry 5609,dinner,649,10.4,43.8,15.2,non_vegetarian,south_indian,0,balanced|beginner
Fruit Bowl 5610,breakfast,333,36.9,20.8,5.2,vegan,kerala,1,muscle_gain|high_protein
Fruit Bowl 5611,breakfast,291,22.5,75.5,20.2,vegan,hyderabadi,0,muscle_gain|high_protein
Kadhi Rice 5612,lunch,356,22.6,64.6,18.6,vegetarian,gujarati,0,muscle_gain|high_protein
Fruit Salad 5613,snack,188,6.1,38.8,4.8,vegan,hyderabadi,1,improve_stamina|carb_rich
Corn Chaat 5614,snack,252,25.6,52.6,21.3,vegan,punjabi,0,muscle_gain|high_protein
Roasted Chana 5615,snack,248,14.5,60.4,15.8,vegan,hyderabadi,1,balanced|beginner
Kadhi Rice 5616,lunch,595,9.6,28.8,21.3,vegetarian,bengali,0,balanced|beginner
Oats with Milk 5617,breakfast,229,18.6,26.9,6.1,vegetarian,bengali,1,weight_loss|light
Thepla 5618,breakfast,357,14.5,64.5,19.7,vegetarian,hyderabadi,0,balanced|beginner
Paneer Sandwich 5619,breakfast,154,10.0,57.1,23.2,vegetarian,mixed,0,improve_stamina|carb_rich
Fruit Bowl 5620,breakfast,439,12.1,36.9,5.3,vegan,south_indian,1,improve_stamina|carb_rich
Kadhi Rice 5621,lunch,652,14.1,64.8,22.1,vegetarian,gujarati,0,weight_loss|light
Vegetable Khichdi 5622,lunch,510,37.6,65.3,11.9,vegetarian,rajasthani,0,muscle_gain|high_protein
Grilled Chicken 5623,dinner,513,12.1,58.1,17.0,non_vegetarian,bengali,0,weight_loss|light
Tofu Scramble 5624,breakfast,403,23.4,30.5,11.8,vegan,gujarati,1,muscle_gain|high_protein
Boiled Eggs 5625,snack,243,16.2,41.0,14.6,non_vegetarian,kerala,1,weight_loss|light
Fish Curry Rice 5626,lunch,522,18.3,25.4,9.2,non_vegetarian,hyderabadi,0,weight_loss|light
Fruit Bowl 5627,breakfast,341,9.1,35.2,6.1,vegan,kerala,1,improve_stamina|carb_rich
Vegetable Poha 5628,breakfast,271,15.9,25.4,17.8,vegetarian,bengali,1,improve_stamina|carb_rich
Mixed Veg Curry 5629,dinner,535,19.3,43.8,17.0,vegetarian,punjabi,0,improve_stamina|carb_rich
Tofu Stir Fry 5630,lunch,640,14.2,35.2,10.5,vegan,rajasthani,0,improve_stamina|carb_rich
Tofu Scramble 5631,breakfast,401,12.3,24.6,14.3,vegan,mixed,1,weight_loss|light
Upma 5632,breakfast,349,11.3,22.7,15.2,vegetarian,maharashtrian,1,weight_loss|light
Fish Fry 5633,dinner,416,15.1,70.5,10.6,non_vegetarian,north_indian,1,balanced|beginner
Chicken Curry Rice 5634,lunch,396,7.6,75.6,6.0,non_vegetarian,punjabi,1,balanced|beginner
Roasted Chana 5635,snack,260,5.7,49.0,21.5,vegan,gujarati,0,weight_loss|light
Protein Shake 5636,snack,190,8.3,75.1,14.0,vegetarian,maharashtrian,1,balanced|beginner
Paneer Sandwich 5637,breakfast,269,18.5,47.8,13.5,vegetarian,hyderabadi,1,muscle_gain|high_protein
Idli Sambar 5638,breakfast,258,13.1,28.2,17.3,vegetarian,north_indian,1,weight_loss|light
Protein Shake 5639,snack,235,7.9,66.5,24.6,vegetarian,north_indian,0,weight_loss|light
Peanut Chaat 5640,snack,210,9.0,65.6,24.1,vegetarian,north_indian,0,improve_stamina|carb_rich
Upma 5641,breakfast,286,6.6,51.2,11.0,vegetarian,south_indian,1,weight_loss|light
Vegetable Poha 5642,breakfast,357,9.7,43.1,4.9,vegetarian,gujarati,1,balanced|beginner
Upma 5643,breakfast,399,20.3,72.7,11.0,vegetarian,mixed,1,muscle_gain|high_protein
Tofu Stir Fry 5644,lunch,699,10.2,70.7,15.4,vegan,north_indian,0,weight_loss|light
Idli Sambar 5645,breakfast,249,38.1,59.8,21.3,vegetarian,kerala,0,muscle_gain|high_protein
Roti Sabji 5646,dinner,381,27.9,46.2,6.8,vegetarian,rajasthani,1,muscle_gain|high_protein
Paneer Roti 5647,lunch,514,23.6,72.6,18.5,vegetarian,gujarati,0,muscle_gain|high_protein
Protein Shake 5648,snack,130,15.8,57.3,5.7,vegetarian,punjabi,1,weight_loss|light
Fish Curry Rice 5649,lunch,451,11.1,25.2,8.9,non_vegetarian,south_indian,1,weight_loss|light
Mixed Veg Curry 5650,dinner,587,9.5,58.0,6.8,vegetarian,north_indian,0,improve_stamina|carb_rich
Sabudana Khichdi 5651,breakfast,164,16.2,70.1,14.2,vegetarian,kerala,1,weight_loss|light
Tofu Curry 5652,dinner,521,42.1,22.4,18.2,vegan,mixed,0,muscle_gain|high_protein
Fish Curry Rice 5653,lunch,454,40.8,44.4,17.5,non_vegetarian,hyderabadi,1,muscle_gain|high_protein
Egg Curry 5654,dinner,657,6.7,38.6,9.0,non_vegetarian,rajasthani,0,weight_loss|light
Fruit Salad 5655,snack,275,13.2,59.0,4.9,vegan,rajasthani,1,balanced|beginner
Pav Bhaji 5656,lunch,647,17.7,47.2,20.8,vegetarian,hyderabadi,0,balanced|beginner
Protein Shake 5657,snack,168,9.8,54.2,13.1,vegetarian,south_indian,1,improve_stamina|carb_rich
Buttermilk 5658,snack,218,20.8,40.6,20.4,vegetarian,hyderabadi,0,muscle_gain|high_protein
Vegetable Khichdi 5659,lunch,651,29.9,30.3,22.5,vegetarian,hyderabadi,0,muscle_gain|high_protein
Protein Shake 5660,snack,87,16.2,74.3,25.0,vegetarian,punjabi,0,improve_stamina|carb_rich
Paneer Sandwich 5661,breakfast,159,15.0,67.3,15.8,vegetarian,gujarati,1,improve_stamina|carb_rich
Paneer Cubes 5662,snack,156,9.4,51.3,24.7,vegetarian,punjabi,0,weight_loss|light
Grilled Chicken 5663,dinner,513,19.1,23.6,23.9,non_vegetarian,hyderabadi,0,balanced|beginner
Vegetable Soup 5664,dinner,460,5.6,53.8,12.5,vegan,bengali,1,balanced|beginner
Fruit Salad 5665,snack,280,18.0,26.9,24.5,vegan,gujarati,0,balanced|beginner
Rajma Chawal 5666,lunch,577,19.5,59.0,14.3,vegetarian,gujarati,0,muscle_gain|high_protein
Egg Curry 5667,dinner,678,15.7,69.2,10.8,non_vegetarian,bengali,0,balanced|beginner
Buttermilk 5668,snack,233,37.8,62.6,11.4,vegetarian,maharashtrian,1,muscle_gain|high_protein
Roti Sabji 5669,dinner,569,7.7,50.9,3.7,vegetarian,south_indian,0,weight_loss|light
Roti Sabji 5670,dinner,432,11.2,57.6,13.3,vegetarian,gujarati,1,balanced|beginner
Protein Shake 5671,snack,105,16.3,23.6,24.2,vegetarian,rajasthani,0,weight_loss|light
Vegetable Soup 5672,dinner,648,6.0,28.5,8.8,vegan,gujarati,0,weight_loss|light
Vegetable Khichdi 5673,lunch,429,31.5,28.5,10.1,vegetarian,south_indian,1,muscle_gain|high_protein
Dal Tadka 5674,dinner,681,11.5,38.4,19.0,vegetarian,gujarati,0,weight_loss|light
Thepla 5675,breakfast,322,17.9,45.1,20.7,vegetarian,gujarati,0,weight_loss|light
Paneer Cubes 5676,snack,119,6.7,73.9,10.9,vegetarian,punjabi,1,weight_loss|light
Fish Fry 5677,dinner,475,10.2,21.5,22.3,non_vegetarian,punjabi,0,balanced|beginner
Kadhi Rice 5678,lunch,350,18.3,21.5,4.7,vegetarian,kerala,1,improve_stamina|carb_rich
Paneer Sandwich 5679,breakfast,339,14.3,54.8,11.0,vegetarian,rajasthani,1,weight_loss|light
Sabudana Khichdi 5680,breakfast,241,17.9,64.2,5.4,vegetarian,north_indian,1,improve_stamina|carb_rich
Paneer Cubes 5681,snack,190,19.3,21.2,9.5,vegetarian,rajasthani,1,weight_loss|light
Kadhi Rice 5682,lunch,470,7.8,69.5,7.6,vegetarian,north_indian,1,weight_loss|light
Paneer Cubes 5683,snack,261,19.2,56.9,7.7,vegetarian,kerala,1,improve_stamina|carb_rich
Vegetable Soup 5684,dinner,516,6.8,78.2,10.8,vegan,rajasthani,0,balanced|beginner
Fish Fry 5685,dinner,411,18.7,34.3,17.9,non_vegetarian,rajasthani,1,balanced|beginner
Egg Curry 5686,dinner,588,5.2,34.5,10.7,non_vegetarian,bengali,0,weight_loss|light
Pav Bhaji 5687,lunch,438,9.3,46.2,18.9,vegetarian,north_indian,0,weight_loss|light
Idli Sambar 5688,breakfast,178,40.2,58.2,7.0,vegetarian,gujarati,1,muscle_gain|high_protein
Boiled Eggs 5689,snack,240,19.2,42.6,20.5,non_vegetarian,bengali,0,weight_loss|light
Sprouts Salad 5690,snack,116,19.4,45.5,19.6,vegan,maharashtrian,0,balanced|beginner
Paneer Cubes 5691,snack,171,8.5,27.7,17.6,vegetarian,hyderabadi,1,weight_loss|light
Fruit Bowl 5692,breakfast,428,35.9,28.6,19.3,vegan,north_indian,0,muscle_gain|high_protein
Thepla 5693,breakfast,254,8.8,45.0,20.6,vegetarian,north_indian,0,improve_stamina|carb_rich
Pav Bhaji 5694,lunch,659,13.0,76.4,5.4,vegetarian,bengali,0,weight_loss|light
Tofu Stir Fry 5695,lunch,532,14.7,78.6,9.1,vegan,punjabi,0,improve_stamina|carb_rich
Boiled Eggs 5696,snack,276,6.2,42.7,16.2,non_vegetarian,rajasthani,1,improve_stamina|carb_rich
Protein Shake 5697,snack,180,34.3,52.7,13.3,vegetarian,punjabi,1,muscle_gain|high_protein
Masala Omelette 5698,breakfast,270,15.4,77.4,5.2,non_vegetarian,hyderabadi,1,improve_stamina|carb_rich
Pav Bhaji 5699,lunch,664,19.7,43.7,11.7,vegetarian,maharashtrian,0,balanced|beginner
Vegetable Khichdi 5700,lunch,472,33.8,53.3,11.7,vegetarian,rajasthani,1,muscle_gain|high_protein
Upma 5701,breakfast,433,6.9,34.3,6.0,vegetarian,mixed,1,balanced|beginner
Paneer Bhurji 5702,dinner,637,16.8,67.2,18.2,vegetarian,north_indian,0,weight_loss|light
Tofu Stir Fry 5703,lunch,584,15.2,56.6,19.9,vegan,bengali,0,weight_loss|light
Roasted Chana 5704,snack,102,19.9,64.9,13.1,vegan,punjabi,1,weight_loss|light
Fish Fry 5705,dinner,647,14.9,48.8,6.1,non_vegetarian,south_indian,0,balanced|beginner
Fruit Bowl 5706,breakfast,157,23.7,60.2,10.9,vegan,rajasthani,1,muscle_gain|high_protein
Tofu Curry 5707,dinner,411,31.4,34.6,5.8,vegan,gujarati,1,muscle_gain|high_protein
Dal Tadka 5708,dinner,691,9.3,74.9,20.1,vegetarian,maharashtrian,0,balanced|beginner
Fruit Salad 5709,snack,233,18.1,71.9,18.1,vegan,north_indian,0,weight_loss|light
Tofu Curry 5710,dinner,685,14.9,47.0,20.4,vegan,punjabi,0,weight_loss|light
Fruit Bowl 5711,breakfast,390,10.6,46.7,9.4,vegan,south_indian,1,balanced|beginner
Egg Curry 5712,dinner,549,16.3,64.1,15.8,non_vegetarian,mixed,0,weight_loss|light
Fish Curry Rice 5713,lunch,355,11.4,25.5,24.5,non_vegetarian,north_indian,0,weight_loss|light
Corn Chaat 5714,snack,199,8.0,77.1,18.8,vegan,kerala,0,weight_loss|light
Fish Curry Rice 5715,lunch,473,9.6,25.1,4.1,non_vegetarian,hyderabadi,1,weight_loss|light
Idli Sambar 5716,breakfast,236,17.5,50.0,19.3,vegetarian,mixed,0,balanced|beginner
Buttermilk 5717,snack,173,12.3,36.1,6.0,vegetarian,south_indian,1,balanced|beginner
Pav Bhaji 5718,lunch,587,14.2,27.3,7.0,vegetarian,hyderabadi,0,improve_stamina|carb_rich
Protein Shake 5719,snack,204,14.6,28.8,22.9,vegetarian,hyderabadi,0,improve_stamina|carb_rich
Mixed Veg Curry 5720,dinner,429,5.2,52.1,21.0,vegetarian,bengali,0,improve_stamina|carb_rich
Masala Omelette 5721,breakfast,326,8.3,35.3,3.6,non_vegetarian,rajasthani,1,improve_stamina|carb_rich
Upma 5722,breakfast,240,10.3,29.6,24.2,vegetarian,south_indian,0,improve_stamina|carb_rich
Boiled Eggs 5723,snack,247,10.7,79.7,12.2,non_vegetarian,rajasthani,1,balanced|beginner
Kadhi Rice 5724,lunch,582,31.6,51.0,20.2,vegetarian,maharashtrian,0,muscle_gain|high_protein
Fish Fry 5725,dinner,543,5.4,74.4,15.4,non_vegetarian,kerala,0,improve_stamina|carb_rich
Sabudana Khichdi 5726,breakfast,284,12.1,60.6,12.0,vegetarian,punjabi,1,balanced|beginner
Pav Bhaji 5727,lunch,611,15.8,55.0,18.2,vegetarian,punjabi,0,weight_loss|light
Egg Curry 5728,dinner,570,11.8,47.9,11.2,non_vegetarian,rajasthani,0,balanced|beginner
Sabudana Khichdi 5729,breakfast,280,17.7,60.6,18.8,vegetarian,gujarati,0,balanced|beginner
Paneer Sandwich 5730,breakfast,292,8.7,26.7,8.9,vegetarian,punjabi,1,improve_stamina|carb_rich
Oats with Milk 5731,breakfast,361,19.1,21.9,11.1,vegetarian,south_indian,1,balanced|beginner
Corn Chaat 5732,snack,282,19.9,60.3,12.7,vegan,gujarati,1,balanced|beginner
Fruit Salad 5733,snack,176,7.5,47.3,17.2,vegan,maharashtrian,1,improve_stamina|carb_rich
Protein Shake 5734,snack,232,7.4,74.9,19.3,vegetarian,gujarati,0,weight_loss|light
Idli Sambar 5735,breakfast,217,17.2,51.1,16.9,vegetarian,rajasthani,1,weight_loss|light
Egg Curry 5736,dinner,508,16.5,59.4,21.6,non_vegetarian,gujarati,0,balanced|beginner
Paneer Bhurji 5737,dinner,474,8.5,23.0,18.8,vegetarian,maharashtrian,0,weight_loss|light
Tofu Stir Fry 5738,lunch,424,17.1,61.2,19.3,vegan,mixed,0,weight_loss|light
Vegetable Soup 5739,dinner,532,17.5,51.9,6.3,vegan,rajasthani,0,weight_loss|light
Fruit Salad 5740,snack,189,16.1,47.2,23.6,vegan,maharashtrian,0,weight_loss|light
Fruit Salad 5741,snack,116,27.8,74.5,12.0,vegan,maharashtrian,1,muscle_gain|high_protein
Corn Chaat 5742,snack,263,7.4,22.7,22.0,vegan,mixed,0,improve_stamina|carb_rich
Fish Fry 5743,dinner,531,18.6,75.9,24.5,non_vegetarian,kerala,0,balanced|beginner
Pav Bhaji 5744,lunch,645,20.1,61.4,6.0,vegetarian,mixed,0,muscle_gain|high_protein
Protein Shake 5745,snack,201,8.8,48.2,6.8,vegetarian,maharashtrian,1,balanced|beginner
Vegetable Poha 5746,breakfast,243,16.6,41.6,4.6,vegetarian,hyderabadi,1,improve_stamina|carb_rich
Buttermilk 5747,snack,204,16.6,66.9,13.6,vegetarian,kerala,1,improve_stamina|carb_rich
Thepla 5748,breakfast,267,17.0,22.2,22.1,vegetarian,north_indian,0,weight_loss|light
Corn Chaat 5749,snack,231,18.3,67.8,17.9,vegan,south_indian,1,weight_loss|light
Paneer Bhurji 5750,dinner,377,19.3,58.3,14.4,vegetarian,kerala,1,improve_stamina|carb_rich
Sprouts Salad 5751,snack,151,19.9,61.7,8.3,vegan,hyderabadi,1,balanced|beginner
Peanut Chaat 5752,snack,82,28.3,48.7,18.8,vegetarian,maharashtrian,0,muscle_gain|high_protein
Masala Omelette 5753,breakfast,333,24.0,47.9,22.4,non_vegetarian,mixed,0,muscle_gain|high_protein
Vegetable Khichdi 5754,lunch,401,11.4,56.1,21.7,vegetarian,kerala,0,balanced|beginner
Tofu Scramble 5755,breakfast,156,12.3,35.1,22.4,vegan,gujarati,0,weight_loss|light
Dal Rice 5756,lunch,484,11.6,29.0,11.6,vegetarian,mixed,1,improve_stamina|carb_rich
Oats with Milk 5757,breakfast,251,10.0,64.1,19.7,vegetarian,kerala,0,improve_stamina|carb_rich
Pav Bhaji 5758,lunch,530,13.7,64.4,24.8,vegetarian,kerala,0,balanced|beginner
Dal Rice 5759,lunch,362,31.0,24.1,22.7,vegetarian,rajasthani,0,muscle_gain|high_protein
Hyderabadi Biryani 5760,lunch,612,17.7,54.7,21.2,non_vegetarian,gujarati,0,weight_loss|light
Masala Omelette 5761,breakfast,432,9.7,30.0,22.4,non_vegetarian,south_indian,0,improve_stamina|carb_rich
Roti Sabji 5762,dinner,507,23.2,22.0,17.8,vegetarian,gujarati,0,muscle_gain|high_protein
Oats with Milk 5763,breakfast,280,8.5,40.7,3.4,vegetarian,hyderabadi,1,balanced|beginner
Pav Bhaji 5764,lunch,512,7.6,74.3,18.7,vegetarian,gujarati,0,weight_loss|light
Tofu Stir Fry 5765,lunch,520,19.0,53.5,11.9,vegan,bengali,0,balanced|beginner
Grilled Chicken 5766,dinner,369,36.6,32.4,17.3,non_vegetarian,kerala,1,muscle_gain|high_protein
Tofu Stir Fry 5767,lunch,655,18.3,78.7,15.6,vegan,kerala,0,muscle_gain|high_protein
Vegetable Khichdi 5768,lunch,582,25.7,37.3,13.4,vegetarian,mixed,0,muscle_gain|high_protein
Roti Sabji 5769,dinner,547,8.4,71.0,24.4,vegetarian,hyderabadi,0,balanced|beginner
Protein Shake 5770,snack,194,18.0,65.3,3.3,vegetarian,maharashtrian,1,weight_loss|light
Fruit Salad 5771,snack,279,17.6,27.1,5.3,vegan,kerala,1,improve_stamina|carb_rich
Roasted Chana 5772,snack,230,33.6,67.2,13.7,vegan,kerala,1,muscle_gain|high_protein
Roti Sabji 5773,dinner,386,8.8,71.6,16.5,vegetarian,hyderabadi,1,balanced|beginner
Fruit Salad 5774,snack,279,18.7,58.5,4.6,vegan,maharashtrian,1,weight_loss|light
Sabudana Khichdi 5775,breakfast,151,11.7,75.4,21.0,vegetarian,bengali,0,balanced|beginner
Kadhi Rice 5776,lunch,543,37.6,44.1,6.8,vegetarian,rajasthani,0,muscle_gain|high_protein
Paneer Cubes 5777,snack,144,7.7,76.9,4.6,vegetarian,south_indian,1,weight_loss|light
Grilled Chicken 5778,dinner,695,19.1,21.9,22.9,non_vegetarian,maharashtrian,0,improve_stamina|carb_rich
Sprouts Salad 5779,snack,269,15.9,43.8,18.5,vegan,hyderabadi,0,weight_loss|light
Tofu Stir Fry 5780,lunch,546,10.8,54.8,13.9,vegan,mixed,0,balanced|beginner
Thepla 5781,breakfast,309,7.9,75.4,16.2,vegetarian,mixed,1,balanced|beginner
Tofu Curry 5782,dinner,393,25.2,59.5,12.0,vegan,rajasthani,1,muscle_gain|high_protein
Kadhi Rice 5783,lunch,483,14.2,62.7,11.0,vegetarian,hyderabadi,1,improve_stamina|carb_rich
Roti Sabji 5784,dinner,369,24.8,54.1,8.3,vegetarian,gujarati,1,muscle_gain|high_protein
Peanut Chaat 5785,snack,299,23.1,48.3,6.3,vegetarian,punjabi,1,muscle_gain|high_protein
Rajma Chawal 5786,lunch,524,15.5,32.3,4.3,vegetarian,hyderabadi,0,improve_stamina|carb_rich
Roti Sabji 5787,dinner,609,9.1,32.4,15.3,vegetarian,mixed,0,improve_stamina|carb_rich
Vegetable Poha 5788,breakfast,263,9.7,35.0,8.8,vegetarian,maharashtrian,1,weight_loss|light
Buttermilk 5789,snack,242,37.9,23.0,17.9,vegetarian,bengali,1,muscle_gain|high_protein
Grilled Chicken 5790,dinner,540,25.0,25.1,23.7,non_vegetarian,maharashtrian,0,muscle_gain|high_protein
Roti Sabji 5791,dinner,373,16.6,76.9,18.7,vegetarian,maharashtrian,0,improve_stamina|carb_rich
Vegetable Soup 5792,dinner,609,7.3,22.9,11.8,vegan,kerala,0,improve_stamina|carb_rich
Dal Rice 5793,lunch,557,11.2,23.8,19.3,vegetarian,maharashtrian,0,weight_loss|light
Sprouts Salad 5794,snack,179,9.4,78.2,21.9,vegan,rajasthani,0,weight_loss|light
Corn Chaat 5795,snack,258,8.5,61.9,17.9,vegan,punjabi,1,weight_loss|light
Roasted Chana 5796,snack,122,19.9,39.6,24.6,vegan,maharashtrian,0,improve_stamina|carb_rich
Grilled Chicken 5797,dinner,700,44.9,41.2,10.3,non_vegetarian,punjabi,0,muscle_gain|high_protein
Rajma Chawal 5798,lunch,645,14.2,51.1,17.7,vegetarian,hyderabadi,0,weight_loss|light
Tofu Scramble 5799,breakfast,358,6.3,55.0,10.6,vegan,punjabi,1,balanced|beginner
Oats with Milk 5800,breakfast,358,12.4,43.4,15.0,vegetarian,gujarati,1,balanced|beginner
Pav Bhaji 5801,lunch,390,14.1,63.5,13.2,vegetarian,south_indian,1,balanced|beginner
Vegetable Poha 5802,breakfast,344,7.7,38.0,11.3,vegetarian,hyderabadi,1,improve_stamina|carb_rich
Boiled Eggs 5803,snack,295,8.3,35.1,15.2,non_vegetarian,mixed,1,improve_stamina|carb_rich
Hyderabadi Biryani 5804,lunch,481,9.7,33.5,12.0,non_vegetarian,north_indian,1,improve_stamina|carb_rich
Fish Fry 5805,dinner,603,32.6,79.2,19.7,non_vegetarian,rajasthani,0,muscle_gain|high_protein
Vegetable Khichdi 5806,lunch,405,27.1,61.9,25.0,vegetarian,south_indian,0,muscle_gain|high_protein
Hyderabadi Biryani 5807,lunch,418,12.8,65.1,23.5,non_vegetarian,gujarati,0,improve_stamina|carb_rich
Chicken Curry Rice 5808,lunch,386,18.7,62.0,19.1,non_vegetarian,hyderabadi,0,muscle_gain|high_protein
Tofu Curry 5809,dinner,537,5.9,73.6,25.0,vegan,kerala,0,weight_loss|light
Buttermilk 5810,snack,128,40.1,73.6,8.0,vegetarian,mixed,1,muscle_gain|high_protein
Corn Chaat 5811,snack,175,13.4,66.1,9.1,vegan,north_indian,1,weight_loss|light
Paneer Roti 5812,lunch,688,8.8,29.7,21.2,vegetarian,kerala,0,balanced|beginner
Tofu Curry 5813,dinner,664,11.2,73.6,22.9,vegan,gujarati,0,balanced|beginner
Paneer Roti 5814,lunch,587,33.0,46.2,8.5,vegetarian,rajasthani,0,muscle_gain|high_protein
Vegetable Poha 5815,breakfast,253,22.3,20.8,22.3,vegetarian,rajasthani,0,muscle_gain|high_protein
Upma 5816,breakfast,337,41.2,39.6,3.3,vegetarian,north_indian,1,muscle_gain|high_protein
Paneer Cubes 5817,snack,265,14.8,40.0,16.4,vegetarian,mixed,1,balanced|beginner
Dal Tadka 5818,dinner,463,16.3,73.7,7.5,vegetarian,maharashtrian,1,balanced|beginner
Mixed Veg Curry 5819,dinner,689,5.9,64.1,16.7,vegetarian,south_indian,0,weight_loss|light
Boiled Eggs 5820,snack,272,16.1,37.8,5.9,non_vegetarian,south_indian,1,balanced|beginner
Fish Fry 5821,dinner,613,30.9,36.5,22.1,non_vegetarian,bengali,0,muscle_gain|high_protein
Thepla 5822,breakfast,404,6.8,25.1,20.1,vegetarian,maharashtrian,0,improve_stamina|carb_rich
Pav Bhaji 5823,lunch,374,9.0,79.0,22.6,vegetarian,kerala,0,improve_stamina|carb_rich
Vegetable Poha 5824,breakfast,339,9.2,72.4,12.8,vegetarian,north_indian,1,balanced|beginner
Dal Tadka 5825,dinner,388,13.8,20.6,17.9,vegetarian,rajasthani,1,improve_stamina|carb_rich
Roti Sabji 5826,dinner,617,16.7,79.0,5.9,vegetarian,kerala,0,balanced|beginner
Tofu Curry 5827,dinner,670,14.8,74.9,11.3,vegan,punjabi,0,balanced|beginner
Paneer Bhurji 5828,dinner,431,11.3,71.7,7.1,vegetarian,mixed,1,balanced|beginner
Paneer Bhurji 5829,dinner,402,8.8,67.2,22.1,vegetarian,rajasthani,0,improve_stamina|carb_rich
Roti Sabji 5830,dinner,436,32.6,55.8,19.9,vegetarian,south_indian,0,muscle_gain|high_protein
Rajma Chawal 5831,lunch,635,8.4,39.1,17.7,vegetarian,bengali,0,weight_loss|light
Buttermilk 5832,snack,231,12.0,22.1,11.1,vegetarian,gujarati,1,improve_stamina|carb_rich
Buttermilk 5833,snack,288,9.2,69.3,21.7,vegetarian,kerala,0,weight_loss|light
Protein Shake 5834,snack,215,11.7,37.8,14.9,vegetarian,hyderabadi,1,improve_stamina|carb_rich
Fruit Bowl 5835,breakfast,345,7.5,70.6,22.6,vegan,maharashtrian,0,weight_loss|light
Roti Sabji 5836,dinner,547,12.2,77.2,10.8,vegetarian,bengali,0,improve_stamina|carb_rich
Chicken Curry Rice 5837,lunch,451,14.0,73.8,9.7,non_vegetarian,north_indian,1,improve_stamina|carb_rich
Vegetable Soup 5838,dinner,546,18.8,37.3,16.7,vegan,bengali,0,muscle_gain|high_protein
Dal Tadka 5839,dinner,541,11.6,53.3,19.0,vegetarian,bengali,0,improve_stamina|carb_rich
Hyderabadi Biryani 5840,lunch,422,19.8,75.7,3.3,non_vegetarian,punjabi,1,improve_stamina|carb_rich
Fruit Salad 5841,snack,247,9.2,72.5,6.8,vegan,south_indian,1,improve_stamina|carb_rich
Peanut Chaat 5842,snack,197,17.2,57.7,22.0,vegetarian,punjabi,0,improve_stamina|carb_rich
Vegetable Khichdi 5843,lunch,629,15.3,21.4,11.7,vegetarian,kerala,0,balanced|beginner
Masala Omelette 5844,breakfast,368,6.5,31.4,14.6,non_vegetarian,kerala,1,balanced|beginner
Sabudana Khichdi 5845,breakfast,155,12.9,20.3,7.0,vegetarian,gujarati,1,weight_loss|light
Protein Shake 5846,snack,234,8.4,28.9,10.5,vegetarian,south_indian,1,weight_loss|light
Fruit Bowl 5847,breakfast,402,6.4,27.2,17.4,vegan,mixed,1,balanced|beginner
Pav Bhaji 5848,lunch,449,18.1,64.8,3.4,vegetarian,maharashtrian,1,weight_loss|light
Fruit Salad 5849,snack,270,19.5,77.7,20.0,vegan,south_indian,0,weight_loss|light
Paneer Sandwich 5850,breakfast,153,16.3,42.4,22.5,vegetarian,hyderabadi,0,weight_loss|light
Dal Tadka 5851,dinner,419,14.1,51.6,10.4,vegetarian,maharashtrian,1,improve_stamina|carb_rich
Paneer Cubes 5852,snack,207,12.7,31.2,12.8,vegetarian,maharashtrian,1,improve_stamina|carb_rich
Fruit Salad 5853,snack,284,8.1,71.4,10.0,vegan,gujarati,1,improve_stamina|carb_rich
Paneer Bhurji 5854,dinner,355,8.2,64.2,19.4,vegetarian,mixed,0,weight_loss|light
Fruit Bowl 5855,breakfast,403,17.8,75.9,8.8,vegan,south_indian,1,improve_stamina|carb_rich
Paneer Sandwich 5856,breakfast,223,18.8,40.2,7.0,vegetarian,mixed,1,improve_stamina|carb_rich
Thepla 5857,breakfast,416,5.1,62.6,12.7,vegetarian,punjabi,1,weight_loss|light
Tofu Curry 5858,dinner,687,18.2,79.1,4.3,vegan,south_indian,0,improve_stamina|carb_rich
Tofu Stir Fry 5859,lunch,414,6.0,35.9,13.5,vegan,bengali,1,improve_stamina|carb_rich
Fruit Bowl 5860,breakfast,252,37.6,58.5,4.1,vegan,gujarati,1,muscle_gain|high_protein
Pav Bhaji 5861,lunch,358,7.9,69.8,9.2,vegetarian,north_indian,1,improve_stamina|carb_rich
Fish Fry 5862,dinner,398,15.6,66.5,23.6,non_vegetarian,hyderabadi,0,weight_loss|light
Boiled Eggs 5863,snack,237,15.1,53.0,4.2,non_vegetarian,bengali,1,improve_stamina|carb_rich
Vegetable Soup 5864,dinner,461,9.2,29.2,4.4,vegan,north_indian,1,weight_loss|light
Hyderabadi Biryani 5865,lunch,440,12.6,56.6,22.5,non_vegetarian,gujarati,0,balanced|beginner
Upma 5866,breakfast,355,17.5,24.0,14.5,vegetarian,punjabi,1,improve_stamina|carb_rich
Roasted Chana 5867,snack,213,18.2,62.9,10.9,vegan,kerala,1,weight_loss|light
Boiled Eggs 5868,snack,249,8.2,56.8,4.5,non_vegetarian,south_indian,1,balanced|beginner
Roti Sabji 5869,dinner,659,38.8,30.3,24.4,vegetarian,south_indian,0,muscle_gain|high_protein
Sabudana Khichdi 5870,breakfast,312,10.5,67.4,22.2,vegetarian,kerala,0,weight_loss|light
Corn Chaat 5871,snack,144,11.8,62.1,11.6,vegan,mixed,1,balanced|beginner
Vegetable Poha 5872,breakfast,268,22.3,62.2,9.2,vegetarian,south_indian,1,muscle_gain|high_protein
Tofu Curry 5873,dinner,581,19.0,64.5,16.5,vegan,south_indian,0,weight_loss|light
Paneer Cubes 5874,snack,101,11.0,38.0,13.4,vegetarian,maharashtrian,1,weight_loss|light
Upma 5875,breakfast,446,17.1,48.5,24.6,vegetarian,maharashtrian,0,weight_loss|light
Roasted Chana 5876,snack,140,13.3,53.6,6.7,vegan,hyderabadi,1,weight_loss|light
Upma 5877,breakfast,383,18.9,32.6,17.1,vegetarian,hyderabadi,1,improve_stamina|carb_rich
Masala Omelette 5878,breakfast,203,17.4,32.4,14.2,non_vegetarian,mixed,1,balanced|beginner
Oats with Milk 5879,breakfast,300,38.5,67.6,10.2,vegetarian,hyderabadi,1,muscle_gain|high_protein
Masala Omelette 5880,breakfast,405,17.4,38.2,22.1,non_vegetarian,maharashtrian,0,weight_loss|light
Chicken Curry Rice 5881,lunch,640,7.3,53.8,10.4,non_vegetarian,gujarati,0,improve_stamina|carb_rich
Idli Sambar 5882,breakfast,152,22.2,70.1,8.5,vegetarian,punjabi,1,muscle_gain|high_protein
Thepla 5883,breakfast,319,14.8,55.5,14.3,vegetarian,maharashtrian,1,balanced|beginner
Thepla 5884,breakfast,175,6.2,32.8,22.8,vegetarian,kerala,0,improve_stamina|carb_rich
Sprouts Salad 5885,snack,274,18.7,41.3,5.5,vegan,mixed,1,weight_loss|light
Sabudana Khichdi 5886,breakfast,378,28.9,28.4,11.1,vegetarian,punjabi,1,muscle_gain|high_protein
Thepla 5887,breakfast,399,10.9,38.8,10.7,vegetarian,south_indian,1,improve_stamina|carb_rich
Tofu Stir Fry 5888,lunch,686,10.4,23.8,8.3,vegan,gujarati,0,weight_loss|light
Corn Chaat 5889,snack,126,16.1,51.1,3.9,vegan,bengali,1,weight_loss|light
Tofu Scramble 5890,breakfast,271,25.0,28.5,11.0,vegan,bengali,1,muscle_gain|high_protein
Egg Curry 5891,dinner,526,15.6,60.8,13.8,non_vegetarian,north_indian,0,balanced|beginner
Fish Fry 5892,dinner,618,8.7,43.5,21.9,non_vegetarian,gujarati,0,improve_stamina|carb_rich
Sabudana Khichdi 5893,breakfast,194,10.9,78.5,18.9,vegetarian,rajasthani,0,improve_stamina|carb_rich
Grilled Chicken 5894,dinner,652,23.8,52.0,22.8,non_vegetarian,north_indian,0,muscle_gain|high_protein
Vegetable Khichdi 5895,lunch,566,22.8,48.6,8.7,vegetarian,mixed,0,muscle_gain|high_protein
Kadhi Rice 5896,lunch,512,9.2,44.1,20.1,vegetarian,hyderabadi,0,weight_loss|light
Buttermilk 5897,snack,272,18.8,71.6,17.5,vegetarian,hyderabadi,1,weight_loss|light
Paneer Cubes 5898,snack,192,12.5,52.7,16.1,vegetarian,hyderabadi,1,balanced|beginner
Paneer Roti 5899,lunch,363,8.2,79.3,23.4,vegetarian,south_indian,0,weight_loss|light
Corn Chaat 5900,snack,264,44.5,31.0,11.1,vegan,rajasthani,1,muscle_gain|high_protein
Masala Omelette 5901,breakfast,422,26.5,34.5,21.2,non_vegetarian,bengali,0,muscle_gain|high_protein
Paneer Cubes 5902,snack,126,5.8,45.1,4.5,vegetarian,gujarati,1,weight_loss|light
Masala Omelette 5903,breakfast,327,7.0,70.9,23.6,non_vegetarian,rajasthani,0,improve_stamina|carb_rich
Grilled Chicken 5904,dinner,509,12.2,66.9,15.1,non_vegetarian,maharashtrian,0,weight_loss|light
Tofu Curry 5905,dinner,444,22.0,50.9,19.3,vegan,gujarati,0,muscle_gain|high_protein
Roasted Chana 5906,snack,214,10.5,44.1,14.6,vegan,south_indian,1,improve_stamina|carb_rich
Paneer Bhurji 5907,dinner,505,13.4,36.8,13.5,vegetarian,south_indian,0,weight_loss|light
Vegetable Soup 5908,dinner,404,9.5,49.1,15.2,vegan,hyderabadi,1,weight_loss|light
Dal Rice 5909,lunch,652,16.5,53.7,5.4,vegetarian,hyderabadi,0,balanced|beginner
Tofu Stir Fry 5910,lunch,571,10.4,56.3,4.9,vegan,north_indian,0,improve_stamina|carb_rich
Tofu Stir Fry 5911,lunch,488,25.0,32.5,11.7,vegan,south_indian,1,muscle_gain|high_protein
Roasted Chana 5912,snack,234,41.3,61.7,9.5,vegan,gujarati,1,muscle_gain|high_protein
Upma 5913,breakfast,183,11.1,23.8,21.2,vegetarian,hyderabadi,0,weight_loss|light
Tofu Curry 5914,dinner,597,12.1,70.6,15.1,vegan,mixed,0,balanced|beginner
Buttermilk 5915,snack,224,16.3,39.6,12.0,vegetarian,gujarati,1,improve_stamina|carb_rich
Tofu Curry 5916,dinner,367,9.4,56.7,16.8,vegan,kerala,1,balanced|beginner
Upma 5917,breakfast,348,6.2,31.5,19.7,vegetarian,hyderabadi,0,weight_loss|light
Masala Omelette 5918,breakfast,252,22.8,58.8,21.7,non_vegetarian,punjabi,0,muscle_gain|high_protein
Peanut Chaat 5919,snack,232,18.0,66.4,9.3,vegetarian,north_indian,1,balanced|beginner
Thepla 5920,breakfast,191,12.0,57.0,19.6,vegetarian,rajasthani,0,balanced|beginner
Protein Shake 5921,snack,169,33.2,54.0,13.3,vegetarian,bengali,1,muscle_gain|high_protein
Paneer Bhurji 5922,dinner,479,26.6,31.5,10.1,vegetarian,bengali,1,muscle_gain|high_protein
Vegetable Soup 5923,dinner,487,10.6,24.5,6.4,vegan,hyderabadi,1,balanced|beginner
Grilled Chicken 5924,dinner,642,8.4,54.8,3.8,non_vegetarian,south_indian,0,improve_stamina|carb_rich
Sprouts Salad 5925,snack,298,40.4,70.9,13.1,vegan,bengali,1,muscle_gain|high_protein
Vegetable Soup 5926,dinner,464,17.9,50.2,7.6,vegan,gujarati,1,improve_stamina|carb_rich
Masala Omelette 5927,breakfast,151,8.0,37.9,22.5,non_vegetarian,rajasthani,0,weight_loss|light
Vegetable Khichdi 5928,lunch,699,12.5,31.9,3.9,vegetarian,north_indian,0,improve_stamina|carb_rich
Protein Shake 5929,snack,273,6.3,63.8,10.7,vegetarian,rajasthani,1,weight_loss|light
Hyderabadi Biryani 5930,lunch,422,12.5,62.9,22.4,non_vegetarian,kerala,0,improve_stamina|carb_rich
Pav Bhaji 5931,lunch,547,13.7,61.1,17.3,vegetarian,rajasthani,0,weight_loss|light
Mixed Veg Curry 5932,dinner,662,11.8,33.4,12.8,vegetarian,rajasthani,0,weight_loss|light
Roasted Chana 5933,snack,291,24.6,67.5,23.8,vegan,kerala,0,muscle_gain|high_protein
Corn Chaat 5934,snack,189,13.0,69.8,24.9,vegan,hyderabadi,0,balanced|beginner
Roti Sabji 5935,dinner,664,18.3,33.2,7.6,vegetarian,bengali,0,balanced|beginner
Vegetable Poha 5936,breakfast,335,22.2,25.7,23.3,vegetarian,rajasthani,0,muscle_gain|high_protein
Mixed Veg Curry 5937,dinner,576,22.3,54.1,11.1,vegetarian,gujarati,0,muscle_gain|high_protein
Thepla 5938,breakfast,197,16.8,39.4,5.6,vegetarian,gujarati,1,weight_loss|light
Paneer Bhurji 5939,dinner,487,9.4,63.0,5.2,vegetarian,punjabi,1,weight_loss|light
Roti Sabji 5940,dinner,446,44.6,41.0,16.0,vegetarian,hyderabadi,1,muscle_gain|high_protein
Fish Fry 5941,dinner,405,6.2,68.7,24.0,non_vegetarian,rajasthani,0,balanced|beginner
Thepla 5942,breakfast,374,12.9,46.6,7.8,vegetarian,maharashtrian,1,weight_loss|light
Fruit Salad 5943,snack,111,8.9,32.6,8.7,vegan,bengali,1,improve_stamina|carb_rich
Roti Sabji 5944,dinner,394,13.8,42.4,24.8,vegetarian,maharashtrian,0,balanced|beginner
Buttermilk 5945,snack,156,8.8,21.5,10.1,vegetarian,rajasthani,1,improve_stamina|carb_rich
Tofu Curry 5946,dinner,629,16.0,47.5,17.7,vegan,mixed,0,improve_stamina|carb_rich
Idli Sambar 5947,breakfast,281,16.6,35.0,7.8,vegetarian,maharashtrian,1,balanced|beginner
Peanut Chaat 5948,snack,248,9.0,36.0,22.8,vegetarian,punjabi,0,improve_stamina|carb_rich
Buttermilk 5949,snack,100,19.4,43.7,13.8,vegetarian,kerala,1,improve_stamina|carb_rich
Chicken Curry Rice 5950,lunch,472,27.5,69.2,11.6,non_vegetarian,kerala,1,muscle_gain|high_protein
Roasted Chana 5951,snack,97,13.2,32.2,18.5,vegan,kerala,0,improve_stamina|carb_rich
Pav Bhaji 5952,lunch,394,10.0,58.1,15.7,vegetarian,south_indian,1,improve_stamina|carb_rich
Fish Fry 5953,dinner,693,19.1,38.7,7.5,non_vegetarian,hyderabadi,0,muscle_gain|high_protein
Thepla 5954,breakfast,300,18.9,36.4,3.7,vegetarian,bengali,1,improve_stamina|carb_rich
Paneer Bhurji 5955,dinner,661,18.5,26.2,6.0,vegetarian,kerala,0,weight_loss|light
Tofu Curry 5956,dinner,515,10.6,48.0,15.0,vegan,mixed,0,balanced|beginner
Vegetable Khichdi 5957,lunch,358,18.8,69.5,12.4,vegetarian,kerala,1,weight_loss|light
Buttermilk 5958,snack,282,35.6,54.3,8.6,vegetarian,north_indian,1,muscle_gain|high_protein
Roasted Chana 5959,snack,204,7.1,56.3,17.6,vegan,gujarati,1,balanced|beginner
Roasted Chana 5960,snack,127,19.8,26.6,5.3,vegan,north_indian,1,muscle_gain|high_protein
Vegetable Poha 5961,breakfast,421,10.9,42.2,16.4,vegetarian,rajasthani,1,balanced|beginner
Kadhi Rice 5962,lunch,371,19.2,29.1,24.3,vegetarian,kerala,0,improve_stamina|carb_rich
Buttermilk 5963,snack,87,5.4,73.5,16.5,vegetarian,maharashtrian,1,improve_stamina|carb_rich
Masala Omelette 5964,breakfast,383,8.9,58.3,12.0,non_vegetarian,mixed,1,weight_loss|light
Chicken Curry Rice 5965,lunch,700,14.8,48.0,13.6,non_vegetarian,hyderabadi,0,weight_loss|light
Tofu Scramble 5966,breakfast,252,40.1,63.8,7.6,vegan,hyderabadi,1,muscle_gain|high_protein
Peanut Chaat 5967,snack,193,44.8,57.9,19.5,vegetarian,rajasthani,0,muscle_gain|high_protein
Paneer Sandwich 5968,breakfast,414,39.2,24.1,15.0,vegetarian,north_indian,1,muscle_gain|high_protein
Sprouts Salad 5969,snack,253,15.0,66.3,6.7,vegan,bengali,1,balanced|beginner
Thepla 5970,breakfast,181,9.2,30.4,14.4,vegetarian,gujarati,1,improve_stamina|carb_rich
Idli Sambar 5971,breakfast,242,14.6,25.6,24.1,vegetarian,north_indian,0,balanced|beginner
Mixed Veg Curry 5972,dinner,556,5.7,72.0,6.2,vegetarian,north_indian,0,improve_stamina|carb_rich
Kadhi Rice 5973,lunch,539,43.9,51.9,15.9,vegetarian,punjabi,0,muscle_gain|high_protein
Roasted Chana 5974,snack,116,7.4,25.9,3.6,vegan,rajasthani,1,weight_loss|light
Rajma Chawal 5975,lunch,449,15.3,62.6,6.3,vegetarian,mixed,1,balanced|beginner
Boiled Eggs 5976,snack,191,27.3,70.4,20.1,non_vegetarian,rajasthani,0,muscle_gain|high_protein
Protein Shake 5977,snack,243,29.0,23.5,25.0,vegetarian,bengali,0,muscle_gain|high_protein
Oats with Milk 5978,breakfast,224,15.3,46.6,10.7,vegetarian,rajasthani,1,weight_loss|light
Vegetable Poha 5979,breakfast,380,31.3,49.0,5.8,vegetarian,north_indian,1,muscle_gain|high_protein
Tofu Curry 5980,dinner,459,31.9,53.5,14.0,vegan,north_indian,1,muscle_gain|high_protein
Boiled Eggs 5981,snack,117,27.9,23.2,10.0,non_vegetarian,punjabi,1,muscle_gain|high_protein
Paneer Roti 5982,lunch,443,23.1,42.9,17.7,vegetarian,north_indian,1,muscle_gain|high_protein
Paneer Roti 5983,lunch,624,13.2,20.9,24.5,vegetarian,maharashtrian,0,balanced|beginner
Mixed Veg Curry 5984,dinner,665,10.9,54.4,4.6,vegetarian,rajasthani,0,improve_stamina|carb_rich
Paneer Roti 5985,lunch,459,18.0,21.3,4.7,vegetarian,hyderabadi,1,balanced|beginner
Fish Curry Rice 5986,lunch,684,7.7,38.0,9.8,non_vegetarian,gujarati,0,balanced|beginner
Grilled Chicken 5987,dinner,359,17.2,52.1,6.8,non_vegetarian,kerala,1,improve_stamina|carb_rich
Kadhi Rice 5988,lunch,485,13.3,77.1,17.4,vegetarian,north_indian,1,weight_loss|light
Masala Omelette 5989,breakfast,426,40.6,20.9,24.1,non_vegetarian,rajasthani,0,muscle_gain|high_protein
Paneer Roti 5990,lunch,514,24.6,57.5,8.1,vegetarian,rajasthani,0,muscle_gain|high_protein
Boiled Eggs 5991,snack,213,15.3,59.3,12.3,non_vegetarian,mixed,1,weight_loss|light
Paneer Cubes 5992,snack,296,14.2,64.3,3.7,vegetarian,maharashtrian,1,improve_stamina|carb_rich
Fish Fry 5993,dinner,677,6.1,70.0,8.7,non_vegetarian,bengali,0,weight_loss|light
Rajma Chawal 5994,lunch,550,15.2,63.1,10.1,vegetarian,bengali,0,weight_loss|light
Vegetable Poha 5995,breakfast,397,15.0,78.0,18.8,vegetarian,kerala,0,weight_loss|light
Sabudana Khichdi 5996,breakfast,333,9.9,26.5,11.7,vegetarian,gujarati,1,improve_stamina|carb_rich
Egg Curry 5997,dinner,368,20.1,27.1,18.5,non_vegetarian,gujarati,0,muscle_gain|high_protein
Oats with Milk 5998,breakfast,319,11.3,36.9,6.7,vegetarian,bengali,1,balanced|beginner
Corn Chaat 5999,snack,82,34.2,59.5,12.1,vegan,maharashtrian,1,muscle_gain|high_protein
Sprouts Salad 6000,snack,173,15.6,43.4,12.8,vegan,bengali,1,improve_stamina|carb_rich
Boiled Eggs 6001,snack,195,18.1,26.9,20.1,non_vegetarian,kerala,0,weight_loss|light
Pav Bhaji 6002,lunch,644,19.3,65.5,7.5,vegetarian,north_indian,0,weight_loss|light
Fish Fry 6003,dinner,520,19.4,59.1,19.1,non_vegetarian,mixed,0,muscle_gain|high_protein
Fruit Bowl 6004,breakfast,174,17.3,26.6,14.6,vegan,bengali,1,improve_stamina|carb_rich
Tofu Curry 6005,dinner,378,41.3,54.0,14.5,vegan,maharashtrian,1,muscle_gain|high_protein
Thepla 6006,breakfast,395,13.8,57.3,18.7,vegetarian,maharashtrian,0,balanced|beginner
Vegetable Poha 6007,breakfast,365,19.7,75.5,18.3,vegetarian,kerala,0,weight_loss|light
Roasted Chana 6008,snack,274,9.6,21.1,15.4,vegan,bengali,1,balanced|beginner
Corn Chaat 6009,snack,99,23.6,22.6,9.2,vegan,hyderabadi,1,muscle_gain|high_protein
Grilled Chicken 6010,dinner,595,14.1,61.4,15.6,non_vegetarian,maharashtrian,0,weight_loss|light
Peanut Chaat 6011,snack,88,15.1,23.9,21.9,vegetarian,rajasthani,0,weight_loss|light
Tofu Scramble 6012,breakfast,259,5.1,62.7,23.9,vegan,south_indian,0,weight_loss|light
Tofu Stir Fry 6013,lunch,519,16.3,52.7,10.4,vegan,hyderabadi,0,balanced|beginner
Corn Chaat 6014,snack,117,19.3,77.0,24.8,vegan,north_indian,0,muscle_gain|high_protein
Mixed Veg Curry 6015,dinner,626,6.2,73.7,19.6,vegetarian,north_indian,0,balanced|beginner
Idli Sambar 6016,breakfast,255,18.5,53.6,5.9,vegetarian,rajasthani,1,weight_loss|light
Vegetable Soup 6017,dinner,374,7.8,53.4,18.2,vegan,gujarati,0,improve_stamina|carb_rich
Tofu Stir Fry 6018,lunch,358,16.9,41.9,9.2,vegan,rajasthani,1,weight_loss|light
Tofu Curry 6019,dinner,696,11.2,68.3,3.3,vegan,punjabi,0,balanced|beginner
Grilled Chicken 6020,dinner,360,10.7,32.4,22.0,non_vegetarian,mixed,0,balanced|beginner
Rajma Chawal 6021,lunch,357,6.4,33.2,12.5,vegetarian,hyderabadi,1,improve_stamina|carb_rich
Paneer Roti 6022,lunch,653,24.8,68.1,7.6,vegetarian,rajasthani,0,muscle_gain|high_protein
Paneer Cubes 6023,snack,151,14.8,21.1,23.6,vegetarian,maharashtrian,0,weight_loss|light
Paneer Sandwich 6024,breakfast,153,7.6,66.7,23.5,vegetarian,north_indian,0,weight_loss|light
Chicken Curry Rice 6025,lunch,422,12.8,79.1,7.1,non_vegetarian,punjabi,1,balanced|beginner
Tofu Scramble 6026,breakfast,257,17.6,79.2,20.5,vegan,mixed,0,weight_loss|light
Rajma Chawal 6027,lunch,633,18.4,40.7,20.8,vegetarian,kerala,0,weight_loss|light
Paneer Roti 6028,lunch,585,17.4,61.5,17.4,vegetarian,gujarati,0,balanced|beginner
Roti Sabji 6029,dinner,568,26.5,57.1,17.4,vegetarian,bengali,0,muscle_gain|high_protein
Paneer Cubes 6030,snack,235,17.0,37.5,5.5,vegetarian,rajasthani,1,balanced|beginner
Protein Shake 6031,snack,263,9.6,23.5,22.3,vegetarian,punjabi,0,improve_stamina|carb_rich
Boiled Eggs 6032,snack,181,18.6,48.9,15.9,non_vegetarian,north_indian,1,balanced|beginner
Tofu Scramble 6033,breakfast,236,13.4,35.1,9.1,vegan,gujarati,1,balanced|beginner
Pav Bhaji 6034,lunch,674,34.1,29.9,16.1,vegetarian,bengali,0,muscle_gain|high_protein
Masala Omelette 6035,breakfast,251,24.3,45.0,18.6,non_vegetarian,rajasthani,0,muscle_gain|high_protein
Masala Omelette 6036,breakfast,449,19.4,36.7,18.4,non_vegetarian,maharashtrian,0,improve_stamina|carb_rich
Tofu Curry 6037,dinner,589,15.6,64.5,4.8,vegan,punjabi,0,improve_stamina|carb_rich
Boiled Eggs 6038,snack,261,19.6,58.2,14.5,non_vegetarian,kerala,1,muscle_gain|high_protein
Dal Tadka 6039,dinner,585,7.2,62.6,13.4,vegetarian,punjabi,0,improve_stamina|carb_rich
Upma 6040,breakfast,282,10.9,59.7,6.2,vegetarian,kerala,1,weight_loss|light
Fish Curry Rice 6041,lunch,447,38.3,62.6,23.0,non_vegetarian,mixed,0,muscle_gain|high_protein
Boiled Eggs 6042,snack,146,9.1,65.8,4.0,non_vegetarian,mixed,1,weight_loss|light
Hyderabadi Biryani 6043,lunch,566,17.3,20.9,4.2,non_vegetarian,punjabi,0,improve_stamina|carb_rich
Rajma Chawal 6044,lunch,530,19.2,67.1,7.7,vegetarian,hyderabadi,0,balanced|beginner
Dal Tadka 6045,dinner,538,35.5,36.0,16.1,vegetarian,gujarati,0,muscle_gain|high_protein
Dal Tadka 6046,dinner,442,41.9,23.4,11.4,vegetarian,mixed,1,muscle_gain|high_protein
Tofu Stir Fry 6047,lunch,684,14.9,60.9,22.8,vegan,gujarati,0,improve_stamina|carb_rich
Fruit Bowl 6048,breakfast,254,23.1,44.1,7.2,vegan,south_indian,1,muscle_gain|high_protein
Paneer Bhurji 6049,dinner,534,18.7,70.2,3.2,vegetarian,gujarati,0,weight_loss|light
Egg Curry 6050,dinner,537,14.3,53.2,19.2,non_vegetarian,bengali,0,improve_stamina|carb_rich
Tofu Curry 6051,dinner,446,17.6,67.0,5.3,vegan,north_indian,1,improve_stamina|carb_rich
Paneer Bhurji 6052,dinner,482,17.1,34.4,17.4,vegetarian,gujarati,1,weight_loss|light
Fish Fry 6053,dinner,447,7.3,42.4,9.6,non_vegetarian,maharashtrian,1,improve_stamina|carb_rich
Kadhi Rice 6054,lunch,353,18.6,68.9,10.6,vegetarian,hyderabadi,1,improve_stamina|carb_rich
Mixed Veg Curry 6055,dinner,385,28.9,43.2,11.5,vegetarian,punjabi,1,muscle_gain|high_protein
Paneer Sandwich 6056,breakfast,345,19.9,31.5,10.8,vegetarian,north_indian,1,improve_stamina|carb_rich
Corn Chaat 6057,snack,211,14.7,75.3,11.2,vegan,kerala,1,weight_loss|light
Vegetable Soup 6058,dinner,439,7.6,55.7,11.1,vegan,hyderabadi,1,weight_loss|light
Protein Shake 6059,snack,276,17.0,65.3,13.0,vegetarian,bengali,1,balanced|beginner
Dal Rice 6060,lunch,587,6.0,38.6,13.5,vegetarian,north_indian,0,improve_stamina|carb_rich
Oats with Milk 6061,breakfast,282,11.5,75.2,13.5,vegetarian,hyderabadi,1,improve_stamina|carb_rich
Masala Omelette 6062,breakfast,251,18.3,41.0,16.1,non_vegetarian,south_indian,1,muscle_gain|high_protein
Tofu Curry 6063,dinner,665,34.2,64.2,11.8,vegan,south_indian,0,muscle_gain|high_protein
Masala Omelette 6064,breakfast,385,32.6,77.7,19.9,non_vegetarian,rajasthani,0,muscle_gain|high_protein
Paneer Roti 6065,lunch,682,43.8,27.6,13.5,vegetarian,kerala,0,muscle_gain|high_protein
Peanut Chaat 6066,snack,171,16.9,31.4,10.8,vegetarian,mixed,1,weight_loss|light
Tofu Curry 6067,dinner,529,8.1,78.2,7.1,vegan,north_indian,0,improve_stamina|carb_rich
Egg Curry 6068,dinner,552,31.2,76.0,23.1,non_vegetarian,maharashtrian,0,muscle_gain|high_protein
Buttermilk 6069,snack,289,13.1,65.6,7.0,vegetarian,kerala,1,improve_stamina|carb_rich
Paneer Bhurji 6070,dinner,457,12.1,54.0,17.8,vegetarian,punjabi,1,weight_loss|light
Kadhi Rice 6071,lunch,661,14.7,71.4,9.2,vegetarian,gujarati,0,weight_loss|light
Sabudana Khichdi 6072,breakfast,286,6.4,55.0,13.5,vegetarian,mixed,1,weight_loss|light
Idli Sambar 6073,breakfast,196,6.2,58.2,7.3,vegetarian,hyderabadi,1,weight_loss|light
Fish Fry 6074,dinner,606,24.8,35.8,15.9,non_vegetarian,north_indian,0,muscle_gain|high_protein
Grilled Chicken 6075,dinner,544,39.6,78.8,5.2,non_vegetarian,gujarati,0,muscle_gain|high_protein
Chicken Curry Rice 6076,lunch,468,32.4,73.0,20.2,non_vegetarian,hyderabadi,0,muscle_gain|high_protein
Fish Fry 6077,dinner,521,34.8,23.8,12.4,non_vegetarian,south_indian,0,muscle_gain|high_protein
Fruit Bowl 6078,breakfast,290,19.0,43.0,5.0,vegan,kerala,1,balanced|beginner
Buttermilk 6079,snack,182,12.3,59.3,3.4,vegetarian,north_indian,1,balanced|beginner
Dal Tadka 6080,dinner,695,34.4,43.1,6.5,vegetarian,punjabi,0,muscle_gain|high_protein
Idli Sambar 6081,breakfast,361,7.6,66.0,13.1,vegetarian,north_indian,1,improve_stamina|carb_rich
Thepla 6082,breakfast,374,9.8,26.0,9.4,vegetarian,hyderabadi,1,improve_stamina|carb_rich
Oats with Milk 6083,breakfast,315,11.2,50.6,13.7,vegetarian,south_indian,1,balanced|beginner
Upma 6084,breakfast,151,38.8,20.3,20.2,vegetarian,mixed,0,muscle_gain|high_protein
Sabudana Khichdi 6085,breakfast,162,25.1,69.2,6.7,vegetarian,hyderabadi,1,muscle_gain|high_protein
Buttermilk 6086,snack,244,28.1,31.3,7.4,vegetarian,north_indian,1,muscle_gain|high_protein
Peanut Chaat 6087,snack,298,6.6,53.0,7.2,vegetarian,gujarati,1,improve_stamina|carb_rich
Tofu Stir Fry 6088,lunch,691,6.3,72.6,11.6,vegan,kerala,0,weight_loss|light
Mixed Veg Curry 6089,dinner,612,16.0,49.9,20.1,vegetarian,kerala,0,balanced|beginner
Rajma Chawal 6090,lunch,435,18.4,49.0,19.5,vegetarian,mixed,0,weight_loss|light
Vegetable Khichdi 6091,lunch,488,13.3,30.4,6.4,vegetarian,north_indian,1,weight_loss|light
Fruit Salad 6092,snack,101,32.9,67.3,17.9,vegan,bengali,1,muscle_gain|high_protein
Tofu Scramble 6093,breakfast,265,14.2,60.8,24.7,vegan,hyderabadi,0,weight_loss|light
Paneer Bhurji 6094,dinner,427,25.5,71.7,13.3,vegetarian,kerala,1,muscle_gain|high_protein
Hyderabadi Biryani 6095,lunch,488,16.2,68.0,16.5,non_vegetarian,mixed,1,weight_loss|light
Boiled Eggs 6096,snack,146,5.3,59.6,16.1,non_vegetarian,gujarati,1,improve_stamina|carb_rich
Paneer Roti 6097,lunch,393,18.2,33.3,4.9,vegetarian,rajasthani,1,improve_stamina|carb_rich
Thepla 6098,breakfast,371,14.7,41.6,13.3,vegetarian,south_indian,1,improve_stamina|carb_rich
Protein Shake 6099,snack,82,18.9,41.6,23.6,vegetarian,gujarati,0,balanced|beginner
Tofu Curry 6100,dinner,476,8.3,29.9,3.9,vegan,gujarati,1,balanced|beginner
Corn Chaat 6101,snack,262,37.7,67.6,20.5,vegan,hyderabadi,0,muscle_gain|high_protein
Protein Shake 6102,snack,148,14.9,36.6,19.2,vegetarian,gujarati,0,weight_loss|light
Hyderabadi Biryani 6103,lunch,689,8.4,41.5,11.6,non_vegetarian,kerala,0,balanced|beginner
Kadhi Rice 6104,lunch,489,15.5,53.6,4.9,vegetarian,rajasthani,1,improve_stamina|carb_rich
Hyderabadi Biryani 6105,lunch,607,11.0,79.3,14.1,non_vegetarian,bengali,0,balanced|beginner
Paneer Bhurji 6106,dinner,548,15.4,69.3,5.6,vegetarian,bengali,0,balanced|beginner
Grilled Chicken 6107,dinner,420,7.9,49.4,22.0,non_vegetarian,mixed,0,improve_stamina|carb_rich
Fruit Bowl 6108,breakfast,169,8.3,29.6,21.3,vegan,south_indian,0,improve_stamina|carb_rich
Vegetable Soup 6109,dinner,403,10.0,50.6,22.2,vegan,gujarati,0,improve_stamina|carb_rich
Upma 6110,breakfast,155,29.2,62.6,21.5,vegetarian,bengali,0,muscle_gain|high_protein
Peanut Chaat 6111,snack,256,8.1,69.0,18.9,vegetarian,mixed,0,balanced|beginner
Grilled Chicken 6112,dinner,509,25.6,29.1,21.1,non_vegetarian,maharashtrian,0,muscle_gain|high_protein
Paneer Cubes 6113,snack,186,39.7,20.4,6.7,vegetarian,rajasthani,1,muscle_gain|high_protein
Sprouts Salad 6114,snack,244,15.0,50.2,16.7,vegan,north_indian,1,improve_stamina|carb_rich
Grilled Chicken 6115,dinner,359,14.8,79.0,3.6,non_vegetarian,maharashtrian,1,balanced|beginner
Grilled Chicken 6116,dinner,652,33.1,66.0,21.8,non_vegetarian,kerala,0,muscle_gain|high_protein
Boiled Eggs 6117,snack,291,16.4,69.4,4.3,non_vegetarian,bengali,1,weight_loss|light
Vegetable Poha 6118,breakfast,321,6.8,72.4,4.1,vegetarian,south_indian,1,weight_loss|light
Egg Curry 6119,dinner,491,35.7,29.8,8.8,non_vegetarian,punjabi,1,muscle_gain|high_protein
Protein Shake 6120,snack,167,19.2,23.2,15.8,vegetarian,gujarati,1,balanced|beginner
Tofu Stir Fry 6121,lunch,450,18.3,43.4,15.5,vegan,rajasthani,1,improve_stamina|carb_rich
Fish Curry Rice 6122,lunch,591,23.1,62.7,9.9,non_vegetarian,kerala,0,muscle_gain|high_protein
Protein Shake 6123,snack,111,5.9,30.0,11.5,vegetarian,bengali,1,balanced|beginner
Upma 6124,breakfast,163,19.3,76.1,6.3,vegetarian,south_indian,1,improve_stamina|carb_rich
Paneer Bhurji 6125,dinner,646,21.4,65.2,16.3,vegetarian,gujarati,0,muscle_gain|high_protein
Roti Sabji 6126,dinner,598,5.5,72.3,7.6,vegetarian,mixed,0,balanced|beginner
Tofu Scramble 6127,breakfast,300,18.4,54.4,6.7,vegan,kerala,1,muscle_gain|high_protein
Peanut Chaat 6128,snack,226,6.5,25.7,10.6,vegetarian,rajasthani,1,balanced|beginner
Tofu Curry 6129,dinner,612,18.8,58.2,6.3,vegan,north_indian,0,muscle_gain|high_protein
Sprouts Salad 6130,snack,251,7.6,74.1,9.4,vegan,gujarati,1,weight_loss|light
Sprouts Salad 6131,snack,249,15.7,22.5,17.1,vegan,hyderabadi,1,improve_stamina|carb_rich
Mixed Veg Curry 6132,dinner,424,11.5,23.7,24.2,vegetarian,rajasthani,0,improve_stamina|carb_rich
Oats with Milk 6133,breakfast,183,13.9,54.6,5.1,vegetarian,kerala,1,weight_loss|light
Boiled Eggs 6134,snack,275,18.7,52.6,11.4,non_vegetarian,hyderabadi,1,improve_stamina|carb_rich
Vegetable Poha 6135,breakfast,376,16.5,55.9,9.7,vegetarian,rajasthani,1,balanced|beginner
Roti Sabji 6136,dinner,493,5.6,47.1,4.3,vegetarian,bengali,1,improve_stamina|carb_rich
Roasted Chana 6137,snack,116,8.9,57.8,10.9,vegan,hyderabadi,1,balanced|beginner
Fruit Bowl 6138,breakfast,233,14.6,50.1,10.3,vegan,punjabi,1,improve_stamina|carb_rich
Buttermilk 6139,snack,157,22.3,35.4,10.4,vegetarian,mixed,1,muscle_gain|high_protein
Sabudana Khichdi 6140,breakfast,302,10.4,74.0,16.4,vegetarian,maharashtrian,1,weight_loss|light
Kadhi Rice 6141,lunch,468,40.6,40.5,3.1,vegetarian,gujarati,1,muscle_gain|high_protein
Peanut Chaat 6142,snack,259,11.6,62.8,8.5,vegetarian,north_indian,1,improve_stamina|carb_rich
Peanut Chaat 6143,snack,89,12.9,78.9,14.1,vegetarian,gujarati,1,improve_stamina|carb_rich
Corn Chaat 6144,snack,131,38.7,68.7,11.0,vegan,maharashtrian,1,muscle_gain|high_protein
Chicken Curry Rice 6145,lunch,628,12.9,22.7,3.4,non_vegetarian,mixed,0,balanced|beginner
Tofu Curry 6146,dinner,623,19.2,66.4,23.8,vegan,kerala,0,weight_loss|light
Roasted Chana 6147,snack,136,10.6,20.8,18.3,vegan,rajasthani,0,weight_loss|light
Tofu Scramble 6148,breakfast,223,30.0,41.4,5.7,vegan,rajasthani,1,muscle_gain|high_protein
Boiled Eggs 6149,snack,109,15.1,44.9,24.2,non_vegetarian,mixed,0,improve_stamina|carb_rich
Vegetable Khichdi 6150,lunch,547,14.3,75.9,19.7,vegetarian,hyderabadi,0,weight_loss|light
Fish Curry Rice 6151,lunch,626,29.3,61.0,6.5,non_vegetarian,kerala,0,muscle_gain|high_protein
Dal Tadka 6152,dinner,650,18.2,36.8,23.8,vegetarian,north_indian,0,improve_stamina|carb_rich
Dal Tadka 6153,dinner,509,26.2,38.6,21.4,vegetarian,kerala,0,muscle_gain|high_protein
Fish Curry Rice 6154,lunch,447,33.0,39.5,15.2,non_vegetarian,north_indian,1,muscle_gain|high_protein
Sabudana Khichdi 6155,breakfast,255,16.8,48.2,13.8,vegetarian,punjabi,1,improve_stamina|carb_rich
Sprouts Salad 6156,snack,142,6.2,42.3,11.8,vegan,mixed,1,balanced|beginner
Vegetable Poha 6157,breakfast,272,15.2,78.8,7.7,vegetarian,punjabi,1,balanced|beginner
Kadhi Rice 6158,lunch,489,10.9,43.7,14.3,vegetarian,bengali,1,improve_stamina|carb_rich
Pav Bhaji 6159,lunch,602,21.3,32.1,16.0,vegetarian,rajasthani,0,muscle_gain|high_protein
Roasted Chana 6160,snack,128,11.2,54.4,8.3,vegan,hyderabadi,1,improve_stamina|carb_rich
Tofu Curry 6161,dinner,635,32.1,65.0,19.9,vegan,hyderabadi,0,muscle_gain|high_protein
Fruit Salad 6162,snack,153,11.1,55.5,24.5,vegan,gujarati,0,balanced|beginner
Thepla 6163,breakfast,360,7.4,68.9,17.2,vegetarian,maharashtrian,1,balanced|beginner
Grilled Chicken 6164,dinner,500,7.7,41.2,12.1,non_vegetarian,punjabi,1,weight_loss|light
Roti Sabji 6165,dinner,517,28.0,25.4,9.7,vegetarian,maharashtrian,0,muscle_gain|high_protein
Sabudana Khichdi 6166,breakfast,176,10.8,70.2,7.6,vegetarian,bengali,1,weight_loss|light
Vegetable Soup 6167,dinner,586,6.6,52.3,5.5,vegan,hyderabadi,0,improve_stamina|carb_rich
Peanut Chaat 6168,snack,183,13.6,54.7,22.8,vegetarian,kerala,0,balanced|beginner
Chicken Curry Rice 6169,lunch,536,10.1,45.1,24.7,non_vegetarian,gujarati,0,balanced|beginner
Buttermilk 6170,snack,287,14.1,22.3,20.6,vegetarian,bengali,0,weight_loss|light
Fish Fry 6171,dinner,353,34.1,35.4,9.0,non_vegetarian,mixed,1,muscle_gain|high_protein
Mixed Veg Curry 6172,dinner,483,7.9,60.8,5.8,vegetarian,gujarati,1,improve_stamina|carb_rich
Sabudana Khichdi 6173,breakfast,264,24.8,43.2,11.1,vegetarian,north_indian,1,muscle_gain|high_protein
Pav Bhaji 6174,lunch,564,11.7,31.7,8.1,vegetarian,bengali,0,weight_loss|light
Roasted Chana 6175,snack,155,14.9,50.0,20.4,vegan,punjabi,0,balanced|beginner
Pav Bhaji 6176,lunch,575,19.8,23.3,24.7,vegetarian,north_indian,0,balanced|beginner
Paneer Roti 6177,lunch,611,7.3,60.2,9.2,vegetarian,maharashtrian,0,balanced|beginner
Kadhi Rice 6178,lunch,427,11.8,61.0,12.2,vegetarian,bengali,1,balanced|beginner
Fish Curry Rice 6179,lunch,695,19.2,22.3,3.7,non_vegetarian,gujarati,0,weight_loss|light
Thepla 6180,breakfast,310,17.9,38.0,11.6,vegetarian,gujarati,1,balanced|beginner
Corn Chaat 6181,snack,250,5.1,30.8,19.3,vegan,punjabi,0,improve_stamina|carb_rich
Dal Tadka 6182,dinner,465,27.1,39.4,19.5,vegetarian,south_indian,0,muscle_gain|high_protein
Paneer Cubes 6183,snack,172,11.6,33.9,20.1,vegetarian,kerala,0,improve_stamina|carb_rich
Pav Bhaji 6184,lunch,642,10.4,31.7,6.7,vegetarian,south_indian,0,balanced|beginner
Buttermilk 6185,snack,156,13.7,41.0,15.6,vegetarian,rajasthani,1,improve_stamina|carb_rich
Paneer Cubes 6186,snack,216,8.8,58.2,23.7,vegetarian,maharashtrian,0,improve_stamina|carb_rich
Roasted Chana 6187,snack,202,8.9,31.5,14.8,vegan,gujarati,1,weight_loss|light
Grilled Chicken 6188,dinner,386,5.0,26.8,24.7,non_vegetarian,gujarati,0,improve_stamina|carb_rich
Boiled Eggs 6189,snack,150,30.9,53.6,13.5,non_vegetarian,mixed,1,muscle_gain|high_protein
Kadhi Rice 6190,lunch,361,8.6,36.5,21.2,vegetarian,north_indian,0,balanced|beginner
Fish Curry Rice 6191,lunch,354,5.2,54.9,18.0,non_vegetarian,rajasthani,1,weight_loss|light
Peanut Chaat 6192,snack,128,26.2,71.7,8.8,vegetarian,bengali,1,muscle_gain|high_protein
Tofu Curry 6193,dinner,399,14.8,69.6,8.3,vegan,rajasthani,1,weight_loss|light
Grilled Chicken 6194,dinner,532,14.7,75.1,12.6,non_vegetarian,punjabi,0,weight_loss|light
Oats with Milk 6195,breakfast,361,18.8,25.2,8.0,vegetarian,gujarati,1,balanced|beginner
Roti Sabji 6196,dinner,381,19.1,79.2,16.4,vegetarian,punjabi,1,weight_loss|light
Fish Fry 6197,dinner,377,10.4,27.4,21.8,non_vegetarian,mixed,0,improve_stamina|carb_rich
Roti Sabji 6198,dinner,380,5.9,77.2,4.9,vegetarian,north_indian,1,balanced|beginner
Vegetable Poha 6199,breakfast,365,6.5,58.1,6.7,vegetarian,rajasthani,1,improve_stamina|carb_rich
Fish Fry 6200,dinner,688,18.9,58.7,20.9,non_vegetarian,hyderabadi,0,balanced|beginner
Vegetable Soup 6201,dinner,495,21.9,57.8,17.3,vegan,punjabi,1,muscle_gain|high_protein
Idli Sambar 6202,breakfast,191,9.9,52.2,20.9,vegetarian,bengali,0,weight_loss|light
Mixed Veg Curry 6203,dinner,564,32.4,23.2,19.9,vegetarian,bengali,0,muscle_gain|high_protein
Rajma Chawal 6204,lunch,556,18.6,39.5,13.6,vegetarian,north_indian,0,improve_stamina|carb_rich
Paneer Roti 6205,lunch,489,14.8,59.4,18.6,vegetarian,maharashtrian,0,balanced|beginner
Sprouts Salad 6206,snack,156,10.9,72.7,22.5,vegan,hyderabadi,0,balanced|beginner
Peanut Chaat 6207,snack,255,11.3,67.0,21.3,vegetarian,hyderabadi,0,weight_loss|light
Dal Tadka 6208,dinner,436,8.6,56.5,18.5,vegetarian,gujarati,0,balanced|beginner
Mixed Veg Curry 6209,dinner,433,16.3,51.5,12.0,vegetarian,south_indian,1,improve_stamina|carb_rich
Paneer Roti 6210,lunch,644,12.3,58.7,11.3,vegetarian,kerala,0,balanced|beginner
Hyderabadi Biryani 6211,lunch,384,8.5,60.7,14.0,non_vegetarian,rajasthani,1,improve_stamina|carb_rich
Hyderabadi Biryani 6212,lunch,467,11.4,62.0,3.0,non_vegetarian,kerala,1,balanced|beginner
Masala Omelette 6213,breakfast,337,18.9,31.1,19.7,non_vegetarian,south_indian,0,weight_loss|light
Buttermilk 6214,snack,81,12.4,67.7,15.1,vegetarian,kerala,1,improve_stamina|carb_rich
Idli Sambar 6215,breakfast,281,34.5,24.1,20.9,vegetarian,north_indian,0,muscle_gain|high_protein
Grilled Chicken 6216,dinner,585,19.5,46.5,18.0,non_vegetarian,kerala,0,improve_stamina|carb_rich
Oats with Milk 6217,breakfast,310,13.4,63.1,15.9,vegetarian,hyderabadi,1,weight_loss|light
Sabudana Khichdi 6218,breakfast,367,8.2,33.3,18.9,vegetarian,bengali,0,balanced|beginner
Paneer Cubes 6219,snack,155,40.2,24.6,7.1,vegetarian,rajasthani,1,muscle_gain|high_protein
Paneer Sandwich 6220,breakfast,170,5.6,32.2,16.7,vegetarian,rajasthani,1,weight_loss|light
Boiled Eggs 6221,snack,118,12.9,69.6,6.5,non_vegetarian,mixed,1,weight_loss|light
Fish Curry Rice 6222,lunch,505,17.5,22.2,15.0,non_vegetarian,north_indian,0,weight_loss|light
Tofu Scramble 6223,breakfast,206,40.5,61.3,6.2,vegan,bengali,1,muscle_gain|high_protein
Kadhi Rice 6224,lunch,664,16.3,76.2,16.1,vegetarian,hyderabadi,0,weight_loss|light
Paneer Bhurji 6225,dinner,672,11.4,67.3,11.0,vegetarian,gujarati,0,weight_loss|light
Dal Rice 6226,lunch,652,24.3,52.4,21.4,vegetarian,maharashtrian,0,muscle_gain|high_protein
Vegetable Khichdi 6227,lunch,385,16.2,34.9,5.8,vegetarian,hyderabadi,1,improve_stamina|carb_rich
Mixed Veg Curry 6228,dinner,486,15.7,68.7,18.9,vegetarian,south_indian,0,weight_loss|light
Fish Curry Rice 6229,lunch,629,5.1,69.9,13.0,non_vegetarian,rajasthani,0,weight_loss|light
Paneer Sandwich 6230,breakfast,296,18.8,43.0,20.8,vegetarian,gujarati,0,improve_stamina|carb_rich
Oats with Milk 6231,breakfast,199,42.0,76.9,11.2,vegetarian,mixed,1,muscle_gain|high_protein
Roti Sabji 6232,dinner,377,12.5,72.7,14.0,vegetarian,gujarati,1,weight_loss|light
Rajma Chawal 6233,lunch,683,16.0,71.5,16.1,vegetarian,north_indian,0,balanced|beginner
Tofu Stir Fry 6234,lunch,580,7.2,28.4,13.1,vegan,gujarati,0,balanced|beginner
Masala Omelette 6235,breakfast,238,33.6,60.8,3.5,non_vegetarian,rajasthani,1,muscle_gain|high_protein
Hyderabadi Biryani 6236,lunch,369,23.8,30.6,21.1,non_vegetarian,bengali,0,muscle_gain|high_protein
Vegetable Poha 6237,breakfast,336,15.0,31.6,17.9,vegetarian,hyderabadi,1,improve_stamina|carb_rich
Protein Shake 6238,snack,273,6.3,23.7,14.9,vegetarian,kerala,1,weight_loss|light
Tofu Scramble 6239,breakfast,194,5.3,72.8,9.8,vegan,kerala,1,weight_loss|light
Fruit Salad 6240,snack,180,8.5,72.1,15.7,vegan,rajasthani,1,improve_stamina|carb_rich
Boiled Eggs 6241,snack,259,14.1,63.7,21.8,non_vegetarian,punjabi,0,weight_loss|light
Kadhi Rice 6242,lunch,466,19.1,53.1,23.4,vegetarian,punjabi,0,muscle_gain|high_protein
Masala Omelette 6243,breakfast,389,7.8,62.9,20.9,non_vegetarian,maharashtrian,0,improve_stamina|carb_rich
Sprouts Salad 6244,snack,92,13.7,66.0,10.4,vegan,maharashtrian,1,balanced|beginner
Fish Fry 6245,dinner,623,24.1,52.0,8.1,non_vegetarian,south_indian,0,muscle_gain|high_protein
Masala Omelette 6246,breakfast,390,25.6,68.0,17.4,non_vegetarian,north_indian,1,muscle_gain|high_protein
Masala Omelette 6247,breakfast,258,44.0,71.2,5.7,non_vegetarian,rajasthani,1,muscle_gain|high_protein
Oats with Milk 6248,breakfast,387,23.6,67.0,5.8,vegetarian,north_indian,1,muscle_gain|high_protein
Fish Fry 6249,dinner,496,18.5,52.2,24.0,non_vegetarian,maharashtrian,0,muscle_gain|high_protein
Rajma Chawal 6250,lunch,524,17.5,41.3,13.3,vegetarian,gujarati,0,balanced|beginner
Roti Sabji 6251,dinner,579,10.6,71.8,15.0,vegetarian,punjabi,0,balanced|beginner
Tofu Curry 6252,dinner,550,16.9,37.5,15.1,vegan,south_indian,0,weight_loss|light
Dal Tadka 6253,dinner,383,17.2,71.0,12.5,vegetarian,kerala,1,balanced|beginner
Hyderabadi Biryani 6254,lunch,678,11.8,36.8,20.5,non_vegetarian,south_indian,0,improve_stamina|carb_rich
Kadhi Rice 6255,lunch,502,25.6,76.1,10.7,vegetarian,punjabi,0,muscle_gain|high_protein
Idli Sambar 6256,breakfast,369,9.4,63.8,11.7,vegetarian,maharashtrian,1,improve_stamina|carb_rich
Roasted Chana 6257,snack,151,5.3,70.1,16.0,vegan,south_indian,1,weight_loss|light
Mixed Veg Curry 6258,dinner,583,19.7,73.0,23.0,vegetarian,north_indian,0,weight_loss|light
Paneer Sandwich 6259,breakfast,222,5.3,30.1,17.6,vegetarian,hyderabadi,1,balanced|beginner
Oats with Milk 6260,breakfast,182,12.4,49.3,21.3,vegetarian,gujarati,0,balanced|beginner
Boiled Eggs 6261,snack,178,8.2,62.7,18.6,non_vegetarian,hyderabadi,0,weight_loss|light
Rajma Chawal 6262,lunch,384,5.6,32.5,14.4,vegetarian,hyderabadi,1,improve_stamina|carb_rich
Tofu Scramble 6263,breakfast,377,13.5,32.9,9.3,vegan,rajasthani,1,weight_loss|light
Dal Rice 6264,lunch,367,21.6,66.0,18.4,vegetarian,rajasthani,0,muscle_gain|high_protein
Dal Rice 6265,lunch,379,11.3,32.8,18.2,vegetarian,south_indian,0,improve_stamina|carb_rich
Tofu Curry 6266,dinner,545,38.5,48.2,11.3,vegan,punjabi,0,muscle_gain|high_protein
Peanut Chaat 6267,snack,151,12.3,51.2,22.5,vegetarian,gujarati,0,improve_stamina|carb_rich
Sprouts Salad 6268,snack,127,15.8,71.2,12.7,vegan,punjabi,1,weight_loss|light
Vegetable Poha 6269,breakfast,225,23.9,43.1,5.4,vegetarian,gujarati,1,muscle_gain|high_protein
Sprouts Salad 6270,snack,203,5.7,67.8,6.4,vegan,mixed,1,improve_stamina|carb_rich
Peanut Chaat 6271,snack,162,26.1,61.5,22.6,vegetarian,gujarati,0,muscle_gain|high_protein
Corn Chaat 6272,snack,140,30.1,22.4,17.3,vegan,maharashtrian,1,muscle_gain|high_protein
Upma 6273,breakfast,228,19.9,27.2,7.7,vegetarian,south_indian,1,balanced|beginner
Tofu Curry 6274,dinner,386,15.3,27.6,8.6,vegan,south_indian,1,balanced|beginner
Roasted Chana 6275,snack,118,10.7,48.2,14.3,vegan,mixed,1,improve_stamina|carb_rich
Peanut Chaat 6276,snack,284,19.1,74.3,13.3,vegetarian,north_indian,1,balanced|beginner
Tofu Curry 6277,dinner,686,24.3,64.1,4.2,vegan,gujarati,0,muscle_gain|high_protein
Thepla 6278,breakfast,439,17.8,61.8,17.6,vegetarian,maharashtrian,1,improve_stamina|carb_rich
Fruit Bowl 6279,breakfast,427,5.8,29.2,19.4,vegan,bengali,0,weight_loss|light
Protein Shake 6280,snack,243,17.3,39.8,14.8,vegetarian,south_indian,1,weight_loss|light
Vegetable Khichdi 6281,lunch,596,18.9,59.1,4.8,vegetarian,rajasthani,0,improve_stamina|carb_rich
Tofu Curry 6282,dinner,514,6.0,44.9,23.8,vegan,bengali,0,improve_stamina|carb_rich
Grilled Chicken 6283,dinner,688,23.7,23.6,14.6,non_vegetarian,bengali,0,muscle_gain|high_protein
Fruit Bowl 6284,breakfast,202,9.0,48.9,22.0,vegan,kerala,0,weight_loss|light
Fruit Salad 6285,snack,279,14.5,42.8,17.9,vegan,gujarati,1,balanced|beginner
Sabudana Khichdi 6286,breakfast,246,12.0,61.0,9.4,vegetarian,kerala,1,balanced|beginner
Fish Fry 6287,dinner,517,14.0,20.1,18.7,non_vegetarian,mixed,0,balanced|beginner
Tofu Curry 6288,dinner,518,16.9,50.8,18.2,vegan,north_indian,0,weight_loss|light
Grilled Chicken 6289,dinner,643,10.7,61.5,15.4,non_vegetarian,north_indian,0,weight_loss|light
Corn Chaat 6290,snack,202,38.7,21.7,13.0,vegan,bengali,1,muscle_gain|high_protein
Upma 6291,breakfast,316,13.8,68.7,21.3,vegetarian,north_indian,0,balanced|beginner
Sprouts Salad 6292,snack,102,17.7,26.8,8.7,vegan,mixed,1,improve_stamina|carb_rich
Egg Curry 6293,dinner,585,7.9,31.8,11.4,non_vegetarian,south_indian,0,balanced|beginner
Dal Tadka 6294,dinner,381,39.5,45.8,11.7,vegetarian,kerala,1,muscle_gain|high_protein
Roti Sabji 6295,dinner,614,21.8,28.5,19.3,vegetarian,mixed,0,muscle_gain|high_protein
Thepla 6296,breakfast,180,14.5,31.0,9.7,vegetarian,maharashtrian,1,improve_stamina|carb_rich
Grilled Chicken 6297,dinner,517,10.7,75.8,6.9,non_vegetarian,rajasthani,0,weight_loss|light
Vegetable Soup 6298,dinner,525,43.8,59.1,14.9,vegan,south_indian,0,muscle_gain|high_protein
Fruit Bowl 6299,breakfast,216,36.4,49.7,15.6,vegan,bengali,1,muscle_gain|high_protein
Thepla 6300,breakfast,410,12.8,70.4,23.7,vegetarian,gujarati,0,improve_stamina|carb_rich
Hyderabadi Biryani 6301,lunch,439,11.0,56.5,7.2,non_vegetarian,punjabi,1,balanced|beginner
Upma 6302,breakfast,151,18.4,42.0,4.6,vegetarian,south_indian,1,improve_stamina|carb_rich
Tofu Curry 6303,dinner,524,23.3,67.8,7.4,vegan,maharashtrian,0,muscle_gain|high_protein
Paneer Cubes 6304,snack,84,29.7,45.2,22.1,vegetarian,rajasthani,0,muscle_gain|high_protein
Rajma Chawal 6305,lunch,443,12.7,79.0,5.3,vegetarian,south_indian,1,improve_stamina|carb_rich
Sabudana Khichdi 6306,breakfast,440,21.3,50.3,9.0,vegetarian,gujarati,1,muscle_gain|high_protein
Chicken Curry Rice 6307,lunch,355,18.0,21.8,4.5,non_vegetarian,mixed,1,weight_loss|light
Boiled Eggs 6308,snack,89,15.2,57.6,3.5,non_vegetarian,bengali,1,weight_loss|light
Vegetable Poha 6309,breakfast,316,15.3,45.2,12.7,vegetarian,mixed,1,balanced|beginner
Peanut Chaat 6310,snack,85,13.2,77.5,23.5,vegetarian,rajasthani,0,balanced|beginner
Oats with Milk 6311,breakfast,397,18.6,43.1,15.9,vegetarian,bengali,1,improve_stamina|carb_rich
Fruit Salad 6312,snack,182,10.9,54.2,11.4,vegan,punjabi,1,improve_stamina|carb_rich
Chicken Curry Rice 6313,lunch,497,39.6,56.0,15.0,non_vegetarian,maharashtrian,1,muscle_gain|high_protein
Paneer Sandwich 6314,breakfast,169,17.5,64.7,23.3,vegetarian,gujarati,0,weight_loss|light
Buttermilk 6315,snack,241,33.5,27.4,12.1,vegetarian,hyderabadi,1,muscle_gain|high_protein
Hyderabadi Biryani 6316,lunch,454,5.6,35.8,21.7,non_vegetarian,bengali,0,weight_loss|light
Sabudana Khichdi 6317,breakfast,324,32.3,70.7,14.8,vegetarian,kerala,1,muscle_gain|high_protein
Fish Curry Rice 6318,lunch,663,14.5,31.8,9.5,non_vegetarian,north_indian,0,improve_stamina|carb_rich
Fruit Salad 6319,snack,299,18.8,40.8,14.8,vegan,hyderabadi,1,balanced|beginner
Paneer Cubes 6320,snack,216,9.4,41.8,12.2,vegetarian,bengali,1,balanced|beginner
Dal Rice 6321,lunch,615,5.3,63.8,20.3,vegetarian,mixed,0,weight_loss|light
Pav Bhaji 6322,lunch,412,13.3,37.1,18.7,vegetarian,gujarati,0,weight_loss|light
Thepla 6323,breakfast,438,9.1,68.5,22.4,vegetarian,bengali,0,weight_loss|light
Dal Tadka 6324,dinner,442,16.8,77.8,4.2,vegetarian,bengali,1,improve_stamina|carb_rich
Dal Rice 6325,lunch,621,23.9,21.4,5.9,vegetarian,south_indian,0,muscle_gain|high_protein
Dal Tadka 6326,dinner,613,12.4,52.0,17.7,vegetarian,south_indian,0,balanced|beginner
Dal Rice 6327,lunch,494,14.9,22.3,4.4,vegetarian,mixed,1,weight_loss|light
Dal Tadka 6328,dinner,663,9.6,24.7,13.6,vegetarian,gujarati,0,improve_stamina|carb_rich
Pav Bhaji 6329,lunch,405,24.2,77.9,20.4,vegetarian,south_indian,0,muscle_gain|high_protein
Buttermilk 6330,snack,212,18.0,64.0,17.7,vegetarian,south_indian,1,improve_stamina|carb_rich
Fish Curry Rice 6331,lunch,521,33.7,25.1,23.9,non_vegetarian,mixed,0,muscle_gain|high_protein
Vegetable Poha 6332,breakfast,162,15.9,75.8,10.9,vegetarian,hyderabadi,1,weight_loss|light
Grilled Chicken 6333,dinner,424,32.6,77.6,4.9,non_vegetarian,bengali,1,muscle_gain|high_protein
Mixed Veg Curry 6334,dinner,423,26.4,62.2,10.0,vegetarian,mixed,1,muscle_gain|high_protein
Vegetable Poha 6335,breakfast,154,23.6,71.0,21.3,vegetarian,rajasthani,0,muscle_gain|high_protein
Roasted Chana 6336,snack,191,16.0,44.2,7.1,vegan,punjabi,1,improve_stamina|carb_rich
Paneer Roti 6337,lunch,671,15.6,24.5,17.6,vegetarian,rajasthani,0,weight_loss|light
Buttermilk 6338,snack,90,26.1,52.5,22.6,vegetarian,bengali,0,muscle_gain|high_protein
Kadhi Rice 6339,lunch,511,21.5,53.7,17.7,vegetarian,hyderabadi,0,muscle_gain|high_protein
Vegetable Poha 6340,breakfast,373,8.1,74.3,19.2,vegetarian,gujarati,0,balanced|beginner
Chicken Curry Rice 6341,lunch,675,17.9,60.6,12.3,non_vegetarian,kerala,0,balanced|beginner
Corn Chaat 6342,snack,227,26.3,49.2,15.9,vegan,bengali,1,muscle_gain|high_protein
Egg Curry 6343,dinner,695,16.7,64.4,9.2,non_vegetarian,punjabi,0,weight_loss|light
Vegetable Poha 6344,breakfast,435,11.8,72.5,16.7,vegetarian,rajasthani,1,balanced|beginner
Roti Sabji 6345,dinner,613,34.2,23.8,24.2,vegetarian,maharashtrian,0,muscle_gain|high_protein
Vegetable Khichdi 6346,lunch,456,19.3,26.8,7.1,vegetarian,rajasthani,1,improve_stamina|carb_rich
Upma 6347,breakfast,242,30.7,76.6,10.2,vegetarian,maharashtrian,1,muscle_gain|high_protein
Corn Chaat 6348,snack,255,11.2,38.8,14.6,vegan,north_indian,1,weight_loss|light
Peanut Chaat 6349,snack,284,12.1,34.3,4.0,vegetarian,rajasthani,1,balanced|beginner
Fruit Bowl 6350,breakfast,403,20.0,22.0,15.8,vegan,maharashtrian,1,muscle_gain|high_protein
Vegetable Soup 6351,dinner,512,14.2,38.8,14.6,vegan,rajasthani,0,balanced|beginner
Fruit Salad 6352,snack,189,18.8,30.1,22.7,vegan,south_indian,0,balanced|beginner
Fruit Bowl 6353,breakfast,308,36.8,68.3,21.0,vegan,kerala,0,muscle_gain|high_protein
Thepla 6354,breakfast,242,9.0,75.2,7.0,vegetarian,rajasthani,1,weight_loss|light
Vegetable Soup 6355,dinner,670,11.6,43.2,8.3,vegan,maharashtrian,0,balanced|beginner
Vegetable Khichdi 6356,lunch,654,9.9,53.9,22.6,vegetarian,punjabi,0,balanced|beginner
Fish Curry Rice 6357,lunch,576,40.5,47.1,6.7,non_vegetarian,hyderabadi,0,muscle_gain|high_protein
Dal Rice 6358,lunch,608,18.6,22.6,16.4,vegetarian,rajasthani,0,balanced|beginner
Paneer Cubes 6359,snack,139,6.3,68.6,19.2,vegetarian,kerala,0,improve_stamina|carb_rich
Sprouts Salad 6360,snack,259,19.9,23.3,10.7,vegan,punjabi,1,balanced|beginner
Upma 6361,breakfast,259,15.5,34.8,6.2,vegetarian,maharashtrian,1,weight_loss|light
Paneer Sandwich 6362,breakfast,315,10.5,52.9,5.3,vegetarian,south_indian,1,improve_stamina|carb_rich
Dal Rice 6363,lunch,507,10.4,69.4,8.5,vegetarian,south_indian,0,improve_stamina|carb_rich
Kadhi Rice 6364,lunch,644,21.6,42.3,5.3,vegetarian,kerala,0,muscle_gain|high_protein
Dal Tadka 6365,dinner,652,10.4,80.0,9.3,vegetarian,punjabi,0,improve_stamina|carb_rich
Protein Shake 6366,snack,282,5.3,28.5,13.8,vegetarian,north_indian,1,balanced|beginner
Chicken Curry Rice 6367,lunch,439,7.3,71.5,16.6,non_vegetarian,bengali,1,weight_loss|light
Tofu Scramble 6368,breakfast,191,9.7,24.7,18.5,vegan,kerala,0,balanced|beginner
Chicken Curry Rice 6369,lunch,458,5.8,45.1,17.8,non_vegetarian,punjabi,1,weight_loss|light
Roti Sabji 6370,dinner,424,18.4,62.5,11.7,vegetarian,gujarati,1,improve_stamina|carb_rich
Pav Bhaji 6371,lunch,579,19.9,72.6,10.7,vegetarian,rajasthani,0,muscle_gain|high_protein
Kadhi Rice 6372,lunch,628,35.4,30.4,15.8,vegetarian,kerala,0,muscle_gain|high_protein
Fruit Salad 6373,snack,102,16.6,76.0,17.0,vegan,maharashtrian,1,improve_stamina|carb_rich
Fruit Salad 6374,snack,177,5.1,56.5,12.1,vegan,south_indian,1,weight_loss|light
Mixed Veg Curry 6375,dinner,353,9.1,27.7,18.5,vegetarian,gujarati,0,balanced|beginner
Boiled Eggs 6376,snack,128,12.1,66.0,6.0,non_vegetarian,maharashtrian,1,improve_stamina|carb_rich
Upma 6377,breakfast,316,16.8,30.5,22.0,vegetarian,kerala,0,improve_stamina|carb_rich
Peanut Chaat 6378,snack,92,21.9,56.2,7.9,vegetarian,rajasthani,1,muscle_gain|high_protein
Sprouts Salad 6379,snack,294,32.1,37.0,3.3,vegan,kerala,1,muscle_gain|high_protein
Paneer Bhurji 6380,dinner,522,10.1,61.9,15.0,vegetarian,gujarati,0,balanced|beginner
Fruit Bowl 6381,breakfast,409,5.8,21.2,9.6,vegan,mixed,1,improve_stamina|carb_rich
Paneer Bhurji 6382,dinner,679,7.9,59.5,11.3,vegetarian,hyderabadi,0,improve_stamina|carb_rich
Buttermilk 6383,snack,85,12.4,29.8,3.0,vegetarian,punjabi,1,weight_loss|light
Hyderabadi Biryani 6384,lunch,610,37.6,32.7,21.2,non_vegetarian,punjabi,0,muscle_gain|high_protein
Chicken Curry Rice 6385,lunch,633,30.1,72.7,13.9,non_vegetarian,bengali,0,muscle_gain|high_protein
Sabudana Khichdi 6386,breakfast,286,5.8,69.7,16.8,vegetarian,rajasthani,1,balanced|beginner
Boiled Eggs 6387,snack,210,20.0,28.1,19.4,non_vegetarian,maharashtrian,0,muscle_gain|high_protein
Roti Sabji 6388,dinner,626,37.8,76.2,21.5,vegetarian,punjabi,0,muscle_gain|high_protein
Vegetable Khichdi 6389,lunch,620,11.1,44.0,8.7,vegetarian,gujarati,0,weight_loss|light
Paneer Cubes 6390,snack,152,15.5,78.2,18.9,vegetarian,south_indian,0,balanced|beginner
Paneer Roti 6391,lunch,350,16.2,78.5,16.5,vegetarian,hyderabadi,1,improve_stamina|carb_rich
Paneer Roti 6392,lunch,469,20.0,64.9,13.9,vegetarian,south_indian,1,balanced|beginner
Fish Fry 6393,dinner,696,23.8,70.7,14.6,non_vegetarian,bengali,0,muscle_gain|high_protein
Peanut Chaat 6394,snack,142,17.7,79.9,23.4,vegetarian,bengali,0,balanced|beginner
Kadhi Rice 6395,lunch,683,29.0,34.3,16.6,vegetarian,bengali,0,muscle_gain|high_protein
Chicken Curry Rice 6396,lunch,451,14.7,39.2,24.8,non_vegetarian,maharashtrian,0,balanced|beginner
Boiled Eggs 6397,snack,94,37.0,40.3,4.8,non_vegetarian,bengali,1,muscle_gain|high_protein
Sprouts Salad 6398,snack,226,5.6,41.6,18.7,vegan,south_indian,0,improve_stamina|carb_rich
Grilled Chicken 6399,dinner,685,18.2,62.3,15.2,non_vegetarian,mixed,0,weight_loss|light
Upma 6400,breakfast,354,13.4,52.9,23.2,vegetarian,hyderabadi,0,balanced|beginner
Pav Bhaji 6401,lunch,670,32.5,33.5,11.6,vegetarian,kerala,0,muscle_gain|high_protein
Oats with Milk 6402,breakfast,363,6.5,74.9,11.6,vegetarian,gujarati,1,improve_stamina|carb_rich
Tofu Curry 6403,dinner,612,12.2,35.2,19.6,vegan,bengali,0,balanced|beginner
Roasted Chana 6404,snack,289,17.4,71.1,6.3,vegan,mixed,1,balanced|beginner
Dal Rice 6405,lunch,554,19.8,48.2,18.5,vegetarian,maharashtrian,0,weight_loss|light
Fruit Bowl 6406,breakfast,329,13.6,73.8,16.7,vegan,mixed,1,improve_stamina|carb_rich
Paneer Sandwich 6407,breakfast,256,16.8,64.0,5.9,vegetarian,south_indian,1,weight_loss|light
Vegetable Khichdi 6408,lunch,648,10.4,32.7,5.6,vegetarian,hyderabadi,0,weight_loss|light
Thepla 6409,breakfast,192,9.1,38.4,23.6,vegetarian,bengali,0,balanced|beginner
Tofu Curry 6410,dinner,547,18.8,20.1,4.9,vegan,kerala,0,improve_stamina|carb_rich
Thepla 6411,breakfast,199,35.0,59.8,20.9,vegetarian,mixed,0,muscle_gain|high_protein
Fish Fry 6412,dinner,519,42.2,32.5,24.3,non_vegetarian,mixed,0,muscle_gain|high_protein
Hyderabadi Biryani 6413,lunch,577,7.6,29.7,3.4,non_vegetarian,north_indian,0,improve_stamina|carb_rich
Fruit Salad 6414,snack,91,19.8,51.2,7.0,vegan,north_indian,1,balanced|beginner
Roti Sabji 6415,dinner,514,44.1,50.8,14.1,vegetarian,bengali,0,muscle_gain|high_protein
Oats with Milk 6416,breakfast,156,12.0,72.4,21.7,vegetarian,gujarati,0,weight_loss|light
Corn Chaat 6417,snack,202,16.5,78.6,8.3,vegan,south_indian,1,improve_stamina|carb_rich
Paneer Bhurji 6418,dinner,517,6.5,76.1,7.2,vegetarian,rajasthani,0,improve_stamina|carb_rich
Mixed Veg Curry 6419,dinner,541,8.8,40.7,13.0,vegetarian,mixed,0,weight_loss|light
Boiled Eggs 6420,snack,267,8.0,70.2,18.2,non_vegetarian,mixed,0,weight_loss|light
Roti Sabji 6421,dinner,419,13.0,76.9,24.6,vegetarian,south_indian,0,improve_stamina|carb_rich
Sabudana Khichdi 6422,breakfast,450,16.4,44.1,7.2,vegetarian,rajasthani,1,weight_loss|light
Rajma Chawal 6423,lunch,500,8.3,24.2,14.9,vegetarian,mixed,1,improve_stamina|carb_rich
Egg Curry 6424,dinner,394,37.1,40.6,5.8,non_vegetarian,kerala,1,muscle_gain|high_protein
Grilled Chicken 6425,dinner,556,15.8,52.3,21.7,non_vegetarian,rajasthani,0,balanced|beginner
Paneer Bhurji 6426,dinner,589,19.7,75.4,12.9,vegetarian,rajasthani,0,balanced|beginner
Kadhi Rice 6427,lunch,625,10.3,76.1,23.7,vegetarian,hyderabadi,0,balanced|beginner
Sprouts Salad 6428,snack,114,6.6,69.2,7.6,vegan,hyderabadi,1,weight_loss|light
Hyderabadi Biryani 6429,lunch,524,14.9,49.5,8.3,non_vegetarian,rajasthani,0,balanced|beginner
Buttermilk 6430,snack,179,9.6,68.0,16.7,vegetarian,kerala,1,balanced|beginner
Buttermilk 6431,snack,160,34.0,53.3,4.1,vegetarian,north_indian,1,muscle_gain|high_protein
Peanut Chaat 6432,snack,249,17.4,49.5,10.8,vegetarian,punjabi,1,improve_stamina|carb_rich
Corn Chaat 6433,snack,129,12.2,60.7,5.2,vegan,north_indian,1,balanced|beginner
Protein Shake 6434,snack,242,19.7,56.9,24.6,vegetarian,mixed,0,balanced|beginner
Upma 6435,breakfast,406,24.5,21.4,20.4,vegetarian,bengali,0,muscle_gain|high_protein
Boiled Eggs 6436,snack,185,10.5,31.3,7.1,non_vegetarian,bengali,1,weight_loss|light
Boiled Eggs 6437,snack,166,29.9,23.6,13.0,non_vegetarian,south_indian,1,muscle_gain|high_protein
Tofu Curry 6438,dinner,470,26.6,37.3,21.9,vegan,punjabi,0,muscle_gain|high_protein
Chicken Curry Rice 6439,lunch,358,19.8,51.0,10.0,non_vegetarian,mixed,1,weight_loss|light
Egg Curry 6440,dinner,510,5.0,53.4,20.6,non_vegetarian,hyderabadi,0,balanced|beginner
Boiled Eggs 6441,snack,179,23.1,26.1,4.1,non_vegetarian,maharashtrian,1,muscle_gain|high_protein
Oats with Milk 6442,breakfast,227,6.8,38.2,3.1,vegetarian,gujarati,1,improve_stamina|carb_rich
Tofu Stir Fry 6443,lunch,582,25.4,45.4,4.8,vegan,kerala,0,muscle_gain|high_protein
Egg Curry 6444,dinner,363,7.7,57.4,19.3,non_vegetarian,hyderabadi,0,balanced|beginner
Chicken Curry Rice 6445,lunch,691,17.9,62.2,23.2,non_vegetarian,mixed,0,weight_loss|light
Grilled Chicken 6446,dinner,513,31.5,79.5,21.5,non_vegetarian,hyderabadi,0,muscle_gain|high_protein
Paneer Roti 6447,lunch,624,35.8,62.8,11.7,vegetarian,maharashtrian,0,muscle_gain|high_protein
Fruit Bowl 6448,breakfast,274,12.3,21.7,13.4,vegan,kerala,1,balanced|beginner
Roasted Chana 6449,snack,165,38.7,70.7,22.1,vegan,kerala,0,muscle_gain|high_protein
Grilled Chicken 6450,dinner,420,19.6,59.1,7.7,non_vegetarian,mixed,1,muscle_gain|high_protein
Paneer Sandwich 6451,breakfast,294,42.9,52.4,22.8,vegetarian,rajasthani,0,muscle_gain|high_protein
Idli Sambar 6452,breakfast,328,19.3,74.5,15.3,vegetarian,punjabi,1,balanced|beginner
Idli Sambar 6453,breakfast,279,17.8,61.9,15.7,vegetarian,bengali,1,improve_stamina|carb_rich
Pav Bhaji 6454,lunch,649,30.8,48.7,9.5,vegetarian,hyderabadi,0,muscle_gain|high_protein
Paneer Sandwich 6455,breakfast,415,18.2,77.4,23.3,vegetarian,mixed,0,weight_loss|light
Upma 6456,breakfast,328,33.9,33.8,10.9,vegetarian,rajasthani,1,muscle_gain|high_protein
Paneer Bhurji 6457,dinner,657,10.0,31.1,22.0,vegetarian,gujarati,0,weight_loss|light
Tofu Scramble 6458,breakfast,243,6.6,51.8,11.4,vegan,south_indian,1,improve_stamina|carb_rich
Chicken Curry Rice 6459,lunch,620,14.0,42.3,15.8,non_vegetarian,hyderabadi,0,balanced|beginner
Boiled Eggs 6460,snack,284,33.7,34.8,4.6,non_vegetarian,north_indian,1,muscle_gain|high_protein
Tofu Scramble 6461,breakfast,395,17.7,65.7,9.3,vegan,bengali,1,improve_stamina|carb_rich
Fish Fry 6462,dinner,580,35.1,30.0,10.3,non_vegetarian,maharashtrian,0,muscle_gain|high_protein
Paneer Cubes 6463,snack,245,35.8,29.9,12.1,vegetarian,bengali,1,muscle_gain|high_protein
Vegetable Poha 6464,breakfast,169,7.1,77.2,20.0,vegetarian,maharashtrian,0,weight_loss|light
Idli Sambar 6465,breakfast,161,16.9,51.7,13.6,vegetarian,bengali,1,balanced|beginner
Corn Chaat 6466,snack,116,11.2,57.7,23.2,vegan,mixed,0,weight_loss|light
Tofu Stir Fry 6467,lunch,591,9.3,30.0,9.1,vegan,mixed,0,balanced|beginner
Protein Shake 6468,snack,287,14.4,28.2,22.6,vegetarian,hyderabadi,0,improve_stamina|carb_rich
Vegetable Poha 6469,breakfast,268,11.3,35.3,8.2,vegetarian,north_indian,1,improve_stamina|carb_rich
Roti Sabji 6470,dinner,389,7.6,66.5,11.8,vegetarian,punjabi,1,improve_stamina|carb_rich
Peanut Chaat 6471,snack,295,6.5,21.7,24.5,vegetarian,south_indian,0,weight_loss|light
Idli Sambar 6472,breakfast,195,16.7,46.1,23.5,vegetarian,bengali,0,improve_stamina|carb_rich
Corn Chaat 6473,snack,287,21.1,57.5,23.5,vegan,rajasthani,0,muscle_gain|high_protein
Idli Sambar 6474,breakfast,270,38.4,45.1,4.6,vegetarian,punjabi,1,muscle_gain|high_protein
Chicken Curry Rice 6475,lunch,618,39.7,61.4,19.0,non_vegetarian,bengali,0,muscle_gain|high_protein
Paneer Bhurji 6476,dinner,505,7.7,30.3,4.0,vegetarian,south_indian,0,balanced|beginner
Corn Chaat 6477,snack,172,6.4,52.8,3.4,vegan,bengali,1,improve_stamina|carb_rich
Fruit Salad 6478,snack,132,15.5,43.6,4.8,vegan,kerala,1,improve_stamina|carb_rich
Upma 6479,breakfast,208,15.6,21.2,12.5,vegetarian,mixed,1,balanced|beginner
Fruit Salad 6480,snack,206,8.2,55.8,23.0,vegan,rajasthani,0,balanced|beginner
Vegetable Soup 6481,dinner,628,7.4,45.1,12.9,vegan,hyderabadi,0,improve_stamina|carb_rich
Masala Omelette 6482,breakfast,213,18.8,71.1,10.7,non_vegetarian,mixed,1,weight_loss|light
Grilled Chicken 6483,dinner,586,16.2,49.2,4.5,non_vegetarian,kerala,0,weight_loss|light
Oats with Milk 6484,breakfast,356,9.6,36.8,9.5,vegetarian,gujarati,1,balanced|beginner
Paneer Roti 6485,lunch,597,11.1,33.2,11.6,vegetarian,north_indian,0,balanced|beginner
Sprouts Salad 6486,snack,176,17.7,62.0,18.0,vegan,punjabi,1,improve_stamina|carb_rich
Paneer Cubes 6487,snack,133,26.8,72.9,18.6,vegetarian,mixed,0,muscle_gain|high_protein
Sprouts Salad 6488,snack,275,30.8,28.9,17.3,vegan,bengali,1,muscle_gain|high_protein
Masala Omelette 6489,breakfast,299,6.2,69.8,14.3,non_vegetarian,rajasthani,1,weight_loss|light
Chicken Curry Rice 6490,lunch,352,16.5,20.9,16.3,non_vegetarian,north_indian,1,improve_stamina|carb_rich
Corn Chaat 6491,snack,248,6.9,58.5,13.0,vegan,kerala,1,improve_stamina|carb_rich
Roti Sabji 6492,dinner,489,20.0,61.1,11.8,vegetarian,hyderabadi,1,weight_loss|light
Chicken Curry Rice 6493,lunch,357,10.2,40.2,13.7,non_vegetarian,hyderabadi,1,weight_loss|light
Buttermilk 6494,snack,141,7.4,59.5,19.9,vegetarian,south_indian,0,balanced|beginner
Idli Sambar 6495,breakfast,447,12.7,30.6,9.4,vegetarian,north_indian,1,balanced|beginner
Sprouts Salad 6496,snack,82,19.6,32.0,23.1,vegan,gujarati,0,improve_stamina|carb_rich
Rajma Chawal 6497,lunch,551,8.4,29.0,17.9,vegetarian,south_indian,0,balanced|beginner
Paneer Sandwich 6498,breakfast,193,7.4,31.2,23.9,vegetarian,south_indian,0,weight_loss|light
Pav Bhaji 6499,lunch,699,19.7,67.7,8.0,vegetarian,rajasthani,0,weight_loss|light
Chicken Curry Rice 6500,lunch,402,32.6,73.1,20.9,non_vegetarian,south_indian,0,muscle_gain|high_protein
Fruit Salad 6501,snack,116,9.1,38.4,3.5,vegan,gujarati,1,weight_loss|light
Vegetable Khichdi 6502,lunch,561,7.5,75.0,13.9,vegetarian,rajasthani,0,weight_loss|light
Protein Shake 6503,snack,203,11.6,79.3,12.5,vegetarian,south_indian,1,weight_loss|light
Tofu Scramble 6504,breakfast,338,18.5,42.2,15.6,vegan,north_indian,1,balanced|beginner
Sabudana Khichdi 6505,breakfast,289,19.3,43.3,19.3,vegetarian,punjabi,0,muscle_gain|high_protein
Oats with Milk 6506,breakfast,329,18.5,66.2,16.1,vegetarian,maharashtrian,1,weight_loss|light
Hyderabadi Biryani 6507,lunch,632,40.3,44.3,4.9,non_vegetarian,maharashtrian,0,muscle_gain|high_protein
Mixed Veg Curry 6508,dinner,630,8.4,57.3,16.8,vegetarian,punjabi,0,weight_loss|light
Masala Omelette 6509,breakfast,239,10.6,34.1,6.1,non_vegetarian,bengali,1,weight_loss|light
Sprouts Salad 6510,snack,85,30.8,60.3,25.0,vegan,punjabi,0,muscle_gain|high_protein
Upma 6511,breakfast,192,7.9,39.7,15.5,vegetarian,gujarati,1,balanced|beginner
Tofu Scramble 6512,breakfast,181,14.4,68.6,19.6,vegan,south_indian,0,weight_loss|light
Protein Shake 6513,snack,204,19.0,33.9,17.2,vegetarian,bengali,1,balanced|beginner
Oats with Milk 6514,breakfast,153,8.2,38.1,16.5,vegetarian,punjabi,1,improve_stamina|carb_rich
Corn Chaat 6515,snack,225,24.8,57.3,4.1,vegan,gujarati,1,muscle_gain|high_protein
Vegetable Khichdi 6516,lunch,371,9.9,77.7,24.4,vegetarian,north_indian,0,balanced|beginner
Tofu Curry 6517,dinner,495,12.3,42.8,7.8,vegan,mixed,1,improve_stamina|carb_rich
Paneer Cubes 6518,snack,159,41.2,31.1,18.2,vegetarian,mixed,0,muscle_gain|high_protein
Buttermilk 6519,snack,131,6.2,27.0,15.4,vegetarian,rajasthani,1,improve_stamina|carb_rich
Fish Curry Rice 6520,lunch,471,13.6,23.6,19.7,non_vegetarian,bengali,0,balanced|beginner
Dal Rice 6521,lunch,605,11.2,77.9,8.4,vegetarian,punjabi,0,weight_loss|light
Dal Rice 6522,lunch,583,14.1,32.3,17.1,vegetarian,maharashtrian,0,improve_stamina|carb_rich
Tofu Stir Fry 6523,lunch,557,5.0,69.3,22.1,vegan,north_indian,0,balanced|beginner
Idli Sambar 6524,breakfast,281,6.0,42.8,19.9,vegetarian,bengali,0,weight_loss|light
Pav Bhaji 6525,lunch,552,12.3,29.2,6.4,vegetarian,mixed,0,improve_stamina|carb_rich
Fruit Bowl 6526,breakfast,341,17.1,47.0,6.6,vegan,north_indian,1,improve_stamina|carb_rich
Buttermilk 6527,snack,109,15.9,24.2,4.8,vegetarian,hyderabadi,1,balanced|beginner
Idli Sambar 6528,breakfast,250,30.6,67.9,10.5,vegetarian,maharashtrian,1,muscle_gain|high_protein
Corn Chaat 6529,snack,234,13.2,73.3,7.2,vegan,hyderabadi,1,balanced|beginner
Kadhi Rice 6530,lunch,468,28.0,39.3,17.7,vegetarian,north_indian,1,muscle_gain|high_protein
Idli Sambar 6531,breakfast,261,42.5,23.6,7.5,vegetarian,rajasthani,1,muscle_gain|high_protein
Roti Sabji 6532,dinner,473,10.4,58.6,16.4,vegetarian,maharashtrian,1,weight_loss|light
Fish Curry Rice 6533,lunch,603,17.8,54.8,18.5,non_vegetarian,bengali,0,weight_loss|light
Paneer Bhurji 6534,dinner,358,19.4,44.8,16.7,vegetarian,north_indian,1,weight_loss|light
Pav Bhaji 6535,lunch,653,36.2,46.9,22.8,vegetarian,bengali,0,muscle_gain|high_protein
Tofu Stir Fry 6536,lunch,630,15.7,57.7,17.4,vegan,maharashtrian,0,improve_stamina|carb_rich
Rajma Chawal 6537,lunch,518,9.6,73.1,13.5,vegetarian,south_indian,0,improve_stamina|carb_rich
Tofu Curry 6538,dinner,577,9.2,72.2,5.8,vegan,south_indian,0,balanced|beginner
Roasted Chana 6539,snack,99,6.3,25.6,7.9,vegan,punjabi,1,improve_stamina|carb_rich
Tofu Curry 6540,dinner,525,10.0,31.4,18.2,vegan,mixed,0,weight_loss|light
Buttermilk 6541,snack,154,12.8,55.4,9.5,vegetarian,mixed,1,weight_loss|light
Tofu Curry 6542,dinner,483,18.9,49.2,6.8,vegan,south_indian,1,muscle_gain|high_protein
Vegetable Poha 6543,breakfast,157,16.2,67.6,8.5,vegetarian,north_indian,1,balanced|beginner
Egg Curry 6544,dinner,356,33.1,79.7,3.2,non_vegetarian,mixed,1,muscle_gain|high_protein
Sprouts Salad 6545,snack,88,31.7,30.3,6.1,vegan,south_indian,1,muscle_gain|high_protein
Paneer Bhurji 6546,dinner,381,37.3,29.9,18.9,vegetarian,maharashtrian,0,muscle_gain|high_protein
Roasted Chana 6547,snack,125,7.7,52.7,19.1,vegan,rajasthani,0,improve_stamina|carb_rich
Paneer Bhurji 6548,dinner,550,9.3,65.6,19.0,vegetarian,mixed,0,improve_stamina|carb_rich
Thepla 6549,breakfast,329,17.6,46.8,17.5,vegetarian,south_indian,1,improve_stamina|carb_rich
Vegetable Poha 6550,breakfast,251,38.1,20.7,16.9,vegetarian,north_indian,1,muscle_gain|high_protein
Fish Curry Rice 6551,lunch,360,18.8,72.6,8.4,non_vegetarian,kerala,1,balanced|beginner
Fish Curry Rice 6552,lunch,543,9.0,52.6,3.6,non_vegetarian,north_indian,0,improve_stamina|carb_rich
Rajma Chawal 6553,lunch,356,18.3,58.4,23.5,vegetarian,north_indian,0,weight_loss|light
Vegetable Poha 6554,breakfast,204,14.9,26.1,17.2,vegetarian,punjabi,1,improve_stamina|carb_rich
Tofu Curry 6555,dinner,597,6.1,28.9,17.5,vegan,gujarati,0,improve_stamina|carb_rich
Dal Tadka 6556,dinner,379,19.4,22.5,12.7,vegetarian,kerala,1,weight_loss|light
Rajma Chawal 6557,lunch,451,13.3,80.0,7.5,vegetarian,mixed,1,balanced|beginner
Hyderabadi Biryani 6558,lunch,613,33.6,54.0,4.3,non_vegetarian,bengali,0,muscle_gain|high_protein
Paneer Sandwich 6559,breakfast,309,9.6,66.5,10.2,vegetarian,rajasthani,1,weight_loss|light
Fish Curry Rice 6560,lunch,626,6.7,72.1,21.1,non_vegetarian,mixed,0,improve_stamina|carb_rich
Tofu Stir Fry 6561,lunch,546,9.6,76.0,13.6,vegan,hyderabadi,0,improve_stamina|carb_rich
Masala Omelette 6562,breakfast,232,6.8,52.5,5.3,non_vegetarian,maharashtrian,1,improve_stamina|carb_rich
Dal Rice 6563,lunch,351,25.9,28.7,7.1,vegetarian,mixed,1,muscle_gain|high_protein
Hyderabadi Biryani 6564,lunch,558,5.4,63.1,20.3,non_vegetarian,mixed,0,balanced|beginner
Mixed Veg Curry 6565,dinner,606,17.2,33.5,18.6,vegetarian,gujarati,0,weight_loss|light
Sabudana Khichdi 6566,breakfast,380,42.9,41.3,10.2,vegetarian,hyderabadi,1,muscle_gain|high_protein
Tofu Stir Fry 6567,lunch,627,11.2,50.6,10.9,vegan,rajasthani,0,weight_loss|light
Kadhi Rice 6568,lunch,636,11.7,74.5,11.2,vegetarian,punjabi,0,balanced|beginner
Tofu Scramble 6569,breakfast,266,32.3,51.1,11.7,vegan,maharashtrian,1,muscle_gain|high_protein
Chicken Curry Rice 6570,lunch,357,15.3,77.3,23.4,non_vegetarian,north_indian,0,balanced|beginner
Fruit Salad 6571,snack,234,10.7,72.8,24.2,vegan,gujarati,0,weight_loss|light
Fruit Salad 6572,snack,126,19.7,43.4,4.3,vegan,south_indian,1,improve_stamina|carb_rich
Grilled Chicken 6573,dinner,478,13.8,23.0,10.9,non_vegetarian,hyderabadi,1,weight_loss|light
Roasted Chana 6574,snack,263,26.7,42.6,19.9,vegan,north_indian,0,muscle_gain|high_protein
Hyderabadi Biryani 6575,lunch,368,31.1,64.7,6.4,non_vegetarian,maharashtrian,1,muscle_gain|high_protein
Protein Shake 6576,snack,144,9.8,68.2,13.4,vegetarian,south_indian,1,balanced|beginner
Fruit Salad 6577,snack,247,18.7,54.9,7.0,vegan,south_indian,1,balanced|beginner
Mixed Veg Curry 6578,dinner,541,11.5,65.3,21.5,vegetarian,mixed,0,improve_stamina|carb_rich
Vegetable Khichdi 6579,lunch,654,19.2,53.0,6.8,vegetarian,rajasthani,0,improve_stamina|carb_rich
Boiled Eggs 6580,snack,86,43.7,26.7,20.8,non_vegetarian,mixed,0,muscle_gain|high_protein
Tofu Scramble 6581,breakfast,330,37.6,48.8,18.8,vegan,mixed,0,muscle_gain|high_protein
Buttermilk 6582,snack,146,9.6,57.9,14.9,vegetarian,rajasthani,1,balanced|beginner
Dal Rice 6583,lunch,512,13.0,75.0,15.9,vegetarian,punjabi,0,balanced|beginner
Fish Fry 6584,dinner,546,9.2,33.4,14.4,non_vegetarian,kerala,0,improve_stamina|carb_rich
Peanut Chaat 6585,snack,173,12.4,38.1,20.2,vegetarian,maharashtrian,0,balanced|beginner
Vegetable Poha 6586,breakfast,268,12.7,36.9,24.2,vegetarian,rajasthani,0,weight_loss|light
Vegetable Khichdi 6587,lunch,490,7.5,35.3,6.7,vegetarian,gujarati,1,improve_stamina|carb_rich
Fish Fry 6588,dinner,515,6.9,37.6,15.5,non_vegetarian,hyderabadi,0,balanced|beginner
Vegetable Poha 6589,breakfast,399,17.9,70.0,8.8,vegetarian,rajasthani,1,balanced|beginner
Roasted Chana 6590,snack,192,12.6,25.6,23.9,vegan,hyderabadi,0,balanced|beginner
Grilled Chicken 6591,dinner,414,10.1,48.7,7.3,non_vegetarian,north_indian,1,improve_stamina|carb_rich
Egg Curry 6592,dinner,618,15.5,47.6,11.0,non_vegetarian,hyderabadi,0,balanced|beginner
Mixed Veg Curry 6593,dinner,491,6.1,61.8,20.9,vegetarian,kerala,0,improve_stamina|carb_rich
Fruit Salad 6594,snack,133,31.4,21.9,20.3,vegan,maharashtrian,0,muscle_gain|high_protein
Mixed Veg Curry 6595,dinner,681,22.0,47.7,8.6,vegetarian,rajasthani,0,muscle_gain|high_protein
Paneer Roti 6596,lunch,590,13.4,52.7,12.9,vegetarian,rajasthani,0,weight_loss|light
Thepla 6597,breakfast,430,14.5,23.4,17.4,vegetarian,rajasthani,1,weight_loss|light
Kadhi Rice 6598,lunch,561,34.9,71.7,7.4,vegetarian,kerala,0,muscle_gain|high_protein
Peanut Chaat 6599,snack,205,6.5,44.6,16.2,vegetarian,mixed,1,improve_stamina|carb_rich
Vegetable Khichdi 6600,lunch,657,11.4,36.9,9.6,vegetarian,kerala,0,improve_stamina|carb_rich
Vegetable Khichdi 6601,lunch,452,19.0,58.6,9.4,vegetarian,south_indian,1,weight_loss|light
Hyderabadi Biryani 6602,lunch,418,32.5,67.3,15.5,non_vegetarian,hyderabadi,1,muscle_gain|high_protein
Rajma Chawal 6603,lunch,560,28.3,64.6,9.0,vegetarian,kerala,0,muscle_gain|high_protein
Tofu Curry 6604,dinner,363,32.3,75.4,12.0,vegan,maharashtrian,1,muscle_gain|high_protein
Peanut Chaat 6605,snack,220,19.3,77.1,19.6,vegetarian,maharashtrian,0,improve_stamina|carb_rich
Paneer Roti 6606,lunch,568,16.3,42.5,15.7,vegetarian,maharashtrian,0,improve_stamina|carb_rich
Sabudana Khichdi 6607,breakfast,432,5.8,59.8,22.9,vegetarian,punjabi,0,weight_loss|light
Oats with Milk 6608,breakfast,400,9.2,68.1,10.6,vegetarian,maharashtrian,1,weight_loss|light
Boiled Eggs 6609,snack,118,19.7,25.7,5.3,non_vegetarian,north_indian,1,weight_loss|light
Fish Fry 6610,dinner,654,39.0,45.1,10.5,non_vegetarian,mixed,0,muscle_gain|high_protein
Idli Sambar 6611,breakfast,181,5.3,78.7,19.8,vegetarian,maharashtrian,0,weight_loss|light
Idli Sambar 6612,breakfast,308,11.7,48.7,4.4,vegetarian,gujarati,1,weight_loss|light
Rajma Chawal 6613,lunch,484,8.0,32.9,5.1,vegetarian,rajasthani,1,weight_loss|light
Dal Tadka 6614,dinner,494,14.0,46.8,15.9,vegetarian,hyderabadi,1,weight_loss|light
Pav Bhaji 6615,lunch,679,28.1,48.3,18.8,vegetarian,bengali,0,muscle_gain|high_protein
Roti Sabji 6616,dinner,372,24.7,73.9,8.8,vegetarian,hyderabadi,1,muscle_gain|high_protein
Sabudana Khichdi 6617,breakfast,381,9.6,30.6,13.6,vegetarian,north_indian,1,balanced|beginner
Egg Curry 6618,dinner,499,5.1,53.7,15.6,non_vegetarian,south_indian,1,weight_loss|light
Buttermilk 6619,snack,172,15.8,24.7,14.9,vegetarian,gujarati,1,improve_stamina|carb_rich
Paneer Sandwich 6620,breakfast,329,19.8,41.3,21.7,vegetarian,rajasthani,0,improve_stamina|carb_rich
Fish Fry 6621,dinner,691,22.9,43.0,18.8,non_vegetarian,north_indian,0,muscle_gain|high_protein
Mixed Veg Curry 6622,dinner,652,17.3,45.9,8.5,vegetarian,north_indian,0,balanced|beginner
Oats with Milk 6623,breakfast,246,12.8,75.3,16.4,vegetarian,maharashtrian,1,balanced|beginner
Thepla 6624,breakfast,286,41.1,51.7,20.3,vegetarian,bengali,0,muscle_gain|high_protein
Fish Curry Rice 6625,lunch,529,14.8,74.5,14.3,non_vegetarian,punjabi,0,improve_stamina|carb_rich
Fruit Salad 6626,snack,155,16.8,27.5,6.8,vegan,bengali,1,weight_loss|light
Buttermilk 6627,snack,88,15.9,49.5,16.0,vegetarian,rajasthani,1,weight_loss|light
Paneer Bhurji 6628,dinner,547,19.6,49.2,4.9,vegetarian,bengali,0,improve_stamina|carb_rich
Upma 6629,breakfast,365,8.1,24.5,17.4,vegetarian,hyderabadi,1,improve_stamina|carb_rich
Fruit Salad 6630,snack,289,5.9,58.1,4.7,vegan,mixed,1,balanced|beginner
Paneer Cubes 6631,snack,261,9.6,41.4,17.2,vegetarian,rajasthani,1,improve_stamina|carb_rich
Mixed Veg Curry 6632,dinner,697,40.8,67.7,18.3,vegetarian,rajasthani,0,muscle_gain|high_protein
Roti Sabji 6633,dinner,481,17.3,40.3,13.0,vegetarian,north_indian,1,improve_stamina|carb_rich
Pav Bhaji 6634,lunch,657,8.7,51.7,10.9,vegetarian,bengali,0,weight_loss|light
Hyderabadi Biryani 6635,lunch,478,6.5,29.6,19.0,non_vegetarian,hyderabadi,0,balanced|beginner
Upma 6636,breakfast,350,13.2,47.0,11.7,vegetarian,mixed,1,improve_stamina|carb_rich
Fruit Salad 6637,snack,216,8.4,59.1,16.3,vegan,mixed,1,improve_stamina|carb_rich
Egg Curry 6638,dinner,384,16.6,68.4,13.1,non_vegetarian,mixed,1,improve_stamina|carb_rich
Fruit Salad 6639,snack,89,19.7,62.4,16.7,vegan,kerala,1,weight_loss|light
Protein Shake 6640,snack,268,24.2,62.9,4.7,vegetarian,hyderabadi,1,muscle_gain|high_protein
Buttermilk 6641,snack,235,29.4,39.7,17.5,vegetarian,hyderabadi,1,muscle_gain|high_protein
Peanut Chaat 6642,snack,258,18.9,54.7,5.3,vegetarian,bengali,1,balanced|beginner
Rajma Chawal 6643,lunch,630,19.3,59.3,24.7,vegetarian,south_indian,0,balanced|beginner
Upma 6644,breakfast,399,21.8,61.6,14.4,vegetarian,gujarati,1,muscle_gain|high_protein
Buttermilk 6645,snack,186,14.4,73.4,3.7,vegetarian,mixed,1,improve_stamina|carb_rich
Buttermilk 6646,snack,249,15.3,72.3,25.0,vegetarian,kerala,0,improve_stamina|carb_rich
Masala Omelette 6647,breakfast,246,12.9,20.2,18.7,non_vegetarian,punjabi,0,balanced|beginner
Idli Sambar 6648,breakfast,334,17.9,28.2,13.9,vegetarian,gujarati,1,balanced|beginner
Vegetable Soup 6649,dinner,617,13.2,40.2,10.8,vegan,maharashtrian,0,balanced|beginner
Fish Fry 6650,dinner,666,7.1,42.1,17.1,non_vegetarian,kerala,0,weight_loss|light
Paneer Bhurji 6651,dinner,531,6.6,20.8,21.6,vegetarian,maharashtrian,0,weight_loss|light
Kadhi Rice 6652,lunch,449,18.8,62.6,23.3,vegetarian,rajasthani,0,weight_loss|light
Upma 6653,breakfast,285,17.4,50.7,12.6,vegetarian,hyderabadi,1,weight_loss|light
Vegetable Soup 6654,dinner,652,13.0,21.8,8.9,vegan,punjabi,0,balanced|beginner
Idli Sambar 6655,breakfast,216,11.8,50.6,21.3,vegetarian,rajasthani,0,improve_stamina|carb_rich
Rajma Chawal 6656,lunch,484,8.4,23.7,9.8,vegetarian,gujarati,1,balanced|beginner
Corn Chaat 6657,snack,167,9.3,39.6,20.6,vegan,maharashtrian,0,balanced|beginner
Fish Curry Rice 6658,lunch,530,40.6,29.7,12.9,non_vegetarian,gujarati,0,muscle_gain|high_protein
Pav Bhaji 6659,lunch,516,9.4,65.7,20.7,vegetarian,bengali,0,weight_loss|light
Fish Fry 6660,dinner,615,6.2,69.3,13.2,non_vegetarian,south_indian,0,weight_loss|light
Grilled Chicken 6661,dinner,601,5.5,35.8,8.2,non_vegetarian,rajasthani,0,improve_stamina|carb_rich
Mixed Veg Curry 6662,dinner,450,30.2,71.3,4.4,vegetarian,north_indian,1,muscle_gain|high_protein
Buttermilk 6663,snack,202,18.5,27.4,19.2,vegetarian,south_indian,0,weight_loss|light
Pav Bhaji 6664,lunch,571,14.3,79.1,18.9,vegetarian,north_indian,0,weight_loss|light
Pav Bhaji 6665,lunch,449,12.6,62.7,4.3,vegetarian,hyderabadi,1,improve_stamina|carb_rich
Egg Curry 6666,dinner,477,13.2,56.6,9.5,non_vegetarian,bengali,1,improve_stamina|carb_rich
Protein Shake 6667,snack,207,19.9,48.5,21.9,vegetarian,hyderabadi,0,improve_stamina|carb_rich
Vegetable Khichdi 6668,lunch,651,13.3,51.4,20.9,vegetarian,rajasthani,0,improve_stamina|carb_rich
Tofu Stir Fry 6669,lunch,699,19.4,26.1,10.8,vegan,punjabi,0,balanced|beginner
Paneer Cubes 6670,snack,285,14.0,74.9,17.9,vegetarian,maharashtrian,1,improve_stamina|carb_rich
Paneer Roti 6671,lunch,486,44.9,79.9,13.9,vegetarian,maharashtrian,1,muscle_gain|high_protein
Upma 6672,breakfast,326,33.0,70.7,6.7,vegetarian,south_indian,1,muscle_gain|high_protein
Hyderabadi Biryani 6673,lunch,513,19.8,41.6,6.8,non_vegetarian,punjabi,0,weight_loss|light
Fish Fry 6674,dinner,507,33.2,72.3,16.3,non_vegetarian,mixed,0,muscle_gain|high_protein
Buttermilk 6675,snack,126,6.4,38.1,7.6,vegetarian,punjabi,1,balanced|beginner
Protein Shake 6676,snack,265,16.4,72.3,4.4,vegetarian,rajasthani,1,improve_stamina|carb_rich
Boiled Eggs 6677,snack,210,22.3,49.9,8.3,non_vegetarian,kerala,1,muscle_gain|high_protein
Paneer Roti 6678,lunch,544,18.3,74.9,16.7,vegetarian,punjabi,0,weight_loss|light
Roti Sabji 6679,dinner,686,18.7,70.7,7.4,vegetarian,south_indian,0,improve_stamina|carb_rich
Fruit Salad 6680,snack,112,7.2,56.4,7.1,vegan,gujarati,1,weight_loss|light
Fish Fry 6681,dinner,380,8.7,35.5,12.0,non_vegetarian,mixed,1,improve_stamina|carb_rich
Roti Sabji 6682,dinner,496,16.9,74.6,4.4,vegetarian,kerala,1,balanced|beginner
Sprouts Salad 6683,snack,271,12.6,36.7,14.2,vegan,mixed,1,balanced|beginner
Fish Curry Rice 6684,lunch,641,22.8,68.6,22.6,non_vegetarian,kerala,0,muscle_gain|high_protein
Sprouts Salad 6685,snack,145,9.0,69.8,13.7,vegan,north_indian,1,balanced|beginner
Masala Omelette 6686,breakfast,443,13.9,26.4,9.1,non_vegetarian,hyderabadi,1,weight_loss|light
Upma 6687,breakfast,216,15.1,68.6,24.8,vegetarian,north_indian,0,balanced|beginner
Upma 6688,breakfast,271,6.7,51.7,6.5,vegetarian,gujarati,1,weight_loss|light
Fish Curry Rice 6689,lunch,586,23.4,73.2,12.9,non_vegetarian,south_indian,0,muscle_gain|high_protein
Oats with Milk 6690,breakfast,329,5.1,71.3,14.7,vegetarian,south_indian,1,balanced|beginner
Fish Fry 6691,dinner,494,32.5,58.5,7.4,non_vegetarian,hyderabadi,1,muscle_gain|high_protein
Hyderabadi Biryani 6692,lunch,637,13.6,51.3,20.3,non_vegetarian,bengali,0,weight_loss|light
Boiled Eggs 6693,snack,279,8.4,62.4,15.9,non_vegetarian,north_indian,1,balanced|beginner
Rajma Chawal 6694,lunch,520,5.2,28.3,6.6,vegetarian,maharashtrian,0,weight_loss|light
Vegetable Soup 6695,dinner,439,16.4,66.6,9.9,vegan,rajasthani,1,improve_stamina|carb_rich
Corn Chaat 6696,snack,112,9.2,32.6,3.4,vegan,gujarati,1,balanced|beginner
Fruit Salad 6697,snack,261,6.5,74.5,13.8,vegan,kerala,1,weight_loss|light
Hyderabadi Biryani 6698,lunch,523,9.4,59.9,6.3,non_vegetarian,mixed,0,balanced|beginner
Dal Rice 6699,lunch,678,8.7,71.5,8.9,vegetarian,north_indian,0,improve_stamina|carb_rich
Mixed Veg Curry 6700,dinner,386,6.3,42.2,11.2,vegetarian,north_indian,1,weight_loss|light
Tofu Curry 6701,dinner,597,12.8,53.5,12.1,vegan,north_indian,0,balanced|beginner
Paneer Bhurji 6702,dinner,404,31.1,27.0,6.5,vegetarian,gujarati,1,muscle_gain|high_protein
Vegetable Poha 6703,breakfast,259,44.5,28.0,6.9,vegetarian,bengali,1,muscle_gain|high_protein
Protein Shake 6704,snack,264,44.3,45.6,3.4,vegetarian,kerala,1,muscle_gain|high_protein
Buttermilk 6705,snack,294,39.8,73.2,15.3,vegetarian,mixed,1,muscle_gain|high_protein
Sabudana Khichdi 6706,breakfast,392,10.6,39.3,6.7,vegetarian,gujarati,1,weight_loss|light
Tofu Curry 6707,dinner,408,12.4,28.7,8.7,vegan,rajasthani,1,balanced|beginner
Sabudana Khichdi 6708,breakfast,352,12.4,51.5,5.2,vegetarian,bengali,1,improve_stamina|carb_rich
Grilled Chicken 6709,dinner,510,33.6,56.1,8.6,non_vegetarian,mixed,0,muscle_gain|high_protein
Paneer Bhurji 6710,dinner,385,36.0,58.5,21.1,vegetarian,rajasthani,0,muscle_gain|high_protein
Upma 6711,breakfast,396,12.8,61.4,23.5,vegetarian,hyderabadi,0,improve_stamina|carb_rich
Mixed Veg Curry 6712,dinner,440,10.8,76.0,24.0,vegetarian,north_indian,0,weight_loss|light
Fish Fry 6713,dinner,597,16.7,40.2,16.7,non_vegetarian,kerala,0,weight_loss|light
Paneer Bhurji 6714,dinner,401,29.2,58.6,3.5,vegetarian,gujarati,1,muscle_gain|high_protein
Kadhi Rice 6715,lunch,383,6.0,39.8,18.2,vegetarian,bengali,0,weight_loss|light
Upma 6716,breakfast,354,40.2,30.0,5.4,vegetarian,mixed,1,muscle_gain|high_protein
Vegetable Soup 6717,dinner,641,6.6,22.0,21.4,vegan,rajasthani,0,balanced|beginner
Fish Curry Rice 6718,lunch,611,17.1,22.6,15.0,non_vegetarian,mixed,0,improve_stamina|carb_rich
Tofu Scramble 6719,breakfast,428,5.2,65.9,23.3,vegan,kerala,0,balanced|beginner
Tofu Curry 6720,dinner,692,13.3,65.4,9.3,vegan,mixed,0,improve_stamina|carb_rich
Idli Sambar 6721,breakfast,173,17.7,56.0,6.5,vegetarian,punjabi,1,improve_stamina|carb_rich
Hyderabadi Biryani 6722,lunch,655,7.0,51.7,18.5,non_vegetarian,kerala,0,weight_loss|light
Rajma Chawal 6723,lunch,383,7.0,54.6,5.2,vegetarian,north_indian,1,improve_stamina|carb_rich
Paneer Sandwich 6724,breakfast,246,18.4,79.8,18.3,vegetarian,hyderabadi,0,muscle_gain|high_protein
Pav Bhaji 6725,lunch,487,22.8,72.8,16.6,vegetarian,kerala,1,muscle_gain|high_protein
Roasted Chana 6726,snack,277,18.1,58.0,3.0,vegan,punjabi,1,improve_stamina|carb_rich
Protein Shake 6727,snack,89,9.7,26.2,18.6,vegetarian,north_indian,0,improve_stamina|carb_rich
Vegetable Poha 6728,breakfast,278,26.6,27.3,5.5,vegetarian,south_indian,1,muscle_gain|high_protein
Rajma Chawal 6729,lunch,631,43.4,37.9,14.6,vegetarian,punjabi,0,muscle_gain|high_protein
Thepla 6730,breakfast,359,14.3,38.4,19.7,vegetarian,mixed,0,balanced|beginner
Fish Fry 6731,dinner,501,7.1,73.1,15.8,non_vegetarian,maharashtrian,0,improve_stamina|carb_rich
Sprouts Salad 6732,snack,176,16.7,58.1,21.2,vegan,south_indian,0,balanced|beginner
Corn Chaat 6733,snack,179,33.4,51.1,11.9,vegan,maharashtrian,1,muscle_gain|high_protein
Vegetable Khichdi 6734,lunch,480,10.3,71.3,20.4,vegetarian,punjabi,0,improve_stamina|carb_rich
Fish Curry Rice 6735,lunch,699,31.3,23.9,20.2,non_vegetarian,gujarati,0,muscle_gain|high_protein
Chicken Curry Rice 6736,lunch,592,6.9,28.8,19.7,non_vegetarian,punjabi,0,improve_stamina|carb_rich
Roti Sabji 6737,dinner,401,15.5,31.7,17.0,vegetarian,bengali,1,improve_stamina|carb_rich
Mixed Veg Curry 6738,dinner,648,5.7,50.9,12.2,vegetarian,gujarati,0,balanced|beginner
Dal Tadka 6739,dinner,617,19.1,78.6,4.4,vegetarian,hyderabadi,0,weight_loss|light
Corn Chaat 6740,snack,190,7.6,40.6,19.9,vegan,maharashtrian,0,improve_stamina|carb_rich
Thepla 6741,breakfast,350,12.8,62.6,12.1,vegetarian,kerala,1,improve_stamina|carb_rich
Boiled Eggs 6742,snack,129,9.3,57.1,13.4,non_vegetarian,south_indian,1,improve_stamina|carb_rich
Oats with Milk 6743,breakfast,207,9.1,68.0,6.9,vegetarian,gujarati,1,weight_loss|light
Peanut Chaat 6744,snack,255,40.6,34.1,11.6,vegetarian,punjabi,1,muscle_gain|high_protein
Paneer Bhurji 6745,dinner,453,9.9,40.6,7.8,vegetarian,maharashtrian,1,balanced|beginner
Boiled Eggs 6746,snack,206,17.9,25.0,19.5,non_vegetarian,gujarati,0,balanced|beginner
Roasted Chana 6747,snack,236,35.7,65.8,10.0,vegan,north_indian,1,muscle_gain|high_protein
Buttermilk 6748,snack,99,35.4,63.2,7.8,vegetarian,maharashtrian,1,muscle_gain|high_protein
Tofu Stir Fry 6749,lunch,388,7.8,23.1,20.8,vegan,maharashtrian,0,balanced|beginner
Vegetable Poha 6750,breakfast,263,11.0,48.6,3.8,vegetarian,bengali,1,balanced|beginner
Kadhi Rice 6751,lunch,700,20.1,31.2,18.7,vegetarian,mixed,0,muscle_gain|high_protein
Boiled Eggs 6752,snack,199,9.4,60.2,19.8,non_vegetarian,south_indian,0,balanced|beginner
Paneer Roti 6753,lunch,519,7.9,73.5,24.8,vegetarian,punjabi,0,weight_loss|light
Upma 6754,breakfast,161,34.1,32.6,10.1,vegetarian,gujarati,1,muscle_gain|high_protein
Tofu Scramble 6755,breakfast,413,11.2,74.2,7.3,vegan,south_indian,1,weight_loss|light
Grilled Chicken 6756,dinner,667,16.6,37.0,5.8,non_vegetarian,punjabi,0,balanced|beginner
Oats with Milk 6757,breakfast,211,19.4,26.2,17.6,vegetarian,gujarati,1,balanced|beginner
Roti Sabji 6758,dinner,543,41.1,71.3,10.1,vegetarian,kerala,0,muscle_gain|high_protein
Fruit Salad 6759,snack,267,10.2,62.7,10.0,vegan,kerala,1,improve_stamina|carb_rich
Protein Shake 6760,snack,164,17.4,53.3,6.3,vegetarian,gujarati,1,balanced|beginner
Masala Omelette 6761,breakfast,382,19.6,78.1,19.9,non_vegetarian,north_indian,0,weight_loss|light
Peanut Chaat 6762,snack,82,12.0,69.8,9.6,vegetarian,gujarati,1,balanced|beginner
Hyderabadi Biryani 6763,lunch,552,37.0,52.9,15.4,non_vegetarian,maharashtrian,0,muscle_gain|high_protein
Dal Tadka 6764,dinner,404,6.5,32.0,8.7,vegetarian,maharashtrian,1,weight_loss|light
Vegetable Khichdi 6765,lunch,532,17.3,57.4,23.2,vegetarian,south_indian,0,weight_loss|light
Hyderabadi Biryani 6766,lunch,374,43.8,52.1,7.9,non_vegetarian,rajasthani,1,muscle_gain|high_protein
Mixed Veg Curry 6767,dinner,581,12.1,77.4,18.8,vegetarian,south_indian,0,improve_stamina|carb_rich
Roasted Chana 6768,snack,292,13.3,53.1,9.4,vegan,south_indian,1,improve_stamina|carb_rich
Hyderabadi Biryani 6769,lunch,459,11.5,51.7,16.1,non_vegetarian,hyderabadi,1,weight_loss|light
Kadhi Rice 6770,lunch,358,13.0,64.4,6.3,vegetarian,bengali,1,improve_stamina|carb_rich
Pav Bhaji 6771,lunch,412,15.9,40.9,23.0,vegetarian,mixed,0,weight_loss|light
Dal Tadka 6772,dinner,622,18.8,77.8,12.6,vegetarian,hyderabadi,0,balanced|beginner
Tofu Curry 6773,dinner,566,28.5,69.0,19.5,vegan,bengali,0,muscle_gain|high_protein
Corn Chaat 6774,snack,264,8.5,59.9,7.4,vegan,kerala,1,improve_stamina|carb_rich
Kadhi Rice 6775,lunch,563,15.0,27.3,3.9,vegetarian,mixed,0,improve_stamina|carb_rich
Roti Sabji 6776,dinner,698,7.3,26.1,23.3,vegetarian,maharashtrian,0,weight_loss|light
Oats with Milk 6777,breakfast,408,7.9,31.0,4.2,vegetarian,kerala,1,balanced|beginner
Idli Sambar 6778,breakfast,197,19.8,78.4,7.6,vegetarian,punjabi,1,improve_stamina|carb_rich
Fruit Salad 6779,snack,208,9.6,61.8,19.8,vegan,hyderabadi,0,balanced|beginner
Chicken Curry Rice 6780,lunch,403,12.6,73.7,6.5,non_vegetarian,mixed,1,balanced|beginner
Grilled Chicken 6781,dinner,365,16.7,26.0,18.7,non_vegetarian,south_indian,0,weight_loss|light
Tofu Scramble 6782,breakfast,301,15.0,23.0,14.5,vegan,maharashtrian,1,balanced|beginner
Dal Rice 6783,lunch,531,14.6,79.0,24.4,vegetarian,maharashtrian,0,weight_loss|light
Paneer Roti 6784,lunch,374,40.5,55.1,16.1,vegetarian,gujarati,1,muscle_gain|high_protein
Paneer Roti 6785,lunch,547,12.7,48.6,15.8,vegetarian,punjabi,0,balanced|beginner
Tofu Stir Fry 6786,lunch,380,16.2,30.4,20.2,vegan,maharashtrian,0,improve_stamina|carb_rich
Sprouts Salad 6787,snack,229,20.2,43.1,13.8,vegan,bengali,1,muscle_gain|high_protein
Chicken Curry Rice 6788,lunch,506,23.7,55.9,10.9,non_vegetarian,north_indian,0,muscle_gain|high_protein
Sprouts Salad 6789,snack,264,8.2,28.6,20.0,vegan,bengali,0,weight_loss|light
Kadhi Rice 6790,lunch,370,11.4,77.4,17.8,vegetarian,hyderabadi,1,balanced|beginner
Fruit Bowl 6791,breakfast,164,5.4,65.5,11.1,vegan,gujarati,1,balanced|beginner
Egg Curry 6792,dinner,493,22.3,74.0,20.4,non_vegetarian,mixed,0,muscle_gain|high_protein
Mixed Veg Curry 6793,dinner,414,9.9,47.3,22.5,vegetarian,north_indian,0,balanced|beginner
Sprouts Salad 6794,snack,193,17.2,64.8,15.4,vegan,mixed,1,improve_stamina|carb_rich
Paneer Bhurji 6795,dinner,501,12.8,21.5,3.1,vegetarian,punjabi,0,improve_stamina|carb_rich
Thepla 6796,breakfast,299,32.9,72.1,5.9,vegetarian,south_indian,1,muscle_gain|high_protein
Roti Sabji 6797,dinner,474,26.0,46.7,13.2,vegetarian,bengali,1,muscle_gain|high_protein
Fruit Bowl 6798,breakfast,291,31.0,69.4,9.9,vegan,bengali,1,muscle_gain|high_protein
Masala Omelette 6799,breakfast,240,11.5,75.0,17.9,non_vegetarian,gujarati,1,improve_stamina|carb_rich
Peanut Chaat 6800,snack,139,31.2,53.0,23.8,vegetarian,kerala,0,muscle_gain|high_protein
Tofu Curry 6801,dinner,459,28.8,69.2,10.3,vegan,rajasthani,1,muscle_gain|high_protein
Vegetable Soup 6802,dinner,506,11.7,77.6,16.3,vegan,hyderabadi,0,improve_stamina|carb_rich
Upma 6803,breakfast,262,17.9,63.6,21.8,vegetarian,maharashtrian,0,weight_loss|light
Tofu Curry 6804,dinner,398,13.3,42.0,7.5,vegan,rajasthani,1,balanced|beginner
Paneer Sandwich 6805,breakfast,272,25.6,59.0,17.1,vegetarian,kerala,1,muscle_gain|high_protein
Tofu Stir Fry 6806,lunch,458,10.7,27.7,22.7,vegan,hyderabadi,0,improve_stamina|carb_rich
Fruit Bowl 6807,breakfast,425,10.7,31.2,24.8,vegan,mixed,0,weight_loss|light
Protein Shake 6808,snack,138,6.7,27.1,23.1,vegetarian,kerala,0,balanced|beginner
Kadhi Rice 6809,lunch,452,14.9,73.9,20.1,vegetarian,bengali,0,balanced|beginner
Masala Omelette 6810,breakfast,195,17.0,23.8,6.6,non_vegetarian,bengali,1,improve_stamina|carb_rich
Kadhi Rice 6811,lunch,606,8.7,26.0,7.2,vegetarian,hyderabadi,0,weight_loss|light
Hyderabadi Biryani 6812,lunch,454,42.5,72.1,13.9,non_vegetarian,gujarati,1,muscle_gain|high_protein
Protein Shake 6813,snack,294,11.0,25.0,15.0,vegetarian,mixed,1,improve_stamina|carb_rich
Rajma Chawal 6814,lunch,520,9.0,61.6,10.6,vegetarian,mixed,0,weight_loss|light
Dal Rice 6815,lunch,566,13.4,32.9,22.9,vegetarian,maharashtrian,0,weight_loss|light
Mixed Veg Curry 6816,dinner,438,29.3,46.0,24.1,vegetarian,hyderabadi,0,muscle_gain|high_protein
Fish Curry Rice 6817,lunch,453,5.3,49.8,21.0,non_vegetarian,north_indian,0,weight_loss|light
Oats with Milk 6818,breakfast,215,14.3,20.4,22.0,vegetarian,south_indian,0,improve_stamina|carb_rich
Paneer Cubes 6819,snack,266,18.0,48.1,20.6,vegetarian,gujarati,0,balanced|beginner
Paneer Bhurji 6820,dinner,484,42.3,57.5,15.9,vegetarian,mixed,1,muscle_gain|high_protein
Idli Sambar 6821,breakfast,410,8.5,58.7,4.8,vegetarian,hyderabadi,1,improve_stamina|carb_rich
Pav Bhaji 6822,lunch,612,39.2,61.4,4.3,vegetarian,hyderabadi,0,muscle_gain|high_protein
Egg Curry 6823,dinner,493,18.3,71.4,8.6,non_vegetarian,bengali,1,weight_loss|light
Paneer Bhurji 6824,dinner,556,35.3,48.2,8.1,vegetarian,north_indian,0,muscle_gain|high_protein
Sprouts Salad 6825,snack,192,8.3,63.4,17.4,vegan,hyderabadi,1,weight_loss|light
Egg Curry 6826,dinner,519,10.6,43.0,23.2,non_vegetarian,hyderabadi,0,improve_stamina|carb_rich
Mixed Veg Curry 6827,dinner,503,12.3,25.8,8.2,vegetarian,hyderabadi,0,weight_loss|light
Chicken Curry Rice 6828,lunch,586,22.4,28.7,14.1,non_vegetarian,mixed,0,muscle_gain|high_protein
Roasted Chana 6829,snack,91,7.9,47.0,4.5,vegan,gujarati,1,improve_stamina|carb_rich
Fish Fry 6830,dinner,555,11.5,42.7,12.0,non_vegetarian,mixed,0,balanced|beginner
Paneer Cubes 6831,snack,107,28.5,21.1,5.0,vegetarian,bengali,1,muscle_gain|high_protein
Grilled Chicken 6832,dinner,481,6.3,57.6,4.2,non_vegetarian,maharashtrian,1,balanced|beginner
Grilled Chicken 6833,dinner,675,8.5,32.4,9.4,non_vegetarian,punjabi,0,balanced|beginner
Thepla 6834,breakfast,302,18.7,63.4,10.9,vegetarian,mixed,1,balanced|beginner
Sabudana Khichdi 6835,breakfast,339,12.5,56.1,14.5,vegetarian,maharashtrian,1,weight_loss|light
Tofu Curry 6836,dinner,697,16.6,76.5,24.9,vegan,south_indian,0,improve_stamina|carb_rich
Paneer Roti 6837,lunch,650,16.4,20.9,15.9,vegetarian,gujarati,0,weight_loss|light
Roti Sabji 6838,dinner,531,19.2,23.7,3.9,vegetarian,north_indian,0,weight_loss|light
Paneer Bhurji 6839,dinner,490,12.7,25.0,20.8,vegetarian,rajasthani,0,weight_loss|light
Sprouts Salad 6840,snack,288,6.0,30.2,22.4,vegan,mixed,0,balanced|beginner
Pav Bhaji 6841,lunch,543,10.0,28.4,17.2,vegetarian,bengali,0,balanced|beginner
Roasted Chana 6842,snack,175,21.6,39.2,6.5,vegan,south_indian,1,muscle_gain|high_protein
Tofu Scramble 6843,breakfast,285,8.1,58.9,15.0,vegan,rajasthani,1,weight_loss|light
Mixed Veg Curry 6844,dinner,534,13.8,28.3,15.8,vegetarian,punjabi,0,improve_stamina|carb_rich
Roti Sabji 6845,dinner,411,13.5,24.6,13.9,vegetarian,punjabi,1,weight_loss|light
Kadhi Rice 6846,lunch,699,30.9,70.5,20.8,vegetarian,south_indian,0,muscle_gain|high_protein
Grilled Chicken 6847,dinner,650,18.7,25.9,5.9,non_vegetarian,hyderabadi,0,weight_loss|light
Fruit Salad 6848,snack,119,9.3,42.0,24.1,vegan,rajasthani,0,weight_loss|light
Roti Sabji 6849,dinner,488,19.2,75.8,12.7,vegetarian,south_indian,1,muscle_gain|high_protein
Tofu Curry 6850,dinner,627,43.7,33.2,10.9,vegan,south_indian,0,muscle_gain|high_protein
Vegetable Soup 6851,dinner,478,14.0,24.5,12.0,vegan,mixed,1,improve_stamina|carb_rich
Sabudana Khichdi 6852,breakfast,332,8.6,54.6,11.6,vegetarian,maharashtrian,1,weight_loss|light
Paneer Roti 6853,lunch,549,19.8,74.3,22.7,vegetarian,gujarati,0,weight_loss|light
Masala Omelette 6854,breakfast,322,25.7,68.7,15.0,non_vegetarian,rajasthani,1,muscle_gain|high_protein
Tofu Scramble 6855,breakfast,211,14.2,49.8,5.3,vegan,punjabi,1,balanced|beginner
Mixed Veg Curry 6856,dinner,474,18.7,21.8,9.9,vegetarian,punjabi,1,weight_loss|light
Paneer Sandwich 6857,breakfast,403,7.9,35.3,23.0,vegetarian,maharashtrian,0,improve_stamina|carb_rich
Vegetable Khichdi 6858,lunch,405,12.5,36.3,7.7,vegetarian,mixed,1,balanced|beginner
Paneer Roti 6859,lunch,438,16.6,63.9,11.5,vegetarian,hyderabadi,1,improve_stamina|carb_rich
Vegetable Khichdi 6860,lunch,440,6.2,21.1,14.5,vegetarian,mixed,1,balanced|beginner
Fruit Bowl 6861,breakfast,249,14.8,72.2,4.3,vegan,punjabi,1,improve_stamina|carb_rich
Paneer Bhurji 6862,dinner,598,44.5,62.9,21.7,vegetarian,maharashtrian,0,muscle_gain|high_protein
Paneer Cubes 6863,snack,282,16.2,46.4,24.5,vegetarian,kerala,0,improve_stamina|carb_rich
Chicken Curry Rice 6864,lunch,437,7.7,35.3,7.7,non_vegetarian,kerala,1,improve_stamina|carb_rich
Oats with Milk 6865,breakfast,254,12.9,71.1,3.5,vegetarian,bengali,1,weight_loss|light
Kadhi Rice 6866,lunch,401,5.6,38.1,18.7,vegetarian,mixed,0,weight_loss|light
Buttermilk 6867,snack,134,9.9,29.6,14.2,vegetarian,north_indian,1,weight_loss|light
Rajma Chawal 6868,lunch,521,44.0,32.8,12.7,vegetarian,maharashtrian,0,muscle_gain|high_protein
Fruit Bowl 6869,breakfast,253,28.6,55.5,24.5,vegan,punjabi,0,muscle_gain|high_protein
Vegetable Khichdi 6870,lunch,454,13.0,23.8,10.8,vegetarian,maharashtrian,1,improve_stamina|carb_rich
Paneer Roti 6871,lunch,353,8.7,20.5,11.7,vegetarian,hyderabadi,1,improve_stamina|carb_rich
Paneer Cubes 6872,snack,167,9.6,77.0,7.8,vegetarian,rajasthani,1,balanced|beginner
Sabudana Khichdi 6873,breakfast,302,9.3,25.8,4.4,vegetarian,kerala,1,improve_stamina|carb_rich
Sprouts Salad 6874,snack,226,11.0,38.2,23.5,vegan,rajasthani,0,weight_loss|light
Buttermilk 6875,snack,276,9.6,76.0,17.8,vegetarian,south_indian,1,balanced|beginner
Idli Sambar 6876,breakfast,228,44.4,56.8,7.7,vegetarian,mixed,1,muscle_gain|high_protein
Thepla 6877,breakfast,175,11.3,29.3,11.8,vegetarian,maharashtrian,1,balanced|beginner
Boiled Eggs 6878,snack,157,18.0,30.2,4.0,non_vegetarian,north_indian,1,balanced|beginner
Hyderabadi Biryani 6879,lunch,365,28.1,77.8,8.0,non_vegetarian,south_indian,1,muscle_gain|high_protein
Vegetable Poha 6880,breakfast,209,7.9,25.1,15.8,vegetarian,gujarati,1,balanced|beginner
Thepla 6881,breakfast,154,17.3,21.4,16.1,vegetarian,bengali,1,balanced|beginner
Fish Curry Rice 6882,lunch,511,25.0,39.3,4.5,non_vegetarian,maharashtrian,0,muscle_gain|high_protein
Hyderabadi Biryani 6883,lunch,692,13.1,30.5,17.9,non_vegetarian,hyderabadi,0,improve_stamina|carb_rich
Vegetable Soup 6884,dinner,534,6.1,51.2,13.9,vegan,rajasthani,0,improve_stamina|carb_rich
Roasted Chana 6885,snack,293,6.0,41.4,11.5,vegan,hyderabadi,1,improve_stamina|carb_rich
Vegetable Soup 6886,dinner,363,16.9,68.6,21.3,vegan,kerala,0,improve_stamina|carb_rich
Upma 6887,breakfast,290,27.7,47.8,8.1,vegetarian,south_indian,1,muscle_gain|high_protein
Kadhi Rice 6888,lunch,679,5.5,63.2,5.1,vegetarian,bengali,0,improve_stamina|carb_rich
Kadhi Rice 6889,lunch,447,11.7,79.4,7.4,vegetarian,hyderabadi,1,balanced|beginner
Chicken Curry Rice 6890,lunch,618,15.6,55.2,22.5,non_vegetarian,punjabi,0,improve_stamina|carb_rich
Buttermilk 6891,snack,171,21.8,28.9,3.8,vegetarian,north_indian,1,muscle_gain|high_protein
Chicken Curry Rice 6892,lunch,356,10.0,67.2,9.5,non_vegetarian,hyderabadi,1,improve_stamina|carb_rich
Dal Rice 6893,lunch,627,41.3,58.0,19.8,vegetarian,north_indian,0,muscle_gain|high_protein
Peanut Chaat 6894,snack,119,14.5,21.6,10.0,vegetarian,rajasthani,1,balanced|beginner
Grilled Chicken 6895,dinner,471,22.6,37.4,21.2,non_vegetarian,hyderabadi,0,muscle_gain|high_protein
Kadhi Rice 6896,lunch,421,6.9,62.1,20.5,vegetarian,punjabi,0,balanced|beginner
Kadhi Rice 6897,lunch,551,23.3,42.1,11.5,vegetarian,mixed,0,muscle_gain|high_protein
Vegetable Soup 6898,dinner,436,5.6,36.4,13.3,vegan,gujarati,1,improve_stamina|carb_rich
Paneer Bhurji 6899,dinner,390,5.0,67.0,6.9,vegetarian,south_indian,1,weight_loss|light
Pav Bhaji 6900,lunch,698,32.9,70.3,18.8,vegetarian,mixed,0,muscle_gain|high_protein
Rajma Chawal 6901,lunch,373,39.8,35.1,5.6,vegetarian,gujarati,1,muscle_gain|high_protein
Dal Tadka 6902,dinner,641,11.5,23.6,9.9,vegetarian,hyderabadi,0,improve_stamina|carb_rich
Upma 6903,breakfast,330,12.5,41.8,7.6,vegetarian,maharashtrian,1,improve_stamina|carb_rich
Vegetable Poha 6904,breakfast,372,44.0,32.9,23.2,vegetarian,bengali,0,muscle_gain|high_protein
Fish Curry Rice 6905,lunch,379,9.0,57.0,22.6,non_vegetarian,maharashtrian,0,improve_stamina|carb_rich
Fish Fry 6906,dinner,586,16.6,22.9,7.2,non_vegetarian,mixed,0,improve_stamina|carb_rich
Grilled Chicken 6907,dinner,634,18.3,39.1,16.7,non_vegetarian,maharashtrian,0,balanced|beginner
Hyderabadi Biryani 6908,lunch,445,19.7,70.2,8.1,non_vegetarian,north_indian,1,weight_loss|light
Fruit Salad 6909,snack,156,15.0,37.6,14.0,vegan,punjabi,1,balanced|beginner
Paneer Sandwich 6910,breakfast,313,31.6,54.3,7.4,vegetarian,south_indian,1,muscle_gain|high_protein
Hyderabadi Biryani 6911,lunch,509,9.9,60.5,18.7,non_vegetarian,hyderabadi,0,balanced|beginner
Sprouts Salad 6912,snack,233,12.0,73.9,19.9,vegan,hyderabadi,0,weight_loss|light
Chicken Curry Rice 6913,lunch,376,14.8,36.9,17.9,non_vegetarian,bengali,1,improve_stamina|carb_rich
Kadhi Rice 6914,lunch,531,31.6,23.7,9.0,vegetarian,hyderabadi,0,muscle_gain|high_protein
Vegetable Khichdi 6915,lunch,658,43.6,38.7,21.6,vegetarian,hyderabadi,0,muscle_gain|high_protein
Thepla 6916,breakfast,150,37.1,36.7,18.7,vegetarian,south_indian,0,muscle_gain|high_protein
Vegetable Soup 6917,dinner,372,21.2,32.2,20.8,vegan,punjabi,0,muscle_gain|high_protein
Paneer Sandwich 6918,breakfast,292,6.4,25.1,23.8,vegetarian,maharashtrian,0,weight_loss|light
Rajma Chawal 6919,lunch,521,14.1,51.0,24.4,vegetarian,maharashtrian,0,improve_stamina|carb_rich
Paneer Roti 6920,lunch,482,7.8,59.1,8.0,vegetarian,hyderabadi,1,weight_loss|light
Egg Curry 6921,dinner,567,17.3,62.6,10.9,non_vegetarian,punjabi,0,improve_stamina|carb_rich
Protein Shake 6922,snack,279,16.4,45.2,15.3,vegetarian,maharashtrian,1,weight_loss|light
Vegetable Soup 6923,dinner,405,17.2,22.3,10.1,vegan,south_indian,1,improve_stamina|carb_rich
Masala Omelette 6924,breakfast,156,31.8,25.0,17.5,non_vegetarian,mixed,1,muscle_gain|high_protein
Idli Sambar 6925,breakfast,207,15.9,37.0,18.8,vegetarian,south_indian,0,balanced|beginner
Fish Curry Rice 6926,lunch,567,11.4,63.4,9.7,non_vegetarian,kerala,0,weight_loss|light
Thepla 6927,breakfast,362,19.1,71.5,13.1,vegetarian,bengali,1,improve_stamina|carb_rich
Chicken Curry Rice 6928,lunch,698,11.5,35.0,22.3,non_vegetarian,bengali,0,weight_loss|light
Dal Rice 6929,lunch,474,5.6,36.6,22.1,vegetarian,bengali,0,weight_loss|light
Vegetable Khichdi 6930,lunch,444,11.4,44.4,15.8,vegetarian,maharashtrian,1,improve_stamina|carb_rich
Dal Tadka 6931,dinner,503,19.6,56.0,13.3,vegetarian,punjabi,0,weight_loss|light
Tofu Scramble 6932,breakfast,359,30.7,77.1,23.8,vegan,bengali,0,muscle_gain|high_protein
Buttermilk 6933,snack,240,17.4,52.5,19.3,vegetarian,south_indian,0,balanced|beginner
Paneer Roti 6934,lunch,588,7.0,43.8,14.6,vegetarian,maharashtrian,0,weight_loss|light
Egg Curry 6935,dinner,619,40.1,61.8,14.8,non_vegetarian,bengali,0,muscle_gain|high_protein
Fish Curry Rice 6936,lunch,614,38.0,35.6,10.1,non_vegetarian,gujarati,0,muscle_gain|high_protein
Mixed Veg Curry 6937,dinner,385,13.1,74.7,5.9,vegetarian,punjabi,1,improve_stamina|carb_rich
Fruit Bowl 6938,breakfast,425,13.6,39.6,15.5,vegan,punjabi,1,balanced|beginner
Kadhi Rice 6939,lunch,547,39.8,50.1,17.4,vegetarian,mixed,0,muscle_gain|high_protein
Vegetable Soup 6940,dinner,606,18.4,23.1,24.3,vegan,south_indian,0,weight_loss|light
Idli Sambar 6941,breakfast,390,10.6,52.2,6.7,vegetarian,south_indian,1,balanced|beginner
Tofu Scramble 6942,breakfast,341,7.5,48.6,8.6,vegan,hyderabadi,1,improve_stamina|carb_rich
Boiled Eggs 6943,snack,182,14.3,26.7,9.7,non_vegetarian,rajasthani,1,improve_stamina|carb_rich
Tofu Stir Fry 6944,lunch,612,12.9,49.3,21.0,vegan,north_indian,0,balanced|beginner
Tofu Scramble 6945,breakfast,209,9.9,41.7,23.1,vegan,south_indian,0,weight_loss|light
Dal Tadka 6946,dinner,387,19.1,61.4,14.0,vegetarian,north_indian,1,improve_stamina|carb_rich
Corn Chaat 6947,snack,235,24.8,44.6,6.4,vegan,kerala,1,muscle_gain|high_protein
Roti Sabji 6948,dinner,629,10.8,61.6,23.7,vegetarian,punjabi,0,balanced|beginner
Pav Bhaji 6949,lunch,650,10.7,68.2,20.5,vegetarian,kerala,0,balanced|beginner
Thepla 6950,breakfast,241,19.3,70.0,16.3,vegetarian,maharashtrian,1,balanced|beginner
Chicken Curry Rice 6951,lunch,532,12.5,61.5,18.9,non_vegetarian,north_indian,0,weight_loss|light
Thepla 6952,breakfast,182,16.5,53.1,20.5,vegetarian,kerala,0,weight_loss|light
Vegetable Poha 6953,breakfast,211,11.8,53.5,23.3,vegetarian,bengali,0,improve_stamina|carb_rich
Boiled Eggs 6954,snack,222,18.2,43.5,9.6,non_vegetarian,hyderabadi,1,weight_loss|light
Tofu Scramble 6955,breakfast,311,17.0,61.6,23.6,vegan,gujarati,0,improve_stamina|carb_rich
Chicken Curry Rice 6956,lunch,586,43.9,22.2,11.5,non_vegetarian,bengali,0,muscle_gain|high_protein
Upma 6957,breakfast,373,9.0,75.9,9.8,vegetarian,mixed,1,weight_loss|light
Sabudana Khichdi 6958,breakfast,429,9.4,24.4,5.0,vegetarian,south_indian,1,weight_loss|light
Tofu Scramble 6959,breakfast,211,20.8,34.3,4.4,vegan,maharashtrian,1,muscle_gain|high_protein
Rajma Chawal 6960,lunch,471,14.7,76.5,13.6,vegetarian,north_indian,1,weight_loss|light
Paneer Roti 6961,lunch,680,11.5,61.2,12.3,vegetarian,maharashtrian,0,balanced|beginner
Tofu Scramble 6962,breakfast,434,6.1,32.2,15.8,vegan,mixed,1,weight_loss|light
Hyderabadi Biryani 6963,lunch,357,13.1,56.4,5.8,non_vegetarian,bengali,1,improve_stamina|carb_rich
Dal Rice 6964,lunch,661,11.8,40.9,6.6,vegetarian,maharashtrian,0,balanced|beginner
Upma 6965,breakfast,280,15.6,59.8,9.3,vegetarian,mixed,1,balanced|beginner
Dal Rice 6966,lunch,647,14.5,55.3,8.7,vegetarian,south_indian,0,balanced|beginner
Dal Rice 6967,lunch,562,11.2,56.9,16.9,vegetarian,punjabi,0,improve_stamina|carb_rich
Fish Fry 6968,dinner,504,15.9,55.2,6.3,non_vegetarian,maharashtrian,0,improve_stamina|carb_rich
Roti Sabji 6969,dinner,413,19.8,48.1,19.5,vegetarian,gujarati,0,balanced|beginner
Boiled Eggs 6970,snack,92,6.0,41.6,19.3,non_vegetarian,rajasthani,0,balanced|beginner
Oats with Milk 6971,breakfast,173,17.9,41.2,7.2,vegetarian,north_indian,1,weight_loss|light
Hyderabadi Biryani 6972,lunch,571,40.6,36.8,9.9,non_vegetarian,punjabi,0,muscle_gain|high_protein
Rajma Chawal 6973,lunch,635,18.2,73.3,10.0,vegetarian,mixed,0,weight_loss|light
Idli Sambar 6974,breakfast,445,20.1,51.5,4.6,vegetarian,hyderabadi,1,muscle_gain|high_protein
Dal Tadka 6975,dinner,616,13.2,59.7,5.0,vegetarian,mixed,0,weight_loss|light
Oats with Milk 6976,breakfast,154,14.6,49.4,7.0,vegetarian,kerala,1,balanced|beginner
Peanut Chaat 6977,snack,186,7.8,56.6,8.9,vegetarian,punjabi,1,weight_loss|light
Grilled Chicken 6978,dinner,642,7.3,62.4,11.2,non_vegetarian,gujarati,0,weight_loss|light
Sprouts Salad 6979,snack,90,27.9,59.8,9.9,vegan,punjabi,1,muscle_gain|high_protein
Boiled Eggs 6980,snack,199,11.5,46.7,20.2,non_vegetarian,mixed,0,balanced|beginner
Masala Omelette 6981,breakfast,322,5.7,71.8,11.3,non_vegetarian,kerala,1,balanced|beginner
Fruit Salad 6982,snack,167,17.4,36.2,10.9,vegan,north_indian,1,improve_stamina|carb_rich
Corn Chaat 6983,snack,288,8.5,76.2,15.2,vegan,hyderabadi,1,weight_loss|light
Vegetable Poha 6984,breakfast,301,14.9,63.0,8.3,vegetarian,punjabi,1,improve_stamina|carb_rich
Grilled Chicken 6985,dinner,634,15.5,71.7,3.4,non_vegetarian,south_indian,0,weight_loss|light
Vegetable Poha 6986,breakfast,257,18.0,46.2,13.7,vegetarian,rajasthani,1,muscle_gain|high_protein
Kadhi Rice 6987,lunch,483,8.7,40.7,15.7,vegetarian,maharashtrian,1,balanced|beginner
Fish Curry Rice 6988,lunch,414,9.6,76.2,4.6,non_vegetarian,maharashtrian,1,balanced|beginner
Paneer Roti 6989,lunch,427,28.0,32.4,9.6,vegetarian,gujarati,1,muscle_gain|high_protein
Tofu Curry 6990,dinner,538,10.1,53.5,8.9,vegan,kerala,0,improve_stamina|carb_rich
Grilled Chicken 6991,dinner,483,35.2,28.4,13.2,non_vegetarian,maharashtrian,1,muscle_gain|high_protein
Tofu Scramble 6992,breakfast,191,19.7,78.1,6.2,vegan,kerala,1,muscle_gain|high_protein
Protein Shake 6993,snack,121,40.0,63.6,7.9,vegetarian,punjabi,1,muscle_gain|high_protein
Grilled Chicken 6994,dinner,605,10.5,72.6,5.9,non_vegetarian,hyderabadi,0,improve_stamina|carb_rich
Tofu Stir Fry 6995,lunch,605,13.3,76.1,20.5,vegan,maharashtrian,0,weight_loss|light
Sprouts Salad 6996,snack,125,12.0,69.1,21.7,vegan,rajasthani,0,improve_stamina|carb_rich
Rajma Chawal 6997,lunch,472,43.1,26.6,22.1,vegetarian,bengali,0,muscle_gain|high_protein
Thepla 6998,breakfast,269,33.9,54.7,22.6,vegetarian,maharashtrian,0,muscle_gain|high_protein
Dal Tadka 6999,dinner,361,14.1,55.7,17.8,vegetarian,rajasthani,1,improve_stamina|carb_rich
Fruit Salad 7000,snack,145,18.8,79.5,9.0,vegan,rajasthani,1,muscle_gain|high_protein
Peanut Chaat 7001,snack,238,12.4,53.7,20.8,vegetarian,north_indian,0,weight_loss|light
Rajma Chawal 7002,lunch,492,11.1,64.6,19.0,vegetarian,north_indian,0,improve_stamina|carb_rich
Fruit Bowl 7003,breakfast,344,26.9,56.7,16.1,vegan,punjabi,1,muscle_gain|high_protein
Tofu Scramble 7004,breakfast,371,9.5,52.6,23.7,vegan,maharashtrian,0,weight_loss|light
Vegetable Khichdi 7005,lunch,527,22.1,37.5,18.0,vegetarian,rajasthani,0,muscle_gain|high_protein
Idli Sambar 7006,breakfast,192,8.4,66.4,5.1,vegetarian,hyderabadi,1,improve_stamina|carb_rich
Tofu Curry 7007,dinner,519,9.8,64.4,23.3,vegan,mixed,0,improve_stamina|carb_rich
Corn Chaat 7008,snack,88,9.4,30.6,4.5,vegan,maharashtrian,1,weight_loss|light
Boiled Eggs 7009,snack,170,18.6,65.0,13.0,non_vegetarian,hyderabadi,1,balanced|beginner
Vegetable Poha 7010,breakfast,378,19.0,60.1,16.6,vegetarian,punjabi,1,weight_loss|light
Upma 7011,breakfast,165,10.8,48.0,23.2,vegetarian,hyderabadi,0,balanced|beginner
Vegetable Poha 7012,breakfast,222,22.1,57.4,6.2,vegetarian,bengali,1,muscle_gain|high_protein
Buttermilk 7013,snack,109,11.2,50.4,6.3,vegetarian,south_indian,1,improve_stamina|carb_rich
Mixed Veg Curry 7014,dinner,479,5.0,76.9,13.3,vegetarian,south_indian,1,balanced|beginner
Boiled Eggs 7015,snack,126,18.0,26.4,12.2,non_vegetarian,punjabi,1,muscle_gain|high_protein
Vegetable Soup 7016,dinner,658,7.0,48.2,23.9,vegan,maharashtrian,0,improve_stamina|carb_rich
Protein Shake 7017,snack,134,12.0,23.0,7.1,vegetarian,mixed,1,balanced|beginner
Grilled Chicken 7018,dinner,496,19.7,30.5,12.7,non_vegetarian,north_indian,1,balanced|beginner
Tofu Curry 7019,dinner,418,9.4,24.7,15.1,vegan,hyderabadi,1,weight_loss|light
Sabudana Khichdi 7020,breakfast,331,10.2,27.8,18.1,vegetarian,punjabi,0,improve_stamina|carb_rich
Fish Fry 7021,dinner,360,9.1,40.6,14.8,non_vegetarian,bengali,1,improve_stamina|carb_rich
Fish Fry 7022,dinner,550,13.9,40.7,23.9,non_vegetarian,bengali,0,weight_loss|light
Dal Tadka 7023,dinner,573,40.5,72.2,18.9,vegetarian,south_indian,0,muscle_gain|high_protein
Paneer Roti 7024,lunch,511,26.2,34.3,17.1,vegetarian,bengali,0,muscle_gain|high_protein
Upma 7025,breakfast,433,17.3,37.7,3.7,vegetarian,punjabi,1,balanced|beginner
Protein Shake 7026,snack,220,7.0,31.3,3.7,vegetarian,hyderabadi,1,balanced|beginner
Grilled Chicken 7027,dinner,425,16.4,30.3,10.6,non_vegetarian,punjabi,1,balanced|beginner
Paneer Sandwich 7028,breakfast,312,17.9,75.7,6.5,vegetarian,maharashtrian,1,weight_loss|light
Pav Bhaji 7029,lunch,628,11.9,73.5,7.5,vegetarian,punjabi,0,weight_loss|light
Paneer Roti 7030,lunch,357,15.4,48.6,17.1,vegetarian,south_indian,1,weight_loss|light
Idli Sambar 7031,breakfast,200,29.6,29.2,18.5,vegetarian,gujarati,0,muscle_gain|high_protein
Dal Tadka 7032,dinner,361,21.2,60.6,8.4,vegetarian,kerala,1,muscle_gain|high_protein
Masala Omelette 7033,breakfast,162,6.0,68.7,23.2,non_vegetarian,punjabi,0,balanced|beginner
Masala Omelette 7034,breakfast,423,18.3,75.9,6.7,non_vegetarian,north_indian,1,balanced|beginner
Mixed Veg Curry 7035,dinner,373,38.7,42.0,19.3,vegetarian,bengali,0,muscle_gain|high_protein
Thepla 7036,breakfast,324,10.9,30.9,24.2,vegetarian,bengali,0,weight_loss|light
Hyderabadi Biryani 7037,lunch,681,17.2,72.7,12.0,non_vegetarian,bengali,0,improve_stamina|carb_rich
Idli Sambar 7038,breakfast,428,13.2,52.4,20.7,vegetarian,maharashtrian,0,improve_stamina|carb_rich
Mixed Veg Curry 7039,dinner,693,43.2,75.3,4.7,vegetarian,bengali,0,muscle_gain|high_protein
Dal Tadka 7040,dinner,668,5.1,64.7,10.5,vegetarian,maharashtrian,0,improve_stamina|carb_rich
Protein Shake 7041,snack,224,5.2,28.1,4.2,vegetarian,mixed,1,improve_stamina|carb_rich
Fruit Salad 7042,snack,170,17.7,57.5,4.3,vegan,south_indian,1,weight_loss|light
Tofu Stir Fry 7043,lunch,446,15.7,78.5,15.3,vegan,north_indian,1,weight_loss|light
Grilled Chicken 7044,dinner,617,24.0,63.5,14.9,non_vegetarian,north_indian,0,muscle_gain|high_protein
Paneer Cubes 7045,snack,292,22.3,25.3,16.4,vegetarian,kerala,1,muscle_gain|high_protein
Upma 7046,breakfast,164,11.5,44.0,4.2,vegetarian,north_indian,1,balanced|beginner
Vegetable Khichdi 7047,lunch,596,6.1,66.4,19.3,vegetarian,hyderabadi,0,improve_stamina|carb_rich
Paneer Sandwich 7048,breakfast,349,27.2,48.9,9.3,vegetarian,hyderabadi,1,muscle_gain|high_protein
Peanut Chaat 7049,snack,137,20.0,27.1,19.2,vegetarian,rajasthani,0,balanced|beginner
Egg Curry 7050,dinner,649,5.0,63.4,16.9,non_vegetarian,maharashtrian,0,weight_loss|light
Sabudana Khichdi 7051,breakfast,188,44.0,56.2,13.5,vegetarian,gujarati,1,muscle_gain|high_protein
Egg Curry 7052,dinner,613,13.2,68.4,14.4,non_vegetarian,north_indian,0,balanced|beginner
Dal Rice 7053,lunch,460,15.8,46.5,22.8,vegetarian,bengali,0,balanced|beginner
Chicken Curry Rice 7054,lunch,670,12.7,55.5,15.9,non_vegetarian,gujarati,0,improve_stamina|carb_rich
Corn Chaat 7055,snack,245,29.0,69.0,13.8,vegan,rajasthani,1,muscle_gain|high_protein
Thepla 7056,breakfast,402,9.2,31.5,14.4,vegetarian,hyderabadi,1,improve_stamina|carb_rich
Fish Fry 7057,dinner,650,13.1,49.7,12.7,non_vegetarian,punjabi,0,improve_stamina|carb_rich
Dal Rice 7058,lunch,608,10.9,47.1,21.1,vegetarian,mixed,0,weight_loss|light
Sabudana Khichdi 7059,breakfast,182,6.5,26.1,13.0,vegetarian,punjabi,1,improve_stamina|carb_rich
Peanut Chaat 7060,snack,228,13.2,42.1,5.3,vegetarian,north_indian,1,weight_loss|light
Fruit Salad 7061,snack,293,16.2,50.9,12.9,vegan,hyderabadi,1,balanced|beginner
Paneer Roti 7062,lunch,359,27.1,74.0,3.5,vegetarian,gujarati,1,muscle_gain|high_protein
Paneer Cubes 7063,snack,267,16.3,75.0,16.7,vegetarian,hyderabadi,1,balanced|beginner
Sabudana Khichdi 7064,breakfast,238,34.3,60.4,15.8,vegetarian,bengali,1,muscle_gain|high_protein
Vegetable Khichdi 7065,lunch,472,18.2,47.5,3.9,vegetarian,kerala,1,balanced|beginner
Pav Bhaji 7066,lunch,362,15.8,60.3,19.7,vegetarian,mixed,0,balanced|beginner
Paneer Bhurji 7067,dinner,404,11.7,60.1,9.9,vegetarian,north_indian,1,balanced|beginner
Masala Omelette 7068,breakfast,314,26.4,74.9,3.5,non_vegetarian,north_indian,1,muscle_gain|high_protein
Tofu Stir Fry 7069,lunch,388,16.1,53.3,20.1,vegan,south_indian,0,improve_stamina|carb_rich
Vegetable Khichdi 7070,lunch,469,13.2,61.2,11.3,vegetarian,gujarati,1,improve_stamina|carb_rich
Fruit Salad 7071,snack,243,10.7,37.9,18.5,vegan,north_indian,0,weight_loss|light
Dal Rice 7072,lunch,359,42.6,56.3,18.7,vegetarian,north_indian,0,muscle_gain|high_protein
Corn Chaat 7073,snack,231,43.0,68.3,16.1,vegan,mixed,1,muscle_gain|high_protein
Paneer Roti 7074,lunch,397,7.8,70.6,18.4,vegetarian,bengali,0,improve_stamina|carb_rich
Roasted Chana 7075,snack,256,9.1,24.7,11.3,vegan,bengali,1,improve_stamina|carb_rich
Thepla 7076,breakfast,448,7.6,31.4,16.9,vegetarian,rajasthani,1,balanced|beginner
Dal Rice 7077,lunch,624,13.4,55.9,13.7,vegetarian,mixed,0,weight_loss|light
Masala Omelette 7078,breakfast,432,44.3,38.4,6.8,non_vegetarian,south_indian,1,muscle_gain|high_protein
Egg Curry 7079,dinner,464,6.6,57.2,11.6,non_vegetarian,north_indian,1,balanced|beginner
Roti Sabji 7080,dinner,621,8.0,49.7,14.8,vegetarian,kerala,0,balanced|beginner
Peanut Chaat 7081,snack,209,24.8,48.7,17.0,vegetarian,punjabi,1,muscle_gain|high_protein
Vegetable Poha 7082,breakfast,192,17.2,47.9,22.5,vegetarian,north_indian,0,weight_loss|light
Boiled Eggs 7083,snack,81,10.8,32.1,7.2,non_vegetarian,maharashtrian,1,weight_loss|light
Dal Tadka 7084,dinner,673,10.8,23.5,6.5,vegetarian,bengali,0,weight_loss|light
Protein Shake 7085,snack,251,11.0,50.0,20.4,vegetarian,rajasthani,0,improve_stamina|carb_rich
Tofu Curry 7086,dinner,697,19.1,46.7,24.8,vegan,hyderabadi,0,weight_loss|light
Fish Curry Rice 7087,lunch,459,13.5,29.7,10.8,non_vegetarian,maharashtrian,1,weight_loss|light
Buttermilk 7088,snack,211,38.3,72.3,12.8,vegetarian,bengali,1,muscle_gain|high_protein
Paneer Cubes 7089,snack,140,43.5,67.2,21.3,vegetarian,punjabi,0,muscle_gain|high_protein
Hyderabadi Biryani 7090,lunch,549,36.8,65.0,13.0,non_vegetarian,hyderabadi,0,muscle_gain|high_protein
Tofu Curry 7091,dinner,606,15.2,54.0,8.8,vegan,north_indian,0,balanced|beginner
Sabudana Khichdi 7092,breakfast,274,9.6,20.3,24.8,vegetarian,gujarati,0,improve_stamina|carb_rich
Tofu Curry 7093,dinner,469,9.6,31.2,23.1,vegan,north_indian,0,balanced|beginner
Paneer Bhurji 7094,dinner,500,9.4,55.3,14.8,vegetarian,bengali,1,weight_loss|light
Vegetable Khichdi 7095,lunch,693,14.1,52.4,4.3,vegetarian,punjabi,0,weight_loss|light
Corn Chaat 7096,snack,229,17.5,54.9,20.3,vegan,maharashtrian,0,improve_stamina|carb_rich
Chicken Curry Rice 7097,lunch,670,26.2,47.0,7.6,non_vegetarian,gujarati,0,muscle_gain|high_protein
Tofu Curry 7098,dinner,641,16.7,64.8,23.9,vegan,kerala,0,improve_stamina|carb_rich
Peanut Chaat 7099,snack,181,5.2,27.2,3.7,vegetarian,bengali,1,weight_loss|light
Upma 7100,breakfast,358,5.5,67.2,14.0,vegetarian,maharashtrian,1,weight_loss|light
Egg Curry 7101,dinner,426,14.1,34.7,24.1,non_vegetarian,rajasthani,0,balanced|beginner
Vegetable Soup 7102,dinner,674,18.9,24.6,23.8,vegan,mixed,0,balanced|beginner
Fruit Bowl 7103,breakfast,363,19.3,41.2,24.5,vegan,south_indian,0,weight_loss|light
Thepla 7104,breakfast,185,27.3,36.5,22.0,vegetarian,hyderabadi,0,muscle_gain|high_protein
Thepla 7105,breakfast,364,9.5,34.4,18.5,vegetarian,mixed,0,weight_loss|light
Vegetable Khichdi 7106,lunch,366,6.4,66.9,12.1,vegetarian,hyderabadi,1,balanced|beginner
Dal Tadka 7107,dinner,667,12.8,44.5,13.2,vegetarian,rajasthani,0,improve_stamina|carb_rich
Kadhi Rice 7108,lunch,660,16.8,20.1,9.9,vegetarian,kerala,0,balanced|beginner
Tofu Scramble 7109,breakfast,371,6.0,27.7,20.6,vegan,south_indian,0,improve_stamina|carb_rich
Roasted Chana 7110,snack,300,7.9,74.3,15.3,vegan,south_indian,1,weight_loss|light
Vegetable Poha 7111,breakfast,293,10.4,43.1,18.6,vegetarian,hyderabadi,0,weight_loss|light
Masala Omelette 7112,breakfast,450,43.3,64.7,9.9,non_vegetarian,punjabi,1,muscle_gain|high_protein
Corn Chaat 7113,snack,270,32.9,26.9,8.5,vegan,south_indian,1,muscle_gain|high_protein
Paneer Roti 7114,lunch,359,13.0,67.7,6.3,vegetarian,kerala,1,balanced|beginner
Corn Chaat 7115,snack,106,17.1,53.2,15.0,vegan,rajasthani,1,balanced|beginner
Kadhi Rice 7116,lunch,693,7.1,42.8,7.8,vegetarian,rajasthani,0,balanced|beginner
Mixed Veg Curry 7117,dinner,591,6.6,43.3,23.8,vegetarian,mixed,0,balanced|beginner
Upma 7118,breakfast,265,11.2,63.3,15.8,vegetarian,punjabi,1,weight_loss|light
Roti Sabji 7119,dinner,576,30.6,78.1,16.8,vegetarian,north_indian,0,muscle_gain|high_protein
Masala Omelette 7120,breakfast,245,18.7,38.2,10.1,non_vegetarian,hyderabadi,1,balanced|beginner
Fish Curry Rice 7121,lunch,594,15.4,56.8,12.6,non_vegetarian,north_indian,0,improve_stamina|carb_rich
Fruit Salad 7122,snack,246,12.3,69.1,19.9,vegan,north_indian,0,balanced|beginner
Hyderabadi Biryani 7123,lunch,466,43.1,73.0,21.7,non_vegetarian,rajasthani,0,muscle_gain|high_protein
Peanut Chaat 7124,snack,92,12.4,45.5,15.2,vegetarian,rajasthani,1,balanced|beginner
Peanut Chaat 7125,snack,231,23.3,44.1,15.9,vegetarian,bengali,1,muscle_gain|high_protein
Vegetable Poha 7126,breakfast,333,14.7,67.6,22.5,vegetarian,punjabi,0,balanced|beginner
Roti Sabji 7127,dinner,583,9.6,71.5,5.9,vegetarian,bengali,0,balanced|beginner
Grilled Chicken 7128,dinner,444,32.1,45.3,3.1,non_vegetarian,rajasthani,1,muscle_gain|high_protein
Rajma Chawal 7129,lunch,663,20.3,68.8,13.9,vegetarian,maharashtrian,0,muscle_gain|high_protein
Dal Rice 7130,lunch,625,5.5,53.7,24.6,vegetarian,bengali,0,balanced|beginner
Kadhi Rice 7131,lunch,679,16.4,65.8,21.3,vegetarian,rajasthani,0,balanced|beginner
Fruit Bowl 7132,breakfast,428,27.0,65.3,7.1,vegan,maharashtrian,1,muscle_gain|high_protein
Grilled Chicken 7133,dinner,670,12.1,72.2,22.3,non_vegetarian,rajasthani,0,improve_stamina|carb_rich
Tofu Stir Fry 7134,lunch,587,29.0,28.4,20.6,vegan,bengali,0,muscle_gain|high_protein
Tofu Scramble 7135,breakfast,346,10.0,68.1,10.5,vegan,punjabi,1,weight_loss|light
Vegetable Poha 7136,breakfast,414,16.5,48.7,5.8,vegetarian,maharashtrian,1,balanced|beginner
Rajma Chawal 7137,lunch,494,17.8,49.4,9.0,vegetarian,bengali,1,weight_loss|light
Paneer Cubes 7138,snack,183,17.5,67.9,24.9,vegetarian,kerala,0,improve_stamina|carb_rich
Corn Chaat 7139,snack,204,41.0,34.7,13.2,vegan,north_indian,1,muscle_gain|high_protein
Fish Fry 7140,dinner,503,11.6,39.8,3.6,non_vegetarian,kerala,0,balanced|beginner
Grilled Chicken 7141,dinner,383,11.9,68.1,23.7,non_vegetarian,south_indian,0,balanced|beginner
Vegetable Poha 7142,breakfast,325,9.5,32.5,11.6,vegetarian,south_indian,1,weight_loss|light
Kadhi Rice 7143,lunch,416,18.2,55.3,8.7,vegetarian,rajasthani,1,weight_loss|light
Peanut Chaat 7144,snack,258,18.4,61.4,20.8,vegetarian,maharashtrian,0,improve_stamina|carb_rich
Upma 7145,breakfast,399,43.2,59.0,7.2,vegetarian,north_indian,1,muscle_gain|high_protein
Idli Sambar 7146,breakfast,376,17.8,47.1,23.7,vegetarian,north_indian,0,balanced|beginner
Dal Tadka 7147,dinner,605,23.4,65.8,7.2,vegetarian,mixed,0,muscle_gain|high_protein
Oats with Milk 7148,breakfast,418,21.7,26.1,24.3,vegetarian,hyderabadi,0,muscle_gain|high_protein
Corn Chaat 7149,snack,262,14.2,71.5,4.3,vegan,kerala,1,weight_loss|light
Dal Rice 7150,lunch,456,15.3,34.5,8.6,vegetarian,bengali,1,balanced|beginner
Kadhi Rice 7151,lunch,662,7.0,33.1,20.6,vegetarian,kerala,0,balanced|beginner
Tofu Curry 7152,dinner,393,8.8,24.4,22.0,vegan,mixed,0,weight_loss|light
Sabudana Khichdi 7153,breakfast,441,16.7,24.8,21.0,vegetarian,bengali,0,improve_stamina|carb_rich
Paneer Bhurji 7154,dinner,650,6.0,59.0,21.8,vegetarian,punjabi,0,balanced|beginner
Vegetable Soup 7155,dinner,533,21.6,38.4,7.5,vegan,hyderabadi,0,muscle_gain|high_protein
Upma 7156,breakfast,389,17.8,75.1,6.0,vegetarian,mixed,1,improve_stamina|carb_rich
Peanut Chaat 7157,snack,298,11.6,68.4,24.8,vegetarian,north_indian,0,weight_loss|light
Peanut Chaat 7158,snack,268,20.9,78.7,21.9,vegetarian,hyderabadi,0,muscle_gain|high_protein
Grilled Chicken 7159,dinner,410,15.2,21.0,19.3,non_vegetarian,mixed,0,balanced|beginner
Idli Sambar 7160,breakfast,342,17.5,47.2,11.8,vegetarian,south_indian,1,weight_loss|light
Paneer Cubes 7161,snack,233,15.1,64.5,19.5,vegetarian,rajasthani,0,improve_stamina|carb_rich
Tofu Stir Fry 7162,lunch,434,31.8,75.9,20.1,vegan,kerala,0,muscle_gain|high_protein
Sprouts Salad 7163,snack,176,42.4,29.0,21.9,vegan,maharashtrian,0,muscle_gain|high_protein
Masala Omelette 7164,breakfast,316,12.2,61.0,13.2,non_vegetarian,hyderabadi,1,improve_stamina|carb_rich
Dal Rice 7165,lunch,700,27.4,48.4,11.7,vegetarian,gujarati,0,muscle_gain|high_protein
Tofu Stir Fry 7166,lunch,611,32.9,43.1,4.0,vegan,south_indian,0,muscle_gain|high_protein
Kadhi Rice 7167,lunch,381,26.0,68.1,15.8,vegetarian,mixed,1,muscle_gain|high_protein
Dal Rice 7168,lunch,422,21.1,63.5,22.7,vegetarian,rajasthani,0,muscle_gain|high_protein
Fish Fry 7169,dinner,521,9.3,56.5,21.3,non_vegetarian,rajasthani,0,improve_stamina|carb_rich
Boiled Eggs 7170,snack,265,18.6,45.7,18.0,non_vegetarian,gujarati,1,improve_stamina|carb_rich
Kadhi Rice 7171,lunch,596,5.6,41.8,15.4,vegetarian,gujarati,0,improve_stamina|carb_rich
Vegetable Khichdi 7172,lunch,561,16.6,48.2,6.3,vegetarian,hyderabadi,0,improve_stamina|carb_rich
Vegetable Poha 7173,breakfast,240,11.3,45.3,19.3,vegetarian,maharashtrian,0,weight_loss|light
Mixed Veg Curry 7174,dinner,520,27.1,53.7,5.8,vegetarian,kerala,0,muscle_gain|high_protein
Upma 7175,breakfast,389,6.9,60.1,9.1,vegetarian,gujarati,1,weight_loss|light
Vegetable Poha 7176,breakfast,278,7.6,78.5,3.7,vegetarian,south_indian,1,improve_stamina|carb_rich
Paneer Cubes 7177,snack,232,9.1,50.6,14.8,vegetarian,punjabi,1,weight_loss|light
Dal Rice 7178,lunch,371,19.0,45.1,17.5,vegetarian,gujarati,1,weight_loss|light
Idli Sambar 7179,breakfast,275,8.0,60.5,22.7,vegetarian,maharashtrian,0,improve_stamina|carb_rich
Boiled Eggs 7180,snack,81,18.2,28.4,19.0,non_vegetarian,punjabi,0,weight_loss|light
Sprouts Salad 7181,snack,137,18.2,37.0,19.9,vegan,hyderabadi,0,weight_loss|light
Sprouts Salad 7182,snack,228,30.5,27.3,22.7,vegan,north_indian,0,muscle_gain|high_protein
Idli Sambar 7183,breakfast,345,26.0,34.1,19.4,vegetarian,gujarati,0,muscle_gain|high_protein
Fruit Salad 7184,snack,159,13.2,24.8,22.8,vegan,gujarati,0,weight_loss|light
Tofu Scramble 7185,breakfast,363,18.7,47.3,15.0,vegan,north_indian,1,weight_loss|light
Tofu Scramble 7186,breakfast,219,27.6,50.5,4.4,vegan,south_indian,1,muscle_gain|high_protein
Roti Sabji 7187,dinner,433,23.7,40.0,4.1,vegetarian,hyderabadi,1,muscle_gain|high_protein
Hyderabadi Biryani 7188,lunch,565,42.2,75.0,4.5,non_vegetarian,gujarati,0,muscle_gain|high_protein
Thepla 7189,breakfast,424,18.4,66.0,13.1,vegetarian,bengali,1,weight_loss|light
Idli Sambar 7190,breakfast,188,16.7,70.2,11.3,vegetarian,mixed,1,balanced|beginner
Tofu Stir Fry 7191,lunch,361,33.2,39.5,15.2,vegan,maharashtrian,1,muscle_gain|high_protein
Vegetable Khichdi 7192,lunch,384,33.6,73.4,9.0,vegetarian,maharashtrian,1,muscle_gain|high_protein
Oats with Milk 7193,breakfast,397,13.1,34.1,8.8,vegetarian,bengali,1,balanced|beginner
Fruit Salad 7194,snack,222,14.0,30.2,14.6,vegan,punjabi,1,balanced|beginner
Roti Sabji 7195,dinner,553,43.4,39.5,7.5,vegetarian,punjabi,0,muscle_gain|high_protein
Sprouts Salad 7196,snack,300,5.8,79.3,21.3,vegan,rajasthani,0,weight_loss|light
Sprouts Salad 7197,snack,162,5.2,30.7,20.4,vegan,rajasthani,0,balanced|beginner
Hyderabadi Biryani 7198,lunch,668,27.1,39.6,9.2,non_vegetarian,maharashtrian,0,muscle_gain|high_protein
Vegetable Poha 7199,breakfast,407,29.3,47.9,4.4,vegetarian,gujarati,1,muscle_gain|high_protein
Paneer Sandwich 7200,breakfast,448,17.9,36.4,14.1,vegetarian,maharashtrian,1,balanced|beginner
Roti Sabji 7201,dinner,695,13.3,41.0,19.7,vegetarian,maharashtrian,0,weight_loss|light
Tofu Scramble 7202,breakfast,411,7.9,30.1,16.8,vegan,south_indian,1,weight_loss|light
Dal Tadka 7203,dinner,466,12.4,25.1,23.0,vegetarian,punjabi,0,improve_stamina|carb_rich
Sprouts Salad 7204,snack,131,31.7,74.7,15.8,vegan,kerala,1,muscle_gain|high_protein
Sprouts Salad 7205,snack,250,15.5,57.0,5.1,vegan,punjabi,1,balanced|beginner
Grilled Chicken 7206,dinner,371,22.0,68.4,23.8,non_vegetarian,south_indian,0,muscle_gain|high_protein
Hyderabadi Biryani 7207,lunch,400,13.7,74.0,15.7,non_vegetarian,kerala,1,improve_stamina|carb_rich
Fish Curry Rice 7208,lunch,619,18.3,63.1,23.7,non_vegetarian,bengali,0,muscle_gain|high_protein
Tofu Scramble 7209,breakfast,215,33.8,41.2,8.7,vegan,gujarati,1,muscle_gain|high_protein
Idli Sambar 7210,breakfast,295,7.5,67.1,15.2,vegetarian,kerala,1,improve_stamina|carb_rich
Grilled Chicken 7211,dinner,615,12.0,76.3,8.6,non_vegetarian,maharashtrian,0,weight_loss|light
Peanut Chaat 7212,snack,225,9.9,34.9,10.6,vegetarian,hyderabadi,1,weight_loss|light
Hyderabadi Biryani 7213,lunch,608,17.6,47.3,12.4,non_vegetarian,south_indian,0,balanced|beginner
Dal Tadka 7214,dinner,420,39.5,27.0,7.0,vegetarian,south_indian,1,muscle_gain|high_protein
Protein Shake 7215,snack,93,39.2,48.8,15.6,vegetarian,gujarati,1,muscle_gain|high_protein
Pav Bhaji 7216,lunch,519,16.3,63.8,24.0,vegetarian,mixed,0,balanced|beginner
Grilled Chicken 7217,dinner,352,8.8,41.8,6.4,non_vegetarian,rajasthani,1,balanced|beginner
Tofu Stir Fry 7218,lunch,627,11.0,64.9,6.1,vegan,gujarati,0,improve_stamina|carb_rich
Hyderabadi Biryani 7219,lunch,453,5.0,21.6,4.1,non_vegetarian,gujarati,1,improve_stamina|carb_rich
Peanut Chaat 7220,snack,229,28.9,34.1,12.2,vegetarian,rajasthani,1,muscle_gain|high_protein
Roti Sabji 7221,dinner,503,19.8,39.9,12.7,vegetarian,mixed,0,muscle_gain|high_protein
Fish Curry Rice 7222,lunch,446,19.3,40.6,15.7,non_vegetarian,maharashtrian,1,weight_loss|light
Fruit Salad 7223,snack,173,15.6,59.4,5.4,vegan,north_indian,1,balanced|beginner
Dal Rice 7224,lunch,461,19.9,29.6,12.7,vegetarian,rajasthani,1,improve_stamina|carb_rich
Kadhi Rice 7225,lunch,478,16.0,55.2,11.4,vegetarian,punjabi,1,balanced|beginner
Thepla 7226,breakfast,399,12.5,34.7,9.0,vegetarian,maharashtrian,1,weight_loss|light
Chicken Curry Rice 7227,lunch,359,12.5,58.3,23.8,non_vegetarian,mixed,0,improve_stamina|carb_rich
Mixed Veg Curry 7228,dinner,371,11.3,42.9,22.4,vegetarian,hyderabadi,0,balanced|beginner
Idli Sambar 7229,breakfast,362,44.3,47.5,9.8,vegetarian,punjabi,1,muscle_gain|high_protein
Paneer Roti 7230,lunch,511,12.0,33.6,8.7,vegetarian,mixed,0,balanced|beginner
Chicken Curry Rice 7231,lunch,615,39.7,64.0,11.2,non_vegetarian,hyderabadi,0,muscle_gain|high_protein
Peanut Chaat 7232,snack,112,15.1,22.0,9.8,vegetarian,rajasthani,1,balanced|beginner
Paneer Sandwich 7233,breakfast,402,18.4,63.5,11.7,vegetarian,gujarati,1,improve_stamina|carb_rich
Sprouts Salad 7234,snack,94,8.3,77.9,23.1,vegan,gujarati,0,balanced|beginner
Hyderabadi Biryani 7235,lunch,569,12.3,54.9,4.4,non_vegetarian,maharashtrian,0,improve_stamina|carb_rich
Sprouts Salad 7236,snack,230,18.7,63.0,3.1,vegan,kerala,1,improve_stamina|carb_rich
Roasted Chana 7237,snack,283,39.0,23.2,8.8,vegan,kerala,1,muscle_gain|high_protein
Upma 7238,breakfast,212,9.9,30.4,3.3,vegetarian,mixed,1,weight_loss|light
Hyderabadi Biryani 7239,lunch,630,7.4,39.8,7.3,non_vegetarian,hyderabadi,0,balanced|beginner
Hyderabadi Biryani 7240,lunch,588,9.1,37.9,23.0,non_vegetarian,kerala,0,balanced|beginner
Dal Tadka 7241,dinner,398,13.6,29.6,20.1,vegetarian,hyderabadi,0,balanced|beginner
Thepla 7242,breakfast,214,19.4,59.7,3.4,vegetarian,maharashtrian,1,weight_loss|light
Tofu Scramble 7243,breakfast,322,11.0,58.2,20.1,vegan,mixed,0,improve_stamina|carb_rich
Paneer Roti 7244,lunch,667,15.3,36.7,19.2,vegetarian,bengali,0,balanced|beginner
Pav Bhaji 7245,lunch,448,6.0,74.0,8.2,vegetarian,south_indian,1,weight_loss|light
Grilled Chicken 7246,dinner,364,12.2,39.8,20.1,non_vegetarian,bengali,0,improve_stamina|carb_rich
Hyderabadi Biryani 7247,lunch,558,24.5,51.5,4.4,non_vegetarian,maharashtrian,0,muscle_gain|high_protein
Dal Tadka 7248,dinner,671,17.3,61.2,11.3,vegetarian,hyderabadi,0,balanced|beginner
Paneer Sandwich 7249,breakfast,283,15.9,60.2,10.5,vegetarian,bengali,1,improve_stamina|carb_rich
Masala Omelette 7250,breakfast,281,5.2,28.7,8.7,non_vegetarian,punjabi,1,balanced|beginner
Fruit Bowl 7251,breakfast,401,17.6,46.4,19.3,vegan,hyderabadi,0,improve_stamina|carb_rich
Boiled Eggs 7252,snack,268,5.8,30.5,5.5,non_vegetarian,bengali,1,improve_stamina|carb_rich
Boiled Eggs 7253,snack,93,15.5,64.4,19.4,non_vegetarian,mixed,0,weight_loss|light
Sabudana Khichdi 7254,breakfast,222,41.6,65.2,10.0,vegetarian,mixed,1,muscle_gain|high_protein
Protein Shake 7255,snack,158,12.6,23.5,24.1,vegetarian,gujarati,0,balanced|beginner
Paneer Cubes 7256,snack,266,6.0,22.2,5.0,vegetarian,gujarati,1,weight_loss|light
Egg Curry 7257,dinner,623,36.8,48.8,23.0,non_vegetarian,south_indian,0,muscle_gain|high_protein
Vegetable Soup 7258,dinner,700,7.1,67.4,7.1,vegan,north_indian,0,balanced|beginner
Tofu Scramble 7259,breakfast,440,16.8,42.1,3.5,vegan,mixed,1,weight_loss|light
Protein Shake 7260,snack,271,7.4,25.6,24.6,vegetarian,kerala,0,balanced|beginner
Dal Tadka 7261,dinner,518,16.7,79.9,7.2,vegetarian,kerala,0,weight_loss|light
Sprouts Salad 7262,snack,119,42.9,32.8,13.7,vegan,mixed,1,muscle_gain|high_protein
Fish Fry 7263,dinner,395,24.8,79.7,10.1,non_vegetarian,hyderabadi,1,muscle_gain|high_protein
Dal Tadka 7264,dinner,433,7.8,32.9,10.7,vegetarian,punjabi,1,balanced|beginner
Paneer Cubes 7265,snack,128,9.2,45.5,8.0,vegetarian,punjabi,1,weight_loss|light
Mixed Veg Curry 7266,dinner,406,24.9,37.5,16.5,vegetarian,rajasthani,1,muscle_gain|high_protein
Tofu Curry 7267,dinner,525,24.6,42.8,11.7,vegan,mixed,0,muscle_gain|high_protein
Fish Fry 7268,dinner,495,15.5,77.3,4.3,non_vegetarian,rajasthani,1,improve_stamina|carb_rich
Masala Omelette 7269,breakfast,372,9.0,40.5,22.0,non_vegetarian,punjabi,0,balanced|beginner
Boiled Eggs 7270,snack,122,14.3,64.1,10.3,non_vegetarian,north_indian,1,balanced|beginner
Masala Omelette 7271,breakfast,229,43.1,25.0,6.1,non_vegetarian,rajasthani,1,muscle_gain|high_protein
Hyderabadi Biryani 7272,lunch,385,25.6,35.3,9.1,non_vegetarian,rajasthani,1,muscle_gain|high_protein
Dal Rice 7273,lunch,539,28.9,23.5,4.7,vegetarian,gujarati,0,muscle_gain|high_protein
Protein Shake 7274,snack,187,25.8,21.3,3.3,vegetarian,maharashtrian,1,muscle_gain|high_protein
Fruit Salad 7275,snack,87,13.1,70.6,10.5,vegan,north_indian,1,improve_stamina|carb_rich
Egg Curry 7276,dinner,683,17.2,30.2,13.8,non_vegetarian,hyderabadi,0,weight_loss|light
Roti Sabji 7277,dinner,484,9.6,32.9,23.6,vegetarian,mixed,0,improve_stamina|carb_rich
Vegetable Poha 7278,breakfast,254,27.8,55.0,24.6,vegetarian,kerala,0,muscle_gain|high_protein
Boiled Eggs 7279,snack,203,18.8,54.6,11.3,non_vegetarian,hyderabadi,1,balanced|beginner
Paneer Sandwich 7280,breakfast,180,8.2,77.3,14.7,vegetarian,punjabi,1,weight_loss|light
Hyderabadi Biryani 7281,lunch,354,16.2,70.1,16.2,non_vegetarian,bengali,1,balanced|beginner
Kadhi Rice 7282,lunch,401,31.5,65.1,15.9,vegetarian,kerala,1,muscle_gain|high_protein
Boiled Eggs 7283,snack,231,8.3,63.0,12.5,non_vegetarian,gujarati,1,improve_stamina|carb_rich
Corn Chaat 7284,snack,93,13.1,22.6,10.3,vegan,mixed,1,improve_stamina|carb_rich
Tofu Stir Fry 7285,lunch,662,12.3,21.2,4.7,vegan,maharashtrian,0,balanced|beginner
Protein Shake 7286,snack,237,8.5,28.6,6.1,vegetarian,punjabi,1,improve_stamina|carb_rich
Buttermilk 7287,snack,141,16.9,27.8,8.0,vegetarian,kerala,1,weight_loss|light
Roti Sabji 7288,dinner,350,5.3,22.3,9.6,vegetarian,punjabi,1,weight_loss|light
Sabudana Khichdi 7289,breakfast,175,44.8,52.6,12.9,vegetarian,hyderabadi,1,muscle_gain|high_protein
Roasted Chana 7290,snack,146,8.7,61.1,14.5,vegan,hyderabadi,1,weight_loss|light
Dal Rice 7291,lunch,401,17.3,79.8,24.9,vegetarian,maharashtrian,0,improve_stamina|carb_rich
Boiled Eggs 7292,snack,277,18.8,73.7,9.3,non_vegetarian,gujarati,1,weight_loss|light
Protein Shake 7293,snack,238,23.5,59.2,13.5,vegetarian,bengali,1,muscle_gain|high_protein
Egg Curry 7294,dinner,522,14.8,61.7,19.5,non_vegetarian,hyderabadi,0,weight_loss|light
Tofu Curry 7295,dinner,550,11.9,64.9,9.2,vegan,south_indian,0,weight_loss|light
Roti Sabji 7296,dinner,594,12.4,33.7,21.7,vegetarian,punjabi,0,weight_loss|light
Idli Sambar 7297,breakfast,429,14.4,77.0,10.7,vegetarian,bengali,1,balanced|beginner
Dal Rice 7298,lunch,446,14.2,31.9,5.6,vegetarian,kerala,1,balanced|beginner
Vegetable Khichdi 7299,lunch,432,10.5,20.1,18.3,vegetarian,rajasthani,0,weight_loss|light
Tofu Stir Fry 7300,lunch,543,19.7,79.9,22.9,vegan,gujarati,0,weight_loss|light
Dal Rice 7301,lunch,589,18.1,64.6,18.1,vegetarian,north_indian,0,weight_loss|light
Mixed Veg Curry 7302,dinner,437,15.3,76.0,18.0,vegetarian,south_indian,1,balanced|beginner
Boiled Eggs 7303,snack,255,7.6,22.0,24.0,non_vegetarian,kerala,0,improve_stamina|carb_rich
Peanut Chaat 7304,snack,211,19.6,22.2,17.9,vegetarian,gujarati,1,improve_stamina|carb_rich
Fruit Salad 7305,snack,290,34.3,54.8,18.3,vegan,punjabi,0,muscle_gain|high_protein
Boiled Eggs 7306,snack,295,26.1,74.3,10.4,non_vegetarian,hyderabadi,1,muscle_gain|high_protein
Masala Omelette 7307,breakfast,241,12.3,45.9,6.2,non_vegetarian,hyderabadi,1,balanced|beginner
Buttermilk 7308,snack,109,28.3,22.1,8.3,vegetarian,kerala,1,muscle_gain|high_protein
Fruit Salad 7309,snack,89,19.9,43.7,20.3,vegan,mixed,0,weight_loss|light
Chicken Curry Rice 7310,lunch,488,6.9,69.0,11.7,non_vegetarian,north_indian,1,balanced|beginner
Chicken Curry Rice 7311,lunch,438,21.4,50.2,4.2,non_vegetarian,gujarati,1,muscle_gain|high_protein
Tofu Curry 7312,dinner,597,18.3,27.2,4.2,vegan,hyderabadi,0,improve_stamina|carb_rich
Tofu Scramble 7313,breakfast,372,12.3,55.4,22.1,vegan,gujarati,0,improve_stamina|carb_rich
Pav Bhaji 7314,lunch,480,27.9,69.1,19.7,vegetarian,north_indian,0,muscle_gain|high_protein
Paneer Bhurji 7315,dinner,424,15.1,33.2,8.5,vegetarian,hyderabadi,1,improve_stamina|carb_rich
Kadhi Rice 7316,lunch,665,7.9,21.5,10.2,vegetarian,rajasthani,0,improve_stamina|carb_rich
Fruit Salad 7317,snack,240,8.8,49.2,20.2,vegan,maharashtrian,0,balanced|beginner
Corn Chaat 7318,snack,227,12.4,58.3,19.4,vegan,gujarati,0,balanced|beginner
Vegetable Soup 7319,dinner,470,7.7,39.9,17.1,vegan,gujarati,1,balanced|beginner
Upma 7320,breakfast,319,11.6,45.9,11.7,vegetarian,south_indian,1,balanced|beginner
Masala Omelette 7321,breakfast,186,36.3,26.9,6.6,non_vegetarian,hyderabadi,1,muscle_gain|high_protein
Corn Chaat 7322,snack,228,20.0,67.7,18.2,vegan,bengali,0,weight_loss|light
Dal Tadka 7323,dinner,350,16.7,48.2,14.2,vegetarian,mixed,1,weight_loss|light
Vegetable Soup 7324,dinner,668,8.2,47.0,23.3,vegan,rajasthani,0,improve_stamina|carb_rich
Masala Omelette 7325,breakfast,376,19.4,42.8,11.2,non_vegetarian,punjabi,1,weight_loss|light
Paneer Bhurji 7326,dinner,659,36.3,26.4,5.6,vegetarian,maharashtrian,0,muscle_gain|high_protein
Paneer Bhurji 7327,dinner,523,42.5,21.9,13.4,vegetarian,bengali,0,muscle_gain|high_protein
Thepla 7328,breakfast,441,10.2,73.7,6.2,vegetarian,kerala,1,weight_loss|light
Thepla 7329,breakfast,176,11.1,65.0,7.9,vegetarian,south_indian,1,improve_stamina|carb_rich
Fish Fry 7330,dinner,370,32.3,24.8,6.6,non_vegetarian,kerala,1,muscle_gain|high_protein
Fish Curry Rice 7331,lunch,444,8.4,38.5,9.4,non_vegetarian,kerala,1,improve_stamina|carb_rich
Roti Sabji 7332,dinner,447,6.4,43.1,10.0,vegetarian,rajasthani,1,balanced|beginner
Paneer Bhurji 7333,dinner,413,17.3,52.5,9.5,vegetarian,rajasthani,1,balanced|beginner
Buttermilk 7334,snack,169,13.6,73.5,21.1,vegetarian,bengali,0,weight_loss|light
Paneer Sandwich 7335,breakfast,160,29.7,23.1,16.2,vegetarian,punjabi,1,muscle_gain|high_protein
Vegetable Poha 7336,breakfast,217,7.0,51.5,22.2,vegetarian,hyderabadi,0,improve_stamina|carb_rich
Peanut Chaat 7337,snack,187,19.4,33.5,9.8,vegetarian,hyderabadi,1,muscle_gain|high_protein
Paneer Cubes 7338,snack,114,12.9,73.3,11.7,vegetarian,rajasthani,1,improve_stamina|carb_rich
Paneer Roti 7339,lunch,519,7.4,27.5,9.3,vegetarian,maharashtrian,0,improve_stamina|carb_rich
Tofu Stir Fry 7340,lunch,479,8.1,59.0,23.8,vegan,bengali,0,balanced|beginner
Rajma Chawal 7341,lunch,588,17.2,75.1,5.0,vegetarian,maharashtrian,0,improve_stamina|carb_rich
Paneer Cubes 7342,snack,83,16.7,76.6,7.2,vegetarian,gujarati,1,weight_loss|light
Protein Shake 7343,snack,109,40.1,53.5,9.0,vegetarian,bengali,1,muscle_gain|high_protein
Chicken Curry Rice 7344,lunch,620,19.6,48.0,9.8,non_vegetarian,rajasthani,0,weight_loss|light
Pav Bhaji 7345,lunch,401,5.6,29.4,16.1,vegetarian,hyderabadi,1,improve_stamina|carb_rich
Egg Curry 7346,dinner,456,17.0,30.9,23.3,non_vegetarian,rajasthani,0,balanced|beginner
Fruit Salad 7347,snack,161,14.0,35.3,21.0,vegan,rajasthani,0,weight_loss|light
Fish Fry 7348,dinner,661,19.5,70.0,11.5,non_vegetarian,punjabi,0,muscle_gain|high_protein
Egg Curry 7349,dinner,642,8.9,23.4,15.3,non_vegetarian,rajasthani,0,weight_loss|light
Oats with Milk 7350,breakfast,301,15.9,41.9,14.5,vegetarian,rajasthani,1,improve_stamina|carb_rich
Paneer Cubes 7351,snack,128,7.3,65.3,15.7,vegetarian,hyderabadi,1,improve_stamina|carb_rich
Oats with Milk 7352,breakfast,233,17.7,24.8,12.7,vegetarian,south_indian,1,balanced|beginner
Vegetable Soup 7353,dinner,414,26.7,76.9,7.5,vegan,rajasthani,1,muscle_gain|high_protein
Vegetable Poha 7354,breakfast,445,15.6,33.5,15.2,vegetarian,gujarati,1,weight_loss|light
Corn Chaat 7355,snack,228,14.6,44.6,6.9,vegan,kerala,1,improve_stamina|carb_rich
Dal Tadka 7356,dinner,509,9.7,52.0,24.3,vegetarian,south_indian,0,balanced|beginner
Roti Sabji 7357,dinner,393,33.4,56.1,11.5,vegetarian,rajasthani,1,muscle_gain|high_protein
Paneer Bhurji 7358,dinner,448,7.6,37.0,24.4,vegetarian,maharashtrian,0,improve_stamina|carb_rich
Vegetable Soup 7359,dinner,412,14.2,28.6,21.0,vegan,kerala,0,weight_loss|light
Fruit Salad 7360,snack,240,8.7,34.6,17.3,vegan,gujarati,1,weight_loss|light
Boiled Eggs 7361,snack,216,14.4,79.5,16.8,non_vegetarian,south_indian,1,balanced|beginner
Vegetable Khichdi 7362,lunch,448,38.6,61.9,8.0,vegetarian,north_indian,1,muscle_gain|high_protein
Boiled Eggs 7363,snack,100,14.8,45.9,12.3,non_vegetarian,north_indian,1,weight_loss|light
Peanut Chaat 7364,snack,89,14.5,32.7,17.5,vegetarian,gujarati,1,weight_loss|light
Mixed Veg Curry 7365,dinner,462,19.7,66.1,3.4,vegetarian,hyderabadi,1,weight_loss|light
Mixed Veg Curry 7366,dinner,498,12.6,53.2,7.5,vegetarian,north_indian,1,weight_loss|light
Roasted Chana 7367,snack,186,7.2,30.3,7.8,vegan,bengali,1,weight_loss|light
Paneer Cubes 7368,snack,296,13.1,55.3,11.0,vegetarian,punjabi,1,weight_loss|light
Tofu Stir Fry 7369,lunch,381,17.9,69.5,9.4,vegan,kerala,1,weight_loss|light
Vegetable Khichdi 7370,lunch,589,36.9,34.1,13.3,vegetarian,mixed,0,muscle_gain|high_protein
Tofu Curry 7371,dinner,700,33.0,56.3,19.0,vegan,kerala,0,muscle_gain|high_protein
Sabudana Khichdi 7372,breakfast,356,37.3,73.5,5.2,vegetarian,hyderabadi,1,muscle_gain|high_protein
Paneer Bhurji 7373,dinner,486,40.4,41.6,8.1,vegetarian,kerala,1,muscle_gain|high_protein
Oats with Milk 7374,breakfast,381,32.1,73.9,9.0,vegetarian,south_indian,1,muscle_gain|high_protein
Boiled Eggs 7375,snack,232,9.3,30.5,12.7,non_vegetarian,rajasthani,1,improve_stamina|carb_rich
Grilled Chicken 7376,dinner,378,13.0,74.6,17.4,non_vegetarian,rajasthani,1,weight_loss|light
Paneer Cubes 7377,snack,262,11.9,32.8,15.7,vegetarian,north_indian,1,weight_loss|light
Fruit Bowl 7378,breakfast,190,18.4,75.8,11.6,vegan,south_indian,1,weight_loss|light
Vegetable Poha 7379,breakfast,201,18.1,69.1,5.9,vegetarian,gujarati,1,weight_loss|light
Masala Omelette 7380,breakfast,269,6.8,67.6,3.5,non_vegetarian,hyderabadi,1,weight_loss|light
Chicken Curry Rice 7381,lunch,530,10.7,25.4,11.3,non_vegetarian,mixed,0,improve_stamina|carb_rich
Corn Chaat 7382,snack,111,6.2,22.2,11.2,vegan,gujarati,1,weight_loss|light
Thepla 7383,breakfast,283,9.8,37.9,16.0,vegetarian,mixed,1,weight_loss|light
Sprouts Salad 7384,snack,86,18.7,38.9,23.4,vegan,rajasthani,0,balanced|beginner
Thepla 7385,breakfast,404,19.0,68.9,15.1,vegetarian,rajasthani,1,weight_loss|light
Paneer Cubes 7386,snack,135,12.3,48.4,8.0,vegetarian,north_indian,1,weight_loss|light
Hyderabadi Biryani 7387,lunch,398,18.2,50.9,14.2,non_vegetarian,punjabi,1,improve_stamina|carb_rich
Tofu Stir Fry 7388,lunch,592,5.6,78.7,11.3,vegan,south_indian,0,improve_stamina|carb_rich
Fish Fry 7389,dinner,471,31.3,61.9,20.5,non_vegetarian,kerala,0,muscle_gain|high_protein
Buttermilk 7390,snack,187,8.9,59.8,15.9,vegetarian,hyderabadi,1,improve_stamina|carb_rich
Upma 7391,breakfast,307,5.8,64.4,5.8,vegetarian,bengali,1,balanced|beginner
Paneer Cubes 7392,snack,254,6.3,61.3,23.7,vegetarian,bengali,0,improve_stamina|carb_rich
Thepla 7393,breakfast,277,13.8,34.0,11.7,vegetarian,south_indian,1,weight_loss|light
Tofu Stir Fry 7394,lunch,599,29.7,20.3,5.2,vegan,hyderabadi,0,muscle_gain|high_protein
Chicken Curry Rice 7395,lunch,529,9.4,42.8,17.4,non_vegetarian,hyderabadi,0,improve_stamina|carb_rich
Fruit Salad 7396,snack,225,13.9,38.4,18.5,vegan,punjabi,0,improve_stamina|carb_rich
Paneer Roti 7397,lunch,401,19.0,58.0,13.1,vegetarian,kerala,1,balanced|beginner
Masala Omelette 7398,breakfast,263,31.6,38.4,4.8,non_vegetarian,gujarati,1,muscle_gain|high_protein
Vegetable Poha 7399,breakfast,428,6.0,75.4,19.9,vegetarian,hyderabadi,0,balanced|beginner
Protein Shake 7400,snack,141,42.7,75.9,17.3,vegetarian,north_indian,1,muscle_gain|high_protein
Fish Curry Rice 7401,lunch,439,9.1,25.5,3.2,non_vegetarian,bengali,1,improve_stamina|carb_rich
Peanut Chaat 7402,snack,111,9.6,64.8,4.2,vegetarian,rajasthani,1,weight_loss|light
Grilled Chicken 7403,dinner,447,10.1,47.7,5.3,non_vegetarian,gujarati,1,improve_stamina|carb_rich
Chicken Curry Rice 7404,lunch,652,7.6,70.2,21.8,non_vegetarian,bengali,0,weight_loss|light
Sabudana Khichdi 7405,breakfast,300,6.6,39.6,18.2,vegetarian,punjabi,0,balanced|beginner
Corn Chaat 7406,snack,161,29.1,32.3,24.8,vegan,kerala,0,muscle_gain|high_protein
Corn Chaat 7407,snack,262,17.9,37.4,3.9,vegan,gujarati,1,improve_stamina|carb_rich
Rajma Chawal 7408,lunch,528,10.9,78.5,8.4,vegetarian,punjabi,0,improve_stamina|carb_rich
Hyderabadi Biryani 7409,lunch,401,18.5,33.1,8.9,non_vegetarian,gujarati,1,muscle_gain|high_protein
Sabudana Khichdi 7410,breakfast,158,15.5,52.1,17.0,vegetarian,kerala,1,improve_stamina|carb_rich
Rajma Chawal 7411,lunch,370,14.3,33.2,17.0,vegetarian,maharashtrian,1,improve_stamina|carb_rich
Protein Shake 7412,snack,159,42.0,35.7,17.2,vegetarian,kerala,1,muscle_gain|high_protein
Mixed Veg Curry 7413,dinner,559,37.3,55.3,15.3,vegetarian,punjabi,0,muscle_gain|high_protein
Dal Tadka 7414,dinner,650,37.6,71.1,14.3,vegetarian,hyderabadi,0,muscle_gain|high_protein
Paneer Roti 7415,lunch,585,18.7,53.9,8.5,vegetarian,mixed,0,muscle_gain|high_protein
Peanut Chaat 7416,snack,96,14.7,52.7,22.1,vegetarian,maharashtrian,0,weight_loss|light
Fish Fry 7417,dinner,619,18.8,69.5,21.2,non_vegetarian,rajasthani,0,muscle_gain|high_protein
Kadhi Rice 7418,lunch,691,8.9,50.5,20.0,vegetarian,south_indian,0,improve_stamina|carb_rich
Grilled Chicken 7419,dinner,481,15.2,63.5,11.6,non_vegetarian,bengali,1,weight_loss|light
Fruit Bowl 7420,breakfast,344,12.3,67.5,20.8,vegan,rajasthani,0,weight_loss|light
Idli Sambar 7421,breakfast,204,11.5,33.1,5.6,vegetarian,punjabi,1,weight_loss|light
Buttermilk 7422,snack,162,7.5,45.0,17.2,vegetarian,punjabi,1,improve_stamina|carb_rich
Corn Chaat 7423,snack,180,21.9,67.8,13.5,vegan,south_indian,1,muscle_gain|high_protein
Roti Sabji 7424,dinner,452,8.8,25.5,19.9,vegetarian,north_indian,0,weight_loss|light
Sabudana Khichdi 7425,breakfast,223,19.5,50.8,11.8,vegetarian,bengali,1,muscle_gain|high_protein
Vegetable Khichdi 7426,lunch,435,30.6,40.0,23.0,vegetarian,punjabi,0,muscle_gain|high_protein
Fish Fry 7427,dinner,660,15.5,67.7,6.6,non_vegetarian,bengali,0,improve_stamina|carb_rich
Dal Tadka 7428,dinner,424,12.6,35.6,22.4,vegetarian,maharashtrian,0,weight_loss|light
Dal Tadka 7429,dinner,641,23.5,67.1,3.5,vegetarian,mixed,0,muscle_gain|high_protein
Fruit Salad 7430,snack,84,17.8,79.7,8.9,vegan,punjabi,1,improve_stamina|carb_rich
Sprouts Salad 7431,snack,265,10.3,48.1,11.3,vegan,south_indian,1,weight_loss|light
Fruit Salad 7432,snack,192,17.1,78.9,14.2,vegan,north_indian,1,balanced|beginner
Dal Rice 7433,lunch,699,15.3,64.0,13.6,vegetarian,north_indian,0,weight_loss|light
Paneer Sandwich 7434,breakfast,150,5.9,66.4,21.6,vegetarian,gujarati,0,improve_stamina|carb_rich
Paneer Cubes 7435,snack,216,7.0,62.9,15.6,vegetarian,hyderabadi,1,improve_stamina|carb_rich
Hyderabadi Biryani 7436,lunch,667,6.3,59.3,5.5,non_vegetarian,rajasthani,0,balanced|beginner
Vegetable Soup 7437,dinner,582,41.1,54.9,24.5,vegan,mixed,0,muscle_gain|high_protein
Fruit Salad 7438,snack,140,16.3,62.3,14.2,vegan,gujarati,1,improve_stamina|carb_rich
Chicken Curry Rice 7439,lunch,559,44.9,51.9,10.4,non_vegetarian,maharashtrian,0,muscle_gain|high_protein
Paneer Bhurji 7440,dinner,368,7.4,69.9,24.4,vegetarian,mixed,0,weight_loss|light
Paneer Sandwich 7441,breakfast,427,36.5,32.1,18.6,vegetarian,mixed,0,muscle_gain|high_protein
Corn Chaat 7442,snack,184,5.5,31.4,23.1,vegan,mixed,0,improve_stamina|carb_rich
Paneer Roti 7443,lunch,667,14.3,74.2,4.5,vegetarian,bengali,0,improve_stamina|carb_rich
Oats with Milk 7444,breakfast,432,16.4,79.1,15.7,vegetarian,bengali,1,balanced|beginner
Sprouts Salad 7445,snack,91,33.5,60.5,24.0,vegan,bengali,0,muscle_gain|high_protein
Fruit Bowl 7446,breakfast,380,13.8,43.1,22.3,vegan,south_indian,0,weight_loss|light
Paneer Sandwich 7447,breakfast,210,37.6,79.7,16.3,vegetarian,mixed,1,muscle_gain|high_protein
Vegetable Khichdi 7448,lunch,469,18.3,46.7,8.9,vegetarian,bengali,1,balanced|beginner
Grilled Chicken 7449,dinner,481,12.2,72.1,8.8,non_vegetarian,maharashtrian,1,weight_loss|light
Egg Curry 7450,dinner,577,6.8,50.9,13.1,non_vegetarian,mixed,0,improve_stamina|carb_rich
Fruit Bowl 7451,breakfast,185,11.5,47.9,23.4,vegan,punjabi,0,improve_stamina|carb_rich
Vegetable Khichdi 7452,lunch,364,10.6,33.9,24.0,vegetarian,south_indian,0,improve_stamina|carb_rich
Paneer Bhurji 7453,dinner,561,10.8,28.5,16.0,vegetarian,rajasthani,0,weight_loss|light
Upma 7454,breakfast,219,5.4,36.2,3.6,vegetarian,north_indian,1,balanced|beginner
Fruit Salad 7455,snack,142,9.1,78.0,11.5,vegan,maharashtrian,1,weight_loss|light
Boiled Eggs 7456,snack,231,25.8,28.5,19.6,non_vegetarian,kerala,0,muscle_gain|high_protein
Peanut Chaat 7457,snack,108,10.4,53.6,16.9,vegetarian,punjabi,1,weight_loss|light
Mixed Veg Curry 7458,dinner,575,37.3,60.7,22.7,vegetarian,mixed,0,muscle_gain|high_protein
Tofu Scramble 7459,breakfast,170,9.1,76.7,15.9,vegan,hyderabadi,1,balanced|beginner
Kadhi Rice 7460,lunch,395,6.7,60.1,9.9,vegetarian,kerala,1,balanced|beginner
Boiled Eggs 7461,snack,227,15.0,33.9,3.8,non_vegetarian,north_indian,1,weight_loss|light
Roti Sabji 7462,dinner,482,11.6,20.9,18.7,vegetarian,maharashtrian,0,weight_loss|light
Fish Fry 7463,dinner,406,5.1,79.5,12.7,non_vegetarian,north_indian,1,balanced|beginner
Paneer Cubes 7464,snack,175,12.2,71.3,18.6,vegetarian,mixed,0,balanced|beginner
Vegetable Soup 7465,dinner,524,6.8,79.3,12.9,vegan,rajasthani,0,weight_loss|light
Fish Curry Rice 7466,lunch,632,9.7,64.5,5.1,non_vegetarian,north_indian,0,balanced|beginner
Thepla 7467,breakfast,358,34.7,51.0,15.4,vegetarian,maharashtrian,1,muscle_gain|high_protein
Sprouts Salad 7468,snack,296,15.8,78.8,24.0,vegan,gujarati,0,balanced|beginner
Sabudana Khichdi 7469,breakfast,360,16.1,68.8,19.1,vegetarian,bengali,0,weight_loss|light
Oats with Milk 7470,breakfast,285,30.4,60.9,19.1,vegetarian,bengali,0,muscle_gain|high_protein
Kadhi Rice 7471,lunch,637,11.8,45.8,5.6,vegetarian,maharashtrian,0,weight_loss|light
Sprouts Salad 7472,snack,210,14.2,64.2,24.5,vegan,kerala,0,balanced|beginner
Peanut Chaat 7473,snack,95,15.8,34.5,18.6,vegetarian,bengali,0,balanced|beginner
Egg Curry 7474,dinner,515,10.6,67.4,11.2,non_vegetarian,south_indian,0,weight_loss|light
Peanut Chaat 7475,snack,279,44.3,65.5,19.3,vegetarian,punjabi,0,muscle_gain|high_protein
Thepla 7476,breakfast,447,41.2,46.1,22.4,vegetarian,rajasthani,0,muscle_gain|high_protein
Fish Fry 7477,dinner,417,11.2,46.6,17.7,non_vegetarian,south_indian,1,weight_loss|light
Chicken Curry Rice 7478,lunch,489,7.3,64.1,9.0,non_vegetarian,rajasthani,1,balanced|beginner
Paneer Roti 7479,lunch,573,11.9,50.1,8.7,vegetarian,punjabi,0,balanced|beginner
Corn Chaat 7480,snack,207,9.9,37.0,12.0,vegan,mixed,1,balanced|beginner
Tofu Curry 7481,dinner,588,22.6,60.7,8.2,vegan,hyderabadi,0,muscle_gain|high_protein
Protein Shake 7482,snack,276,15.7,38.3,3.9,vegetarian,north_indian,1,balanced|beginner
Upma 7483,breakfast,277,6.7,71.4,8.4,vegetarian,bengali,1,improve_stamina|carb_rich
Chicken Curry Rice 7484,lunch,375,18.2,56.6,24.2,non_vegetarian,north_indian,0,weight_loss|light
Paneer Cubes 7485,snack,154,15.3,47.0,10.1,vegetarian,punjabi,1,weight_loss|light
Chicken Curry Rice 7486,lunch,434,17.4,38.7,9.9,non_vegetarian,kerala,1,balanced|beginner
Tofu Curry 7487,dinner,625,7.4,34.2,12.3,vegan,mixed,0,balanced|beginner
Fish Fry 7488,dinner,477,21.8,69.5,5.5,non_vegetarian,maharashtrian,1,muscle_gain|high_protein
Dal Tadka 7489,dinner,379,19.7,61.9,17.1,vegetarian,gujarati,1,muscle_gain|high_protein
Tofu Scramble 7490,breakfast,392,19.6,25.7,20.5,vegan,rajasthani,0,balanced|beginner
Grilled Chicken 7491,dinner,521,18.3,39.3,7.2,non_vegetarian,punjabi,0,improve_stamina|carb_rich
Paneer Cubes 7492,snack,121,33.9,54.2,13.7,vegetarian,mixed,1,muscle_gain|high_protein
Mixed Veg Curry 7493,dinner,476,17.8,37.5,14.1,vegetarian,hyderabadi,1,improve_stamina|carb_rich
Paneer Sandwich 7494,breakfast,271,6.5,40.2,11.3,vegetarian,gujarati,1,balanced|beginner
Mixed Veg Curry 7495,dinner,433,8.0,63.3,8.3,vegetarian,kerala,1,balanced|beginner
Paneer Bhurji 7496,dinner,664,21.3,60.7,21.8,vegetarian,kerala,0,muscle_gain|high_protein
Mixed Veg Curry 7497,dinner,528,17.4,40.5,22.4,vegetarian,mixed,0,improve_stamina|carb_rich
Protein Shake 7498,snack,169,29.5,64.7,18.4,vegetarian,gujarati,0,muscle_gain|high_protein
Vegetable Soup 7499,dinner,496,14.5,69.1,12.9,vegan,hyderabadi,1,improve_stamina|carb_rich
Dal Rice 7500,lunch,556,36.3,41.5,11.9,vegetarian,south_indian,0,muscle_gain|high_protein
Dal Rice 7501,lunch,683,27.9,73.5,18.2,vegetarian,south_indian,0,muscle_gain|high_protein
Sprouts Salad 7502,snack,244,9.2,64.4,20.7,vegan,bengali,0,improve_stamina|carb_rich
Paneer Bhurji 7503,dinner,620,19.7,56.1,15.2,vegetarian,mixed,0,muscle_gain|high_protein
Vegetable Soup 7504,dinner,685,16.5,27.1,19.0,vegan,rajasthani,0,weight_loss|light
Paneer Sandwich 7505,breakfast,268,12.8,46.2,9.8,vegetarian,mixed,1,weight_loss|light
Tofu Curry 7506,dinner,391,16.1,44.5,24.3,vegan,mixed,0,weight_loss|light
Hyderabadi Biryani 7507,lunch,430,14.5,77.7,8.1,non_vegetarian,gujarati,1,improve_stamina|carb_rich
Paneer Sandwich 7508,breakfast,347,12.9,54.0,7.8,vegetarian,bengali,1,improve_stamina|carb_rich
Paneer Sandwich 7509,breakfast,235,14.0,56.0,18.8,vegetarian,punjabi,0,weight_loss|light
Roasted Chana 7510,snack,129,29.7,69.0,4.8,vegan,mixed,1,muscle_gain|high_protein
Tofu Scramble 7511,breakfast,390,14.3,21.6,8.0,vegan,bengali,1,weight_loss|light
Rajma Chawal 7512,lunch,403,7.7,69.9,21.4,vegetarian,hyderabadi,0,improve_stamina|carb_rich
Roti Sabji 7513,dinner,690,17.3,66.9,4.8,vegetarian,hyderabadi,0,balanced|beginner
Protein Shake 7514,snack,272,14.5,22.3,24.2,vegetarian,kerala,0,weight_loss|light
Vegetable Soup 7515,dinner,607,19.1,26.2,22.7,vegan,mixed,0,muscle_gain|high_protein
Tofu Curry 7516,dinner,377,12.9,55.1,9.8,vegan,maharashtrian,1,balanced|beginner
Fruit Bowl 7517,breakfast,224,6.7,25.8,10.0,vegan,mixed,1,improve_stamina|carb_rich
Masala Omelette 7518,breakfast,251,9.8,23.5,21.5,non_vegetarian,punjabi,0,weight_loss|light
Grilled Chicken 7519,dinner,426,7.6,60.5,3.8,non_vegetarian,punjabi,1,balanced|beginner
Idli Sambar 7520,breakfast,226,19.5,41.9,11.4,vegetarian,punjabi,1,weight_loss|light
Hyderabadi Biryani 7521,lunch,475,15.0,46.8,6.7,non_vegetarian,maharashtrian,1,improve_stamina|carb_rich
Paneer Bhurji 7522,dinner,443,19.9,46.6,11.5,vegetarian,hyderabadi,1,weight_loss|light
Oats with Milk 7523,breakfast,269,10.4,23.3,7.8,vegetarian,maharashtrian,1,weight_loss|light
Oats with Milk 7524,breakfast,423,19.5,61.1,10.0,vegetarian,punjabi,1,muscle_gain|high_protein
Paneer Cubes 7525,snack,175,19.3,23.3,13.1,vegetarian,north_indian,1,weight_loss|light
Oats with Milk 7526,breakfast,429,19.6,63.9,21.2,vegetarian,bengali,0,improve_stamina|carb_rich
Thepla 7527,breakfast,253,11.6,70.4,3.5,vegetarian,north_indian,1,improve_stamina|carb_rich
Fruit Salad 7528,snack,119,33.4,37.3,10.6,vegan,rajasthani,1,muscle_gain|high_protein
Paneer Roti 7529,lunch,495,8.8,75.6,4.1,vegetarian,bengali,1,weight_loss|light
Dal Tadka 7530,dinner,659,41.4,51.7,11.9,vegetarian,gujarati,0,muscle_gain|high_protein
Grilled Chicken 7531,dinner,364,21.9,65.2,3.9,non_vegetarian,north_indian,1,muscle_gain|high_protein
Rajma Chawal 7532,lunch,387,25.2,53.9,21.7,vegetarian,mixed,0,muscle_gain|high_protein
Dal Tadka 7533,dinner,402,16.5,73.2,4.0,vegetarian,bengali,1,improve_stamina|carb_rich
Fruit Bowl 7534,breakfast,369,22.2,49.7,11.8,vegan,south_indian,1,muscle_gain|high_protein
Hyderabadi Biryani 7535,lunch,429,15.1,63.4,22.0,non_vegetarian,punjabi,0,improve_stamina|carb_rich
Roti Sabji 7536,dinner,440,10.2,48.2,18.5,vegetarian,rajasthani,0,improve_stamina|carb_rich
Grilled Chicken 7537,dinner,404,7.5,55.5,4.5,non_vegetarian,rajasthani,1,weight_loss|light
Fruit Salad 7538,snack,288,15.6,27.1,16.3,vegan,north_indian,1,balanced|beginner
Roasted Chana 7539,snack,255,13.2,52.4,20.6,vegan,south_indian,0,weight_loss|light
Tofu Curry 7540,dinner,629,7.0,67.4,10.1,vegan,kerala,0,weight_loss|light
Sprouts Salad 7541,snack,223,17.3,77.8,15.0,vegan,hyderabadi,1,balanced|beginner
Protein Shake 7542,snack,184,11.2,27.8,10.2,vegetarian,rajasthani,1,balanced|beginner
Peanut Chaat 7543,snack,251,19.3,79.2,23.3,vegetarian,kerala,0,balanced|beginner
Egg Curry 7544,dinner,487,22.4,61.2,10.6,non_vegetarian,hyderabadi,1,muscle_gain|high_protein
Oats with Milk 7545,breakfast,283,11.3,74.1,13.8,vegetarian,kerala,1,weight_loss|light
Buttermilk 7546,snack,220,19.6,28.5,7.5,vegetarian,north_indian,1,improve_stamina|carb_rich
Oats with Milk 7547,breakfast,168,8.2,40.9,8.2,vegetarian,bengali,1,balanced|beginner
Upma 7548,breakfast,417,35.1,57.5,18.6,vegetarian,south_indian,0,muscle_gain|high_protein
Paneer Roti 7549,lunch,493,44.4,30.8,10.8,vegetarian,rajasthani,1,muscle_gain|high_protein
Protein Shake 7550,snack,190,16.9,30.3,11.4,vegetarian,bengali,1,improve_stamina|carb_rich
Paneer Roti 7551,lunch,650,20.1,42.7,14.5,vegetarian,rajasthani,0,muscle_gain|high_protein
Fruit Salad 7552,snack,264,44.2,36.9,17.5,vegan,punjabi,1,muscle_gain|high_protein
Upma 7553,breakfast,188,19.5,66.7,24.9,vegetarian,gujarati,0,weight_loss|light
Hyderabadi Biryani 7554,lunch,442,8.5,70.0,12.4,non_vegetarian,hyderabadi,1,weight_loss|light
Thepla 7555,breakfast,190,5.7,64.0,12.5,vegetarian,kerala,1,balanced|beginner
Paneer Sandwich 7556,breakfast,272,38.5,59.8,20.2,vegetarian,punjabi,0,muscle_gain|high_protein
Grilled Chicken 7557,dinner,590,11.4,78.3,14.1,non_vegetarian,maharashtrian,0,weight_loss|light
Hyderabadi Biryani 7558,lunch,478,15.2,47.0,8.7,non_vegetarian,gujarati,1,weight_loss|light
Dal Tadka 7559,dinner,604,17.8,36.4,3.9,vegetarian,rajasthani,0,improve_stamina|carb_rich
Vegetable Poha 7560,breakfast,448,7.8,55.1,15.7,vegetarian,bengali,1,improve_stamina|carb_rich
Roti Sabji 7561,dinner,688,34.7,32.4,24.4,vegetarian,bengali,0,muscle_gain|high_protein
Vegetable Soup 7562,dinner,453,6.3,64.4,11.8,vegan,kerala,1,weight_loss|light
Vegetable Poha 7563,breakfast,438,17.9,28.0,4.1,vegetarian,south_indian,1,balanced|beginner
Upma 7564,breakfast,398,14.7,39.9,8.8,vegetarian,north_indian,1,improve_stamina|carb_rich
Buttermilk 7565,snack,276,11.8,34.2,19.6,vegetarian,mixed,0,weight_loss|light
Chicken Curry Rice 7566,lunch,562,8.8,61.8,4.3,non_vegetarian,rajasthani,0,improve_stamina|carb_rich
Fruit Salad 7567,snack,107,36.0,21.2,18.6,vegan,mixed,0,muscle_gain|high_protein
Fish Fry 7568,dinner,690,17.2,20.1,5.6,non_vegetarian,gujarati,0,improve_stamina|carb_rich
Tofu Curry 7569,dinner,660,11.2,39.8,15.8,vegan,south_indian,0,balanced|beginner
Oats with Milk 7570,breakfast,412,15.5,77.5,13.6,vegetarian,bengali,1,weight_loss|light
Fruit Bowl 7571,breakfast,389,36.7,39.7,3.2,vegan,bengali,1,muscle_gain|high_protein
Paneer Cubes 7572,snack,86,16.6,38.5,22.8,vegetarian,kerala,0,balanced|beginner
Vegetable Khichdi 7573,lunch,560,17.0,25.3,6.3,vegetarian,punjabi,0,balanced|beginner
Sabudana Khichdi 7574,breakfast,172,14.8,36.1,9.8,vegetarian,hyderabadi,1,balanced|beginner
Oats with Milk 7575,breakfast,209,21.4,30.5,7.2,vegetarian,south_indian,1,muscle_gain|high_protein
Hyderabadi Biryani 7576,lunch,594,7.6,28.2,22.5,non_vegetarian,north_indian,0,balanced|beginner
Chicken Curry Rice 7577,lunch,578,10.5,34.9,4.0,non_vegetarian,gujarati,0,improve_stamina|carb_rich
Idli Sambar 7578,breakfast,214,39.6,25.7,10.6,vegetarian,rajasthani,1,muscle_gain|high_protein
Rajma Chawal 7579,lunch,404,39.6,53.1,24.9,vegetarian,rajasthani,0,muscle_gain|high_protein
Kadhi Rice 7580,lunch,404,17.4,54.8,13.7,vegetarian,south_indian,1,balanced|beginner
Vegetable Khichdi 7581,lunch,479,19.1,47.2,3.5,vegetarian,rajasthani,1,balanced|beginner
Vegetable Khichdi 7582,lunch,408,11.0,52.4,8.7,vegetarian,punjabi,1,improve_stamina|carb_rich
Vegetable Poha 7583,breakfast,221,30.2,56.8,7.1,vegetarian,gujarati,1,muscle_gain|high_protein
Fruit Bowl 7584,breakfast,308,39.1,27.7,16.7,vegan,mixed,1,muscle_gain|high_protein
Fish Fry 7585,dinner,446,17.1,59.1,24.6,non_vegetarian,kerala,0,improve_stamina|carb_rich
Paneer Sandwich 7586,breakfast,345,6.2,66.5,8.9,vegetarian,maharashtrian,1,balanced|beginner
Dal Rice 7587,lunch,696,15.6,32.6,11.5,vegetarian,kerala,0,balanced|beginner
Tofu Curry 7588,dinner,615,11.7,41.0,16.1,vegan,hyderabadi,0,improve_stamina|carb_rich
Sabudana Khichdi 7589,breakfast,231,9.4,46.4,9.4,vegetarian,hyderabadi,1,weight_loss|light
Sprouts Salad 7590,snack,223,17.0,67.9,16.6,vegan,bengali,1,weight_loss|light
Roasted Chana 7591,snack,157,15.1,72.8,10.0,vegan,north_indian,1,balanced|beginner
Masala Omelette 7592,breakfast,245,32.6,69.2,20.6,non_vegetarian,bengali,0,muscle_gain|high_protein
Fish Fry 7593,dinner,451,11.5,67.0,13.1,non_vegetarian,rajasthani,1,improve_stamina|carb_rich
Thepla 7594,breakfast,297,9.9,77.6,12.1,vegetarian,rajasthani,1,weight_loss|light
Fruit Salad 7595,snack,152,6.1,51.8,12.0,vegan,hyderabadi,1,improve_stamina|carb_rich
Peanut Chaat 7596,snack,256,17.8,69.5,19.0,vegetarian,north_indian,0,improve_stamina|carb_rich
Fruit Salad 7597,snack,290,9.9,46.7,13.3,vegan,mixed,1,balanced|beginner
Tofu Stir Fry 7598,lunch,641,19.7,21.7,9.9,vegan,maharashtrian,0,weight_loss|light
Fish Fry 7599,dinner,466,5.9,61.5,7.6,non_vegetarian,south_indian,1,weight_loss|light
Pav Bhaji 7600,lunch,681,19.1,23.2,12.1,vegetarian,maharashtrian,0,improve_stamina|carb_rich
Kadhi Rice 7601,lunch,571,30.3,45.2,8.4,vegetarian,bengali,0,muscle_gain|high_protein
Upma 7602,breakfast,231,8.6,41.4,21.8,vegetarian,bengali,0,improve_stamina|carb_rich
Thepla 7603,breakfast,353,11.7,23.7,4.1,vegetarian,punjabi,1,balanced|beginner
Kadhi Rice 7604,lunch,487,9.3,34.1,21.4,vegetarian,mixed,0,improve_stamina|carb_rich
Kadhi Rice 7605,lunch,693,5.3,54.1,13.6,vegetarian,maharashtrian,0,improve_stamina|carb_rich
Vegetable Soup 7606,dinner,584,12.8,75.1,12.1,vegan,kerala,0,weight_loss|light
Corn Chaat 7607,snack,187,16.6,27.2,3.1,vegan,north_indian,1,weight_loss|light
Pav Bhaji 7608,lunch,679,5.2,67.4,19.2,vegetarian,maharashtrian,0,weight_loss|light
Tofu Scramble 7609,breakfast,384,37.2,43.2,6.8,vegan,kerala,1,muscle_gain|high_protein
Dal Tadka 7610,dinner,368,15.2,53.6,20.5,vegetarian,hyderabadi,0,improve_stamina|carb_rich
Sprouts Salad 7611,snack,80,6.9,46.7,4.6,vegan,rajasthani,1,weight_loss|light
Fruit Bowl 7612,breakfast,394,17.3,77.4,6.4,vegan,south_indian,1,improve_stamina|carb_rich
Egg Curry 7613,dinner,389,30.9,23.5,16.8,non_vegetarian,maharashtrian,1,muscle_gain|high_protein
Paneer Cubes 7614,snack,139,14.1,32.1,3.1,vegetarian,rajasthani,1,balanced|beginner
Buttermilk 7615,snack,205,12.3,38.0,14.8,vegetarian,south_indian,1,balanced|beginner
Grilled Chicken 7616,dinner,442,33.5,68.6,5.3,non_vegetarian,north_indian,1,muscle_gain|high_protein
Hyderabadi Biryani 7617,lunch,596,18.0,32.0,14.4,non_vegetarian,punjabi,0,improve_stamina|carb_rich
Tofu Stir Fry 7618,lunch,634,37.8,40.5,5.2,vegan,hyderabadi,0,muscle_gain|high_protein
Vegetable Khichdi 7619,lunch,441,8.6,44.6,7.8,vegetarian,rajasthani,1,weight_loss|light
Rajma Chawal 7620,lunch,429,18.7,54.5,14.7,vegetarian,bengali,1,improve_stamina|carb_rich
Sprouts Salad 7621,snack,87,38.6,78.9,24.6,vegan,mixed,0,muscle_gain|high_protein
Kadhi Rice 7622,lunch,352,39.7,41.9,21.1,vegetarian,south_indian,0,muscle_gain|high_protein
Fruit Salad 7623,snack,240,12.2,76.3,16.8,vegan,hyderabadi,1,balanced|beginner
Fruit Salad 7624,snack,221,15.5,55.4,16.9,vegan,maharashtrian,1,weight_loss|light
Tofu Stir Fry 7625,lunch,568,15.3,67.8,16.3,vegan,gujarati,0,improve_stamina|carb_rich
Buttermilk 7626,snack,248,10.6,75.5,24.2,vegetarian,gujarati,0,improve_stamina|carb_rich
Masala Omelette 7627,breakfast,388,9.2,56.0,8.0,non_vegetarian,punjabi,1,balanced|beginner
Paneer Bhurji 7628,dinner,350,24.4,66.9,16.7,vegetarian,south_indian,1,muscle_gain|high_protein
Dal Rice 7629,lunch,572,9.1,22.6,9.9,vegetarian,mixed,0,weight_loss|light
Vegetable Poha 7630,breakfast,388,9.4,77.9,10.2,vegetarian,mixed,1,weight_loss|light
Peanut Chaat 7631,snack,297,5.8,68.2,12.3,vegetarian,mixed,1,balanced|beginner
Vegetable Khichdi 7632,lunch,403,20.1,41.2,18.1,vegetarian,south_indian,0,muscle_gain|high_protein
Boiled Eggs 7633,snack,111,10.3,56.1,22.8,non_vegetarian,mixed,0,balanced|beginner
Dal Tadka 7634,dinner,630,18.1,36.4,24.6,vegetarian,gujarati,0,balanced|beginner
Paneer Roti 7635,lunch,505,16.6,43.7,17.5,vegetarian,kerala,0,weight_loss|light
Hyderabadi Biryani 7636,lunch,643,10.9,41.0,11.0,non_vegetarian,maharashtrian,0,improve_stamina|carb_rich
Mixed Veg Curry 7637,dinner,508,14.4,55.0,19.7,vegetarian,mixed,0,balanced|beginner
Fish Fry 7638,dinner,546,7.4,66.7,20.9,non_vegetarian,rajasthani,0,improve_stamina|carb_rich
Rajma Chawal 7639,lunch,483,26.1,56.9,9.7,vegetarian,south_indian,1,muscle_gain|high_protein
Thepla 7640,breakfast,318,19.7,51.1,6.0,vegetarian,kerala,1,weight_loss|light
Dal Rice 7641,lunch,579,14.6,20.7,13.3,vegetarian,rajasthani,0,improve_stamina|carb_rich
Oats with Milk 7642,breakfast,339,18.8,49.3,24.0,vegetarian,mixed,0,weight_loss|light
Roti Sabji 7643,dinner,455,6.6,27.6,13.0,vegetarian,gujarati,1,weight_loss|light
Tofu Stir Fry 7644,lunch,437,19.4,65.2,3.2,vegan,punjabi,1,improve_stamina|carb_rich
Fish Curry Rice 7645,lunch,552,10.3,62.6,3.8,non_vegetarian,hyderabadi,0,improve_stamina|carb_rich
Buttermilk 7646,snack,169,10.0,36.7,9.9,vegetarian,north_indian,1,balanced|beginner
Fish Curry Rice 7647,lunch,559,19.4,42.7,8.3,non_vegetarian,south_indian,0,muscle_gain|high_protein
Boiled Eggs 7648,snack,295,8.8,61.0,18.4,non_vegetarian,mixed,0,improve_stamina|carb_rich
Buttermilk 7649,snack,146,18.8,54.7,15.2,vegetarian,rajasthani,1,improve_stamina|carb_rich
Boiled Eggs 7650,snack,222,10.1,35.8,9.6,non_vegetarian,punjabi,1,balanced|beginner
Vegetable Soup 7651,dinner,438,34.3,47.9,24.3,vegan,maharashtrian,0,muscle_gain|high_protein
Sabudana Khichdi 7652,breakfast,379,43.5,49.9,8.2,vegetarian,mixed,1,muscle_gain|high_protein
Rajma Chawal 7653,lunch,583,15.1,65.6,18.2,vegetarian,south_indian,0,balanced|beginner
Sabudana Khichdi 7654,breakfast,355,19.8,27.4,3.3,vegetarian,rajasthani,1,balanced|beginner
Sprouts Salad 7655,snack,220,28.7,62.4,16.2,vegan,kerala,1,muscle_gain|high_protein
Vegetable Poha 7656,breakfast,272,13.0,34.3,10.9,vegetarian,punjabi,1,weight_loss|light
Roti Sabji 7657,dinner,388,13.4,56.7,13.6,vegetarian,gujarati,1,balanced|beginner
Buttermilk 7658,snack,164,13.8,48.1,5.1,vegetarian,mixed,1,weight_loss|light
Masala Omelette 7659,breakfast,263,5.3,71.1,16.7,non_vegetarian,south_indian,1,improve_stamina|carb_rich
Paneer Bhurji 7660,dinner,591,17.3,21.8,10.7,vegetarian,north_indian,0,weight_loss|light
Vegetable Soup 7661,dinner,691,16.9,41.0,5.2,vegan,mixed,0,weight_loss|light
Sprouts Salad 7662,snack,118,12.3,37.0,19.9,vegan,kerala,0,balanced|beginner
Paneer Cubes 7663,snack,295,7.3,35.5,9.0,vegetarian,north_indian,1,improve_stamina|carb_rich
Roasted Chana 7664,snack,119,6.8,20.6,14.7,vegan,gujarati,1,improve_stamina|carb_rich
Tofu Scramble 7665,breakfast,239,6.2,62.8,13.8,vegan,punjabi,1,balanced|beginner
Tofu Stir Fry 7666,lunch,523,23.1,30.3,22.1,vegan,kerala,0,muscle_gain|high_protein
Vegetable Khichdi 7667,lunch,616,40.9,37.1,24.8,vegetarian,south_indian,0,muscle_gain|high_protein
Corn Chaat 7668,snack,248,34.7,62.6,19.1,vegan,north_indian,0,muscle_gain|high_protein
Fruit Bowl 7669,breakfast,199,15.5,37.3,4.2,vegan,north_indian,1,improve_stamina|carb_rich
Masala Omelette 7670,breakfast,176,5.8,77.4,23.3,non_vegetarian,kerala,0,balanced|beginner
Chicken Curry Rice 7671,lunch,629,20.0,21.2,16.7,non_vegetarian,bengali,0,balanced|beginner
Egg Curry 7672,dinner,365,14.3,70.1,18.9,non_vegetarian,mixed,0,balanced|beginner
Tofu Curry 7673,dinner,562,16.5,40.4,5.8,vegan,north_indian,0,balanced|beginner
Roti Sabji 7674,dinner,607,7.8,57.2,12.2,vegetarian,hyderabadi,0,balanced|beginner
Chicken Curry Rice 7675,lunch,684,19.1,62.5,6.3,non_vegetarian,punjabi,0,improve_stamina|carb_rich
Buttermilk 7676,snack,121,18.4,34.8,3.2,vegetarian,north_indian,1,weight_loss|light
Paneer Bhurji 7677,dinner,636,6.9,46.6,16.6,vegetarian,punjabi,0,weight_loss|light
Roti Sabji 7678,dinner,427,42.2,51.3,12.5,vegetarian,maharashtrian,1,muscle_gain|high_protein
Upma 7679,breakfast,270,31.4,62.8,13.1,vegetarian,hyderabadi,1,muscle_gain|high_protein
Paneer Cubes 7680,snack,159,11.0,64.7,19.5,vegetarian,maharashtrian,0,weight_loss|light
Egg Curry 7681,dinner,468,11.3,27.6,23.0,non_vegetarian,mixed,0,balanced|beginner
Boiled Eggs 7682,snack,120,15.3,38.0,18.1,non_vegetarian,hyderabadi,0,balanced|beginner
Dal Tadka 7683,dinner,389,7.1,39.6,13.5,vegetarian,rajasthani,1,improve_stamina|carb_rich
Pav Bhaji 7684,lunch,571,12.2,45.5,7.2,vegetarian,gujarati,0,weight_loss|light
Tofu Stir Fry 7685,lunch,682,15.3,73.7,17.7,vegan,bengali,0,improve_stamina|carb_rich
Paneer Bhurji 7686,dinner,678,27.2,48.2,17.0,vegetarian,south_indian,0,muscle_gain|high_protein
Paneer Sandwich 7687,breakfast,378,25.7,26.8,16.9,vegetarian,kerala,1,muscle_gain|high_protein
Roasted Chana 7688,snack,218,13.8,27.6,5.8,vegan,rajasthani,1,balanced|beginner
Protein Shake 7689,snack,153,9.4,54.3,20.2,vegetarian,punjabi,0,improve_stamina|carb_rich
Dal Rice 7690,lunch,650,17.6,55.1,21.4,vegetarian,kerala,0,balanced|beginner
Tofu Scramble 7691,breakfast,404,24.2,77.4,5.5,vegan,kerala,1,muscle_gain|high_protein
Upma 7692,breakfast,160,10.6,76.7,21.6,vegetarian,north_indian,0,improve_stamina|carb_rich
Fruit Salad 7693,snack,88,36.5,71.0,4.9,vegan,rajasthani,1,muscle_gain|high_protein
Tofu Stir Fry 7694,lunch,417,39.3,65.8,19.0,vegan,bengali,0,muscle_gain|high_protein
Tofu Scramble 7695,breakfast,376,16.6,48.1,15.1,vegan,rajasthani,1,improve_stamina|carb_rich
Vegetable Soup 7696,dinner,644,37.1,45.8,6.6,vegan,north_indian,0,muscle_gain|high_protein
Dal Rice 7697,lunch,448,12.6,72.2,12.0,vegetarian,kerala,1,weight_loss|light
Protein Shake 7698,snack,274,11.2,69.7,7.6,vegetarian,south_indian,1,weight_loss|light
Tofu Curry 7699,dinner,399,19.6,63.8,20.7,vegan,bengali,0,weight_loss|light
Fruit Bowl 7700,breakfast,429,17.6,76.5,22.7,vegan,rajasthani,0,balanced|beginner
Mixed Veg Curry 7701,dinner,590,7.4,49.8,15.4,vegetarian,punjabi,0,improve_stamina|carb_rich
Idli Sambar 7702,breakfast,333,9.7,73.8,18.7,vegetarian,kerala,0,balanced|beginner
Sabudana Khichdi 7703,breakfast,170,30.6,24.6,20.8,vegetarian,rajasthani,0,muscle_gain|high_protein
Tofu Stir Fry 7704,lunch,672,14.7,47.1,14.0,vegan,mixed,0,weight_loss|light
Vegetable Khichdi 7705,lunch,383,12.7,55.1,15.9,vegetarian,punjabi,1,weight_loss|light
Roasted Chana 7706,snack,114,9.0,62.7,22.2,vegan,punjabi,0,balanced|beginner
Hyderabadi Biryani 7707,lunch,427,18.1,62.7,17.0,non_vegetarian,rajasthani,1,muscle_gain|high_protein
Vegetable Poha 7708,breakfast,340,10.8,68.3,6.4,vegetarian,hyderabadi,1,improve_stamina|carb_rich
Fish Fry 7709,dinner,643,26.4,53.5,21.2,non_vegetarian,rajasthani,0,muscle_gain|high_protein
Tofu Scramble 7710,breakfast,154,37.9,27.2,18.4,vegan,gujarati,0,muscle_gain|high_protein
Boiled Eggs 7711,snack,190,30.6,34.4,14.8,non_vegetarian,rajasthani,1,muscle_gain|high_protein
Roasted Chana 7712,snack,161,9.1,74.3,3.4,vegan,north_indian,1,improve_stamina|carb_rich
Vegetable Poha 7713,breakfast,380,13.5,44.4,22.7,vegetarian,maharashtrian,0,weight_loss|light
Fruit Bowl 7714,breakfast,303,8.0,34.0,24.8,vegan,bengali,0,improve_stamina|carb_rich
Egg Curry 7715,dinner,419,12.7,33.6,21.7,non_vegetarian,mixed,0,improve_stamina|carb_rich
Corn Chaat 7716,snack,123,10.2,67.4,20.8,vegan,hyderabadi,0,improve_stamina|carb_rich
Hyderabadi Biryani 7717,lunch,456,13.2,50.7,15.3,non_vegetarian,punjabi,1,improve_stamina|carb_rich
Kadhi Rice 7718,lunch,700,34.1,56.7,25.0,vegetarian,rajasthani,0,muscle_gain|high_protein
Oats with Milk 7719,breakfast,356,14.2,23.3,16.0,vegetarian,gujarati,1,improve_stamina|carb_rich
Pav Bhaji 7720,lunch,547,6.2,46.3,6.2,vegetarian,mixed,0,weight_loss|light
Chicken Curry Rice 7721,lunch,535,5.1,72.0,9.2,non_vegetarian,rajasthani,0,improve_stamina|carb_rich
Masala Omelette 7722,breakfast,394,6.9,37.7,15.9,non_vegetarian,bengali,1,balanced|beginner
Pav Bhaji 7723,lunch,521,34.0,73.2,20.0,vegetarian,south_indian,0,muscle_gain|high_protein
Fruit Salad 7724,snack,98,35.9,46.6,6.0,vegan,gujarati,1,muscle_gain|high_protein
Dal Rice 7725,lunch,691,7.8,71.7,13.7,vegetarian,south_indian,0,weight_loss|light
Dal Rice 7726,lunch,544,7.4,52.1,10.0,vegetarian,punjabi,0,improve_stamina|carb_rich
Hyderabadi Biryani 7727,lunch,425,18.2,52.2,3.5,non_vegetarian,kerala,1,improve_stamina|carb_rich
Thepla 7728,breakfast,433,9.5,59.1,9.2,vegetarian,bengali,1,balanced|beginner
Peanut Chaat 7729,snack,173,10.6,41.0,17.3,vegetarian,punjabi,1,balanced|beginner
Tofu Curry 7730,dinner,394,43.5,66.9,13.2,vegan,bengali,1,muscle_gain|high_protein
Paneer Cubes 7731,snack,223,5.1,48.1,13.1,vegetarian,maharashtrian,1,balanced|beginner
Paneer Cubes 7732,snack,280,5.5,49.6,16.7,vegetarian,bengali,1,weight_loss|light
Fish Curry Rice 7733,lunch,427,27.6,59.1,6.1,non_vegetarian,rajasthani,1,muscle_gain|high_protein
Vegetable Poha 7734,breakfast,444,7.6,74.5,10.9,vegetarian,bengali,1,weight_loss|light
Fruit Bowl 7735,breakfast,402,5.5,29.7,19.2,vegan,north_indian,0,balanced|beginner
Fruit Salad 7736,snack,191,34.4,23.4,16.1,vegan,south_indian,1,muscle_gain|high_protein
Rajma Chawal 7737,lunch,493,11.9,22.4,14.9,vegetarian,kerala,1,balanced|beginner
Dal Rice 7738,lunch,350,18.2,72.9,20.7,vegetarian,north_indian,0,balanced|beginner
Upma 7739,breakfast,423,15.9,79.2,24.2,vegetarian,rajasthani,0,balanced|beginner
Idli Sambar 7740,breakfast,226,17.7,24.2,17.5,vegetarian,south_indian,1,improve_stamina|carb_rich
Dal Rice 7741,lunch,628,36.6,78.7,10.5,vegetarian,rajasthani,0,muscle_gain|high_protein
Hyderabadi Biryani 7742,lunch,675,37.6,65.0,4.0,non_vegetarian,kerala,0,muscle_gain|high_protein
Tofu Curry 7743,dinner,669,12.2,40.2,7.2,vegan,rajasthani,0,balanced|beginner
Tofu Curry 7744,dinner,529,6.0,65.9,4.1,vegan,gujarati,0,weight_loss|light
Upma 7745,breakfast,357,18.7,40.7,10.8,vegetarian,hyderabadi,1,muscle_gain|high_protein
Vegetable Poha 7746,breakfast,307,17.1,47.8,6.9,vegetarian,bengali,1,weight_loss|light
Roasted Chana 7747,snack,97,12.8,34.0,4.6,vegan,mixed,1,weight_loss|light
Vegetable Khichdi 7748,lunch,637,21.4,51.2,18.1,vegetarian,bengali,0,muscle_gain|high_protein
Boiled Eggs 7749,snack,164,17.5,26.4,24.8,non_vegetarian,hyderabadi,0,balanced|beginner
Sabudana Khichdi 7750,breakfast,285,43.1,35.7,25.0,vegetarian,maharashtrian,0,muscle_gain|high_protein
Fruit Bowl 7751,breakfast,338,16.3,47.0,19.7,vegan,hyderabadi,0,weight_loss|light
Masala Omelette 7752,breakfast,379,13.4,28.4,5.7,non_vegetarian,rajasthani,1,balanced|beginner
Paneer Bhurji 7753,dinner,592,15.7,61.9,18.5,vegetarian,kerala,0,improve_stamina|carb_rich
Fruit Salad 7754,snack,289,15.8,50.4,11.0,vegan,gujarati,1,weight_loss|light
Peanut Chaat 7755,snack,210,16.5,30.7,15.4,vegetarian,hyderabadi,1,improve_stamina|carb_rich
Fish Fry 7756,dinner,454,30.2,42.4,3.4,non_vegetarian,bengali,1,muscle_gain|high_protein
Rajma Chawal 7757,lunch,464,10.4,66.0,5.2,vegetarian,maharashtrian,1,weight_loss|light
Thepla 7758,breakfast,239,14.2,55.9,21.6,vegetarian,punjabi,0,balanced|beginner
Oats with Milk 7759,breakfast,367,14.7,46.0,3.2,vegetarian,bengali,1,improve_stamina|carb_rich
Paneer Bhurji 7760,dinner,639,18.0,76.1,23.2,vegetarian,mixed,0,improve_stamina|carb_rich
Peanut Chaat 7761,snack,215,22.7,51.6,22.7,vegetarian,mixed,0,muscle_gain|high_protein
Paneer Bhurji 7762,dinner,453,6.0,31.5,16.4,vegetarian,hyderabadi,1,improve_stamina|carb_rich
Peanut Chaat 7763,snack,288,30.4,71.0,17.0,vegetarian,north_indian,1,muscle_gain|high_protein
Corn Chaat 7764,snack,97,37.3,65.6,18.4,vegan,bengali,0,muscle_gain|high_protein
Rajma Chawal 7765,lunch,595,18.2,55.4,12.3,vegetarian,maharashtrian,0,weight_loss|light
Vegetable Khichdi 7766,lunch,572,17.6,33.7,21.4,vegetarian,kerala,0,weight_loss|light
Rajma Chawal 7767,lunch,625,10.0,70.0,12.8,vegetarian,north_indian,0,improve_stamina|carb_rich
Corn Chaat 7768,snack,151,20.5,50.9,23.7,vegan,kerala,0,muscle_gain|high_protein
Dal Rice 7769,lunch,357,12.1,40.0,18.4,vegetarian,rajasthani,0,balanced|beginner
Kadhi Rice 7770,lunch,356,19.1,65.0,7.5,vegetarian,rajasthani,1,improve_stamina|carb_rich
Rajma Chawal 7771,lunch,388,16.1,70.7,17.8,vegetarian,hyderabadi,1,improve_stamina|carb_rich
Idli Sambar 7772,breakfast,258,26.1,20.7,19.0,vegetarian,bengali,0,muscle_gain|high_protein
Boiled Eggs 7773,snack,228,5.2,37.4,9.4,non_vegetarian,rajasthani,1,weight_loss|light
Idli Sambar 7774,breakfast,173,9.4,35.7,11.5,vegetarian,south_indian,1,weight_loss|light
Tofu Stir Fry 7775,lunch,599,44.4,20.3,18.8,vegan,north_indian,0,muscle_gain|high_protein
Peanut Chaat 7776,snack,249,34.4,38.0,16.5,vegetarian,maharashtrian,1,muscle_gain|high_protein
Dal Tadka 7777,dinner,517,19.5,71.2,9.6,vegetarian,kerala,0,muscle_gain|high_protein
Thepla 7778,breakfast,257,8.5,44.5,11.6,vegetarian,mixed,1,balanced|beginner
Fish Curry Rice 7779,lunch,648,13.7,29.5,4.6,non_vegetarian,bengali,0,improve_stamina|carb_rich
Vegetable Poha 7780,breakfast,170,8.4,44.5,17.8,vegetarian,kerala,1,weight_loss|light
Idli Sambar 7781,breakfast,185,5.7,44.6,13.2,vegetarian,kerala,1,balanced|beginner
Corn Chaat 7782,snack,189,15.5,50.6,7.8,vegan,maharashtrian,1,balanced|beginner
Masala Omelette 7783,breakfast,288,15.1,66.5,16.0,non_vegetarian,kerala,1,weight_loss|light
Pav Bhaji 7784,lunch,597,29.8,68.8,23.8,vegetarian,south_indian,0,muscle_gain|high_protein
Paneer Sandwich 7785,breakfast,377,12.9,77.3,7.0,vegetarian,punjabi,1,balanced|beginner
Paneer Sandwich 7786,breakfast,223,8.7,42.7,14.5,vegetarian,hyderabadi,1,weight_loss|light
Dal Rice 7787,lunch,504,12.3,70.3,10.3,vegetarian,rajasthani,0,balanced|beginner
Fish Curry Rice 7788,lunch,549,15.2,74.3,24.9,non_vegetarian,kerala,0,weight_loss|light
Paneer Bhurji 7789,dinner,373,8.1,70.8,10.3,vegetarian,kerala,1,balanced|beginner
Upma 7790,breakfast,312,35.9,77.5,7.1,vegetarian,bengali,1,muscle_gain|high_protein
Protein Shake 7791,snack,172,12.0,39.3,15.8,vegetarian,rajasthani,1,balanced|beginner
Fish Curry Rice 7792,lunch,700,34.4,41.6,12.7,non_vegetarian,maharashtrian,0,muscle_gain|high_protein
Grilled Chicken 7793,dinner,455,18.7,48.8,6.8,non_vegetarian,maharashtrian,1,improve_stamina|carb_rich
Egg Curry 7794,dinner,576,17.7,40.1,17.7,non_vegetarian,mixed,0,improve_stamina|carb_rich
Thepla 7795,breakfast,326,10.0,40.1,17.3,vegetarian,gujarati,1,balanced|beginner
Dal Tadka 7796,dinner,688,16.0,67.2,14.2,vegetarian,rajasthani,0,improve_stamina|carb_rich
Dal Rice 7797,lunch,401,18.8,33.1,5.1,vegetarian,north_indian,1,improve_stamina|carb_rich
Vegetable Poha 7798,breakfast,209,13.7,41.5,23.9,vegetarian,kerala,0,weight_loss|light
Idli Sambar 7799,breakfast,272,18.0,51.0,10.5,vegetarian,hyderabadi,1,balanced|beginner
Grilled Chicken 7800,dinner,667,11.6,39.8,24.3,non_vegetarian,hyderabadi,0,improve_stamina|carb_rich
Buttermilk 7801,snack,186,16.2,49.8,24.3,vegetarian,rajasthani,0,balanced|beginner
Fruit Bowl 7802,breakfast,425,19.8,38.7,19.4,vegan,maharashtrian,0,weight_loss|light
Peanut Chaat 7803,snack,274,6.2,58.4,4.7,vegetarian,kerala,1,balanced|beginner
Vegetable Soup 7804,dinner,558,9.0,24.8,17.0,vegan,kerala,0,improve_stamina|carb_rich
Buttermilk 7805,snack,164,19.4,71.6,21.0,vegetarian,hyderabadi,0,balanced|beginner
Fruit Bowl 7806,breakfast,450,17.1,25.8,21.0,vegan,mixed,0,improve_stamina|carb_rich
Peanut Chaat 7807,snack,232,6.8,39.9,19.3,vegetarian,mixed,0,weight_loss|light
Peanut Chaat 7808,snack,275,18.8,29.9,17.7,vegetarian,gujarati,1,improve_stamina|carb_rich
Tofu Curry 7809,dinner,590,14.4,29.7,20.1,vegan,maharashtrian,0,balanced|beginner
Paneer Sandwich 7810,breakfast,158,27.6,38.3,5.7,vegetarian,bengali,1,muscle_gain|high_protein
Fish Fry 7811,dinner,616,17.9,62.0,19.2,non_vegetarian,punjabi,0,balanced|beginner
Grilled Chicken 7812,dinner,432,14.0,75.9,9.0,non_vegetarian,gujarati,1,improve_stamina|carb_rich
Tofu Stir Fry 7813,lunch,630,14.9,75.7,21.1,vegan,gujarati,0,improve_stamina|carb_rich
Grilled Chicken 7814,dinner,592,44.2,20.1,15.7,non_vegetarian,mixed,0,muscle_gain|high_protein
Pav Bhaji 7815,lunch,599,33.1,24.4,20.4,vegetarian,kerala,0,muscle_gain|high_protein
Masala Omelette 7816,breakfast,286,14.1,69.7,3.8,non_vegetarian,bengali,1,weight_loss|light
Tofu Curry 7817,dinner,381,9.7,48.6,13.9,vegan,mixed,1,weight_loss|light
Egg Curry 7818,dinner,368,35.5,39.3,18.0,non_vegetarian,punjabi,1,muscle_gain|high_protein
Grilled Chicken 7819,dinner,566,30.9,67.4,3.3,non_vegetarian,kerala,0,muscle_gain|high_protein
Vegetable Poha 7820,breakfast,313,13.2,67.8,13.8,vegetarian,maharashtrian,1,improve_stamina|carb_rich
Paneer Cubes 7821,snack,183,11.2,41.4,10.0,vegetarian,hyderabadi,1,improve_stamina|carb_rich
Tofu Curry 7822,dinner,645,17.6,69.1,8.8,vegan,maharashtrian,0,balanced|beginner
Idli Sambar 7823,breakfast,284,6.5,50.6,23.4,vegetarian,north_indian,0,balanced|beginner
Fish Curry Rice 7824,lunch,414,11.2,78.1,24.9,non_vegetarian,gujarati,0,improve_stamina|carb_rich
Buttermilk 7825,snack,164,8.8,30.1,5.5,vegetarian,hyderabadi,1,improve_stamina|carb_rich
Dal Tadka 7826,dinner,485,13.7,30.0,22.8,vegetarian,north_indian,0,improve_stamina|carb_rich
Hyderabadi Biryani 7827,lunch,490,13.4,26.0,12.4,non_vegetarian,punjabi,1,weight_loss|light
Upma 7828,breakfast,421,18.0,50.4,25.0,vegetarian,bengali,0,improve_stamina|carb_rich
Tofu Curry 7829,dinner,431,11.4,72.5,9.2,vegan,gujarati,1,improve_stamina|carb_rich
Rajma Chawal 7830,lunch,700,19.9,79.8,17.9,vegetarian,south_indian,0,balanced|beginner
Mixed Veg Curry 7831,dinner,699,8.4,43.3,18.9,vegetarian,gujarati,0,weight_loss|light
Egg Curry 7832,dinner,440,29.7,50.7,5.5,non_vegetarian,bengali,1,muscle_gain|high_protein
Sabudana Khichdi 7833,breakfast,150,13.1,27.2,7.3,vegetarian,bengali,1,weight_loss|light
Paneer Bhurji 7834,dinner,366,14.1,33.7,7.2,vegetarian,bengali,1,balanced|beginner
Dal Rice 7835,lunch,548,18.0,68.7,9.1,vegetarian,hyderabadi,0,weight_loss|light
Dal Tadka 7836,dinner,480,6.2,78.6,10.2,vegetarian,hyderabadi,1,improve_stamina|carb_rich
Paneer Bhurji 7837,dinner,648,5.0,41.1,5.3,vegetarian,punjabi,0,improve_stamina|carb_rich
Protein Shake 7838,snack,238,8.2,75.4,21.4,vegetarian,mixed,0,weight_loss|light
Dal Tadka 7839,dinner,475,17.6,55.9,13.3,vegetarian,kerala,1,balanced|beginner
Buttermilk 7840,snack,153,26.2,57.4,3.7,vegetarian,maharashtrian,1,muscle_gain|high_protein
Kadhi Rice 7841,lunch,384,21.3,47.6,8.2,vegetarian,maharashtrian,1,muscle_gain|high_protein
Paneer Sandwich 7842,breakfast,188,41.7,63.0,21.0,vegetarian,bengali,0,muscle_gain|high_protein
Upma 7843,breakfast,318,12.5,36.9,10.1,vegetarian,maharashtrian,1,improve_stamina|carb_rich
Dal Rice 7844,lunch,362,11.6,47.6,11.9,vegetarian,gujarati,1,balanced|beginner
Pav Bhaji 7845,lunch,422,16.9,40.5,19.1,vegetarian,mixed,0,weight_loss|light
Vegetable Soup 7846,dinner,634,10.3,40.9,8.7,vegan,maharashtrian,0,balanced|beginner
Oats with Milk 7847,breakfast,174,9.7,70.8,12.0,vegetarian,gujarati,1,improve_stamina|carb_rich
Mixed Veg Curry 7848,dinner,605,15.6,23.1,14.7,vegetarian,gujarati,0,improve_stamina|carb_rich
Masala Omelette 7849,breakfast,359,12.5,25.4,4.2,non_vegetarian,gujarati,1,improve_stamina|carb_rich
Upma 7850,breakfast,275,36.7,42.4,3.5,vegetarian,kerala,1,muscle_gain|high_protein
Paneer Cubes 7851,snack,245,17.9,33.5,3.3,vegetarian,maharashtrian,1,weight_loss|light
Oats with Milk 7852,breakfast,264,19.8,30.3,13.1,vegetarian,hyderabadi,1,weight_loss|light
Fish Fry 7853,dinner,642,18.5,72.9,6.7,non_vegetarian,mixed,0,muscle_gain|high_protein
Dal Tadka 7854,dinner,496,25.4,65.5,5.6,vegetarian,south_indian,1,muscle_gain|high_protein
Masala Omelette 7855,breakfast,333,14.6,57.5,3.9,non_vegetarian,hyderabadi,1,improve_stamina|carb_rich
Fish Curry Rice 7856,lunch,363,10.8,59.4,13.8,non_vegetarian,punjabi,1,balanced|beginner
Fish Curry Rice 7857,lunch,645,6.7,51.9,7.1,non_vegetarian,kerala,0,weight_loss|light
Dal Rice 7858,lunch,651,8.7,60.4,18.0,vegetarian,north_indian,0,improve_stamina|carb_rich
Protein Shake 7859,snack,244,39.9,43.3,17.3,vegetarian,kerala,1,muscle_gain|high_protein
Hyderabadi Biryani 7860,lunch,469,10.5,63.3,7.0,non_vegetarian,mixed,1,balanced|beginner
Fruit Salad 7861,snack,109,5.3,56.5,3.0,vegan,north_indian,1,improve_stamina|carb_rich
Thepla 7862,breakfast,291,17.1,63.6,13.2,vegetarian,north_indian,1,weight_loss|light
Paneer Bhurji 7863,dinner,360,28.9,77.5,7.0,vegetarian,mixed,1,muscle_gain|high_protein
Kadhi Rice 7864,lunch,590,10.5,40.2,6.0,vegetarian,south_indian,0,balanced|beginner
Sabudana Khichdi 7865,breakfast,380,12.2,57.5,9.8,vegetarian,rajasthani,1,balanced|beginner
Grilled Chicken 7866,dinner,646,15.9,39.9,13.8,non_vegetarian,kerala,0,improve_stamina|carb_rich
Sabudana Khichdi 7867,breakfast,312,36.4,25.6,13.3,vegetarian,mixed,1,muscle_gain|high_protein
Boiled Eggs 7868,snack,173,29.3,49.8,4.1,non_vegetarian,bengali,1,muscle_gain|high_protein
Buttermilk 7869,snack,125,13.5,55.6,3.2,vegetarian,punjabi,1,weight_loss|light
Paneer Bhurji 7870,dinner,628,7.5,41.5,4.2,vegetarian,bengali,0,weight_loss|light
Rajma Chawal 7871,lunch,620,37.1,22.5,5.2,vegetarian,bengali,0,muscle_gain|high_protein
Sprouts Salad 7872,snack,183,8.1,26.0,10.1,vegan,bengali,1,weight_loss|light
Paneer Cubes 7873,snack,171,24.5,75.1,18.7,vegetarian,north_indian,0,muscle_gain|high_protein
Peanut Chaat 7874,snack,252,10.8,49.0,8.8,vegetarian,hyderabadi,1,improve_stamina|carb_rich
Thepla 7875,breakfast,355,19.8,77.5,11.4,vegetarian,gujarati,1,muscle_gain|high_protein
Vegetable Khichdi 7876,lunch,678,13.3,69.7,10.1,vegetarian,bengali,0,improve_stamina|carb_rich
Mixed Veg Curry 7877,dinner,356,16.7,73.9,18.1,vegetarian,hyderabadi,0,weight_loss|light
Chicken Curry Rice 7878,lunch,420,8.8,34.8,23.0,non_vegetarian,kerala,0,improve_stamina|carb_rich
Tofu Scramble 7879,breakfast,299,37.1,33.2,14.5,vegan,hyderabadi,1,muscle_gain|high_protein
Paneer Sandwich 7880,breakfast,216,9.4,54.0,14.4,vegetarian,hyderabadi,1,weight_loss|light
Roasted Chana 7881,snack,130,12.3,64.2,3.2,vegan,kerala,1,improve_stamina|carb_rich
Fruit Bowl 7882,breakfast,269,7.0,51.1,3.4,vegan,north_indian,1,weight_loss|light
Fish Fry 7883,dinner,432,19.2,26.9,19.8,non_vegetarian,south_indian,0,muscle_gain|high_protein
Sprouts Salad 7884,snack,85,6.5,57.4,12.0,vegan,south_indian,1,balanced|beginner
Fish Fry 7885,dinner,583,36.0,58.8,4.9,non_vegetarian,mixed,0,muscle_gain|high_protein
Dal Tadka 7886,dinner,428,18.9,33.9,7.1,vegetarian,north_indian,1,balanced|beginner
Dal Rice 7887,lunch,563,10.7,62.5,16.2,vegetarian,kerala,0,improve_stamina|carb_rich
Grilled Chicken 7888,dinner,474,8.7,43.9,11.5,non_vegetarian,bengali,1,improve_stamina|carb_rich
Buttermilk 7889,snack,247,6.3,68.8,4.0,vegetarian,bengali,1,improve_stamina|carb_rich
Peanut Chaat 7890,snack,217,44.1,20.4,8.6,vegetarian,south_indian,1,muscle_gain|high_protein
Fish Fry 7891,dinner,611,6.8,29.9,14.8,non_vegetarian,bengali,0,balanced|beginner
Tofu Stir Fry 7892,lunch,663,40.2,75.1,23.7,vegan,bengali,0,muscle_gain|high_protein
Paneer Bhurji 7893,dinner,568,15.3,54.4,21.7,vegetarian,maharashtrian,0,weight_loss|light
Grilled Chicken 7894,dinner,432,7.6,35.0,14.8,non_vegetarian,punjabi,1,weight_loss|light
Rajma Chawal 7895,lunch,570,19.3,74.7,21.4,vegetarian,mixed,0,improve_stamina|carb_rich
Rajma Chawal 7896,lunch,453,19.6,51.7,23.7,vegetarian,maharashtrian,0,weight_loss|light
Fish Curry Rice 7897,lunch,442,39.5,40.7,9.9,non_vegetarian,rajasthani,1,muscle_gain|high_protein
Protein Shake 7898,snack,105,19.3,77.7,9.8,vegetarian,mixed,1,improve_stamina|carb_rich
Tofu Scramble 7899,breakfast,429,9.0,33.0,6.0,vegan,bengali,1,weight_loss|light
Buttermilk 7900,snack,270,11.8,24.8,9.8,vegetarian,mixed,1,improve_stamina|carb_rich
Tofu Curry 7901,dinner,700,18.5,57.6,20.5,vegan,hyderabadi,0,weight_loss|light
Egg Curry 7902,dinner,408,6.6,61.3,11.3,non_vegetarian,maharashtrian,1,improve_stamina|carb_rich
Mixed Veg Curry 7903,dinner,607,15.1,31.7,15.5,vegetarian,hyderabadi,0,improve_stamina|carb_rich
Paneer Roti 7904,lunch,386,22.2,54.1,5.4,vegetarian,south_indian,1,muscle_gain|high_protein
Peanut Chaat 7905,snack,90,29.1,60.1,20.1,vegetarian,kerala,0,muscle_gain|high_protein
Idli Sambar 7906,breakfast,318,16.8,43.7,7.8,vegetarian,south_indian,1,weight_loss|light
Rajma Chawal 7907,lunch,603,19.7,58.4,10.3,vegetarian,hyderabadi,0,muscle_gain|high_protein
Peanut Chaat 7908,snack,228,11.8,66.0,19.5,vegetarian,north_indian,0,balanced|beginner
Fruit Salad 7909,snack,105,12.1,48.0,3.6,vegan,gujarati,1,improve_stamina|carb_rich
Paneer Bhurji 7910,dinner,681,10.5,75.0,21.0,vegetarian,mixed,0,improve_stamina|carb_rich
Roti Sabji 7911,dinner,626,36.3,27.9,22.2,vegetarian,maharashtrian,0,muscle_gain|high_protein
Pav Bhaji 7912,lunch,402,15.8,50.6,17.8,vegetarian,kerala,1,improve_stamina|carb_rich
Dal Rice 7913,lunch,697,9.5,46.8,8.8,vegetarian,hyderabadi,0,balanced|beginner
Grilled Chicken 7914,dinner,688,15.7,60.5,6.5,non_vegetarian,north_indian,0,weight_loss|light
Peanut Chaat 7915,snack,128,8.3,34.4,15.1,vegetarian,maharashtrian,1,improve_stamina|carb_rich
Mixed Veg Curry 7916,dinner,669,7.4,48.4,18.9,vegetarian,gujarati,0,improve_stamina|carb_rich
Tofu Stir Fry 7917,lunch,653,19.7,61.8,18.8,vegan,north_indian,0,improve_stamina|carb_rich
Vegetable Poha 7918,breakfast,390,19.9,21.4,6.7,vegetarian,north_indian,1,improve_stamina|carb_rich
Grilled Chicken 7919,dinner,366,15.3,24.6,12.0,non_vegetarian,punjabi,1,improve_stamina|carb_rich
Vegetable Poha 7920,breakfast,258,10.8,61.1,18.8,vegetarian,bengali,0,balanced|beginner
Fish Fry 7921,dinner,657,31.3,52.6,7.6,non_vegetarian,gujarati,0,muscle_gain|high_protein
Hyderabadi Biryani 7922,lunch,630,16.1,39.8,8.5,non_vegetarian,gujarati,0,improve_stamina|carb_rich
Paneer Roti 7923,lunch,492,8.6,29.7,20.2,vegetarian,rajasthani,0,improve_stamina|carb_rich
Masala Omelette 7924,breakfast,412,32.8,45.7,21.0,non_vegetarian,north_indian,0,muscle_gain|high_protein
Tofu Scramble 7925,breakfast,201,11.6,37.4,7.3,vegan,hyderabadi,1,balanced|beginner
Thepla 7926,breakfast,314,6.7,53.7,5.3,vegetarian,mixed,1,improve_stamina|carb_rich
Fish Curry Rice 7927,lunch,407,9.9,72.5,20.9,non_vegetarian,maharashtrian,0,improve_stamina|carb_rich
Idli Sambar 7928,breakfast,308,13.0,20.8,10.8,vegetarian,hyderabadi,1,weight_loss|light
Roasted Chana 7929,snack,119,9.9,51.3,19.7,vegan,kerala,0,improve_stamina|carb_rich
Boiled Eggs 7930,snack,136,13.4,73.8,8.5,non_vegetarian,bengali,1,balanced|beginner
Grilled Chicken 7931,dinner,445,21.4,55.3,18.5,non_vegetarian,hyderabadi,0,muscle_gain|high_protein
Fish Fry 7932,dinner,534,17.0,69.5,23.0,non_vegetarian,bengali,0,weight_loss|light
Paneer Cubes 7933,snack,165,34.8,40.3,12.0,vegetarian,maharashtrian,1,muscle_gain|high_protein
Masala Omelette 7934,breakfast,383,9.6,56.0,21.2,non_vegetarian,kerala,0,weight_loss|light
Boiled Eggs 7935,snack,237,33.2,52.3,3.4,non_vegetarian,south_indian,1,muscle_gain|high_protein
Fish Curry Rice 7936,lunch,612,17.3,67.3,13.9,non_vegetarian,maharashtrian,0,balanced|beginner
Oats with Milk 7937,breakfast,353,39.2,42.1,23.1,vegetarian,punjabi,0,muscle_gain|high_protein
Buttermilk 7938,snack,213,24.1,59.5,14.6,vegetarian,bengali,1,muscle_gain|high_protein
Grilled Chicken 7939,dinner,573,19.7,33.0,6.8,non_vegetarian,punjabi,0,balanced|beginner
Paneer Sandwich 7940,breakfast,414,18.9,79.0,13.8,vegetarian,punjabi,1,muscle_gain|high_protein
Grilled Chicken 7941,dinner,503,18.6,80.0,12.4,non_vegetarian,punjabi,0,improve_stamina|carb_rich
Tofu Scramble 7942,breakfast,372,12.3,50.8,22.5,vegan,north_indian,0,balanced|beginner
Masala Omelette 7943,breakfast,177,5.1,75.0,6.8,non_vegetarian,rajasthani,1,improve_stamina|carb_rich
Paneer Cubes 7944,snack,266,30.5,51.6,12.6,vegetarian,maharashtrian,1,muscle_gain|high_protein
Sprouts Salad 7945,snack,167,24.0,77.5,12.0,vegan,kerala,1,muscle_gain|high_protein
Kadhi Rice 7946,lunch,353,14.0,56.4,22.6,vegetarian,rajasthani,0,weight_loss|light
Fish Curry Rice 7947,lunch,417,32.6,45.2,6.0,non_vegetarian,south_indian,1,muscle_gain|high_protein
Rajma Chawal 7948,lunch,542,18.6,45.8,21.3,vegetarian,kerala,0,balanced|beginner
Vegetable Soup 7949,dinner,567,19.9,53.5,16.8,vegan,gujarati,0,improve_stamina|carb_rich
Vegetable Khichdi 7950,lunch,387,9.7,22.7,6.4,vegetarian,hyderabadi,1,balanced|beginner
Upma 7951,breakfast,249,9.2,38.7,22.5,vegetarian,bengali,0,balanced|beginner
Hyderabadi Biryani 7952,lunch,370,6.9,57.4,22.2,non_vegetarian,kerala,0,balanced|beginner
Egg Curry 7953,dinner,356,11.7,69.5,11.7,non_vegetarian,bengali,1,balanced|beginner
Idli Sambar 7954,breakfast,252,11.3,43.0,5.8,vegetarian,punjabi,1,weight_loss|light
Tofu Curry 7955,dinner,688,9.0,74.0,4.4,vegan,hyderabadi,0,balanced|beginner
Paneer Sandwich 7956,breakfast,219,10.5,44.3,18.4,vegetarian,rajasthani,0,weight_loss|light
Fruit Bowl 7957,breakfast,224,15.5,42.1,17.5,vegan,kerala,1,improve_stamina|carb_rich
Vegetable Poha 7958,breakfast,177,41.7,71.5,17.2,vegetarian,rajasthani,1,muscle_gain|high_protein
Tofu Stir Fry 7959,lunch,631,13.6,62.9,13.3,vegan,bengali,0,improve_stamina|carb_rich
Sprouts Salad 7960,snack,89,20.6,58.0,8.6,vegan,punjabi,1,muscle_gain|high_protein
Oats with Milk 7961,breakfast,307,15.4,71.8,19.6,vegetarian,gujarati,0,balanced|beginner
Sabudana Khichdi 7962,breakfast,212,6.5,30.9,23.3,vegetarian,north_indian,0,weight_loss|light
Grilled Chicken 7963,dinner,626,11.3,69.1,5.7,non_vegetarian,gujarati,0,improve_stamina|carb_rich
Roasted Chana 7964,snack,175,11.5,78.8,23.5,vegan,mixed,0,improve_stamina|carb_rich
Roti Sabji 7965,dinner,633,18.0,36.3,5.5,vegetarian,south_indian,0,balanced|beginner
Hyderabadi Biryani 7966,lunch,658,8.0,71.2,7.4,non_vegetarian,south_indian,0,improve_stamina|carb_rich
Paneer Sandwich 7967,breakfast,191,11.4,50.9,21.6,vegetarian,maharashtrian,0,improve_stamina|carb_rich
Fish Curry Rice 7968,lunch,609,31.6,72.2,19.1,non_vegetarian,maharashtrian,0,muscle_gain|high_protein
Dal Rice 7969,lunch,593,10.1,33.7,22.8,vegetarian,kerala,0,balanced|beginner
Paneer Sandwich 7970,breakfast,269,11.2,29.0,15.4,vegetarian,rajasthani,1,improve_stamina|carb_rich
Paneer Bhurji 7971,dinner,369,9.4,20.0,6.2,vegetarian,punjabi,1,improve_stamina|carb_rich
Sprouts Salad 7972,snack,272,7.2,58.8,24.5,vegan,kerala,0,improve_stamina|carb_rich
Rajma Chawal 7973,lunch,359,25.8,24.0,20.7,vegetarian,gujarati,0,muscle_gain|high_protein
Pav Bhaji 7974,lunch,692,29.6,68.1,24.1,vegetarian,north_indian,0,muscle_gain|high_protein
Dal Rice 7975,lunch,541,31.7,68.3,16.1,vegetarian,bengali,0,muscle_gain|high_protein
Sprouts Salad 7976,snack,92,18.2,45.5,16.1,vegan,north_indian,1,weight_loss|light
Dal Tadka 7977,dinner,363,5.1,77.6,14.9,vegetarian,gujarati,1,weight_loss|light
Idli Sambar 7978,breakfast,238,11.9,41.7,8.4,vegetarian,kerala,1,weight_loss|light
Fruit Salad 7979,snack,276,8.8,53.1,6.0,vegan,maharashtrian,1,balanced|beginner
Vegetable Soup 7980,dinner,504,14.2,57.8,7.6,vegan,bengali,0,improve_stamina|carb_rich
Chicken Curry Rice 7981,lunch,624,12.5,36.8,18.1,non_vegetarian,maharashtrian,0,balanced|beginner
Dal Tadka 7982,dinner,598,18.8,55.2,8.6,vegetarian,gujarati,0,improve_stamina|carb_rich
Boiled Eggs 7983,snack,273,16.5,23.2,14.2,non_vegetarian,rajasthani,1,improve_stamina|carb_rich
Chicken Curry Rice 7984,lunch,425,14.9,42.5,19.6,non_vegetarian,punjabi,0,balanced|beginner
Paneer Bhurji 7985,dinner,519,16.5,54.1,9.9,vegetarian,mixed,0,balanced|beginner
Dal Rice 7986,lunch,415,19.5,21.4,24.1,vegetarian,maharashtrian,0,muscle_gain|high_protein
Protein Shake 7987,snack,87,10.0,41.1,6.3,vegetarian,punjabi,1,weight_loss|light
Dal Tadka 7988,dinner,476,12.8,63.0,3.7,vegetarian,gujarati,1,balanced|beginner
Roti Sabji 7989,dinner,637,15.1,78.6,14.3,vegetarian,kerala,0,improve_stamina|carb_rich
Thepla 7990,breakfast,366,19.6,78.8,3.2,vegetarian,south_indian,1,improve_stamina|carb_rich
Corn Chaat 7991,snack,163,10.7,59.7,3.3,vegan,rajasthani,1,improve_stamina|carb_rich
Roasted Chana 7992,snack,191,10.8,22.8,13.1,vegan,gujarati,1,weight_loss|light
Peanut Chaat 7993,snack,151,38.3,43.9,13.9,vegetarian,kerala,1,muscle_gain|high_protein
Hyderabadi Biryani 7994,lunch,641,12.4,40.7,12.1,non_vegetarian,north_indian,0,balanced|beginner
Mixed Veg Curry 7995,dinner,699,16.1,23.9,19.6,vegetarian,maharashtrian,0,improve_stamina|carb_rich
Fruit Salad 7996,snack,276,17.4,37.3,15.8,vegan,bengali,1,weight_loss|light
Paneer Cubes 7997,snack,106,8.4,79.4,20.6,vegetarian,gujarati,0,weight_loss|light
Mixed Veg Curry 7998,dinner,498,25.0,24.2,17.4,vegetarian,south_indian,1,muscle_gain|high_protein
Paneer Cubes 7999,snack,289,26.8,47.7,16.9,vegetarian,maharashtrian,1,muscle_gain|high_protein
Paneer Sandwich 8000,breakfast,446,13.1,50.7,6.2,vegetarian,kerala,1,improve_stamina|carb_rich
Fruit Bowl 8001,breakfast,166,23.6,59.6,22.9,vegan,south_indian,0,muscle_gain|high_protein
Tofu Stir Fry 8002,lunch,490,31.3,70.5,18.5,vegan,mixed,0,muscle_gain|high_protein
Pav Bhaji 8003,lunch,653,5.4,38.0,12.6,vegetarian,mixed,0,balanced|beginner
Fish Fry 8004,dinner,376,12.5,60.3,18.1,non_vegetarian,punjabi,0,weight_loss|light
Egg Curry 8005,dinner,499,18.8,48.0,24.5,non_vegetarian,kerala,0,weight_loss|light
Corn Chaat 8006,snack,281,19.7,63.6,10.0,vegan,gujarati,1,weight_loss|light
Fish Curry Rice 8007,lunch,366,5.5,63.5,8.3,non_vegetarian,gujarati,1,improve_stamina|carb_rich
Paneer Roti 8008,lunch,688,11.5,75.6,22.0,vegetarian,bengali,0,weight_loss|light
Buttermilk 8009,snack,253,10.4,76.1,13.4,vegetarian,south_indian,1,improve_stamina|carb_rich
Tofu Scramble 8010,breakfast,194,18.5,25.5,23.4,vegan,mixed,0,weight_loss|light
Paneer Cubes 8011,snack,269,42.9,62.1,14.4,vegetarian,rajasthani,1,muscle_gain|high_protein
Hyderabadi Biryani 8012,lunch,493,27.7,47.5,19.7,non_vegetarian,gujarati,0,muscle_gain|high_protein
Dal Rice 8013,lunch,560,13.5,59.9,4.6,vegetarian,south_indian,0,weight_loss|light
Egg Curry 8014,dinner,361,9.5,57.7,13.5,non_vegetarian,gujarati,1,improve_stamina|carb_rich
Vegetable Khichdi 8015,lunch,494,6.5,75.9,13.9,vegetarian,hyderabadi,1,improve_stamina|carb_rich
Hyderabadi Biryani 8016,lunch,631,8.4,41.4,12.0,non_vegetarian,mixed,0,improve_stamina|carb_rich
Hyderabadi Biryani 8017,lunch,606,10.9,20.7,12.8,non_vegetarian,mixed,0,balanced|beginner
Tofu Curry 8018,dinner,449,6.3,34.3,19.2,vegan,kerala,0,improve_stamina|carb_rich
Dal Rice 8019,lunch,651,6.6,78.5,15.5,vegetarian,gujarati,0,balanced|beginner
Vegetable Soup 8020,dinner,645,10.6,65.4,9.3,vegan,kerala,0,balanced|beginner
Buttermilk 8021,snack,262,26.7,34.3,14.9,vegetarian,kerala,1,muscle_gain|high_protein
Fish Fry 8022,dinner,448,27.2,24.2,16.1,non_vegetarian,kerala,1,muscle_gain|high_protein
Paneer Roti 8023,lunch,698,19.7,26.8,18.9,vegetarian,bengali,0,weight_loss|light
Dal Tadka 8024,dinner,477,15.1,40.5,5.2,vegetarian,north_indian,1,weight_loss|light
Vegetable Poha 8025,breakfast,427,15.8,32.8,9.8,vegetarian,mixed,1,improve_stamina|carb_rich
Sprouts Salad 8026,snack,175,12.7,70.0,10.2,vegan,mixed,1,balanced|beginner
Pav Bhaji 8027,lunch,674,19.1,52.2,23.3,vegetarian,north_indian,0,balanced|beginner
Roti Sabji 8028,dinner,375,5.4,67.1,22.5,vegetarian,maharashtrian,0,improve_stamina|carb_rich
Hyderabadi Biryani 8029,lunch,579,9.9,54.6,3.0,non_vegetarian,north_indian,0,balanced|beginner
Chicken Curry Rice 8030,lunch,386,7.6,33.0,6.5,non_vegetarian,mixed,1,weight_loss|light
Tofu Stir Fry 8031,lunch,461,32.0,77.5,10.2,vegan,kerala,1,muscle_gain|high_protein
Fish Curry Rice 8032,lunch,468,12.6,21.9,4.8,non_vegetarian,gujarati,1,balanced|beginner
Idli Sambar 8033,breakfast,172,26.1,60.3,6.7,vegetarian,punjabi,1,muscle_gain|high_protein
Oats with Milk 8034,breakfast,338,13.8,76.0,22.7,vegetarian,hyderabadi,0,improve_stamina|carb_rich
Tofu Scramble 8035,breakfast,328,24.0,51.1,10.1,vegan,maharashtrian,1,muscle_gain|high_protein
Protein Shake 8036,snack,80,10.2,76.0,4.1,vegetarian,south_indian,1,improve_stamina|carb_rich
Fruit Salad 8037,snack,294,7.7,40.8,18.0,vegan,bengali,1,improve_stamina|carb_rich
Grilled Chicken 8038,dinner,429,18.5,32.4,21.0,non_vegetarian,south_indian,0,improve_stamina|carb_rich
Sprouts Salad 8039,snack,103,13.6,52.0,16.5,vegan,gujarati,1,balanced|beginner
Fruit Bowl 8040,breakfast,327,13.5,71.1,9.5,vegan,punjabi,1,balanced|beginner
Vegetable Poha 8041,breakfast,263,15.6,36.9,23.4,vegetarian,mixed,0,improve_stamina|carb_rich
Paneer Bhurji 8042,dinner,481,32.4,56.8,5.4,vegetarian,hyderabadi,1,muscle_gain|high_protein
Tofu Stir Fry 8043,lunch,468,18.0,77.4,20.4,vegan,hyderabadi,0,weight_loss|light
Egg Curry 8044,dinner,429,16.9,66.1,6.1,non_vegetarian,north_indian,1,improve_stamina|carb_rich
Idli Sambar 8045,breakfast,172,8.1,30.3,4.5,vegetarian,maharashtrian,1,improve_stamina|carb_rich
Vegetable Khichdi 8046,lunch,440,40.6,44.7,14.3,vegetarian,bengali,1,muscle_gain|high_protein
Masala Omelette 8047,breakfast,168,13.0,70.2,17.5,non_vegetarian,bengali,1,improve_stamina|carb_rich
Chicken Curry Rice 8048,lunch,489,13.2,30.5,3.7,non_vegetarian,mixed,1,improve_stamina|carb_rich
Kadhi Rice 8049,lunch,512,15.5,59.4,21.1,vegetarian,bengali,0,improve_stamina|carb_rich
Tofu Stir Fry 8050,lunch,585,18.4,60.8,4.1,vegan,south_indian,0,balanced|beginner
Sabudana Khichdi 8051,breakfast,406,19.7,35.9,11.4,vegetarian,mixed,1,weight_loss|light
Protein Shake 8052,snack,183,5.3,31.5,20.3,vegetarian,bengali,0,balanced|beginner
Fish Curry Rice 8053,lunch,600,11.3,68.4,6.3,non_vegetarian,bengali,0,balanced|beginner
Egg Curry 8054,dinner,433,11.7,62.7,19.0,non_vegetarian,hyderabadi,0,improve_stamina|carb_rich
Tofu Scramble 8055,breakfast,266,19.4,74.7,22.5,vegan,hyderabadi,0,weight_loss|light
Masala Omelette 8056,breakfast,426,10.7,50.8,9.5,non_vegetarian,hyderabadi,1,weight_loss|light
Idli Sambar 8057,breakfast,405,14.0,54.9,9.5,vegetarian,rajasthani,1,improve_stamina|carb_rich
Upma 8058,breakfast,212,31.7,37.3,19.8,vegetarian,kerala,0,muscle_gain|high_protein
Fish Curry Rice 8059,lunch,356,9.2,54.2,8.4,non_vegetarian,rajasthani,1,improve_stamina|carb_rich
Oats with Milk 8060,breakfast,194,5.8,27.0,8.9,vegetarian,mixed,1,balanced|beginner
Tofu Curry 8061,dinner,461,17.1,68.5,21.2,vegan,punjabi,0,improve_stamina|carb_rich
Sprouts Salad 8062,snack,184,16.5,62.8,15.7,vegan,punjabi,1,balanced|beginner
Egg Curry 8063,dinner,395,14.4,60.4,10.3,non_vegetarian,kerala,1,improve_stamina|carb_rich
Sabudana Khichdi 8064,breakfast,316,15.9,63.5,16.8,vegetarian,south_indian,1,improve_stamina|carb_rich
Upma 8065,breakfast,178,35.7,65.6,11.2,vegetarian,mixed,1,muscle_gain|high_protein
Tofu Scramble 8066,breakfast,219,6.5,28.2,10.4,vegan,punjabi,1,balanced|beginner
Tofu Stir Fry 8067,lunch,555,16.6,38.1,16.9,vegan,bengali,0,improve_stamina|carb_rich
Tofu Curry 8068,dinner,474,14.6,43.2,7.1,vegan,rajasthani,1,weight_loss|light
Tofu Curry 8069,dinner,416,14.7,60.2,9.9,vegan,hyderabadi,1,balanced|beginner
Tofu Stir Fry 8070,lunch,691,11.5,36.5,12.7,vegan,hyderabadi,0,weight_loss|light
Tofu Scramble 8071,breakfast,364,28.3,61.0,14.9,vegan,maharashtrian,1,muscle_gain|high_protein
Paneer Cubes 8072,snack,283,9.3,25.0,6.0,vegetarian,rajasthani,1,balanced|beginner
Buttermilk 8073,snack,145,30.6,56.5,11.8,vegetarian,kerala,1,muscle_gain|high_protein
Rajma Chawal 8074,lunch,444,12.5,53.7,16.9,vegetarian,punjabi,1,weight_loss|light
Tofu Stir Fry 8075,lunch,621,9.8,50.1,23.3,vegan,gujarati,0,weight_loss|light
Corn Chaat 8076,snack,145,6.9,28.3,8.3,vegan,north_indian,1,improve_stamina|carb_rich
Buttermilk 8077,snack,196,16.8,56.5,9.9,vegetarian,bengali,1,weight_loss|light
Idli Sambar 8078,breakfast,418,18.4,49.4,23.7,vegetarian,maharashtrian,0,improve_stamina|carb_rich
Vegetable Soup 8079,dinner,641,34.4,75.1,6.4,vegan,mixed,0,muscle_gain|high_protein
Vegetable Soup 8080,dinner,372,16.8,34.4,7.7,vegan,south_indian,1,balanced|beginner
Dal Rice 8081,lunch,368,5.7,20.6,24.3,vegetarian,bengali,0,balanced|beginner
Protein Shake 8082,snack,86,19.2,55.0,18.0,vegetarian,hyderabadi,1,balanced|beginner
Fruit Salad 8083,snack,209,15.3,75.7,20.1,vegan,gujarati,0,balanced|beginner
Hyderabadi Biryani 8084,lunch,678,21.2,34.5,23.5,non_vegetarian,south_indian,0,muscle_gain|high_protein
Tofu Scramble 8085,breakfast,353,11.0,56.5,15.2,vegan,south_indian,1,weight_loss|light
Chicken Curry Rice 8086,lunch,589,5.9,27.0,7.3,non_vegetarian,north_indian,0,balanced|beginner
Roti Sabji 8087,dinner,690,10.7,37.1,21.6,vegetarian,maharashtrian,0,weight_loss|light
Paneer Bhurji 8088,dinner,481,7.8,54.8,20.3,vegetarian,south_indian,0,balanced|beginner
Egg Curry 8089,dinner,669,13.2,71.0,16.7,non_vegetarian,punjabi,0,improve_stamina|carb_rich
Paneer Roti 8090,lunch,378,27.7,23.3,18.0,vegetarian,gujarati,1,muscle_gain|high_protein
Sprouts Salad 8091,snack,231,8.8,25.5,6.8,vegan,mixed,1,weight_loss|light
Rajma Chawal 8092,lunch,428,18.1,20.4,13.4,vegetarian,south_indian,1,weight_loss|light
Paneer Bhurji 8093,dinner,695,16.4,29.0,24.5,vegetarian,maharashtrian,0,balanced|beginner
Rajma Chawal 8094,lunch,484,6.9,44.2,24.2,vegetarian,mixed,0,improve_stamina|carb_rich
Sprouts Salad 8095,snack,130,8.4,58.0,20.9,vegan,north_indian,0,balanced|beginner
Tofu Curry 8096,dinner,419,15.2,36.0,4.4,vegan,hyderabadi,1,improve_stamina|carb_rich
Egg Curry 8097,dinner,406,8.4,32.5,14.3,non_vegetarian,punjabi,1,improve_stamina|carb_rich
Paneer Sandwich 8098,breakfast,170,11.4,31.9,13.8,vegetarian,gujarati,1,balanced|beginner
Mixed Veg Curry 8099,dinner,484,18.9,68.2,13.9,vegetarian,south_indian,1,muscle_gain|high_protein
Fish Curry Rice 8100,lunch,568,29.0,43.9,8.9,non_vegetarian,kerala,0,muscle_gain|high_protein
Pav Bhaji 8101,lunch,536,22.8,66.8,6.4,vegetarian,bengali,0,muscle_gain|high_protein
Masala Omelette 8102,breakfast,367,15.3,27.6,19.7,non_vegetarian,south_indian,0,balanced|beginner
Upma 8103,breakfast,173,26.9,35.4,13.9,vegetarian,rajasthani,1,muscle_gain|high_protein
Buttermilk 8104,snack,107,9.4,35.1,21.3,vegetarian,maharashtrian,0,weight_loss|light
Egg Curry 8105,dinner,525,9.7,54.5,16.1,non_vegetarian,rajasthani,0,improve_stamina|carb_rich
Sabudana Khichdi 8106,breakfast,231,27.9,77.6,23.4,vegetarian,mixed,0,muscle_gain|high_protein
Peanut Chaat 8107,snack,186,15.0,31.9,11.5,vegetarian,rajasthani,1,balanced|beginner
Dal Tadka 8108,dinner,571,8.1,21.7,24.1,vegetarian,maharashtrian,0,improve_stamina|carb_rich
Boiled Eggs 8109,snack,160,15.0,65.5,7.6,non_vegetarian,south_indian,1,balanced|beginner
Idli Sambar 8110,breakfast,387,17.1,29.3,10.8,vegetarian,kerala,1,weight_loss|light
Protein Shake 8111,snack,94,10.9,59.3,16.2,vegetarian,mixed,1,weight_loss|light
Tofu Stir Fry 8112,lunch,515,9.0,65.1,9.0,vegan,gujarati,0,balanced|beginner
Paneer Sandwich 8113,breakfast,424,9.3,49.3,13.8,vegetarian,hyderabadi,1,improve_stamina|carb_rich
Roasted Chana 8114,snack,215,19.2,66.3,13.5,vegan,rajasthani,1,improve_stamina|carb_rich
Corn Chaat 8115,snack,198,42.3,23.2,11.0,vegan,hyderabadi,1,muscle_gain|high_protein
Upma 8116,breakfast,174,14.7,75.2,11.3,vegetarian,hyderabadi,1,balanced|beginner
Buttermilk 8117,snack,238,5.8,58.3,7.0,vegetarian,rajasthani,1,weight_loss|light
Rajma Chawal 8118,lunch,497,9.1,35.6,14.6,vegetarian,rajasthani,1,weight_loss|light
Peanut Chaat 8119,snack,239,7.8,54.0,21.7,vegetarian,bengali,0,balanced|beginner
Peanut Chaat 8120,snack,294,17.6,41.7,24.5,vegetarian,south_indian,0,balanced|beginner
Chicken Curry Rice 8121,lunch,522,12.0,78.6,24.6,non_vegetarian,maharashtrian,0,weight_loss|light
Vegetable Soup 8122,dinner,492,9.6,48.8,20.3,vegan,south_indian,0,improve_stamina|carb_rich
Chicken Curry Rice 8123,lunch,641,6.8,56.9,15.4,non_vegetarian,mixed,0,balanced|beginner
Upma 8124,breakfast,330,27.1,21.1,11.3,vegetarian,kerala,1,muscle_gain|high_protein
Roti Sabji 8125,dinner,554,15.1,77.0,17.8,vegetarian,gujarati,0,improve_stamina|carb_rich
Sabudana Khichdi 8126,breakfast,255,42.0,28.5,9.8,vegetarian,bengali,1,muscle_gain|high_protein
Paneer Bhurji 8127,dinner,609,15.8,63.4,4.2,vegetarian,mixed,0,balanced|beginner
Buttermilk 8128,snack,182,9.2,73.4,24.8,vegetarian,bengali,0,weight_loss|light
Dal Rice 8129,lunch,691,5.2,47.7,18.2,vegetarian,north_indian,0,weight_loss|light
Mixed Veg Curry 8130,dinner,584,32.8,76.8,8.1,vegetarian,maharashtrian,0,muscle_gain|high_protein
Rajma Chawal 8131,lunch,576,22.0,76.1,8.8,vegetarian,gujarati,0,muscle_gain|high_protein
Vegetable Soup 8132,dinner,678,17.7,28.5,17.0,vegan,gujarati,0,improve_stamina|carb_rich
Paneer Bhurji 8133,dinner,671,10.1,74.7,4.3,vegetarian,bengali,0,improve_stamina|carb_rich
Rajma Chawal 8134,lunch,663,14.7,27.8,15.1,vegetarian,bengali,0,improve_stamina|carb_rich
Boiled Eggs 8135,snack,209,24.4,33.5,6.7,non_vegetarian,rajasthani,1,muscle_gain|high_protein
Masala Omelette 8136,breakfast,325,6.9,57.4,23.2,non_vegetarian,maharashtrian,0,improve_stamina|carb_rich
Protein Shake 8137,snack,188,12.6,25.5,22.2,vegetarian,maharashtrian,0,weight_loss|light
Vegetable Khichdi 8138,lunch,440,9.0,31.1,13.7,vegetarian,rajasthani,1,weight_loss|light
Vegetable Soup 8139,dinner,613,24.0,43.9,23.0,vegan,south_indian,0,muscle_gain|high_protein
Fish Curry Rice 8140,lunch,478,13.6,57.8,14.1,non_vegetarian,hyderabadi,1,improve_stamina|carb_rich
Masala Omelette 8141,breakfast,202,25.3,47.1,9.2,non_vegetarian,north_indian,1,muscle_gain|high_protein
Protein Shake 8142,snack,113,18.8,61.2,15.7,vegetarian,kerala,1,improve_stamina|carb_rich
Vegetable Poha 8143,breakfast,253,19.2,64.7,8.3,vegetarian,hyderabadi,1,balanced|beginner
Tofu Scramble 8144,breakfast,226,12.3,35.1,11.7,vegan,gujarati,1,improve_stamina|carb_rich
Tofu Curry 8145,dinner,620,18.1,61.0,24.2,vegan,kerala,0,balanced|beginner
Paneer Roti 8146,lunch,587,40.0,73.8,11.2,vegetarian,bengali,0,muscle_gain|high_protein
Protein Shake 8147,snack,179,15.8,73.8,22.2,vegetarian,gujarati,0,balanced|beginner
Masala Omelette 8148,breakfast,409,16.6,25.9,19.9,non_vegetarian,maharashtrian,0,weight_loss|light
Protein Shake 8149,snack,220,43.9,37.3,20.9,vegetarian,mixed,0,muscle_gain|high_protein
Pav Bhaji 8150,lunch,415,16.6,67.2,11.5,vegetarian,south_indian,1,balanced|beginner
Buttermilk 8151,snack,189,6.0,70.0,4.5,vegetarian,north_indian,1,weight_loss|light
Idli Sambar 8152,breakfast,354,10.5,33.2,23.6,vegetarian,kerala,0,weight_loss|light
Vegetable Soup 8153,dinner,585,15.3,63.5,23.1,vegan,hyderabadi,0,balanced|beginner
Tofu Stir Fry 8154,lunch,697,7.7,52.8,19.5,vegan,maharashtrian,0,weight_loss|light
Boiled Eggs 8155,snack,270,11.3,67.4,24.4,non_vegetarian,mixed,0,improve_stamina|carb_rich
Fruit Salad 8156,snack,178,16.3,75.7,8.6,vegan,rajasthani,1,balanced|beginner
Chicken Curry Rice 8157,lunch,456,16.4,51.5,19.7,non_vegetarian,north_indian,0,weight_loss|light
Roti Sabji 8158,dinner,386,41.5,46.7,22.7,vegetarian,maharashtrian,0,muscle_gain|high_protein
Hyderabadi Biryani 8159,lunch,659,19.9,64.7,8.1,non_vegetarian,north_indian,0,weight_loss|light
Boiled Eggs 8160,snack,94,15.9,52.3,7.3,non_vegetarian,bengali,1,improve_stamina|carb_rich
Roasted Chana 8161,snack,149,7.6,34.8,13.2,vegan,mixed,1,balanced|beginner
Dal Rice 8162,lunch,422,37.0,38.5,12.0,vegetarian,maharashtrian,1,muscle_gain|high_protein
Rajma Chawal 8163,lunch,432,14.5,25.7,14.6,vegetarian,south_indian,1,balanced|beginner
Paneer Cubes 8164,snack,288,7.0,79.4,7.7,vegetarian,hyderabadi,1,weight_loss|light
Mixed Veg Curry 8165,dinner,489,32.9,54.8,15.9,vegetarian,rajasthani,1,muscle_gain|high_protein
Tofu Scramble 8166,breakfast,421,6.1,67.6,19.5,vegan,kerala,0,improve_stamina|carb_rich
Thepla 8167,breakfast,374,9.2,78.9,11.7,vegetarian,punjabi,1,balanced|beginner
Thepla 8168,breakfast,305,8.1,64.2,10.3,vegetarian,mixed,1,weight_loss|light
Idli Sambar 8169,breakfast,312,16.3,33.8,6.6,vegetarian,kerala,1,improve_stamina|carb_rich
Fish Curry Rice 8170,lunch,510,18.1,74.7,24.0,non_vegetarian,gujarati,0,improve_stamina|carb_rich
Fruit Salad 8171,snack,234,40.5,43.4,13.9,vegan,bengali,1,muscle_gain|high_protein
Buttermilk 8172,snack,253,14.9,57.2,14.8,vegetarian,gujarati,1,improve_stamina|carb_rich
Mixed Veg Curry 8173,dinner,675,27.3,70.5,10.2,vegetarian,kerala,0,muscle_gain|high_protein
Fruit Bowl 8174,breakfast,327,26.2,58.2,19.1,vegan,rajasthani,0,muscle_gain|high_protein
Thepla 8175,breakfast,279,11.9,70.1,12.9,vegetarian,bengali,1,improve_stamina|carb_rich
Vegetable Khichdi 8176,lunch,407,19.7,41.7,20.4,vegetarian,hyderabadi,0,muscle_gain|high_protein
Paneer Bhurji 8177,dinner,517,22.8,21.4,10.0,vegetarian,north_indian,0,muscle_gain|high_protein
Grilled Chicken 8178,dinner,519,9.7,58.2,14.9,non_vegetarian,bengali,0,improve_stamina|carb_rich
Rajma Chawal 8179,lunch,519,15.8,74.5,8.7,vegetarian,rajasthani,0,weight_loss|light
Protein Shake 8180,snack,229,12.1,31.5,13.8,vegetarian,hyderabadi,1,weight_loss|light
Upma 8181,breakfast,154,9.6,28.9,10.2,vegetarian,kerala,1,balanced|beginner
Masala Omelette 8182,breakfast,350,10.4,67.6,17.4,non_vegetarian,bengali,1,weight_loss|light
Tofu Scramble 8183,breakfast,247,5.4,51.9,19.1,vegan,mixed,0,improve_stamina|carb_rich
Roti Sabji 8184,dinner,359,22.5,39.0,17.5,vegetarian,south_indian,1,muscle_gain|high_protein
Boiled Eggs 8185,snack,89,28.9,75.5,13.0,non_vegetarian,mixed,1,muscle_gain|high_protein
Fruit Bowl 8186,breakfast,220,28.4,28.2,13.3,vegan,south_indian,1,muscle_gain|high_protein
Hyderabadi Biryani 8187,lunch,633,33.8,22.4,18.4,non_vegetarian,south_indian,0,muscle_gain|high_protein
Grilled Chicken 8188,dinner,648,19.9,78.0,24.2,non_vegetarian,rajasthani,0,weight_loss|light
Paneer Sandwich 8189,breakfast,370,28.6,43.3,23.8,vegetarian,rajasthani,0,muscle_gain|high_protein
Paneer Cubes 8190,snack,204,8.2,67.7,21.1,vegetarian,kerala,0,improve_stamina|carb_rich
Mixed Veg Curry 8191,dinner,534,6.1,56.5,12.9,vegetarian,gujarati,0,improve_stamina|carb_rich
Boiled Eggs 8192,snack,202,7.1,76.4,3.1,non_vegetarian,kerala,1,weight_loss|light
Tofu Curry 8193,dinner,685,6.5,30.2,23.3,vegan,mixed,0,weight_loss|light
Paneer Cubes 8194,snack,101,8.4,32.1,24.1,vegetarian,south_indian,0,improve_stamina|carb_rich
Tofu Scramble 8195,breakfast,427,35.8,38.5,18.4,vegan,kerala,0,muscle_gain|high_protein
Idli Sambar 8196,breakfast,418,12.2,75.2,9.9,vegetarian,south_indian,1,improve_stamina|carb_rich
Vegetable Poha 8197,breakfast,345,34.4,71.4,18.1,vegetarian,gujarati,0,muscle_gain|high_protein
Mixed Veg Curry 8198,dinner,456,8.0,65.0,7.5,vegetarian,bengali,1,improve_stamina|carb_rich
Vegetable Khichdi 8199,lunch,632,19.9,43.3,16.4,vegetarian,north_indian,0,improve_stamina|carb_rich
Dal Rice 8200,lunch,556,20.5,68.7,22.7,vegetarian,hyderabadi,0,muscle_gain|high_protein
Mixed Veg Curry 8201,dinner,440,35.7,76.1,7.1,vegetarian,punjabi,1,muscle_gain|high_protein
Thepla 8202,breakfast,431,9.9,22.1,21.4,vegetarian,hyderabadi,0,weight_loss|light
Upma 8203,breakfast,189,9.8,78.6,11.8,vegetarian,rajasthani,1,balanced|beginner
Peanut Chaat 8204,snack,104,10.1,62.2,3.8,vegetarian,north_indian,1,balanced|beginner
Tofu Scramble 8205,breakfast,403,18.0,45.0,11.5,vegan,punjabi,1,weight_loss|light
Upma 8206,breakfast,440,14.8,56.3,6.1,vegetarian,gujarati,1,improve_stamina|carb_rich
Peanut Chaat 8207,snack,124,24.1,77.3,22.7,vegetarian,north_indian,0,muscle_gain|high_protein
Fish Fry 8208,dinner,416,10.6,62.3,11.0,non_vegetarian,punjabi,1,balanced|beginner
Grilled Chicken 8209,dinner,529,6.3,42.4,7.0,non_vegetarian,maharashtrian,0,weight_loss|light
Rajma Chawal 8210,lunch,505,44.6,62.0,17.1,vegetarian,gujarati,0,muscle_gain|high_protein
Tofu Stir Fry 8211,lunch,351,7.7,62.8,10.0,vegan,rajasthani,1,weight_loss|light
Paneer Cubes 8212,snack,239,16.4,53.4,13.3,vegetarian,rajasthani,1,improve_stamina|carb_rich
Vegetable Soup 8213,dinner,527,17.6,50.8,18.0,vegan,mixed,0,improve_stamina|carb_rich
Oats with Milk 8214,breakfast,179,13.6,75.8,19.2,vegetarian,south_indian,0,balanced|beginner
Sabudana Khichdi 8215,breakfast,189,44.9,26.2,14.5,vegetarian,punjabi,1,muscle_gain|high_protein
Roti Sabji 8216,dinner,406,16.6,59.5,6.2,vegetarian,maharashtrian,1,balanced|beginner
Pav Bhaji 8217,lunch,555,13.7,47.0,10.0,vegetarian,gujarati,0,weight_loss|light
Thepla 8218,breakfast,318,15.7,61.0,6.8,vegetarian,bengali,1,improve_stamina|carb_rich
Roti Sabji 8219,dinner,463,18.3,66.6,18.4,vegetarian,gujarati,0,balanced|beginner
Dal Rice 8220,lunch,388,7.7,32.2,4.9,vegetarian,north_indian,1,weight_loss|light
Paneer Cubes 8221,snack,189,19.1,50.8,19.1,vegetarian,bengali,0,weight_loss|light
Sprouts Salad 8222,snack,247,15.5,71.4,13.3,vegan,punjabi,1,improve_stamina|carb_rich
Kadhi Rice 8223,lunch,650,10.8,36.1,18.3,vegetarian,rajasthani,0,improve_stamina|carb_rich
Dal Rice 8224,lunch,398,44.7,49.1,6.0,vegetarian,hyderabadi,1,muscle_gain|high_protein
Roti Sabji 8225,dinner,675,32.9,54.9,15.0,vegetarian,mixed,0,muscle_gain|high_protein
Sabudana Khichdi 8226,breakfast,419,18.7,44.4,11.8,vegetarian,punjabi,1,improve_stamina|carb_rich
Sabudana Khichdi 8227,breakfast,217,26.4,60.3,9.7,vegetarian,gujarati,1,muscle_gain|high_protein
Fruit Salad 8228,snack,108,26.1,49.0,5.9,vegan,rajasthani,1,muscle_gain|high_protein
Vegetable Poha 8229,breakfast,339,40.8,44.3,23.1,vegetarian,maharashtrian,0,muscle_gain|high_protein
Paneer Sandwich 8230,breakfast,285,31.8,24.3,14.6,vegetarian,maharashtrian,1,muscle_gain|high_protein
Rajma Chawal 8231,lunch,453,19.8,59.1,10.1,vegetarian,hyderabadi,1,improve_stamina|carb_rich
Tofu Stir Fry 8232,lunch,549,19.4,74.8,18.6,vegan,south_indian,0,balanced|beginner
Vegetable Poha 8233,breakfast,298,31.2,32.8,11.0,vegetarian,bengali,1,muscle_gain|high_protein
Masala Omelette 8234,breakfast,209,13.7,41.2,13.2,non_vegetarian,rajasthani,1,balanced|beginner
Tofu Curry 8235,dinner,573,8.3,43.8,8.8,vegan,mixed,0,improve_stamina|carb_rich
Fruit Salad 8236,snack,81,18.9,55.4,9.3,vegan,gujarati,1,weight_loss|light
Sprouts Salad 8237,snack,108,19.5,66.4,20.6,vegan,maharashtrian,0,muscle_gain|high_protein
Tofu Scramble 8238,breakfast,305,33.1,62.6,22.2,vegan,punjabi,0,muscle_gain|high_protein
Boiled Eggs 8239,snack,126,15.7,38.8,18.5,non_vegetarian,south_indian,0,improve_stamina|carb_rich
Upma 8240,breakfast,340,23.1,48.5,6.0,vegetarian,maharashtrian,1,muscle_gain|high_protein
Fruit Salad 8241,snack,241,19.8,39.2,15.7,vegan,hyderabadi,1,weight_loss|light
Upma 8242,breakfast,306,17.0,49.7,11.5,vegetarian,maharashtrian,1,improve_stamina|carb_rich
Hyderabadi Biryani 8243,lunch,386,17.4,39.9,16.7,non_vegetarian,hyderabadi,1,improve_stamina|carb_rich
Vegetable Soup 8244,dinner,468,7.8,68.8,18.7,vegan,kerala,0,weight_loss|light
Hyderabadi Biryani 8245,lunch,642,8.1,25.2,17.2,non_vegetarian,maharashtrian,0,weight_loss|light
Mixed Veg Curry 8246,dinner,397,11.5,35.4,8.4,vegetarian,mixed,1,balanced|beginner
Vegetable Soup 8247,dinner,610,13.5,64.0,15.7,vegan,north_indian,0,balanced|beginner
Dal Rice 8248,lunch,619,41.9,53.2,11.5,vegetarian,bengali,0,muscle_gain|high_protein
Oats with Milk 8249,breakfast,417,14.4,30.9,20.7,vegetarian,punjabi,0,improve_stamina|carb_rich
Paneer Cubes 8250,snack,170,12.8,44.5,14.7,vegetarian,maharashtrian,1,weight_loss|light
Chicken Curry Rice 8251,lunch,453,12.8,49.4,16.3,non_vegetarian,maharashtrian,1,improve_stamina|carb_rich
Sprouts Salad 8252,snack,110,16.8,60.8,4.8,vegan,rajasthani,1,improve_stamina|carb_rich
Sabudana Khichdi 8253,breakfast,227,16.4,79.3,10.9,vegetarian,punjabi,1,improve_stamina|carb_rich
Peanut Chaat 8254,snack,238,7.2,63.6,19.5,vegetarian,south_indian,0,weight_loss|light
Boiled Eggs 8255,snack,97,38.5,58.1,18.5,non_vegetarian,bengali,0,muscle_gain|high_protein
Fish Curry Rice 8256,lunch,446,14.5,56.2,10.7,non_vegetarian,gujarati,1,weight_loss|light
Paneer Bhurji 8257,dinner,572,22.3,59.0,3.6,vegetarian,north_indian,0,muscle_gain|high_protein
Tofu Scramble 8258,breakfast,230,19.1,72.7,18.1,vegan,north_indian,0,balanced|beginner
Buttermilk 8259,snack,159,20.0,47.0,23.7,vegetarian,gujarati,0,balanced|beginner
Tofu Stir Fry 8260,lunch,674,15.1,46.2,12.5,vegan,north_indian,0,balanced|beginner
Fish Fry 8261,dinner,525,16.1,79.5,19.6,non_vegetarian,mixed,0,weight_loss|light
Buttermilk 8262,snack,267,24.4,34.9,16.6,vegetarian,hyderabadi,1,muscle_gain|high_protein
Protein Shake 8263,snack,179,6.8,37.5,22.3,vegetarian,gujarati,0,improve_stamina|carb_rich
Vegetable Soup 8264,dinner,547,12.4,49.5,5.1,vegan,mixed,0,weight_loss|light
Grilled Chicken 8265,dinner,531,11.3,42.9,20.2,non_vegetarian,rajasthani,0,balanced|beginner
Paneer Sandwich 8266,breakfast,344,13.5,75.7,13.0,vegetarian,kerala,1,balanced|beginner
Egg Curry 8267,dinner,658,11.9,78.7,5.1,non_vegetarian,bengali,0,balanced|beginner
Dal Rice 8268,lunch,565,5.0,30.7,24.2,vegetarian,punjabi,0,improve_stamina|carb_rich
Roasted Chana 8269,snack,238,6.3,42.7,19.9,vegan,rajasthani,0,improve_stamina|carb_rich
Peanut Chaat 8270,snack,126,17.4,48.5,3.9,vegetarian,bengali,1,improve_stamina|carb_rich
Kadhi Rice 8271,lunch,420,7.3,67.8,14.8,vegetarian,maharashtrian,1,balanced|beginner
Sabudana Khichdi 8272,breakfast,375,41.9,55.7,22.1,vegetarian,rajasthani,0,muscle_gain|high_protein
Idli Sambar 8273,breakfast,417,44.1,64.6,3.1,vegetarian,gujarati,1,muscle_gain|high_protein
Vegetable Khichdi 8274,lunch,663,5.6,33.0,23.4,vegetarian,kerala,0,improve_stamina|carb_rich
Protein Shake 8275,snack,148,25.3,75.2,22.1,vegetarian,punjabi,0,muscle_gain|high_protein
Tofu Curry 8276,dinner,400,16.6,73.4,20.2,vegan,south_indian,0,improve_stamina|carb_rich
Masala Omelette 8277,breakfast,354,40.0,43.8,3.9,non_vegetarian,bengali,1,muscle_gain|high_protein
Vegetable Soup 8278,dinner,461,7.2,40.1,23.9,vegan,punjabi,0,weight_loss|light
Kadhi Rice 8279,lunch,682,23.2,68.7,25.0,vegetarian,maharashtrian,0,muscle_gain|high_protein
Vegetable Soup 8280,dinner,357,16.4,21.2,23.6,vegan,north_indian,0,balanced|beginner
Chicken Curry Rice 8281,lunch,582,16.9,20.8,10.8,non_vegetarian,gujarati,0,balanced|beginner
Paneer Sandwich 8282,breakfast,369,31.0,29.3,18.0,vegetarian,punjabi,1,muscle_gain|high_protein
Oats with Milk 8283,breakfast,233,6.7,72.6,11.9,vegetarian,kerala,1,improve_stamina|carb_rich
Peanut Chaat 8284,snack,251,15.5,38.1,15.4,vegetarian,punjabi,1,balanced|beginner
Sprouts Salad 8285,snack,248,19.3,42.2,21.2,vegan,rajasthani,0,muscle_gain|high_protein
Protein Shake 8286,snack,243,14.0,27.3,7.2,vegetarian,north_indian,1,improve_stamina|carb_rich
Vegetable Soup 8287,dinner,568,43.7,66.2,4.8,vegan,gujarati,0,muscle_gain|high_protein
Fruit Bowl 8288,breakfast,205,38.4,35.0,9.7,vegan,south_indian,1,muscle_gain|high_protein
Vegetable Soup 8289,dinner,454,19.3,30.5,9.2,vegan,north_indian,1,improve_stamina|carb_rich
Paneer Cubes 8290,snack,184,9.1,45.6,24.2,vegetarian,hyderabadi,0,balanced|beginner
Paneer Sandwich 8291,breakfast,211,11.2,24.1,6.5,vegetarian,kerala,1,balanced|beginner
Fish Curry Rice 8292,lunch,659,14.5,24.6,11.3,non_vegetarian,punjabi,0,improve_stamina|carb_rich
Egg Curry 8293,dinner,615,15.9,36.5,20.9,non_vegetarian,maharashtrian,0,weight_loss|light
Dal Tadka 8294,dinner,361,13.1,38.7,17.7,vegetarian,maharashtrian,1,weight_loss|light
Fish Curry Rice 8295,lunch,597,5.4,45.5,17.4,non_vegetarian,north_indian,0,balanced|beginner
Fruit Salad 8296,snack,106,30.4,48.1,6.0,vegan,north_indian,1,muscle_gain|high_protein
Paneer Cubes 8297,snack,176,33.3,28.0,17.4,vegetarian,maharashtrian,1,muscle_gain|high_protein
Idli Sambar 8298,breakfast,339,14.5,54.7,6.7,vegetarian,gujarati,1,balanced|beginner
Dal Rice 8299,lunch,698,5.3,26.5,9.1,vegetarian,gujarati,0,improve_stamina|carb_rich
Pav Bhaji 8300,lunch,373,11.0,45.1,8.0,vegetarian,hyderabadi,1,weight_loss|light
Hyderabadi Biryani 8301,lunch,520,8.6,25.9,11.2,non_vegetarian,mixed,0,improve_stamina|carb_rich
Rajma Chawal 8302,lunch,450,15.2,57.6,23.0,vegetarian,gujarati,0,balanced|beginner
Paneer Cubes 8303,snack,282,7.0,55.7,7.8,vegetarian,rajasthani,1,balanced|beginner
Vegetable Soup 8304,dinner,600,16.4,61.9,8.6,vegan,rajasthani,0,weight_loss|light
Hyderabadi Biryani 8305,lunch,531,8.6,23.3,18.7,non_vegetarian,bengali,0,weight_loss|light
Paneer Cubes 8306,snack,133,13.3,32.6,21.4,vegetarian,kerala,0,weight_loss|light
Buttermilk 8307,snack,170,11.0,75.3,5.9,vegetarian,punjabi,1,improve_stamina|carb_rich
Boiled Eggs 8308,snack,117,5.5,63.4,3.4,non_vegetarian,rajasthani,1,balanced|beginner
Hyderabadi Biryani 8309,lunch,650,10.1,34.9,16.7,non_vegetarian,punjabi,0,improve_stamina|carb_rich
Tofu Curry 8310,dinner,523,43.3,68.4,22.3,vegan,gujarati,0,muscle_gain|high_protein
Dal Tadka 8311,dinner,417,12.7,62.2,11.1,vegetarian,hyderabadi,1,improve_stamina|carb_rich
Egg Curry 8312,dinner,572,9.8,49.2,24.2,non_vegetarian,kerala,0,weight_loss|light
Tofu Curry 8313,dinner,632,40.2,73.9,23.0,vegan,gujarati,0,muscle_gain|high_protein
Peanut Chaat 8314,snack,221,5.6,37.3,4.8,vegetarian,maharashtrian,1,balanced|beginner
Thepla 8315,breakfast,419,19.2,56.0,17.7,vegetarian,punjabi,1,balanced|beginner
Grilled Chicken 8316,dinner,618,18.9,27.7,4.7,non_vegetarian,kerala,0,weight_loss|light
Fruit Bowl 8317,breakfast,297,11.0,75.5,18.2,vegan,bengali,0,improve_stamina|carb_rich
Oats with Milk 8318,breakfast,348,19.5,23.9,10.4,vegetarian,north_indian,1,weight_loss|light
Mixed Veg Curry 8319,dinner,444,31.6,41.4,21.4,vegetarian,south_indian,0,muscle_gain|high_protein
Sabudana Khichdi 8320,breakfast,276,38.1,23.4,24.9,vegetarian,north_indian,0,muscle_gain|high_protein
Paneer Roti 8321,lunch,435,13.3,50.1,10.4,vegetarian,mixed,1,weight_loss|light
Sprouts Salad 8322,snack,226,10.4,29.0,16.3,vegan,hyderabadi,1,weight_loss|light
Dal Rice 8323,lunch,546,15.0,59.1,19.7,vegetarian,maharashtrian,0,balanced|beginner
Vegetable Poha 8324,breakfast,200,17.5,20.1,3.2,vegetarian,mixed,1,improve_stamina|carb_rich
Chicken Curry Rice 8325,lunch,445,17.7,76.1,12.9,non_vegetarian,north_indian,1,balanced|beginner
Dal Rice 8326,lunch,466,20.1,21.9,17.8,vegetarian,gujarati,1,muscle_gain|high_protein
Buttermilk 8327,snack,288,6.8,79.5,16.7,vegetarian,mixed,1,weight_loss|light
Masala Omelette 8328,breakfast,277,18.5,35.1,12.4,non_vegetarian,gujarati,1,weight_loss|light
Hyderabadi Biryani 8329,lunch,504,10.0,75.9,15.8,non_vegetarian,mixed,0,improve_stamina|carb_rich
Chicken Curry Rice 8330,lunch,383,10.1,27.4,21.2,non_vegetarian,maharashtrian,0,improve_stamina|carb_rich
Pav Bhaji 8331,lunch,596,11.9,70.0,4.7,vegetarian,maharashtrian,0,weight_loss|light
Dal Rice 8332,lunch,414,19.3,34.3,9.1,vegetarian,kerala,1,balanced|beginner
Boiled Eggs 8333,snack,211,38.4,29.4,19.0,non_vegetarian,north_indian,0,muscle_gain|high_protein
Vegetable Poha 8334,breakfast,383,44.3,65.5,12.6,vegetarian,north_indian,1,muscle_gain|high_protein
Masala Omelette 8335,breakfast,352,18.1,65.6,12.3,non_vegetarian,bengali,1,weight_loss|light
Protein Shake 8336,snack,227,19.4,70.3,23.7,vegetarian,north_indian,0,balanced|beginner
Vegetable Soup 8337,dinner,424,44.4,28.2,5.1,vegan,north_indian,1,muscle_gain|high_protein
Fish Curry Rice 8338,lunch,681,18.9,38.8,22.8,non_vegetarian,hyderabadi,0,balanced|beginner
Protein Shake 8339,snack,162,7.8,77.6,17.6,vegetarian,mixed,1,balanced|beginner
Roasted Chana 8340,snack,231,34.5,51.6,14.6,vegan,south_indian,1,muscle_gain|high_protein
Fruit Salad 8341,snack,110,31.2,36.0,23.7,vegan,mixed,0,muscle_gain|high_protein
Peanut Chaat 8342,snack,108,6.4,43.8,7.9,vegetarian,rajasthani,1,weight_loss|light
Roasted Chana 8343,snack,204,6.3,69.3,5.5,vegan,gujarati,1,weight_loss|light
Protein Shake 8344,snack,166,6.6,72.4,5.2,vegetarian,maharashtrian,1,improve_stamina|carb_rich
Masala Omelette 8345,breakfast,448,16.2,48.5,5.7,non_vegetarian,gujarati,1,weight_loss|light
Buttermilk 8346,snack,210,29.9,60.1,8.4,vegetarian,kerala,1,muscle_gain|high_protein
Sprouts Salad 8347,snack,206,9.1,68.1,23.2,vegan,kerala,0,weight_loss|light
Sprouts Salad 8348,snack,258,14.0,60.6,4.2,vegan,north_indian,1,improve_stamina|carb_rich
Paneer Sandwich 8349,breakfast,234,17.5,48.4,4.8,vegetarian,gujarati,1,balanced|beginner
Upma 8350,breakfast,270,9.0,46.0,19.6,vegetarian,rajasthani,0,weight_loss|light
Peanut Chaat 8351,snack,289,13.9,26.5,19.6,vegetarian,hyderabadi,0,improve_stamina|carb_rich
Paneer Bhurji 8352,dinner,599,18.1,46.4,4.3,vegetarian,punjabi,0,weight_loss|light
Dal Tadka 8353,dinner,363,10.4,57.1,20.3,vegetarian,bengali,0,weight_loss|light
Buttermilk 8354,snack,212,13.0,70.1,10.3,vegetarian,rajasthani,1,balanced|beginner
Paneer Cubes 8355,snack,88,14.1,46.3,9.9,vegetarian,maharashtrian,1,improve_stamina|carb_rich
Vegetable Khichdi 8356,lunch,551,23.6,35.5,24.2,vegetarian,gujarati,0,muscle_gain|high_protein
Masala Omelette 8357,breakfast,264,32.4,59.0,10.4,non_vegetarian,bengali,1,muscle_gain|high_protein
Thepla 8358,breakfast,237,15.9,66.8,9.6,vegetarian,bengali,1,improve_stamina|carb_rich
Dal Tadka 8359,dinner,556,13.9,55.8,10.0,vegetarian,north_indian,0,weight_loss|light
Buttermilk 8360,snack,131,23.6,72.2,4.3,vegetarian,punjabi,1,muscle_gain|high_protein
Fish Curry Rice 8361,lunch,556,36.1,71.5,5.7,non_vegetarian,bengali,0,muscle_gain|high_protein
Peanut Chaat 8362,snack,125,9.3,46.7,6.0,vegetarian,rajasthani,1,weight_loss|light
Paneer Cubes 8363,snack,152,7.0,66.4,5.2,vegetarian,south_indian,1,balanced|beginner
Tofu Curry 8364,dinner,382,15.6,44.3,24.3,vegan,maharashtrian,0,balanced|beginner
Rajma Chawal 8365,lunch,360,6.1,70.0,6.2,vegetarian,gujarati,1,balanced|beginner
Dal Tadka 8366,dinner,660,13.1,49.0,17.4,vegetarian,rajasthani,0,balanced|beginner
Grilled Chicken 8367,dinner,529,8.1,76.1,11.1,non_vegetarian,hyderabadi,0,improve_stamina|carb_rich
Boiled Eggs 8368,snack,98,12.7,66.3,17.7,non_vegetarian,gujarati,1,weight_loss|light
Fruit Bowl 8369,breakfast,418,31.2,64.2,23.1,vegan,south_indian,0,muscle_gain|high_protein
Hyderabadi Biryani 8370,lunch,380,14.2,58.6,12.0,non_vegetarian,bengali,1,improve_stamina|carb_rich
Tofu Curry 8371,dinner,651,12.1,57.0,14.6,vegan,hyderabadi,0,weight_loss|light
Dal Rice 8372,lunch,488,17.5,68.6,18.1,vegetarian,bengali,0,balanced|beginner
Buttermilk 8373,snack,118,7.2,60.6,15.8,vegetarian,kerala,1,improve_stamina|carb_rich
Hyderabadi Biryani 8374,lunch,538,8.1,34.9,11.5,non_vegetarian,gujarati,0,weight_loss|light
Paneer Cubes 8375,snack,174,18.5,71.8,8.6,vegetarian,maharashtrian,1,improve_stamina|carb_rich
Fruit Bowl 8376,breakfast,256,12.2,48.2,10.7,vegan,hyderabadi,1,balanced|beginner
Boiled Eggs 8377,snack,108,11.3,23.0,18.9,non_vegetarian,bengali,0,improve_stamina|carb_rich
Sprouts Salad 8378,snack,259,6.3,63.2,7.7,vegan,kerala,1,improve_stamina|carb_rich
Rajma Chawal 8379,lunch,579,12.2,76.6,19.6,vegetarian,hyderabadi,0,improve_stamina|carb_rich
Corn Chaat 8380,snack,185,15.9,26.9,23.0,vegan,rajasthani,0,balanced|beginner
Fruit Bowl 8381,breakfast,334,38.7,55.1,13.9,vegan,kerala,1,muscle_gain|high_protein
Paneer Bhurji 8382,dinner,403,15.4,79.5,23.6,vegetarian,maharashtrian,0,improve_stamina|carb_rich
Dal Rice 8383,lunch,699,19.5,79.0,11.1,vegetarian,mixed,0,improve_stamina|carb_rich
Idli Sambar 8384,breakfast,242,39.9,53.7,3.3,vegetarian,north_indian,1,muscle_gain|high_protein
Paneer Bhurji 8385,dinner,575,36.6,54.3,13.4,vegetarian,bengali,0,muscle_gain|high_protein
Idli Sambar 8386,breakfast,313,19.4,43.8,16.5,vegetarian,hyderabadi,1,weight_loss|light
Sprouts Salad 8387,snack,145,26.8,36.3,6.0,vegan,rajasthani,1,muscle_gain|high_protein
Roasted Chana 8388,snack,249,11.1,68.7,19.1,vegan,gujarati,0,improve_stamina|carb_rich
Oats with Milk 8389,breakfast,227,12.3,65.4,22.5,vegetarian,punjabi,0,improve_stamina|carb_rich
Chicken Curry Rice 8390,lunch,502,16.7,57.2,7.7,non_vegetarian,rajasthani,0,weight_loss|light
Masala Omelette 8391,breakfast,188,26.0,32.3,5.0,non_vegetarian,rajasthani,1,muscle_gain|high_protein
Sprouts Salad 8392,snack,288,11.9,24.0,6.6,vegan,gujarati,1,improve_stamina|carb_rich
Vegetable Soup 8393,dinner,503,19.6,33.4,23.6,vegan,north_indian,0,balanced|beginner
Upma 8394,breakfast,207,6.8,53.1,18.4,vegetarian,mixed,0,weight_loss|light
Buttermilk 8395,snack,126,8.4,37.0,10.7,vegetarian,kerala,1,balanced|beginner
Mixed Veg Curry 8396,dinner,605,11.6,21.2,12.8,vegetarian,punjabi,0,weight_loss|light
Thepla 8397,breakfast,339,19.0,77.1,3.5,vegetarian,north_indian,1,weight_loss|light
Buttermilk 8398,snack,211,13.5,31.2,20.2,vegetarian,mixed,0,weight_loss|light
Egg Curry 8399,dinner,405,6.9,54.6,20.5,non_vegetarian,mixed,0,improve_stamina|carb_rich
Vegetable Khichdi 8400,lunch,457,5.3,38.9,4.8,vegetarian,bengali,1,balanced|beginner
Hyderabadi Biryani 8401,lunch,519,14.8,60.0,6.3,non_vegetarian,north_indian,0,improve_stamina|carb_rich
Roti Sabji 8402,dinner,597,6.4,60.2,11.4,vegetarian,mixed,0,weight_loss|light
Protein Shake 8403,snack,176,9.8,66.7,12.4,vegetarian,kerala,1,weight_loss|light
Fish Fry 8404,dinner,657,6.0,38.6,5.6,non_vegetarian,mixed,0,improve_stamina|carb_rich
Roasted Chana 8405,snack,286,11.9,79.6,11.4,vegan,north_indian,1,weight_loss|light
Paneer Bhurji 8406,dinner,428,43.1,25.0,5.6,vegetarian,north_indian,1,muscle_gain|high_protein
Chicken Curry Rice 8407,lunch,445,9.7,44.5,9.5,non_vegetarian,bengali,1,weight_loss|light
Idli Sambar 8408,breakfast,376,44.2,78.6,8.7,vegetarian,maharashtrian,1,muscle_gain|high_protein
Protein Shake 8409,snack,127,5.3,56.5,21.3,vegetarian,gujarati,0,balanced|beginner
Tofu Stir Fry 8410,lunch,388,19.7,46.7,4.3,vegan,punjabi,1,muscle_gain|high_protein
Kadhi Rice 8411,lunch,615,13.9,46.2,20.4,vegetarian,punjabi,0,weight_loss|light
Vegetable Poha 8412,breakfast,435,19.7,77.2,10.8,vegetarian,mixed,1,balanced|beginner
Dal Rice 8413,lunch,428,6.6,73.3,23.2,vegetarian,north_indian,0,improve_stamina|carb_rich
Masala Omelette 8414,breakfast,274,14.0,26.1,9.2,non_vegetarian,south_indian,1,improve_stamina|carb_rich
Pav Bhaji 8415,lunch,358,18.9,27.7,17.7,vegetarian,bengali,1,balanced|beginner
Kadhi Rice 8416,lunch,428,16.8,60.4,8.9,vegetarian,north_indian,1,improve_stamina|carb_rich
Oats with Milk 8417,breakfast,214,6.1,70.9,6.6,vegetarian,mixed,1,improve_stamina|carb_rich
Fish Curry Rice 8418,lunch,559,10.5,79.8,8.4,non_vegetarian,rajasthani,0,improve_stamina|carb_rich
Fish Fry 8419,dinner,382,9.4,73.5,18.8,non_vegetarian,kerala,0,weight_loss|light
Boiled Eggs 8420,snack,258,11.5,40.9,23.7,non_vegetarian,gujarati,0,weight_loss|light
Roti Sabji 8421,dinner,513,16.7,43.7,7.5,vegetarian,rajasthani,0,balanced|beginner
Grilled Chicken 8422,dinner,500,18.6,23.8,19.0,non_vegetarian,bengali,0,improve_stamina|carb_rich
Tofu Scramble 8423,breakfast,194,19.0,26.9,20.8,vegan,punjabi,0,balanced|beginner
Fruit Salad 8424,snack,178,14.4,21.0,12.2,vegan,punjabi,1,weight_loss|light
Upma 8425,breakfast,348,7.3,35.1,14.5,vegetarian,north_indian,1,weight_loss|light
Grilled Chicken 8426,dinner,492,12.4,66.3,10.0,non_vegetarian,mixed,1,balanced|beginner
Paneer Sandwich 8427,breakfast,275,39.2,60.9,21.1,vegetarian,mixed,0,muscle_gain|high_protein
Rajma Chawal 8428,lunch,507,17.1,26.2,8.3,vegetarian,punjabi,0,weight_loss|light
Roti Sabji 8429,dinner,369,39.4,46.4,13.5,vegetarian,punjabi,1,muscle_gain|high_protein
Peanut Chaat 8430,snack,208,6.5,53.9,3.9,vegetarian,gujarati,1,improve_stamina|carb_rich
Hyderabadi Biryani 8431,lunch,550,9.8,71.6,16.6,non_vegetarian,south_indian,0,improve_stamina|carb_rich
Fruit Salad 8432,snack,97,13.8,67.5,20.9,vegan,kerala,0,balanced|beginner
Grilled Chicken 8433,dinner,442,9.9,39.7,7.5,non_vegetarian,punjabi,1,balanced|beginner
Roti Sabji 8434,dinner,556,26.6,44.8,22.1,vegetarian,south_indian,0,muscle_gain|high_protein
Vegetable Poha 8435,breakfast,193,13.6,41.4,6.4,vegetarian,maharashtrian,1,improve_stamina|carb_rich
Roasted Chana 8436,snack,131,12.3,54.8,6.2,vegan,bengali,1,improve_stamina|carb_rich
Sprouts Salad 8437,snack,129,37.2,45.3,24.3,vegan,rajasthani,0,muscle_gain|high_protein
Roasted Chana 8438,snack,218,39.6,39.4,9.6,vegan,south_indian,1,muscle_gain|high_protein
Rajma Chawal 8439,lunch,374,29.6,36.2,4.3,vegetarian,rajasthani,1,muscle_gain|high_protein
Vegetable Khichdi 8440,lunch,583,30.8,64.1,6.2,vegetarian,kerala,0,muscle_gain|high_protein
Thepla 8441,breakfast,325,5.7,77.3,10.7,vegetarian,north_indian,1,weight_loss|light
Tofu Stir Fry 8442,lunch,605,15.4,44.5,4.6,vegan,kerala,0,balanced|beginner
Pav Bhaji 8443,lunch,552,35.6,76.6,11.0,vegetarian,bengali,0,muscle_gain|high_protein
Idli Sambar 8444,breakfast,438,12.5,43.9,8.4,vegetarian,rajasthani,1,balanced|beginner
Protein Shake 8445,snack,105,13.5,76.9,24.5,vegetarian,bengali,0,balanced|beginner
Egg Curry 8446,dinner,551,12.6,27.4,17.2,non_vegetarian,mixed,0,balanced|beginner
Dal Tadka 8447,dinner,522,5.6,20.3,19.6,vegetarian,south_indian,0,weight_loss|light
Vegetable Poha 8448,breakfast,167,12.1,52.4,11.4,vegetarian,hyderabadi,1,balanced|beginner
Fish Fry 8449,dinner,580,19.1,77.0,20.0,non_vegetarian,bengali,0,weight_loss|light
Roasted Chana 8450,snack,164,13.2,68.8,7.0,vegan,gujarati,1,improve_stamina|carb_rich
Buttermilk 8451,snack,170,8.7,72.7,7.7,vegetarian,hyderabadi,1,balanced|beginner
Fruit Salad 8452,snack,180,15.4,61.0,24.5,vegan,rajasthani,0,improve_stamina|carb_rich
Chicken Curry Rice 8453,lunch,592,12.4,52.7,3.6,non_vegetarian,mixed,0,balanced|beginner
Hyderabadi Biryani 8454,lunch,370,7.3,59.1,19.8,non_vegetarian,maharashtrian,0,weight_loss|light
Sprouts Salad 8455,snack,168,17.4,54.1,10.2,vegan,maharashtrian,1,balanced|beginner
Pav Bhaji 8456,lunch,397,41.5,21.9,21.7,vegetarian,north_indian,0,muscle_gain|high_protein
Fish Curry Rice 8457,lunch,405,18.0,56.3,12.7,non_vegetarian,mixed,1,weight_loss|light
Grilled Chicken 8458,dinner,460,8.4,42.6,6.1,non_vegetarian,rajasthani,1,balanced|beginner
Mixed Veg Curry 8459,dinner,371,31.1,60.4,23.3,vegetarian,bengali,0,muscle_gain|high_protein
Roti Sabji 8460,dinner,508,6.6,24.7,10.7,vegetarian,south_indian,0,weight_loss|light
Paneer Bhurji 8461,dinner,455,19.9,53.4,18.0,vegetarian,maharashtrian,1,weight_loss|light
Paneer Roti 8462,lunch,544,43.1,31.0,24.1,vegetarian,punjabi,0,muscle_gain|high_protein
Fruit Salad 8463,snack,105,15.4,28.3,4.4,vegan,punjabi,1,balanced|beginner
Mixed Veg Curry 8464,dinner,639,5.9,60.8,24.9,vegetarian,maharashtrian,0,balanced|beginner
Egg Curry 8465,dinner,664,5.1,70.8,24.1,non_vegetarian,north_indian,0,balanced|beginner
Vegetable Khichdi 8466,lunch,360,20.5,31.2,22.0,vegetarian,north_indian,0,muscle_gain|high_protein
Chicken Curry Rice 8467,lunch,695,13.5,70.7,19.2,non_vegetarian,gujarati,0,balanced|beginner
Vegetable Poha 8468,breakfast,345,18.0,59.5,7.4,vegetarian,hyderabadi,1,weight_loss|light
Vegetable Poha 8469,breakfast,355,14.1,61.3,15.9,vegetarian,north_indian,1,weight_loss|light
Roti Sabji 8470,dinner,664,6.9,23.6,22.5,vegetarian,gujarati,0,weight_loss|light
Fish Fry 8471,dinner,664,18.5,27.2,16.0,non_vegetarian,mixed,0,muscle_gain|high_protein
Paneer Bhurji 8472,dinner,552,18.4,32.2,6.0,vegetarian,north_indian,0,weight_loss|light
Hyderabadi Biryani 8473,lunch,681,9.3,72.0,24.7,non_vegetarian,maharashtrian,0,balanced|beginner
Dal Rice 8474,lunch,444,26.8,65.7,16.9,vegetarian,north_indian,1,muscle_gain|high_protein
Fish Fry 8475,dinner,685,10.2,49.7,12.5,non_vegetarian,south_indian,0,improve_stamina|carb_rich
Paneer Cubes 8476,snack,214,19.9,39.0,22.7,vegetarian,gujarati,0,balanced|beginner
Peanut Chaat 8477,snack,261,19.0,48.1,14.3,vegetarian,gujarati,1,balanced|beginner
Fruit Salad 8478,snack,295,31.7,21.9,4.2,vegan,kerala,1,muscle_gain|high_protein
Hyderabadi Biryani 8479,lunch,543,13.9,71.5,15.6,non_vegetarian,mixed,0,balanced|beginner
Corn Chaat 8480,snack,223,19.7,22.2,11.6,vegan,punjabi,1,balanced|beginner
Tofu Curry 8481,dinner,559,34.2,69.9,21.8,vegan,maharashtrian,0,muscle_gain|high_protein
Egg Curry 8482,dinner,640,19.1,72.8,20.5,non_vegetarian,maharashtrian,0,balanced|beginner
Peanut Chaat 8483,snack,116,11.4,32.0,8.1,vegetarian,kerala,1,balanced|beginner
Corn Chaat 8484,snack,152,12.2,48.7,3.7,vegan,north_indian,1,weight_loss|light
Mixed Veg Curry 8485,dinner,514,10.6,59.1,24.5,vegetarian,maharashtrian,0,improve_stamina|carb_rich
Paneer Roti 8486,lunch,604,8.9,25.8,12.0,vegetarian,bengali,0,balanced|beginner
Mixed Veg Curry 8487,dinner,444,9.3,47.4,21.9,vegetarian,south_indian,0,balanced|beginner
Peanut Chaat 8488,snack,255,11.3,56.4,6.7,vegetarian,kerala,1,weight_loss|light
Corn Chaat 8489,snack,122,41.6,47.6,18.1,vegan,kerala,0,muscle_gain|high_protein
Buttermilk 8490,snack,297,14.6,37.9,3.9,vegetarian,maharashtrian,1,weight_loss|light
Tofu Curry 8491,dinner,482,11.9,74.6,21.4,vegan,punjabi,0,improve_stamina|carb_rich
Paneer Cubes 8492,snack,106,18.3,62.9,18.1,vegetarian,rajasthani,0,muscle_gain|high_protein
Chicken Curry Rice 8493,lunch,620,12.7,34.4,20.9,non_vegetarian,gujarati,0,improve_stamina|carb_rich
Vegetable Soup 8494,dinner,406,19.4,36.0,10.7,vegan,rajasthani,1,weight_loss|light
Grilled Chicken 8495,dinner,584,19.5,31.8,22.1,non_vegetarian,rajasthani,0,improve_stamina|carb_rich
Vegetable Soup 8496,dinner,595,7.5,73.8,16.6,vegan,rajasthani,0,improve_stamina|carb_rich
Masala Omelette 8497,breakfast,196,6.1,21.5,15.4,non_vegetarian,punjabi,1,weight_loss|light
Boiled Eggs 8498,snack,141,11.6,72.0,17.6,non_vegetarian,north_indian,1,weight_loss|light
Fish Fry 8499,dinner,630,8.6,56.0,19.4,non_vegetarian,hyderabadi,0,improve_stamina|carb_rich
Mixed Veg Curry 8500,dinner,436,5.7,52.4,22.4,vegetarian,kerala,0,balanced|beginner
Paneer Roti 8501,lunch,398,10.7,32.3,22.0,vegetarian,mixed,0,weight_loss|light
Fish Fry 8502,dinner,539,14.7,53.5,8.8,non_vegetarian,gujarati,0,balanced|beginner
Corn Chaat 8503,snack,249,28.5,46.5,12.3,vegan,gujarati,1,muscle_gain|high_protein
Tofu Curry 8504,dinner,489,15.5,37.2,12.4,vegan,south_indian,1,improve_stamina|carb_rich
Paneer Roti 8505,lunch,562,19.5,32.0,14.8,vegetarian,south_indian,0,weight_loss|light
Corn Chaat 8506,snack,216,43.6,79.9,15.2,vegan,maharashtrian,1,muscle_gain|high_protein
Fruit Salad 8507,snack,293,16.7,66.6,9.6,vegan,north_indian,1,improve_stamina|carb_rich
Buttermilk 8508,snack,120,8.5,28.9,24.1,vegetarian,south_indian,0,balanced|beginner
Fruit Salad 8509,snack,198,15.9,32.8,15.1,vegan,kerala,1,improve_stamina|carb_rich
Tofu Stir Fry 8510,lunch,549,28.9,45.7,19.6,vegan,south_indian,0,muscle_gain|high_protein
Egg Curry 8511,dinner,692,19.0,58.3,5.3,non_vegetarian,gujarati,0,improve_stamina|carb_rich
Vegetable Poha 8512,breakfast,220,5.5,34.9,3.7,vegetarian,hyderabadi,1,weight_loss|light
Egg Curry 8513,dinner,362,14.6,65.1,3.1,non_vegetarian,gujarati,1,balanced|beginner
Tofu Curry 8514,dinner,439,16.1,68.9,13.9,vegan,mixed,1,balanced|beginner
Peanut Chaat 8515,snack,158,9.8,75.1,13.3,vegetarian,punjabi,1,improve_stamina|carb_rich
Vegetable Soup 8516,dinner,449,9.8,55.9,14.4,vegan,kerala,1,improve_stamina|carb_rich
Chicken Curry Rice 8517,lunch,437,16.8,53.8,16.3,non_vegetarian,maharashtrian,1,balanced|beginner
Mixed Veg Curry 8518,dinner,561,7.3,26.0,7.5,vegetarian,maharashtrian,0,balanced|beginner
Vegetable Soup 8519,dinner,357,31.6,66.0,10.5,vegan,punjabi,1,muscle_gain|high_protein
Kadhi Rice 8520,lunch,358,25.3,30.9,4.9,vegetarian,north_indian,1,muscle_gain|high_protein
Roasted Chana 8521,snack,277,41.7,61.6,17.3,vegan,bengali,1,muscle_gain|high_protein
Chicken Curry Rice 8522,lunch,694,18.8,73.1,17.4,non_vegetarian,kerala,0,improve_stamina|carb_rich
Protein Shake 8523,snack,280,26.9,69.6,21.0,vegetarian,maharashtrian,0,muscle_gain|high_protein
Vegetable Khichdi 8524,lunch,407,41.6,57.2,15.6,vegetarian,kerala,1,muscle_gain|high_protein
Peanut Chaat 8525,snack,109,28.0,57.1,13.3,vegetarian,south_indian,1,muscle_gain|high_protein
Peanut Chaat 8526,snack,203,11.8,74.1,23.5,vegetarian,south_indian,0,weight_loss|light
Roti Sabji 8527,dinner,561,5.2,29.7,16.3,vegetarian,south_indian,0,weight_loss|light
Idli Sambar 8528,breakfast,322,5.7,20.3,16.8,vegetarian,punjabi,1,improve_stamina|carb_rich
Protein Shake 8529,snack,228,5.6,56.7,4.2,vegetarian,north_indian,1,weight_loss|light
Thepla 8530,breakfast,261,7.2,76.4,13.2,vegetarian,south_indian,1,improve_stamina|carb_rich
Fruit Salad 8531,snack,160,11.4,45.0,21.1,vegan,maharashtrian,0,improve_stamina|carb_rich
Vegetable Khichdi 8532,lunch,531,18.5,30.5,24.1,vegetarian,maharashtrian,0,weight_loss|light
Roasted Chana 8533,snack,203,6.6,58.7,24.9,vegan,mixed,0,balanced|beginner
Corn Chaat 8534,snack,257,19.5,20.8,5.7,vegan,bengali,1,muscle_gain|high_protein
Tofu Stir Fry 8535,lunch,421,10.8,62.4,6.5,vegan,punjabi,1,improve_stamina|carb_rich
Roti Sabji 8536,dinner,400,43.8,57.7,12.1,vegetarian,bengali,1,muscle_gain|high_protein
Mixed Veg Curry 8537,dinner,403,15.8,61.0,7.6,vegetarian,punjabi,1,weight_loss|light
Rajma Chawal 8538,lunch,428,17.9,74.9,8.1,vegetarian,punjabi,1,improve_stamina|carb_rich
Sprouts Salad 8539,snack,213,6.8,26.9,16.6,vegan,south_indian,1,weight_loss|light
Fish Curry Rice 8540,lunch,548,43.5,65.7,10.6,non_vegetarian,kerala,0,muscle_gain|high_protein
Oats with Milk 8541,breakfast,318,17.0,78.7,5.0,vegetarian,maharashtrian,1,balanced|beginner
Boiled Eggs 8542,snack,233,15.5,69.8,9.2,non_vegetarian,hyderabadi,1,weight_loss|light
Paneer Bhurji 8543,dinner,477,15.9,25.1,12.6,vegetarian,rajasthani,1,weight_loss|light
Fish Fry 8544,dinner,392,11.9,50.8,8.8,non_vegetarian,kerala,1,weight_loss|light
Buttermilk 8545,snack,214,44.1,55.9,17.2,vegetarian,punjabi,1,muscle_gain|high_protein
Dal Tadka 8546,dinner,509,44.7,71.6,14.3,vegetarian,hyderabadi,0,muscle_gain|high_protein
Fish Curry Rice 8547,lunch,410,18.6,64.9,12.9,non_vegetarian,rajasthani,1,improve_stamina|carb_rich
Vegetable Soup 8548,dinner,490,18.9,45.1,24.0,vegan,bengali,0,muscle_gain|high_protein
Vegetable Khichdi 8549,lunch,652,37.8,72.6,7.8,vegetarian,maharashtrian,0,muscle_gain|high_protein
Grilled Chicken 8550,dinner,491,24.8,78.1,3.6,non_vegetarian,gujarati,1,muscle_gain|high_protein
Vegetable Poha 8551,breakfast,200,14.9,20.2,16.2,vegetarian,south_indian,1,improve_stamina|carb_rich
Chicken Curry Rice 8552,lunch,631,16.1,69.5,23.6,non_vegetarian,north_indian,0,improve_stamina|carb_rich
Fruit Bowl 8553,breakfast,398,6.2,67.7,9.6,vegan,kerala,1,balanced|beginner
Paneer Sandwich 8554,breakfast,440,12.5,70.4,5.1,vegetarian,hyderabadi,1,weight_loss|light
Egg Curry 8555,dinner,463,24.3,66.0,5.9,non_vegetarian,bengali,1,muscle_gain|high_protein
Tofu Curry 8556,dinner,369,5.3,45.8,8.3,vegan,punjabi,1,weight_loss|light
Pav Bhaji 8557,lunch,356,12.8,63.9,20.8,vegetarian,gujarati,0,weight_loss|light
Protein Shake 8558,snack,227,6.6,57.1,5.8,vegetarian,hyderabadi,1,balanced|beginner
Pav Bhaji 8559,lunch,365,13.9,53.3,14.4,vegetarian,maharashtrian,1,balanced|beginner
Mixed Veg Curry 8560,dinner,455,10.9,76.5,21.4,vegetarian,punjabi,0,improve_stamina|carb_rich
Tofu Stir Fry 8561,lunch,659,17.0,60.9,4.9,vegan,bengali,0,improve_stamina|carb_rich
Fruit Salad 8562,snack,283,36.2,48.3,10.4,vegan,south_indian,1,muscle_gain|high_protein
Fruit Salad 8563,snack,120,7.5,57.1,22.8,vegan,hyderabadi,0,balanced|beginner
Pav Bhaji 8564,lunch,616,16.7,56.1,7.0,vegetarian,rajasthani,0,improve_stamina|carb_rich
Vegetable Khichdi 8565,lunch,558,7.9,77.6,17.5,vegetarian,kerala,0,weight_loss|light
Protein Shake 8566,snack,151,9.7,64.5,13.9,vegetarian,bengali,1,improve_stamina|carb_rich
Tofu Stir Fry 8567,lunch,419,7.4,77.6,21.0,vegan,south_indian,0,improve_stamina|carb_rich
Vegetable Poha 8568,breakfast,217,42.1,20.4,10.5,vegetarian,north_indian,1,muscle_gain|high_protein
Roasted Chana 8569,snack,241,17.9,50.8,12.6,vegan,rajasthani,1,balanced|beginner
Tofu Curry 8570,dinner,505,18.6,62.0,15.0,vegan,south_indian,0,balanced|beginner
Vegetable Khichdi 8571,lunch,684,8.0,64.6,9.3,vegetarian,south_indian,0,improve_stamina|carb_rich
Egg Curry 8572,dinner,363,8.4,64.8,6.8,non_vegetarian,maharashtrian,1,weight_loss|light
Egg Curry 8573,dinner,699,37.8,60.9,22.8,non_vegetarian,south_indian,0,muscle_gain|high_protein
Idli Sambar 8574,breakfast,162,12.5,72.5,19.9,vegetarian,rajasthani,0,weight_loss|light
Dal Tadka 8575,dinner,516,19.3,54.5,8.1,vegetarian,rajasthani,0,improve_stamina|carb_rich
Protein Shake 8576,snack,150,18.9,26.4,20.4,vegetarian,rajasthani,0,balanced|beginner
Peanut Chaat 8577,snack,200,22.9,70.0,14.3,vegetarian,maharashtrian,1,muscle_gain|high_protein
Peanut Chaat 8578,snack,118,11.5,51.6,12.8,vegetarian,rajasthani,1,weight_loss|light
Fish Fry 8579,dinner,550,38.8,64.0,8.9,non_vegetarian,kerala,0,muscle_gain|high_protein
Sabudana Khichdi 8580,breakfast,436,34.4,41.4,15.2,vegetarian,north_indian,1,muscle_gain|high_protein
Peanut Chaat 8581,snack,119,39.3,75.0,14.7,vegetarian,north_indian,1,muscle_gain|high_protein
Paneer Cubes 8582,snack,156,10.3,23.7,18.6,vegetarian,bengali,0,weight_loss|light
Vegetable Khichdi 8583,lunch,560,32.1,60.7,10.8,vegetarian,bengali,0,muscle_gain|high_protein
Fish Fry 8584,dinner,566,30.1,50.8,24.4,non_vegetarian,maharashtrian,0,muscle_gain|high_protein
Boiled Eggs 8585,snack,138,10.2,37.5,10.9,non_vegetarian,mixed,1,weight_loss|light
Paneer Sandwich 8586,breakfast,397,12.1,77.0,11.7,vegetarian,punjabi,1,weight_loss|light
Fish Fry 8587,dinner,588,11.7,54.6,17.6,non_vegetarian,punjabi,0,balanced|beginner
Oats with Milk 8588,breakfast,249,7.7,20.6,12.7,vegetarian,south_indian,1,improve_stamina|carb_rich
Fruit Bowl 8589,breakfast,358,18.9,51.5,20.8,vegan,rajasthani,0,improve_stamina|carb_rich
Dal Tadka 8590,dinner,605,34.7,20.3,18.4,vegetarian,maharashtrian,0,muscle_gain|high_protein
Fish Curry Rice 8591,lunch,591,17.2,56.5,21.1,non_vegetarian,bengali,0,improve_stamina|carb_rich
Corn Chaat 8592,snack,297,14.1,30.7,8.4,vegan,punjabi,1,weight_loss|light
Buttermilk 8593,snack,140,18.3,55.1,17.8,vegetarian,maharashtrian,1,muscle_gain|high_protein
Vegetable Poha 8594,breakfast,438,5.1,71.8,13.6,vegetarian,kerala,1,weight_loss|light
Tofu Curry 8595,dinner,460,9.2,59.6,11.7,vegan,kerala,1,weight_loss|light
Peanut Chaat 8596,snack,205,32.5,64.0,4.5,vegetarian,punjabi,1,muscle_gain|high_protein
Fish Fry 8597,dinner,671,11.8,54.3,23.9,non_vegetarian,rajasthani,0,improve_stamina|carb_rich
Vegetable Soup 8598,dinner,468,28.4,64.0,8.9,vegan,south_indian,1,muscle_gain|high_protein
Hyderabadi Biryani 8599,lunch,615,12.5,34.1,21.3,non_vegetarian,hyderabadi,0,weight_loss|light
Chicken Curry Rice 8600,lunch,684,18.5,49.9,12.1,non_vegetarian,mixed,0,improve_stamina|carb_rich
Fruit Bowl 8601,breakfast,205,5.1,62.9,15.9,vegan,south_indian,1,balanced|beginner
Tofu Curry 8602,dinner,472,8.8,77.6,11.1,vegan,bengali,1,balanced|beginner
Thepla 8603,breakfast,413,6.6,31.6,15.7,vegetarian,north_indian,1,improve_stamina|carb_rich
Paneer Roti 8604,lunch,447,30.8,64.9,12.1,vegetarian,south_indian,1,muscle_gain|high_protein
Egg Curry 8605,dinner,642,30.2,45.7,11.9,non_vegetarian,punjabi,0,muscle_gain|high_protein
Grilled Chicken 8606,dinner,352,26.5,48.4,16.1,non_vegetarian,kerala,1,muscle_gain|high_protein
Paneer Roti 8607,lunch,530,11.8,22.6,14.8,vegetarian,mixed,0,weight_loss|light
Vegetable Soup 8608,dinner,458,19.1,70.7,20.2,vegan,kerala,0,improve_stamina|carb_rich
Mixed Veg Curry 8609,dinner,409,12.7,39.8,13.2,vegetarian,bengali,1,improve_stamina|carb_rich
Kadhi Rice 8610,lunch,613,16.2,52.9,7.8,vegetarian,north_indian,0,improve_stamina|carb_rich
Paneer Roti 8611,lunch,521,17.3,79.0,13.2,vegetarian,bengali,0,weight_loss|light
Vegetable Khichdi 8612,lunch,610,11.1,42.6,3.2,vegetarian,north_indian,0,improve_stamina|carb_rich
Grilled Chicken 8613,dinner,402,17.5,44.1,15.7,non_vegetarian,bengali,1,improve_stamina|carb_rich
Dal Rice 8614,lunch,401,19.7,68.5,22.1,vegetarian,gujarati,0,weight_loss|light
Fruit Salad 8615,snack,298,18.9,20.5,24.1,vegan,kerala,0,balanced|beginner
Roti Sabji 8616,dinner,451,17.9,58.5,15.9,vegetarian,bengali,1,balanced|beginner
Fruit Bowl 8617,breakfast,294,44.4,39.6,25.0,vegan,north_indian,0,muscle_gain|high_protein
Paneer Sandwich 8618,breakfast,301,18.8,39.6,14.6,vegetarian,rajasthani,1,weight_loss|light
Mixed Veg Curry 8619,dinner,656,5.2,34.1,15.7,vegetarian,gujarati,0,balanced|beginner
Mixed Veg Curry 8620,dinner,679,9.5,68.6,5.0,vegetarian,gujarati,0,weight_loss|light
Mixed Veg Curry 8621,dinner,612,21.5,69.2,21.0,vegetarian,hyderabadi,0,muscle_gain|high_protein
Roti Sabji 8622,dinner,398,8.8,68.3,24.1,vegetarian,north_indian,0,improve_stamina|carb_rich
Vegetable Soup 8623,dinner,672,5.2,62.7,4.7,vegan,maharashtrian,0,weight_loss|light
Buttermilk 8624,snack,241,18.1,56.3,8.6,vegetarian,maharashtrian,1,weight_loss|light
Hyderabadi Biryani 8625,lunch,388,24.8,26.0,13.9,non_vegetarian,gujarati,1,muscle_gain|high_protein
Oats with Milk 8626,breakfast,203,5.6,56.6,7.0,vegetarian,rajasthani,1,balanced|beginner
Paneer Roti 8627,lunch,662,18.2,52.8,3.3,vegetarian,mixed,0,weight_loss|light
Pav Bhaji 8628,lunch,409,15.7,24.8,9.0,vegetarian,bengali,1,balanced|beginner
Upma 8629,breakfast,448,9.7,46.4,24.9,vegetarian,punjabi,0,weight_loss|light
Paneer Roti 8630,lunch,688,10.3,67.5,11.3,vegetarian,kerala,0,balanced|beginner
Masala Omelette 8631,breakfast,397,12.8,28.1,24.7,non_vegetarian,kerala,0,weight_loss|light
Fish Curry Rice 8632,lunch,464,38.1,44.6,13.4,non_vegetarian,bengali,1,muscle_gain|high_protein
Roasted Chana 8633,snack,130,7.0,41.8,20.2,vegan,hyderabadi,0,balanced|beginner
Boiled Eggs 8634,snack,244,18.4,37.2,21.4,non_vegetarian,punjabi,0,weight_loss|light
Fruit Salad 8635,snack,287,17.1,68.2,13.3,vegan,gujarati,1,weight_loss|light
Paneer Bhurji 8636,dinner,500,6.7,30.4,3.5,vegetarian,punjabi,1,weight_loss|light
Rajma Chawal 8637,lunch,574,33.7,74.6,6.5,vegetarian,hyderabadi,0,muscle_gain|high_protein
Hyderabadi Biryani 8638,lunch,627,5.4,76.4,21.9,non_vegetarian,bengali,0,weight_loss|light
Fruit Salad 8639,snack,202,16.1,75.0,14.6,vegan,mixed,1,balanced|beginner
Paneer Cubes 8640,snack,140,7.1,43.4,21.5,vegetarian,hyderabadi,0,weight_loss|light
Rajma Chawal 8641,lunch,555,7.7,23.4,13.1,vegetarian,maharashtrian,0,improve_stamina|carb_rich
Roti Sabji 8642,dinner,407,12.1,24.0,4.8,vegetarian,gujarati,1,weight_loss|light
Fish Curry Rice 8643,lunch,471,5.4,37.4,21.6,non_vegetarian,maharashtrian,0,balanced|beginner
Roasted Chana 8644,snack,223,36.2,48.7,8.6,vegan,maharashtrian,1,muscle_gain|high_protein
Dal Rice 8645,lunch,574,19.5,60.6,14.6,vegetarian,punjabi,0,improve_stamina|carb_rich
Corn Chaat 8646,snack,119,42.5,58.5,21.5,vegan,gujarati,0,muscle_gain|high_protein
Vegetable Khichdi 8647,lunch,621,28.5,20.8,10.6,vegetarian,south_indian,0,muscle_gain|high_protein
Roasted Chana 8648,snack,183,27.7,53.1,20.3,vegan,kerala,0,muscle_gain|high_protein
Protein Shake 8649,snack,137,5.8,29.9,22.6,vegetarian,maharashtrian,0,improve_stamina|carb_rich
Sprouts Salad 8650,snack,227,5.2,61.6,16.6,vegan,south_indian,1,improve_stamina|carb_rich
Tofu Curry 8651,dinner,589,17.6,20.6,7.6,vegan,gujarati,0,improve_stamina|carb_rich
Paneer Sandwich 8652,breakfast,205,17.3,40.4,18.8,vegetarian,kerala,0,weight_loss|light
Rajma Chawal 8653,lunch,520,27.7,23.7,21.2,vegetarian,maharashtrian,0,muscle_gain|high_protein
Grilled Chicken 8654,dinner,525,16.4,40.3,6.9,non_vegetarian,mixed,0,weight_loss|light
Peanut Chaat 8655,snack,135,6.5,64.6,20.3,vegetarian,bengali,0,improve_stamina|carb_rich
Upma 8656,breakfast,414,44.9,46.5,20.3,vegetarian,gujarati,0,muscle_gain|high_protein
Masala Omelette 8657,breakfast,265,7.7,40.0,19.5,non_vegetarian,maharashtrian,0,balanced|beginner
Kadhi Rice 8658,lunch,450,15.5,48.0,22.9,vegetarian,kerala,0,weight_loss|light
Vegetable Soup 8659,dinner,422,14.1,26.4,7.5,vegan,punjabi,1,balanced|beginner
Thepla 8660,breakfast,200,13.8,46.3,4.2,vegetarian,north_indian,1,weight_loss|light
Roasted Chana 8661,snack,193,16.4,23.7,20.2,vegan,gujarati,0,weight_loss|light
Masala Omelette 8662,breakfast,224,10.2,39.5,6.4,non_vegetarian,gujarati,1,weight_loss|light
Masala Omelette 8663,breakfast,348,9.6,63.4,4.0,non_vegetarian,mixed,1,balanced|beginner
Peanut Chaat 8664,snack,181,11.1,45.0,16.9,vegetarian,north_indian,1,balanced|beginner
Egg Curry 8665,dinner,432,15.2,72.3,18.1,non_vegetarian,kerala,0,improve_stamina|carb_rich
Dal Rice 8666,lunch,567,6.8,62.7,5.6,vegetarian,south_indian,0,balanced|beginner
Fruit Salad 8667,snack,86,12.7,65.4,9.6,vegan,south_indian,1,balanced|beginner
Egg Curry 8668,dinner,637,10.3,75.5,21.7,non_vegetarian,rajasthani,0,balanced|beginner
Boiled Eggs 8669,snack,286,25.9,28.3,3.5,non_vegetarian,maharashtrian,1,muscle_gain|high_protein
Peanut Chaat 8670,snack,234,22.4,48.6,19.5,vegetarian,mixed,0,muscle_gain|high_protein
Egg Curry 8671,dinner,616,10.5,49.5,17.8,non_vegetarian,hyderabadi,0,improve_stamina|carb_rich
Thepla 8672,breakfast,201,15.1,58.9,5.3,vegetarian,bengali,1,improve_stamina|carb_rich
Paneer Cubes 8673,snack,108,42.2,78.6,24.4,vegetarian,punjabi,0,muscle_gain|high_protein
Protein Shake 8674,snack,202,16.5,72.1,7.0,vegetarian,punjabi,1,balanced|beginner
Fruit Bowl 8675,breakfast,216,5.5,70.9,13.3,vegan,mixed,1,weight_loss|light
Grilled Chicken 8676,dinner,404,8.5,44.9,23.3,non_vegetarian,maharashtrian,0,balanced|beginner
Sprouts Salad 8677,snack,281,12.4,43.2,16.5,vegan,mixed,1,balanced|beginner
Fruit Salad 8678,snack,223,11.8,44.0,10.3,vegan,maharashtrian,1,balanced|beginner
Oats with Milk 8679,breakfast,396,7.5,24.2,8.2,vegetarian,bengali,1,balanced|beginner
Chicken Curry Rice 8680,lunch,364,27.7,59.1,24.3,non_vegetarian,bengali,0,muscle_gain|high_protein
Tofu Scramble 8681,breakfast,336,8.5,33.7,13.8,vegan,gujarati,1,weight_loss|light
Chicken Curry Rice 8682,lunch,685,14.0,63.7,18.4,non_vegetarian,gujarati,0,weight_loss|light
Egg Curry 8683,dinner,589,15.9,58.1,3.9,non_vegetarian,mixed,0,balanced|beginner
Fruit Salad 8684,snack,148,11.1,22.1,11.4,vegan,punjabi,1,balanced|beginner
Vegetable Poha 8685,breakfast,154,6.5,27.1,6.0,vegetarian,south_indian,1,improve_stamina|carb_rich
Paneer Cubes 8686,snack,137,38.7,71.8,14.2,vegetarian,rajasthani,1,muscle_gain|high_protein
Roasted Chana 8687,snack,283,27.8,22.4,12.4,vegan,punjabi,1,muscle_gain|high_protein
Oats with Milk 8688,breakfast,217,15.5,22.5,15.3,vegetarian,rajasthani,1,balanced|beginner
Protein Shake 8689,snack,131,14.6,76.4,18.0,vegetarian,south_indian,1,improve_stamina|carb_rich
Mixed Veg Curry 8690,dinner,436,15.8,24.7,15.9,vegetarian,mixed,1,improve_stamina|carb_rich
Egg Curry 8691,dinner,394,9.6,21.9,5.8,non_vegetarian,maharashtrian,1,improve_stamina|carb_rich
Fruit Bowl 8692,breakfast,334,14.2,24.4,20.9,vegan,south_indian,0,improve_stamina|carb_rich
Kadhi Rice 8693,lunch,396,5.3,21.2,15.3,vegetarian,mixed,1,balanced|beginner
Dal Rice 8694,lunch,670,37.2,66.5,11.2,vegetarian,hyderabadi,0,muscle_gain|high_protein
Roti Sabji 8695,dinner,368,15.2,26.7,11.9,vegetarian,kerala,1,weight_loss|light
Sprouts Salad 8696,snack,291,14.5,49.8,24.9,vegan,kerala,0,weight_loss|light
Peanut Chaat 8697,snack,284,10.7,37.2,14.2,vegetarian,bengali,1,weight_loss|light
Upma 8698,breakfast,350,30.5,56.1,24.0,vegetarian,maharashtrian,0,muscle_gain|high_protein
Vegetable Poha 8699,breakfast,274,19.8,59.4,8.3,vegetarian,kerala,1,improve_stamina|carb_rich
Paneer Roti 8700,lunch,498,10.9,47.6,3.4,vegetarian,south_indian,1,improve_stamina|carb_rich
Pav Bhaji 8701,lunch,527,11.4,68.4,12.1,vegetarian,south_indian,0,balanced|beginner
Vegetable Khichdi 8702,lunch,562,16.8,62.8,9.6,vegetarian,kerala,0,balanced|beginner
Boiled Eggs 8703,snack,189,11.6,62.0,21.1,non_vegetarian,gujarati,0,improve_stamina|carb_rich
Sabudana Khichdi 8704,breakfast,246,5.9,67.0,18.9,vegetarian,hyderabadi,0,improve_stamina|carb_rich
Fruit Salad 8705,snack,297,44.8,44.0,23.4,vegan,maharashtrian,0,muscle_gain|high_protein
Chicken Curry Rice 8706,lunch,664,20.6,49.1,4.5,non_vegetarian,maharashtrian,0,muscle_gain|high_protein
Corn Chaat 8707,snack,283,31.8,58.2,9.6,vegan,kerala,1,muscle_gain|high_protein
Egg Curry 8708,dinner,556,11.7,36.6,8.9,non_vegetarian,kerala,0,balanced|beginner
Roti Sabji 8709,dinner,490,7.6,22.6,3.8,vegetarian,punjabi,1,improve_stamina|carb_rich
Dal Tadka 8710,dinner,456,5.1,31.7,17.9,vegetarian,south_indian,1,improve_stamina|carb_rich
Mixed Veg Curry 8711,dinner,642,17.3,29.8,13.8,vegetarian,north_indian,0,balanced|beginner
Pav Bhaji 8712,lunch,501,16.5,56.6,13.5,vegetarian,kerala,0,balanced|beginner
Peanut Chaat 8713,snack,202,5.6,22.8,17.2,vegetarian,gujarati,1,improve_stamina|carb_rich
Upma 8714,breakfast,192,15.2,31.3,12.1,vegetarian,maharashtrian,1,weight_loss|light
Buttermilk 8715,snack,176,8.8,42.8,6.1,vegetarian,kerala,1,improve_stamina|carb_rich
Tofu Stir Fry 8716,lunch,686,7.3,66.8,13.2,vegan,south_indian,0,weight_loss|light
Grilled Chicken 8717,dinner,626,12.0,41.3,6.4,non_vegetarian,bengali,0,balanced|beginner
Chicken Curry Rice 8718,lunch,657,19.7,34.3,6.9,non_vegetarian,rajasthani,0,improve_stamina|carb_rich
Fruit Bowl 8719,breakfast,420,11.9,58.9,13.9,vegan,bengali,1,weight_loss|light
Boiled Eggs 8720,snack,148,40.3,44.1,16.4,non_vegetarian,maharashtrian,1,muscle_gain|high_protein
Tofu Stir Fry 8721,lunch,576,7.6,33.6,4.0,vegan,bengali,0,improve_stamina|carb_rich
Fruit Bowl 8722,breakfast,295,10.3,39.4,14.4,vegan,kerala,1,weight_loss|light
Vegetable Soup 8723,dinner,409,11.0,20.5,20.5,vegan,maharashtrian,0,improve_stamina|carb_rich
Upma 8724,breakfast,229,23.5,56.4,23.2,vegetarian,south_indian,0,muscle_gain|high_protein
Egg Curry 8725,dinner,376,38.5,66.5,24.4,non_vegetarian,south_indian,0,muscle_gain|high_protein
Fish Curry Rice 8726,lunch,568,15.3,76.0,4.0,non_vegetarian,maharashtrian,0,balanced|beginner
Buttermilk 8727,snack,189,31.4,28.3,11.2,vegetarian,rajasthani,1,muscle_gain|high_protein
Boiled Eggs 8728,snack,283,7.8,57.7,22.2,non_vegetarian,rajasthani,0,balanced|beginner
Tofu Stir Fry 8729,lunch,486,13.4,52.4,7.5,vegan,maharashtrian,1,weight_loss|light
Kadhi Rice 8730,lunch,565,34.7,32.2,16.7,vegetarian,gujarati,0,muscle_gain|high_protein
Roti Sabji 8731,dinner,676,10.4,34.5,12.1,vegetarian,kerala,0,balanced|beginner
Roasted Chana 8732,snack,225,29.4,31.3,4.9,vegan,kerala,1,muscle_gain|high_protein
Idli Sambar 8733,breakfast,187,7.8,71.4,17.7,vegetarian,bengali,1,improve_stamina|carb_rich
Grilled Chicken 8734,dinner,482,14.7,46.1,17.5,non_vegetarian,mixed,1,balanced|beginner
Vegetable Poha 8735,breakfast,321,7.5,30.7,22.6,vegetarian,south_indian,0,balanced|beginner
Masala Omelette 8736,breakfast,367,8.6,78.1,11.1,non_vegetarian,rajasthani,1,balanced|beginner
Tofu Curry 8737,dinner,458,6.4,52.0,19.1,vegan,mixed,0,balanced|beginner
Sprouts Salad 8738,snack,287,43.5,38.2,17.1,vegan,punjabi,1,muscle_gain|high_protein
Vegetable Khichdi 8739,lunch,384,5.6,52.1,5.7,vegetarian,south_indian,1,improve_stamina|carb_rich
Peanut Chaat 8740,snack,145,16.6,31.1,20.1,vegetarian,rajasthani,0,improve_stamina|carb_rich
Fruit Bowl 8741,breakfast,171,18.6,34.4,18.4,vegan,punjabi,0,muscle_gain|high_protein
Grilled Chicken 8742,dinner,424,10.6,66.3,21.8,non_vegetarian,north_indian,0,improve_stamina|carb_rich
Fruit Bowl 8743,breakfast,413,42.0,74.8,19.1,vegan,punjabi,0,muscle_gain|high_protein
Paneer Cubes 8744,snack,228,10.5,63.9,17.7,vegetarian,rajasthani,1,improve_stamina|carb_rich
Paneer Sandwich 8745,breakfast,439,24.3,32.5,20.7,vegetarian,south_indian,0,muscle_gain|high_protein
Rajma Chawal 8746,lunch,662,18.1,78.0,23.3,vegetarian,bengali,0,balanced|beginner
Paneer Cubes 8747,snack,95,9.9,44.8,23.5,vegetarian,north_indian,0,weight_loss|light
Peanut Chaat 8748,snack,102,12.3,57.4,6.4,vegetarian,rajasthani,1,balanced|beginner
Tofu Curry 8749,dinner,626,14.5,78.0,6.3,vegan,gujarati,0,weight_loss|light
Pav Bhaji 8750,lunch,358,5.2,49.7,24.0,vegetarian,south_indian,0,weight_loss|light
Fish Curry Rice 8751,lunch,510,19.2,54.8,11.0,non_vegetarian,gujarati,0,weight_loss|light
Upma 8752,breakfast,390,18.2,36.6,11.9,vegetarian,kerala,1,balanced|beginner
Tofu Scramble 8753,breakfast,433,12.2,75.3,9.1,vegan,south_indian,1,balanced|beginner
Idli Sambar 8754,breakfast,203,13.1,50.1,5.0,vegetarian,south_indian,1,balanced|beginner
Fruit Bowl 8755,breakfast,259,31.0,53.8,24.7,vegan,north_indian,0,muscle_gain|high_protein
Dal Rice 8756,lunch,639,10.6,69.9,4.5,vegetarian,punjabi,0,improve_stamina|carb_rich
Paneer Sandwich 8757,breakfast,229,38.8,70.9,10.8,vegetarian,hyderabadi,1,muscle_gain|high_protein
Paneer Roti 8758,lunch,483,14.1,39.3,11.7,vegetarian,rajasthani,1,weight_loss|light
Masala Omelette 8759,breakfast,380,18.6,78.5,7.4,non_vegetarian,maharashtrian,1,balanced|beginner
Grilled Chicken 8760,dinner,444,5.9,54.2,4.3,non_vegetarian,hyderabadi,1,balanced|beginner
Vegetable Soup 8761,dinner,497,8.7,69.9,23.8,vegan,maharashtrian,0,improve_stamina|carb_rich
Peanut Chaat 8762,snack,217,15.5,78.5,4.1,vegetarian,bengali,1,weight_loss|light
Chicken Curry Rice 8763,lunch,602,14.3,39.4,12.9,non_vegetarian,north_indian,0,balanced|beginner
Vegetable Poha 8764,breakfast,388,19.9,49.9,24.2,vegetarian,south_indian,0,muscle_gain|high_protein
Pav Bhaji 8765,lunch,563,13.3,53.4,8.3,vegetarian,maharashtrian,0,balanced|beginner
Fruit Salad 8766,snack,286,18.6,54.7,24.6,vegan,gujarati,0,muscle_gain|high_protein
Upma 8767,breakfast,314,13.2,56.8,8.8,vegetarian,kerala,1,weight_loss|light
Paneer Bhurji 8768,dinner,650,27.2,21.0,13.1,vegetarian,gujarati,0,muscle_gain|high_protein
Paneer Sandwich 8769,breakfast,196,11.4,30.4,20.2,vegetarian,maharashtrian,0,weight_loss|light
Peanut Chaat 8770,snack,108,20.7,49.8,19.5,vegetarian,rajasthani,0,muscle_gain|high_protein
Protein Shake 8771,snack,107,35.3,79.1,7.8,vegetarian,mixed,1,muscle_gain|high_protein
Hyderabadi Biryani 8772,lunch,592,7.4,45.6,12.2,non_vegetarian,mixed,0,weight_loss|light
Tofu Scramble 8773,breakfast,189,14.5,60.2,11.7,vegan,kerala,1,balanced|beginner
Grilled Chicken 8774,dinner,597,19.0,36.4,8.3,non_vegetarian,south_indian,0,muscle_gain|high_protein
Tofu Stir Fry 8775,lunch,600,7.9,30.5,22.2,vegan,rajasthani,0,weight_loss|light
Fruit Bowl 8776,breakfast,209,10.8,75.9,5.5,vegan,hyderabadi,1,balanced|beginner
Fruit Salad 8777,snack,132,19.4,29.1,5.1,vegan,maharashtrian,1,improve_stamina|carb_rich
Egg Curry 8778,dinner,423,17.8,40.4,12.7,non_vegetarian,punjabi,1,balanced|beginner
Paneer Roti 8779,lunch,387,15.1,52.7,9.0,vegetarian,south_indian,1,improve_stamina|carb_rich
Sabudana Khichdi 8780,breakfast,157,12.3,65.5,14.5,vegetarian,north_indian,1,improve_stamina|carb_rich
Peanut Chaat 8781,snack,204,13.8,63.6,14.3,vegetarian,gujarati,1,improve_stamina|carb_rich
Vegetable Soup 8782,dinner,586,25.2,64.5,15.4,vegan,gujarati,0,muscle_gain|high_protein
Fruit Salad 8783,snack,213,38.1,49.7,14.2,vegan,bengali,1,muscle_gain|high_protein
Oats with Milk 8784,breakfast,253,38.4,79.2,13.0,vegetarian,gujarati,1,muscle_gain|high_protein
Vegetable Soup 8785,dinner,388,15.0,40.3,20.4,vegan,kerala,0,balanced|beginner
Dal Rice 8786,lunch,657,7.6,56.5,20.9,vegetarian,kerala,0,improve_stamina|carb_rich
Idli Sambar 8787,breakfast,267,25.5,67.1,14.3,vegetarian,south_indian,1,muscle_gain|high_protein
Protein Shake 8788,snack,161,8.0,38.6,11.7,vegetarian,maharashtrian,1,weight_loss|light
Protein Shake 8789,snack,120,6.9,34.0,5.9,vegetarian,north_indian,1,balanced|beginner
Egg Curry 8790,dinner,547,41.2,33.8,5.3,non_vegetarian,maharashtrian,0,muscle_gain|high_protein
Hyderabadi Biryani 8791,lunch,556,36.2,22.1,16.4,non_vegetarian,maharashtrian,0,muscle_gain|high_protein
Vegetable Soup 8792,dinner,422,14.4,34.6,22.6,vegan,north_indian,0,weight_loss|light
Chicken Curry Rice 8793,lunch,524,16.8,50.7,13.2,non_vegetarian,hyderabadi,0,balanced|beginner
Roasted Chana 8794,snack,205,12.8,29.9,22.9,vegan,rajasthani,0,balanced|beginner
Fruit Salad 8795,snack,230,22.0,38.4,13.3,vegan,south_indian,1,muscle_gain|high_protein
Paneer Roti 8796,lunch,470,39.1,33.7,7.5,vegetarian,maharashtrian,1,muscle_gain|high_protein
Hyderabadi Biryani 8797,lunch,647,11.6,32.9,9.0,non_vegetarian,kerala,0,balanced|beginner
Protein Shake 8798,snack,97,12.4,40.2,22.5,vegetarian,mixed,0,improve_stamina|carb_rich
Hyderabadi Biryani 8799,lunch,498,44.2,69.8,20.4,non_vegetarian,maharashtrian,0,muscle_gain|high_protein
Oats with Milk 8800,breakfast,243,18.4,57.0,3.7,vegetarian,gujarati,1,improve_stamina|carb_rich
Fruit Salad 8801,snack,166,9.4,78.8,15.0,vegan,bengali,1,balanced|beginner
Rajma Chawal 8802,lunch,446,29.7,37.4,9.5,vegetarian,hyderabadi,1,muscle_gain|high_protein
Peanut Chaat 8803,snack,192,14.2,77.9,7.3,vegetarian,kerala,1,weight_loss|light
Grilled Chicken 8804,dinner,605,11.6,41.8,5.1,non_vegetarian,kerala,0,balanced|beginner
Egg Curry 8805,dinner,506,5.4,78.3,19.1,non_vegetarian,north_indian,0,balanced|beginner
Kadhi Rice 8806,lunch,386,13.2,38.1,21.9,vegetarian,bengali,0,improve_stamina|carb_rich
Sprouts Salad 8807,snack,113,36.3,41.6,17.3,vegan,hyderabadi,1,muscle_gain|high_protein
Mixed Veg Curry 8808,dinner,651,17.7,51.4,6.1,vegetarian,punjabi,0,weight_loss|light
Thepla 8809,breakfast,309,19.1,46.7,10.3,vegetarian,mixed,1,weight_loss|light
Tofu Curry 8810,dinner,369,22.8,34.6,18.4,vegan,bengali,0,muscle_gain|high_protein
Thepla 8811,breakfast,319,6.9,55.9,13.5,vegetarian,bengali,1,improve_stamina|carb_rich
Dal Rice 8812,lunch,678,18.0,39.5,16.8,vegetarian,mixed,0,muscle_gain|high_protein
Oats with Milk 8813,breakfast,308,32.2,73.2,17.9,vegetarian,punjabi,1,muscle_gain|high_protein
Dal Tadka 8814,dinner,534,10.4,65.3,15.7,vegetarian,punjabi,0,weight_loss|light
Buttermilk 8815,snack,235,8.6,78.4,18.9,vegetarian,north_indian,0,weight_loss|light
Tofu Stir Fry 8816,lunch,412,34.1,60.5,5.6,vegan,mixed,1,muscle_gain|high_protein
Paneer Roti 8817,lunch,587,19.7,29.8,4.9,vegetarian,mixed,0,balanced|beginner
Hyderabadi Biryani 8818,lunch,444,19.2,58.4,7.3,non_vegetarian,gujarati,1,improve_stamina|carb_rich
Boiled Eggs 8819,snack,139,9.3,53.4,8.2,non_vegetarian,bengali,1,improve_stamina|carb_rich
Tofu Stir Fry 8820,lunch,502,11.6,65.0,22.1,vegan,south_indian,0,weight_loss|light
Rajma Chawal 8821,lunch,548,11.3,34.1,23.7,vegetarian,rajasthani,0,weight_loss|light
Grilled Chicken 8822,dinner,568,8.7,79.3,16.2,non_vegetarian,maharashtrian,0,weight_loss|light
Boiled Eggs 8823,snack,286,18.9,64.9,24.3,non_vegetarian,punjabi,0,weight_loss|light
Kadhi Rice 8824,lunch,474,16.8,39.8,4.3,vegetarian,maharashtrian,1,balanced|beginner
Peanut Chaat 8825,snack,222,15.2,59.2,14.9,vegetarian,north_indian,1,balanced|beginner
Roti Sabji 8826,dinner,570,8.4,46.3,17.7,vegetarian,gujarati,0,balanced|beginner
Dal Tadka 8827,dinner,421,9.8,66.9,4.6,vegetarian,gujarati,1,improve_stamina|carb_rich
Dal Tadka 8828,dinner,431,15.7,32.3,19.7,vegetarian,bengali,0,improve_stamina|carb_rich
Dal Tadka 8829,dinner,541,42.0,35.9,14.5,vegetarian,kerala,0,muscle_gain|high_protein
Grilled Chicken 8830,dinner,554,9.6,34.3,11.5,non_vegetarian,maharashtrian,0,weight_loss|light
Paneer Sandwich 8831,breakfast,389,14.9,33.8,9.3,vegetarian,mixed,1,weight_loss|light
Grilled Chicken 8832,dinner,359,15.4,23.2,22.4,non_vegetarian,gujarati,0,improve_stamina|carb_rich
Vegetable Soup 8833,dinner,506,16.3,45.5,16.8,vegan,hyderabadi,0,improve_stamina|carb_rich
Peanut Chaat 8834,snack,100,18.8,51.9,13.5,vegetarian,rajasthani,1,improve_stamina|carb_rich
Tofu Curry 8835,dinner,493,10.8,51.6,9.6,vegan,hyderabadi,1,weight_loss|light
Egg Curry 8836,dinner,418,34.4,64.5,10.6,non_vegetarian,bengali,1,muscle_gain|high_protein
Sabudana Khichdi 8837,breakfast,245,8.9,20.7,24.3,vegetarian,hyderabadi,0,improve_stamina|carb_rich
Egg Curry 8838,dinner,503,7.2,58.6,6.6,non_vegetarian,north_indian,0,weight_loss|light
Egg Curry 8839,dinner,590,25.6,21.2,23.5,non_vegetarian,rajasthani,0,muscle_gain|high_protein
Fish Curry Rice 8840,lunch,617,8.0,69.2,24.9,non_vegetarian,north_indian,0,weight_loss|light
Vegetable Poha 8841,breakfast,349,19.4,32.1,6.0,vegetarian,mixed,1,balanced|beginner
Tofu Scramble 8842,breakfast,224,15.1,42.1,12.7,vegan,mixed,1,weight_loss|light
Kadhi Rice 8843,lunch,577,19.0,27.4,13.5,vegetarian,north_indian,0,muscle_gain|high_protein
Roasted Chana 8844,snack,144,19.2,33.7,6.6,vegan,kerala,1,balanced|beginner
Sabudana Khichdi 8845,breakfast,151,35.3,62.7,13.5,vegetarian,mixed,1,muscle_gain|high_protein
Roti Sabji 8846,dinner,418,23.6,23.0,22.7,vegetarian,rajasthani,0,muscle_gain|high_protein
Hyderabadi Biryani 8847,lunch,561,19.7,71.6,24.1,non_vegetarian,mixed,0,muscle_gain|high_protein
Corn Chaat 8848,snack,276,9.3,32.1,12.8,vegan,gujarati,1,improve_stamina|carb_rich
Fish Curry Rice 8849,lunch,528,19.1,38.3,14.0,non_vegetarian,mixed,0,weight_loss|light
Rajma Chawal 8850,lunch,377,14.7,44.3,3.2,vegetarian,mixed,1,improve_stamina|carb_rich
Oats with Milk 8851,breakfast,442,19.1,44.6,18.5,vegetarian,north_indian,0,weight_loss|light
Corn Chaat 8852,snack,282,18.3,28.3,23.6,vegan,north_indian,0,muscle_gain|high_protein
Vegetable Khichdi 8853,lunch,548,19.9,33.2,21.1,vegetarian,gujarati,0,muscle_gain|high_protein
Fruit Bowl 8854,breakfast,226,10.4,66.3,16.8,vegan,punjabi,1,balanced|beginner
Fish Fry 8855,dinner,436,10.6,72.0,23.0,non_vegetarian,maharashtrian,0,improve_stamina|carb_rich
Thepla 8856,breakfast,413,10.3,62.9,6.7,vegetarian,mixed,1,weight_loss|light
Hyderabadi Biryani 8857,lunch,418,18.5,60.2,4.1,non_vegetarian,mixed,1,improve_stamina|carb_rich
Mixed Veg Curry 8858,dinner,415,11.6,62.8,8.6,vegetarian,mixed,1,improve_stamina|carb_rich
Sprouts Salad 8859,snack,193,7.3,22.1,18.7,vegan,south_indian,0,weight_loss|light
Hyderabadi Biryani 8860,lunch,444,15.7,47.5,6.2,non_vegetarian,mixed,1,balanced|beginner
Fish Curry Rice 8861,lunch,599,5.9,65.1,21.8,non_vegetarian,gujarati,0,weight_loss|light
Boiled Eggs 8862,snack,82,6.1,32.4,15.3,non_vegetarian,kerala,1,improve_stamina|carb_rich
Fish Curry Rice 8863,lunch,452,15.1,28.0,23.1,non_vegetarian,gujarati,0,weight_loss|light
Egg Curry 8864,dinner,403,10.1,34.7,18.3,non_vegetarian,north_indian,0,weight_loss|light
Tofu Scramble 8865,breakfast,174,12.4,68.8,13.4,vegan,kerala,1,improve_stamina|carb_rich
Dal Rice 8866,lunch,477,25.5,58.4,18.2,vegetarian,hyderabadi,0,muscle_gain|high_protein
Corn Chaat 8867,snack,119,10.2,33.6,20.3,vegan,rajasthani,0,weight_loss|light
Kadhi Rice 8868,lunch,385,6.6,74.1,19.5,vegetarian,mixed,0,weight_loss|light
Paneer Sandwich 8869,breakfast,438,24.9,22.3,16.1,vegetarian,hyderabadi,1,muscle_gain|high_protein
Dal Tadka 8870,dinner,420,17.0,38.9,19.0,vegetarian,kerala,0,weight_loss|light
Pav Bhaji 8871,lunch,350,14.7,54.4,17.4,vegetarian,bengali,1,weight_loss|light
Mixed Veg Curry 8872,dinner,523,8.1,24.6,22.7,vegetarian,bengali,0,balanced|beginner
Paneer Roti 8873,lunch,631,16.4,29.2,5.4,vegetarian,hyderabadi,0,improve_stamina|carb_rich
Paneer Sandwich 8874,breakfast,172,13.1,44.9,12.5,vegetarian,kerala,1,improve_stamina|carb_rich
Paneer Roti 8875,lunch,443,31.1,24.2,3.5,vegetarian,bengali,1,muscle_gain|high_protein
Vegetable Poha 8876,breakfast,442,10.3,71.2,10.6,vegetarian,rajasthani,1,improve_stamina|carb_rich
Tofu Curry 8877,dinner,465,15.3,26.2,20.2,vegan,mixed,0,improve_stamina|carb_rich
Rajma Chawal 8878,lunch,573,11.8,27.9,10.6,vegetarian,kerala,0,weight_loss|light
Paneer Sandwich 8879,breakfast,395,5.7,71.8,16.5,vegetarian,hyderabadi,1,weight_loss|light
Hyderabadi Biryani 8880,lunch,405,6.8,46.5,12.9,non_vegetarian,rajasthani,1,improve_stamina|carb_rich
Hyderabadi Biryani 8881,lunch,574,19.1,25.4,11.6,non_vegetarian,maharashtrian,0,weight_loss|light
Paneer Cubes 8882,snack,81,9.8,43.3,15.1,vegetarian,bengali,1,improve_stamina|carb_rich
Dal Rice 8883,lunch,444,10.6,24.1,17.8,vegetarian,kerala,1,balanced|beginner
Tofu Curry 8884,dinner,683,18.0,62.2,6.6,vegan,kerala,0,balanced|beginner
Dal Tadka 8885,dinner,695,21.9,57.0,14.7,vegetarian,north_indian,0,muscle_gain|high_protein
Mixed Veg Curry 8886,dinner,677,9.0,72.4,23.1,vegetarian,mixed,0,weight_loss|light
Peanut Chaat 8887,snack,192,16.1,51.0,19.5,vegetarian,kerala,0,improve_stamina|carb_rich
Vegetable Khichdi 8888,lunch,396,5.5,62.1,18.3,vegetarian,bengali,0,weight_loss|light
Oats with Milk 8889,breakfast,381,6.9,51.2,21.8,vegetarian,punjabi,0,weight_loss|light
Dal Tadka 8890,dinner,401,14.9,55.3,7.7,vegetarian,punjabi,1,improve_stamina|carb_rich
Idli Sambar 8891,breakfast,154,11.7,27.3,22.8,vegetarian,hyderabadi,0,balanced|beginner
Sabudana Khichdi 8892,breakfast,212,31.2,69.9,15.0,vegetarian,rajasthani,1,muscle_gain|high_protein
Dal Tadka 8893,dinner,481,10.2,55.0,21.3,vegetarian,bengali,0,improve_stamina|carb_rich
Tofu Scramble 8894,breakfast,339,13.7,67.7,20.5,vegan,gujarati,0,balanced|beginner
Roti Sabji 8895,dinner,557,15.3,24.2,11.2,vegetarian,north_indian,0,balanced|beginner
Sprouts Salad 8896,snack,121,8.2,28.6,16.9,vegan,rajasthani,1,balanced|beginner
Corn Chaat 8897,snack,201,25.7,37.1,3.6,vegan,north_indian,1,muscle_gain|high_protein
Thepla 8898,breakfast,329,40.5,34.8,15.4,vegetarian,maharashtrian,1,muscle_gain|high_protein
Sprouts Salad 8899,snack,160,22.5,64.9,20.7,vegan,mixed,0,muscle_gain|high_protein
Mixed Veg Curry 8900,dinner,523,28.3,48.2,20.1,vegetarian,bengali,0,muscle_gain|high_protein
Tofu Scramble 8901,breakfast,213,18.0,42.3,21.9,vegan,maharashtrian,0,weight_loss|light
Vegetable Khichdi 8902,lunch,420,8.5,72.0,11.9,vegetarian,maharashtrian,1,balanced|beginner
Vegetable Khichdi 8903,lunch,685,23.6,66.2,9.7,vegetarian,hyderabadi,0,muscle_gain|high_protein
Roti Sabji 8904,dinner,504,19.6,53.3,13.2,vegetarian,mixed,0,weight_loss|light
Peanut Chaat 8905,snack,213,6.4,77.9,15.5,vegetarian,punjabi,1,balanced|beginner
Kadhi Rice 8906,lunch,512,10.8,46.8,21.5,vegetarian,punjabi,0,improve_stamina|carb_rich
Masala Omelette 8907,breakfast,361,11.3,74.9,6.4,non_vegetarian,mixed,1,improve_stamina|carb_rich
Tofu Scramble 8908,breakfast,245,29.2,59.1,12.4,vegan,gujarati,1,muscle_gain|high_protein
Masala Omelette 8909,breakfast,320,6.5,40.0,24.1,non_vegetarian,maharashtrian,0,balanced|beginner
Grilled Chicken 8910,dinner,637,5.3,79.2,23.6,non_vegetarian,punjabi,0,weight_loss|light
Tofu Scramble 8911,breakfast,356,9.1,60.0,7.1,vegan,maharashtrian,1,balanced|beginner
Fish Curry Rice 8912,lunch,451,5.6,66.6,22.4,non_vegetarian,bengali,0,improve_stamina|carb_rich
Masala Omelette 8913,breakfast,406,14.8,55.9,18.8,non_vegetarian,maharashtrian,0,weight_loss|light
Tofu Curry 8914,dinner,611,7.2,42.8,20.5,vegan,bengali,0,improve_stamina|carb_rich
Egg Curry 8915,dinner,510,9.0,78.7,6.2,non_vegetarian,gujarati,0,balanced|beginner
Chicken Curry Rice 8916,lunch,568,17.5,63.5,7.3,non_vegetarian,mixed,0,improve_stamina|carb_rich
Protein Shake 8917,snack,248,11.8,44.8,14.0,vegetarian,hyderabadi,1,weight_loss|light
Idli Sambar 8918,breakfast,210,8.7,72.9,24.4,vegetarian,punjabi,0,weight_loss|light
Fish Fry 8919,dinner,497,13.7,57.2,22.2,non_vegetarian,north_indian,0,balanced|beginner
Chicken Curry Rice 8920,lunch,482,13.8,80.0,21.5,non_vegetarian,mixed,0,improve_stamina|carb_rich
Sabudana Khichdi 8921,breakfast,274,12.9,54.8,21.8,vegetarian,bengali,0,improve_stamina|carb_rich
Mixed Veg Curry 8922,dinner,366,28.2,66.7,21.1,vegetarian,gujarati,0,muscle_gain|high_protein
Fish Fry 8923,dinner,669,17.4,61.9,18.5,non_vegetarian,kerala,0,balanced|beginner
Mixed Veg Curry 8924,dinner,363,18.2,43.7,8.0,vegetarian,maharashtrian,1,balanced|beginner
Vegetable Soup 8925,dinner,492,10.9,43.7,11.2,vegan,north_indian,1,improve_stamina|carb_rich
Rajma Chawal 8926,lunch,387,15.9,73.1,8.7,vegetarian,maharashtrian,1,balanced|beginner
Paneer Roti 8927,lunch,624,17.5,32.6,9.3,vegetarian,bengali,0,weight_loss|light
Egg Curry 8928,dinner,553,23.3,22.5,7.2,non_vegetarian,rajasthani,0,muscle_gain|high_protein
Vegetable Khichdi 8929,lunch,604,17.9,76.6,13.6,vegetarian,hyderabadi,0,balanced|beginner
Fruit Bowl 8930,breakfast,342,18.0,43.9,14.8,vegan,maharashtrian,1,improve_stamina|carb_rich
Fruit Bowl 8931,breakfast,151,16.1,37.4,18.5,vegan,rajasthani,0,balanced|beginner
Paneer Roti 8932,lunch,423,28.0,77.1,23.1,vegetarian,north_indian,0,muscle_gain|high_protein
Protein Shake 8933,snack,210,31.5,47.9,17.9,vegetarian,rajasthani,1,muscle_gain|high_protein
Paneer Cubes 8934,snack,284,5.2,53.4,18.2,vegetarian,hyderabadi,0,balanced|beginner
Kadhi Rice 8935,lunch,364,6.0,77.8,22.6,vegetarian,mixed,0,improve_stamina|carb_rich
Boiled Eggs 8936,snack,156,15.8,39.6,9.7,non_vegetarian,south_indian,1,balanced|beginner
Peanut Chaat 8937,snack,113,27.0,77.6,4.9,vegetarian,mixed,1,muscle_gain|high_protein
Tofu Curry 8938,dinner,600,23.6,60.8,19.1,vegan,north_indian,0,muscle_gain|high_protein
Mixed Veg Curry 8939,dinner,655,8.6,71.9,6.8,vegetarian,kerala,0,improve_stamina|carb_rich
Paneer Roti 8940,lunch,632,14.8,59.0,21.9,vegetarian,bengali,0,balanced|beginner
Roasted Chana 8941,snack,234,27.2,32.6,12.3,vegan,kerala,1,muscle_gain|high_protein
Dal Rice 8942,lunch,505,15.4,36.7,11.5,vegetarian,punjabi,0,balanced|beginner
Pav Bhaji 8943,lunch,590,10.5,69.2,19.9,vegetarian,south_indian,0,weight_loss|light
Protein Shake 8944,snack,94,9.8,27.2,11.6,vegetarian,punjabi,1,balanced|beginner
Sabudana Khichdi 8945,breakfast,296,14.8,64.5,19.9,vegetarian,punjabi,0,balanced|beginner
Fish Curry Rice 8946,lunch,410,7.2,70.2,24.2,non_vegetarian,mixed,0,weight_loss|light
Peanut Chaat 8947,snack,121,8.7,46.2,6.5,vegetarian,bengali,1,improve_stamina|carb_rich
Hyderabadi Biryani 8948,lunch,484,20.5,34.5,13.7,non_vegetarian,north_indian,1,muscle_gain|high_protein
Egg Curry 8949,dinner,424,16.8,20.4,22.4,non_vegetarian,bengali,0,improve_stamina|carb_rich
Chicken Curry Rice 8950,lunch,501,6.0,37.3,11.8,non_vegetarian,maharashtrian,0,improve_stamina|carb_rich
Paneer Bhurji 8951,dinner,643,17.7,30.7,24.5,vegetarian,rajasthani,0,balanced|beginner
Buttermilk 8952,snack,234,16.9,29.1,9.0,vegetarian,mixed,1,balanced|beginner
Tofu Curry 8953,dinner,360,11.0,36.0,24.9,vegan,south_indian,0,weight_loss|light
Rajma Chawal 8954,lunch,578,9.8,40.6,17.6,vegetarian,gujarati,0,improve_stamina|carb_rich
Idli Sambar 8955,breakfast,295,13.4,71.5,17.7,vegetarian,kerala,1,weight_loss|light
Boiled Eggs 8956,snack,134,24.6,40.8,10.3,non_vegetarian,mixed,1,muscle_gain|high_protein
Oats with Milk 8957,breakfast,431,25.6,36.9,12.0,vegetarian,south_indian,1,muscle_gain|high_protein
Kadhi Rice 8958,lunch,522,9.9,49.1,19.2,vegetarian,mixed,0,weight_loss|light
Paneer Roti 8959,lunch,350,42.7,37.9,9.3,vegetarian,mixed,1,muscle_gain|high_protein
Sabudana Khichdi 8960,breakfast,280,9.5,63.6,7.2,vegetarian,mixed,1,improve_stamina|carb_rich
Sprouts Salad 8961,snack,125,14.2,63.3,15.8,vegan,punjabi,1,balanced|beginner
Vegetable Soup 8962,dinner,353,27.3,46.1,9.6,vegan,mixed,1,muscle_gain|high_protein
Sprouts Salad 8963,snack,206,19.3,66.5,3.2,vegan,maharashtrian,1,balanced|beginner
Fruit Bowl 8964,breakfast,170,10.1,23.3,23.6,vegan,punjabi,0,balanced|beginner
Paneer Sandwich 8965,breakfast,397,5.5,24.3,14.2,vegetarian,rajasthani,1,weight_loss|light
Kadhi Rice 8966,lunch,424,28.2,31.4,3.8,vegetarian,mixed,1,muscle_gain|high_protein
Tofu Stir Fry 8967,lunch,546,6.9,38.0,14.7,vegan,kerala,0,balanced|beginner
Dal Tadka 8968,dinner,663,11.6,42.4,5.2,vegetarian,north_indian,0,improve_stamina|carb_rich
Corn Chaat 8969,snack,187,18.3,65.9,20.3,vegan,rajasthani,0,improve_stamina|carb_rich
Fruit Salad 8970,snack,80,6.3,24.8,6.8,vegan,rajasthani,1,improve_stamina|carb_rich
Peanut Chaat 8971,snack,184,40.9,27.5,24.5,vegetarian,south_indian,0,muscle_gain|high_protein
Chicken Curry Rice 8972,lunch,499,15.0,70.7,7.8,non_vegetarian,rajasthani,1,improve_stamina|carb_rich
Vegetable Soup 8973,dinner,583,11.2,38.6,22.8,vegan,north_indian,0,improve_stamina|carb_rich
Fish Fry 8974,dinner,359,29.2,65.7,11.0,non_vegetarian,kerala,1,muscle_gain|high_protein
Tofu Scramble 8975,breakfast,439,28.5,39.8,24.9,vegan,punjabi,0,muscle_gain|high_protein
Sabudana Khichdi 8976,breakfast,249,16.0,78.8,24.5,vegetarian,kerala,0,balanced|beginner
Paneer Bhurji 8977,dinner,407,12.1,41.0,20.1,vegetarian,maharashtrian,0,weight_loss|light
Corn Chaat 8978,snack,202,15.7,68.2,6.8,vegan,north_indian,1,weight_loss|light
Sprouts Salad 8979,snack,93,8.6,69.7,12.6,vegan,gujarati,1,balanced|beginner
Thepla 8980,breakfast,432,17.0,73.7,19.2,vegetarian,gujarati,0,balanced|beginner
Vegetable Soup 8981,dinner,669,5.6,64.2,13.5,vegan,maharashtrian,0,balanced|beginner
Upma 8982,breakfast,381,35.3,75.7,16.4,vegetarian,north_indian,1,muscle_gain|high_protein
Sprouts Salad 8983,snack,109,16.0,38.8,13.8,vegan,bengali,1,improve_stamina|carb_rich
Egg Curry 8984,dinner,628,6.5,76.7,5.4,non_vegetarian,maharashtrian,0,weight_loss|light
Vegetable Khichdi 8985,lunch,397,43.4,39.5,10.4,vegetarian,bengali,1,muscle_gain|high_protein
Thepla 8986,breakfast,362,9.2,38.8,9.1,vegetarian,bengali,1,balanced|beginner
Fish Curry Rice 8987,lunch,365,8.5,77.0,15.3,non_vegetarian,hyderabadi,1,improve_stamina|carb_rich
Tofu Scramble 8988,breakfast,313,30.2,35.4,22.7,vegan,north_indian,0,muscle_gain|high_protein
Dal Tadka 8989,dinner,467,15.6,79.1,22.0,vegetarian,hyderabadi,0,improve_stamina|carb_rich
Mixed Veg Curry 8990,dinner,678,10.7,53.1,18.1,vegetarian,mixed,0,balanced|beginner
Pav Bhaji 8991,lunch,359,17.7,67.5,7.9,vegetarian,north_indian,1,weight_loss|light
Grilled Chicken 8992,dinner,607,10.1,47.7,23.2,non_vegetarian,north_indian,0,balanced|beginner
Tofu Curry 8993,dinner,631,12.0,30.0,8.7,vegan,south_indian,0,weight_loss|light
Thepla 8994,breakfast,386,44.8,22.6,21.1,vegetarian,mixed,0,muscle_gain|high_protein
Fruit Bowl 8995,breakfast,415,11.6,52.3,16.3,vegan,maharashtrian,1,balanced|beginner
Paneer Roti 8996,lunch,418,14.9,31.0,23.9,vegetarian,rajasthani,0,weight_loss|light
Corn Chaat 8997,snack,288,5.9,33.6,13.8,vegan,south_indian,1,weight_loss|light
Thepla 8998,breakfast,206,10.9,77.4,24.9,vegetarian,bengali,0,weight_loss|light
Boiled Eggs 8999,snack,170,11.8,63.8,21.1,non_vegetarian,maharashtrian,0,balanced|beginner
Fruit Bowl 9000,breakfast,272,17.6,29.4,20.3,vegan,kerala,0,balanced|beginner
Oats with Milk 9001,breakfast,213,35.5,53.8,22.5,vegetarian,north_indian,0,muscle_gain|high_protein
Egg Curry 9002,dinner,684,6.1,61.5,14.6,non_vegetarian,north_indian,0,balanced|beginner
Sprouts Salad 9003,snack,294,14.2,65.5,20.4,vegan,maharashtrian,0,improve_stamina|carb_rich
Fruit Bowl 9004,breakfast,275,11.6,22.1,3.2,vegan,punjabi,1,improve_stamina|carb_rich
Hyderabadi Biryani 9005,lunch,613,19.1,37.4,9.9,non_vegetarian,south_indian,0,weight_loss|light
Tofu Scramble 9006,breakfast,423,7.7,77.9,12.7,vegan,kerala,1,balanced|beginner
Paneer Roti 9007,lunch,686,36.1,61.9,12.5,vegetarian,maharashtrian,0,muscle_gain|high_protein
Fruit Salad 9008,snack,112,13.2,72.2,4.7,vegan,gujarati,1,balanced|beginner
Fish Curry Rice 9009,lunch,546,19.3,54.0,15.2,non_vegetarian,north_indian,0,improve_stamina|carb_rich
Kadhi Rice 9010,lunch,571,6.3,65.3,5.6,vegetarian,bengali,0,weight_loss|light
Egg Curry 9011,dinner,482,5.7,58.3,4.8,non_vegetarian,mixed,1,balanced|beginner
Thepla 9012,breakfast,392,6.5,71.2,12.9,vegetarian,maharashtrian,1,balanced|beginner
Pav Bhaji 9013,lunch,658,5.0,29.9,13.0,vegetarian,south_indian,0,improve_stamina|carb_rich
Fruit Salad 9014,snack,221,12.3,69.8,13.8,vegan,kerala,1,weight_loss|light
Roti Sabji 9015,dinner,590,10.0,25.7,18.5,vegetarian,gujarati,0,improve_stamina|carb_rich
Vegetable Soup 9016,dinner,561,34.9,75.9,18.7,vegan,punjabi,0,muscle_gain|high_protein
Dal Rice 9017,lunch,383,11.0,53.6,23.3,vegetarian,rajasthani,0,weight_loss|light
Upma 9018,breakfast,445,42.0,66.5,20.9,vegetarian,mixed,0,muscle_gain|high_protein
Idli Sambar 9019,breakfast,182,19.1,23.6,19.6,vegetarian,north_indian,0,balanced|beginner
Boiled Eggs 9020,snack,282,44.4,80.0,13.7,non_vegetarian,punjabi,1,muscle_gain|high_protein
Hyderabadi Biryani 9021,lunch,538,44.7,46.9,15.3,non_vegetarian,gujarati,0,muscle_gain|high_protein
Masala Omelette 9022,breakfast,401,18.1,61.8,8.7,non_vegetarian,rajasthani,1,muscle_gain|high_protein
Idli Sambar 9023,breakfast,354,13.5,53.4,11.5,vegetarian,punjabi,1,weight_loss|light
Protein Shake 9024,snack,217,10.7,23.2,14.9,vegetarian,mixed,1,balanced|beginner
Rajma Chawal 9025,lunch,378,19.3,66.7,8.4,vegetarian,north_indian,1,weight_loss|light
Dal Rice 9026,lunch,481,19.3,39.3,10.6,vegetarian,south_indian,1,weight_loss|light
Fruit Bowl 9027,breakfast,150,16.8,55.0,16.5,vegan,maharashtrian,1,improve_stamina|carb_rich
Tofu Stir Fry 9028,lunch,634,15.6,74.0,4.8,vegan,maharashtrian,0,balanced|beginner
Fish Fry 9029,dinner,482,14.0,76.6,19.5,non_vegetarian,south_indian,0,weight_loss|light
Thepla 9030,breakfast,384,5.2,47.4,16.3,vegetarian,punjabi,1,improve_stamina|carb_rich
Roti Sabji 9031,dinner,444,18.5,74.9,11.7,vegetarian,punjabi,1,balanced|beginner
Pav Bhaji 9032,lunch,678,14.9,57.8,4.4,vegetarian,north_indian,0,weight_loss|light
Tofu Stir Fry 9033,lunch,522,7.6,63.4,12.0,vegan,kerala,0,weight_loss|light
Dal Tadka 9034,dinner,502,22.6,45.7,13.1,vegetarian,punjabi,0,muscle_gain|high_protein
Paneer Bhurji 9035,dinner,605,11.7,26.2,17.2,vegetarian,north_indian,0,balanced|beginner
Paneer Roti 9036,lunch,556,5.1,59.1,13.0,vegetarian,kerala,0,balanced|beginner
Sprouts Salad 9037,snack,215,7.3,67.9,24.3,vegan,hyderabadi,0,balanced|beginner
Fruit Salad 9038,snack,200,8.1,24.2,11.0,vegan,mixed,1,weight_loss|light
Tofu Scramble 9039,breakfast,371,36.5,49.1,24.9,vegan,hyderabadi,0,muscle_gain|high_protein
Roasted Chana 9040,snack,128,13.8,42.9,17.5,vegan,bengali,1,improve_stamina|carb_rich
Paneer Bhurji 9041,dinner,577,41.9,74.6,19.6,vegetarian,hyderabadi,0,muscle_gain|high_protein
Paneer Bhurji 9042,dinner,586,19.6,75.5,17.8,vegetarian,hyderabadi,0,improve_stamina|carb_rich
Masala Omelette 9043,breakfast,385,39.2,28.1,4.4,non_vegetarian,kerala,1,muscle_gain|high_protein
Fish Fry 9044,dinner,628,6.9,37.0,15.9,non_vegetarian,kerala,0,weight_loss|light
Thepla 9045,breakfast,376,12.5,23.6,24.7,vegetarian,kerala,0,balanced|beginner
Fruit Bowl 9046,breakfast,218,13.3,74.2,22.5,vegan,maharashtrian,0,weight_loss|light
Fruit Bowl 9047,breakfast,359,34.5,70.0,10.2,vegan,kerala,1,muscle_gain|high_protein
Tofu Stir Fry 9048,lunch,407,17.3,40.2,21.7,vegan,south_indian,0,balanced|beginner
Dal Rice 9049,lunch,676,10.9,31.1,12.6,vegetarian,bengali,0,balanced|beginner
Tofu Curry 9050,dinner,458,15.5,51.1,17.8,vegan,rajasthani,1,weight_loss|light
Peanut Chaat 9051,snack,240,8.2,77.7,14.9,vegetarian,kerala,1,improve_stamina|carb_rich
Vegetable Poha 9052,breakfast,321,13.1,75.4,7.1,vegetarian,rajasthani,1,balanced|beginner
Upma 9053,breakfast,426,34.8,30.4,10.9,vegetarian,south_indian,1,muscle_gain|high_protein
Tofu Curry 9054,dinner,398,42.2,36.9,10.5,vegan,punjabi,1,muscle_gain|high_protein
Masala Omelette 9055,breakfast,410,19.4,26.7,6.0,non_vegetarian,gujarati,1,improve_stamina|carb_rich
Pav Bhaji 9056,lunch,583,18.8,56.1,12.9,vegetarian,kerala,0,weight_loss|light
Fruit Salad 9057,snack,229,7.2,28.9,10.8,vegan,north_indian,1,weight_loss|light
Corn Chaat 9058,snack,153,6.8,69.6,6.1,vegan,hyderabadi,1,improve_stamina|carb_rich
Tofu Stir Fry 9059,lunch,471,19.1,34.9,21.7,vegan,gujarati,0,balanced|beginner
Hyderabadi Biryani 9060,lunch,484,16.1,38.7,17.9,non_vegetarian,north_indian,1,improve_stamina|carb_rich
Pav Bhaji 9061,lunch,411,15.9,23.3,16.0,vegetarian,south_indian,1,improve_stamina|carb_rich
Egg Curry 9062,dinner,632,6.2,44.2,7.5,non_vegetarian,maharashtrian,0,weight_loss|light
Fruit Salad 9063,snack,88,9.3,45.8,13.5,vegan,gujarati,1,balanced|beginner
Grilled Chicken 9064,dinner,653,6.3,25.9,23.9,non_vegetarian,north_indian,0,improve_stamina|carb_rich
Thepla 9065,breakfast,375,35.1,64.2,15.2,vegetarian,north_indian,1,muscle_gain|high_protein
Thepla 9066,breakfast,408,8.5,70.9,20.2,vegetarian,mixed,0,improve_stamina|carb_rich
Fish Fry 9067,dinner,651,34.5,76.6,18.6,non_vegetarian,gujarati,0,muscle_gain|high_protein
Oats with Milk 9068,breakfast,204,21.7,24.7,19.2,vegetarian,north_indian,0,muscle_gain|high_protein
Upma 9069,breakfast,252,41.6,57.2,5.8,vegetarian,gujarati,1,muscle_gain|high_protein
Tofu Curry 9070,dinner,503,16.6,68.0,17.4,vegan,rajasthani,0,weight_loss|light
Buttermilk 9071,snack,264,19.8,62.8,19.6,vegetarian,south_indian,0,weight_loss|light
Pav Bhaji 9072,lunch,632,7.3,35.8,7.0,vegetarian,punjabi,0,balanced|beginner
Chicken Curry Rice 9073,lunch,551,12.7,69.7,17.1,non_vegetarian,north_indian,0,improve_stamina|carb_rich
Protein Shake 9074,snack,103,18.9,50.0,4.5,vegetarian,rajasthani,1,muscle_gain|high_protein
Paneer Bhurji 9075,dinner,467,43.3,25.5,3.5,vegetarian,south_indian,1,muscle_gain|high_protein
Kadhi Rice 9076,lunch,516,14.5,21.9,20.6,vegetarian,gujarati,0,weight_loss|light
Masala Omelette 9077,breakfast,174,17.9,63.2,5.4,non_vegetarian,south_indian,1,improve_stamina|carb_rich
Fish Curry Rice 9078,lunch,610,18.1,73.4,13.8,non_vegetarian,gujarati,0,balanced|beginner
Thepla 9079,breakfast,153,12.8,58.3,18.4,vegetarian,mixed,0,balanced|beginner
Masala Omelette 9080,breakfast,398,28.4,75.8,15.8,non_vegetarian,kerala,1,muscle_gain|high_protein
Fish Fry 9081,dinner,380,34.6,51.8,22.0,non_vegetarian,kerala,0,muscle_gain|high_protein
Mixed Veg Curry 9082,dinner,589,8.2,71.3,22.8,vegetarian,kerala,0,weight_loss|light
Egg Curry 9083,dinner,535,10.0,37.3,8.0,non_vegetarian,maharashtrian,0,weight_loss|light
Upma 9084,breakfast,171,8.9,60.0,13.9,vegetarian,maharashtrian,1,weight_loss|light
Dal Tadka 9085,dinner,447,33.1,60.2,11.8,vegetarian,maharashtrian,1,muscle_gain|high_protein
Kadhi Rice 9086,lunch,417,16.9,33.2,14.6,vegetarian,kerala,1,improve_stamina|carb_rich
Buttermilk 9087,snack,221,13.8,37.3,14.8,vegetarian,maharashtrian,1,improve_stamina|carb_rich
Idli Sambar 9088,breakfast,374,5.4,68.4,20.0,vegetarian,punjabi,0,improve_stamina|carb_rich
Tofu Scramble 9089,breakfast,395,13.9,58.2,7.9,vegan,bengali,1,balanced|beginner
Mixed Veg Curry 9090,dinner,363,15.5,68.7,16.8,vegetarian,bengali,1,weight_loss|light
Peanut Chaat 9091,snack,235,18.4,39.2,4.3,vegetarian,hyderabadi,1,weight_loss|light
Paneer Sandwich 9092,breakfast,231,14.6,62.6,6.9,vegetarian,mixed,1,balanced|beginner
Vegetable Poha 9093,breakfast,190,12.4,34.6,6.1,vegetarian,hyderabadi,1,improve_stamina|carb_rich
Roasted Chana 9094,snack,190,5.1,32.2,14.8,vegan,hyderabadi,1,balanced|beginner
Masala Omelette 9095,breakfast,184,12.4,60.4,14.7,non_vegetarian,maharashtrian,1,balanced|beginner
Thepla 9096,breakfast,178,6.8,76.3,4.5,vegetarian,mixed,1,weight_loss|light
Vegetable Poha 9097,breakfast,157,14.2,76.2,17.2,vegetarian,bengali,1,weight_loss|light
Tofu Stir Fry 9098,lunch,529,28.0,79.5,16.7,vegan,bengali,0,muscle_gain|high_protein
Sprouts Salad 9099,snack,217,33.7,75.3,5.4,vegan,hyderabadi,1,muscle_gain|high_protein
Masala Omelette 9100,breakfast,166,17.0,23.9,22.2,non_vegetarian,north_indian,0,balanced|beginner
Roasted Chana 9101,snack,221,20.2,26.1,21.3,vegan,kerala,0,muscle_gain|high_protein
Egg Curry 9102,dinner,360,5.4,60.0,18.3,non_vegetarian,north_indian,0,weight_loss|light
Vegetable Soup 9103,dinner,643,10.3,46.1,11.1,vegan,kerala,0,weight_loss|light
Egg Curry 9104,dinner,555,12.9,52.2,13.5,non_vegetarian,kerala,0,improve_stamina|carb_rich
Vegetable Khichdi 9105,lunch,376,19.7,28.5,18.2,vegetarian,north_indian,0,balanced|beginner
Tofu Scramble 9106,breakfast,311,13.3,74.7,4.1,vegan,maharashtrian,1,weight_loss|light
Paneer Roti 9107,lunch,474,19.6,59.3,8.8,vegetarian,mixed,1,muscle_gain|high_protein
Kadhi Rice 9108,lunch,546,10.9,50.9,3.2,vegetarian,maharashtrian,0,balanced|beginner
Mixed Veg Curry 9109,dinner,565,10.7,42.1,24.3,vegetarian,mixed,0,improve_stamina|carb_rich
Tofu Scramble 9110,breakfast,362,33.1,36.5,3.6,vegan,north_indian,1,muscle_gain|high_protein
Sabudana Khichdi 9111,breakfast,381,19.8,40.6,19.0,vegetarian,rajasthani,0,balanced|beginner
Paneer Roti 9112,lunch,527,32.8,68.7,21.4,vegetarian,rajasthani,0,muscle_gain|high_protein
Chicken Curry Rice 9113,lunch,375,18.5,62.4,16.3,non_vegetarian,mixed,1,weight_loss|light
Oats with Milk 9114,breakfast,404,14.0,71.1,11.4,vegetarian,north_indian,1,balanced|beginner
Sabudana Khichdi 9115,breakfast,163,25.8,63.6,9.9,vegetarian,north_indian,1,muscle_gain|high_protein
Tofu Stir Fry 9116,lunch,470,11.3,79.5,17.7,vegan,mixed,1,weight_loss|light
Oats with Milk 9117,breakfast,447,16.6,60.2,3.1,vegetarian,north_indian,1,improve_stamina|carb_rich
Vegetable Poha 9118,breakfast,396,9.0,24.9,22.4,vegetarian,maharashtrian,0,weight_loss|light
Paneer Roti 9119,lunch,540,35.6,71.6,21.2,vegetarian,hyderabadi,0,muscle_gain|high_protein
Masala Omelette 9120,breakfast,393,5.8,75.6,9.0,non_vegetarian,bengali,1,weight_loss|light
Paneer Sandwich 9121,breakfast,298,13.8,20.3,4.5,vegetarian,south_indian,1,weight_loss|light
Idli Sambar 9122,breakfast,156,41.1,47.9,5.7,vegetarian,mixed,1,muscle_gain|high_protein
Fruit Bowl 9123,breakfast,209,6.5,44.0,8.1,vegan,south_indian,1,improve_stamina|carb_rich
Idli Sambar 9124,breakfast,412,11.2,77.8,5.3,vegetarian,kerala,1,improve_stamina|carb_rich
Upma 9125,breakfast,414,16.5,61.0,18.7,vegetarian,mixed,0,balanced|beginner
Dal Rice 9126,lunch,629,15.2,61.8,11.2,vegetarian,gujarati,0,balanced|beginner
Vegetable Poha 9127,breakfast,245,6.8,65.5,7.7,vegetarian,north_indian,1,weight_loss|light
Thepla 9128,breakfast,333,7.5,47.4,8.5,vegetarian,rajasthani,1,weight_loss|light
Tofu Curry 9129,dinner,642,19.2,59.9,5.0,vegan,maharashtrian,0,muscle_gain|high_protein
Buttermilk 9130,snack,237,42.9,78.5,7.5,vegetarian,maharashtrian,1,muscle_gain|high_protein
Paneer Roti 9131,lunch,688,6.7,71.8,12.3,vegetarian,kerala,0,balanced|beginner
Oats with Milk 9132,breakfast,305,34.2,30.1,18.0,vegetarian,bengali,1,muscle_gain|high_protein
Upma 9133,breakfast,203,14.1,44.2,16.4,vegetarian,hyderabadi,1,improve_stamina|carb_rich
Thepla 9134,breakfast,231,14.3,34.1,7.4,vegetarian,kerala,1,balanced|beginner
Paneer Roti 9135,lunch,522,16.3,43.0,23.3,vegetarian,north_indian,0,weight_loss|light
Mixed Veg Curry 9136,dinner,432,8.6,59.4,8.1,vegetarian,hyderabadi,1,balanced|beginner
Vegetable Khichdi 9137,lunch,491,41.4,63.5,3.3,vegetarian,gujarati,1,muscle_gain|high_protein
Dal Tadka 9138,dinner,502,6.3,56.7,22.8,vegetarian,south_indian,0,weight_loss|light
Thepla 9139,breakfast,274,15.2,36.8,7.4,vegetarian,north_indian,1,balanced|beginner
Fish Fry 9140,dinner,669,19.0,76.6,12.9,non_vegetarian,mixed,0,weight_loss|light
Roti Sabji 9141,dinner,648,10.4,47.0,21.0,vegetarian,south_indian,0,weight_loss|light
Vegetable Poha 9142,breakfast,438,5.8,43.7,17.3,vegetarian,mixed,1,weight_loss|light
Dal Tadka 9143,dinner,419,15.4,49.7,19.0,vegetarian,kerala,0,weight_loss|light
Dal Tadka 9144,dinner,595,44.7,41.3,11.9,vegetarian,bengali,0,muscle_gain|high_protein
Sabudana Khichdi 9145,breakfast,434,19.0,22.0,6.6,vegetarian,rajasthani,1,weight_loss|light
Fish Fry 9146,dinner,394,6.1,31.0,3.5,non_vegetarian,bengali,1,balanced|beginner
Dal Tadka 9147,dinner,585,10.2,28.9,18.9,vegetarian,south_indian,0,weight_loss|light
Protein Shake 9148,snack,215,10.3,43.7,14.1,vegetarian,mixed,1,improve_stamina|carb_rich
Paneer Roti 9149,lunch,675,8.7,21.4,24.4,vegetarian,mixed,0,weight_loss|light
Fruit Salad 9150,snack,132,8.7,33.9,16.5,vegan,south_indian,1,balanced|beginner
Fish Curry Rice 9151,lunch,507,9.8,50.1,4.9,non_vegetarian,punjabi,0,weight_loss|light
Dal Rice 9152,lunch,440,16.3,79.5,18.7,vegetarian,south_indian,0,weight_loss|light
Fish Fry 9153,dinner,447,18.8,23.0,21.4,non_vegetarian,gujarati,0,weight_loss|light
Oats with Milk 9154,breakfast,176,17.3,57.9,15.2,vegetarian,bengali,1,weight_loss|light
Dal Tadka 9155,dinner,520,16.8,22.9,24.9,vegetarian,hyderabadi,0,improve_stamina|carb_rich
Paneer Sandwich 9156,breakfast,305,9.4,60.0,22.4,vegetarian,north_indian,0,weight_loss|light
Sprouts Salad 9157,snack,156,38.9,45.2,6.4,vegan,hyderabadi,1,muscle_gain|high_protein
Oats with Milk 9158,breakfast,444,13.9,79.8,21.3,vegetarian,hyderabadi,0,weight_loss|light
Rajma Chawal 9159,lunch,438,9.4,39.6,18.8,vegetarian,hyderabadi,0,weight_loss|light
Dal Tadka 9160,dinner,381,18.2,78.3,6.2,vegetarian,punjabi,1,improve_stamina|carb_rich
Tofu Stir Fry 9161,lunch,512,6.9,48.9,9.5,vegan,south_indian,0,balanced|beginner
Sabudana Khichdi 9162,breakfast,260,15.3,51.2,22.8,vegetarian,north_indian,0,balanced|beginner
Fruit Bowl 9163,breakfast,412,28.3,70.2,20.2,vegan,north_indian,0,muscle_gain|high_protein
Thepla 9164,breakfast,259,11.6,29.5,23.8,vegetarian,gujarati,0,weight_loss|light
Fish Curry Rice 9165,lunch,534,32.8,39.2,12.2,non_vegetarian,kerala,0,muscle_gain|high_protein
Tofu Scramble 9166,breakfast,371,30.1,74.6,20.5,vegan,north_indian,0,muscle_gain|high_protein
Mixed Veg Curry 9167,dinner,461,14.9,61.4,15.7,vegetarian,kerala,1,balanced|beginner
Rajma Chawal 9168,lunch,680,6.1,70.6,22.3,vegetarian,mixed,0,improve_stamina|carb_rich
Oats with Milk 9169,breakfast,252,19.4,39.2,23.8,vegetarian,gujarati,0,muscle_gain|high_protein
Fish Fry 9170,dinner,635,8.1,52.3,20.2,non_vegetarian,punjabi,0,weight_loss|light
Thepla 9171,breakfast,395,40.1,60.1,13.4,vegetarian,north_indian,1,muscle_gain|high_protein
Thepla 9172,breakfast,388,14.0,56.8,18.6,vegetarian,punjabi,0,improve_stamina|carb_rich
Roasted Chana 9173,snack,156,19.0,22.5,4.4,vegan,gujarati,1,muscle_gain|high_protein
Fish Curry Rice 9174,lunch,429,6.0,30.5,19.7,non_vegetarian,gujarati,0,balanced|beginner
Chicken Curry Rice 9175,lunch,687,12.9,68.6,16.0,non_vegetarian,bengali,0,balanced|beginner
Fruit Bowl 9176,breakfast,352,5.9,22.0,12.2,vegan,gujarati,1,weight_loss|light
Oats with Milk 9177,breakfast,414,11.6,58.7,3.1,vegetarian,maharashtrian,1,balanced|beginner
Fish Curry Rice 9178,lunch,688,7.9,38.2,5.2,non_vegetarian,hyderabadi,0,balanced|beginner
Mixed Veg Curry 9179,dinner,670,13.7,64.3,12.4,vegetarian,gujarati,0,balanced|beginner
Dal Rice 9180,lunch,552,7.7,64.6,3.1,vegetarian,south_indian,0,improve_stamina|carb_rich
Paneer Bhurji 9181,dinner,619,15.6,71.7,9.9,vegetarian,north_indian,0,weight_loss|light
Vegetable Khichdi 9182,lunch,571,17.1,78.5,3.7,vegetarian,mixed,0,improve_stamina|carb_rich
Sabudana Khichdi 9183,breakfast,371,15.2,21.0,23.3,vegetarian,mixed,0,weight_loss|light
Masala Omelette 9184,breakfast,412,12.6,58.9,18.6,non_vegetarian,south_indian,0,weight_loss|light
Mixed Veg Curry 9185,dinner,453,37.5,27.6,24.5,vegetarian,mixed,0,muscle_gain|high_protein
Paneer Bhurji 9186,dinner,444,14.6,28.1,22.7,vegetarian,rajasthani,0,improve_stamina|carb_rich
Tofu Stir Fry 9187,lunch,616,14.1,78.4,24.5,vegan,north_indian,0,balanced|beginner
Paneer Bhurji 9188,dinner,537,19.8,41.8,12.1,vegetarian,maharashtrian,0,improve_stamina|carb_rich
Paneer Cubes 9189,snack,167,40.3,61.6,6.6,vegetarian,punjabi,1,muscle_gain|high_protein
Boiled Eggs 9190,snack,97,11.0,52.3,5.6,non_vegetarian,mixed,1,balanced|beginner
Oats with Milk 9191,breakfast,304,18.5,24.9,24.6,vegetarian,punjabi,0,balanced|beginner
Grilled Chicken 9192,dinner,592,15.1,67.8,21.5,non_vegetarian,punjabi,0,weight_loss|light
Vegetable Poha 9193,breakfast,218,16.3,76.3,24.8,vegetarian,south_indian,0,improve_stamina|carb_rich
Paneer Roti 9194,lunch,549,18.5,30.7,20.3,vegetarian,gujarati,0,balanced|beginner
Roasted Chana 9195,snack,85,7.8,42.7,10.7,vegan,kerala,1,weight_loss|light
Masala Omelette 9196,breakfast,200,38.0,65.3,13.8,non_vegetarian,bengali,1,muscle_gain|high_protein
Vegetable Poha 9197,breakfast,245,17.6,55.3,12.9,vegetarian,hyderabadi,1,balanced|beginner
Fish Fry 9198,dinner,354,40.1,37.5,4.6,non_vegetarian,punjabi,1,muscle_gain|high_protein
Vegetable Soup 9199,dinner,527,11.6,39.3,9.3,vegan,maharashtrian,0,weight_loss|light
Fruit Salad 9200,snack,119,7.6,76.3,15.3,vegan,punjabi,1,balanced|beginner
Idli Sambar 9201,breakfast,199,11.8,35.5,18.3,vegetarian,south_indian,0,balanced|beginner
Roti Sabji 9202,dinner,458,7.5,51.3,12.8,vegetarian,gujarati,1,improve_stamina|carb_rich
Tofu Curry 9203,dinner,493,39.3,21.1,22.5,vegan,mixed,0,muscle_gain|high_protein
Thepla 9204,breakfast,410,12.3,64.6,5.3,vegetarian,kerala,1,improve_stamina|carb_rich
Oats with Milk 9205,breakfast,227,12.6,33.3,15.1,vegetarian,punjabi,1,weight_loss|light
Tofu Curry 9206,dinner,591,10.4,40.9,22.6,vegan,north_indian,0,weight_loss|light
Dal Rice 9207,lunch,583,10.5,37.0,9.7,vegetarian,maharashtrian,0,weight_loss|light
Tofu Stir Fry 9208,lunch,574,13.2,77.9,15.3,vegan,south_indian,0,improve_stamina|carb_rich
Paneer Roti 9209,lunch,377,10.4,58.7,21.1,vegetarian,gujarati,0,balanced|beginner
Fish Fry 9210,dinner,696,11.7,22.8,4.6,non_vegetarian,rajasthani,0,balanced|beginner
Peanut Chaat 9211,snack,152,14.7,30.1,18.0,vegetarian,kerala,1,weight_loss|light
Chicken Curry Rice 9212,lunch,564,12.5,37.8,18.3,non_vegetarian,rajasthani,0,weight_loss|light
Grilled Chicken 9213,dinner,459,12.8,65.4,4.6,non_vegetarian,punjabi,1,balanced|beginner
Oats with Milk 9214,breakfast,347,18.9,73.2,17.8,vegetarian,hyderabadi,1,improve_stamina|carb_rich
Masala Omelette 9215,breakfast,387,12.7,35.2,21.9,non_vegetarian,kerala,0,balanced|beginner
Tofu Stir Fry 9216,lunch,414,15.3,53.2,6.5,vegan,gujarati,1,balanced|beginner
Thepla 9217,breakfast,220,8.9,78.8,10.6,vegetarian,mixed,1,weight_loss|light
Sabudana Khichdi 9218,breakfast,195,5.8,49.7,8.1,vegetarian,gujarati,1,improve_stamina|carb_rich
Dal Rice 9219,lunch,696,9.4,46.1,3.4,vegetarian,bengali,0,weight_loss|light
Hyderabadi Biryani 9220,lunch,503,9.9,67.6,8.4,non_vegetarian,punjabi,0,improve_stamina|carb_rich
Kadhi Rice 9221,lunch,609,18.9,40.5,7.2,vegetarian,hyderabadi,0,improve_stamina|carb_rich
Tofu Scramble 9222,breakfast,197,19.6,22.3,23.1,vegan,rajasthani,0,weight_loss|light
Rajma Chawal 9223,lunch,498,5.6,65.8,7.4,vegetarian,maharashtrian,1,weight_loss|light
Paneer Bhurji 9224,dinner,639,6.2,21.4,22.2,vegetarian,north_indian,0,improve_stamina|carb_rich
Corn Chaat 9225,snack,218,26.0,65.3,9.5,vegan,bengali,1,muscle_gain|high_protein
Egg Curry 9226,dinner,602,12.6,60.0,14.6,non_vegetarian,punjabi,0,weight_loss|light
Dal Tadka 9227,dinner,571,5.2,67.3,17.7,vegetarian,gujarati,0,weight_loss|light
Egg Curry 9228,dinner,544,14.6,74.1,11.6,non_vegetarian,maharashtrian,0,balanced|beginner
Sprouts Salad 9229,snack,172,10.3,77.1,9.3,vegan,kerala,1,balanced|beginner
Tofu Stir Fry 9230,lunch,517,5.1,25.2,23.8,vegan,north_indian,0,balanced|beginner
Hyderabadi Biryani 9231,lunch,394,19.9,75.4,3.9,non_vegetarian,punjabi,1,muscle_gain|high_protein
Roasted Chana 9232,snack,270,6.9,21.1,21.4,vegan,north_indian,0,improve_stamina|carb_rich
Kadhi Rice 9233,lunch,471,14.1,25.6,15.7,vegetarian,hyderabadi,1,improve_stamina|carb_rich
Egg Curry 9234,dinner,542,12.3,34.9,17.7,non_vegetarian,north_indian,0,weight_loss|light
Mixed Veg Curry 9235,dinner,406,18.9,54.2,15.0,vegetarian,mixed,1,weight_loss|light
Idli Sambar 9236,breakfast,187,14.2,79.6,16.3,vegetarian,kerala,1,balanced|beginner
Thepla 9237,breakfast,233,10.7,45.6,14.7,vegetarian,gujarati,1,balanced|beginner
Mixed Veg Curry 9238,dinner,565,28.6,66.0,17.8,vegetarian,bengali,0,muscle_gain|high_protein
Masala Omelette 9239,breakfast,177,19.2,78.2,4.1,non_vegetarian,rajasthani,1,balanced|beginner
Tofu Curry 9240,dinner,400,42.3,41.2,20.6,vegan,north_indian,0,muscle_gain|high_protein
Tofu Curry 9241,dinner,652,6.6,45.6,11.3,vegan,maharashtrian,0,weight_loss|light
Vegetable Poha 9242,breakfast,271,9.1,79.1,5.9,vegetarian,south_indian,1,improve_stamina|carb_rich
Dal Rice 9243,lunch,576,9.1,54.5,14.6,vegetarian,mixed,0,weight_loss|light
Fish Fry 9244,dinner,597,14.1,61.4,18.7,non_vegetarian,punjabi,0,weight_loss|light
Fruit Salad 9245,snack,181,13.6,55.8,13.0,vegan,hyderabadi,1,weight_loss|light
Peanut Chaat 9246,snack,263,5.1,64.6,4.1,vegetarian,bengali,1,improve_stamina|carb_rich
Peanut Chaat 9247,snack,185,10.2,47.6,13.8,vegetarian,maharashtrian,1,weight_loss|light
Hyderabadi Biryani 9248,lunch,483,17.7,20.9,21.6,non_vegetarian,kerala,0,weight_loss|light
Boiled Eggs 9249,snack,129,11.7,50.5,11.5,non_vegetarian,mixed,1,weight_loss|light
Dal Rice 9250,lunch,375,16.3,35.0,8.0,vegetarian,rajasthani,1,improve_stamina|carb_rich
Vegetable Soup 9251,dinner,595,5.6,24.4,10.7,vegan,maharashtrian,0,weight_loss|light
Dal Tadka 9252,dinner,521,5.7,44.3,24.5,vegetarian,south_indian,0,weight_loss|light
Boiled Eggs 9253,snack,289,27.7,33.3,24.7,non_vegetarian,punjabi,0,muscle_gain|high_protein
Dal Tadka 9254,dinner,674,31.1,41.0,14.7,vegetarian,bengali,0,muscle_gain|high_protein
Corn Chaat 9255,snack,136,16.6,34.2,10.1,vegan,north_indian,1,weight_loss|light
Tofu Scramble 9256,breakfast,218,16.4,78.8,24.5,vegan,south_indian,0,weight_loss|light
Protein Shake 9257,snack,110,11.4,53.3,10.4,vegetarian,rajasthani,1,balanced|beginner
Roti Sabji 9258,dinner,548,34.2,38.9,11.8,vegetarian,maharashtrian,0,muscle_gain|high_protein
Paneer Cubes 9259,snack,135,25.0,42.6,3.6,vegetarian,south_indian,1,muscle_gain|high_protein
Upma 9260,breakfast,344,12.4,34.6,12.9,vegetarian,bengali,1,balanced|beginner
Tofu Curry 9261,dinner,544,15.6,36.5,21.8,vegan,south_indian,0,improve_stamina|carb_rich
Mixed Veg Curry 9262,dinner,367,24.8,78.0,5.0,vegetarian,mixed,1,muscle_gain|high_protein
Boiled Eggs 9263,snack,158,16.4,24.8,14.9,non_vegetarian,punjabi,1,balanced|beginner
Mixed Veg Curry 9264,dinner,618,14.8,54.8,22.9,vegetarian,maharashtrian,0,improve_stamina|carb_rich
Vegetable Khichdi 9265,lunch,668,7.5,24.1,21.7,vegetarian,gujarati,0,improve_stamina|carb_rich
Roasted Chana 9266,snack,192,5.6,64.0,21.1,vegan,mixed,0,weight_loss|light
Fruit Bowl 9267,breakfast,231,38.0,58.2,12.4,vegan,north_indian,1,muscle_gain|high_protein
Roti Sabji 9268,dinner,459,29.8,42.6,13.8,vegetarian,north_indian,1,muscle_gain|high_protein
Paneer Sandwich 9269,breakfast,400,14.0,34.0,12.0,vegetarian,hyderabadi,1,improve_stamina|carb_rich
Idli Sambar 9270,breakfast,166,14.3,60.0,16.9,vegetarian,bengali,1,improve_stamina|carb_rich
Vegetable Poha 9271,breakfast,189,29.3,70.4,24.0,vegetarian,north_indian,0,muscle_gain|high_protein
Paneer Roti 9272,lunch,604,8.1,33.4,4.7,vegetarian,maharashtrian,0,improve_stamina|carb_rich
Tofu Stir Fry 9273,lunch,654,10.5,45.0,10.6,vegan,bengali,0,balanced|beginner
Roasted Chana 9274,snack,137,13.0,54.6,4.2,vegan,bengali,1,improve_stamina|carb_rich
Tofu Stir Fry 9275,lunch,395,8.6,44.2,21.4,vegan,rajasthani,0,balanced|beginner
Grilled Chicken 9276,dinner,385,22.9,20.2,15.3,non_vegetarian,hyderabadi,1,muscle_gain|high_protein
Fruit Salad 9277,snack,202,15.8,76.0,18.4,vegan,gujarati,0,weight_loss|light
Rajma Chawal 9278,lunch,645,19.6,24.2,3.4,vegetarian,bengali,0,balanced|beginner
Vegetable Khichdi 9279,lunch,423,7.5,34.2,6.2,vegetarian,hyderabadi,1,balanced|beginner
Corn Chaat 9280,snack,110,28.0,74.1,22.0,vegan,gujarati,0,muscle_gain|high_protein
Rajma Chawal 9281,lunch,646,19.8,32.0,8.0,vegetarian,north_indian,0,balanced|beginner
Sabudana Khichdi 9282,breakfast,278,15.6,70.7,14.3,vegetarian,kerala,1,balanced|beginner
Grilled Chicken 9283,dinner,577,6.0,76.7,5.0,non_vegetarian,kerala,0,balanced|beginner
Paneer Sandwich 9284,breakfast,391,6.4,58.9,20.7,vegetarian,bengali,0,balanced|beginner
Tofu Scramble 9285,breakfast,318,14.3,45.3,3.2,vegan,north_indian,1,improve_stamina|carb_rich
Upma 9286,breakfast,406,30.1,44.5,16.5,vegetarian,punjabi,1,muscle_gain|high_protein
Pav Bhaji 9287,lunch,416,11.0,29.8,8.6,vegetarian,bengali,1,improve_stamina|carb_rich
Roasted Chana 9288,snack,283,33.4,38.0,17.9,vegan,punjabi,1,muscle_gain|high_protein
Tofu Stir Fry 9289,lunch,370,19.5,68.0,7.9,vegan,bengali,1,balanced|beginner
Boiled Eggs 9290,snack,126,15.0,20.6,6.7,non_vegetarian,hyderabadi,1,balanced|beginner
Grilled Chicken 9291,dinner,358,19.0,21.8,12.7,non_vegetarian,rajasthani,1,weight_loss|light
Sprouts Salad 9292,snack,275,24.5,52.2,24.6,vegan,hyderabadi,0,muscle_gain|high_protein
Egg Curry 9293,dinner,505,6.0,54.2,3.4,non_vegetarian,mixed,0,weight_loss|light
Paneer Bhurji 9294,dinner,526,20.5,48.6,12.5,vegetarian,gujarati,0,muscle_gain|high_protein
Fish Fry 9295,dinner,474,44.7,43.6,8.6,non_vegetarian,bengali,1,muscle_gain|high_protein
Pav Bhaji 9296,lunch,398,13.5,76.6,7.6,vegetarian,north_indian,1,improve_stamina|carb_rich
Chicken Curry Rice 9297,lunch,512,32.9,37.2,19.6,non_vegetarian,maharashtrian,0,muscle_gain|high_protein
Oats with Milk 9298,breakfast,325,18.1,49.7,18.2,vegetarian,north_indian,0,balanced|beginner
Roti Sabji 9299,dinner,404,10.1,59.8,8.3,vegetarian,punjabi,1,improve_stamina|carb_rich
Fish Fry 9300,dinner,511,19.6,60.9,4.1,non_vegetarian,punjabi,0,balanced|beginner
Idli Sambar 9301,breakfast,361,16.8,72.0,6.6,vegetarian,mixed,1,weight_loss|light
Paneer Bhurji 9302,dinner,378,17.7,67.5,8.1,vegetarian,maharashtrian,1,weight_loss|light
Paneer Cubes 9303,snack,297,19.0,43.4,3.3,vegetarian,north_indian,1,balanced|beginner
Mixed Veg Curry 9304,dinner,437,15.6,55.6,4.2,vegetarian,kerala,1,balanced|beginner
Sabudana Khichdi 9305,breakfast,368,6.6,56.6,15.8,vegetarian,north_indian,1,weight_loss|light
Dal Tadka 9306,dinner,403,11.8,71.8,4.2,vegetarian,rajasthani,1,improve_stamina|carb_rich
Corn Chaat 9307,snack,192,18.0,27.7,21.2,vegan,rajasthani,0,improve_stamina|carb_rich
Fruit Salad 9308,snack,197,26.7,62.9,21.6,vegan,south_indian,0,muscle_gain|high_protein
Chicken Curry Rice 9309,lunch,385,11.3,25.7,6.0,non_vegetarian,mixed,1,improve_stamina|carb_rich
Paneer Bhurji 9310,dinner,396,11.4,43.5,14.9,vegetarian,rajasthani,1,improve_stamina|carb_rich
Pav Bhaji 9311,lunch,673,12.0,27.0,12.0,vegetarian,mixed,0,weight_loss|light
Upma 9312,breakfast,269,13.5,36.2,17.1,vegetarian,bengali,1,weight_loss|light
Rajma Chawal 9313,lunch,524,6.9,22.4,4.0,vegetarian,south_indian,0,balanced|beginner
Chicken Curry Rice 9314,lunch,660,8.5,60.0,9.5,non_vegetarian,mixed,0,improve_stamina|carb_rich
Rajma Chawal 9315,lunch,562,34.1,70.4,18.2,vegetarian,rajasthani,0,muscle_gain|high_protein
Paneer Cubes 9316,snack,281,20.2,67.7,4.9,vegetarian,south_indian,1,muscle_gain|high_protein
Roti Sabji 9317,dinner,471,16.1,61.4,6.4,vegetarian,north_indian,1,balanced|beginner
Upma 9318,breakfast,266,10.0,20.2,4.0,vegetarian,kerala,1,balanced|beginner
Sprouts Salad 9319,snack,214,37.2,39.1,12.6,vegan,kerala,1,muscle_gain|high_protein
Vegetable Poha 9320,breakfast,264,17.6,65.1,13.6,vegetarian,bengali,1,balanced|beginner
Paneer Cubes 9321,snack,129,19.6,45.7,12.2,vegetarian,punjabi,1,balanced|beginner
Idli Sambar 9322,breakfast,318,5.2,76.6,8.2,vegetarian,gujarati,1,improve_stamina|carb_rich
Rajma Chawal 9323,lunch,503,16.7,75.9,13.0,vegetarian,rajasthani,0,weight_loss|light
Idli Sambar 9324,breakfast,398,5.8,38.5,9.8,vegetarian,bengali,1,weight_loss|light
Vegetable Soup 9325,dinner,545,15.5,69.8,14.3,vegan,punjabi,0,improve_stamina|carb_rich
Chicken Curry Rice 9326,lunch,571,13.4,48.7,19.0,non_vegetarian,punjabi,0,balanced|beginner
Thepla 9327,breakfast,218,5.6,41.8,24.0,vegetarian,bengali,0,weight_loss|light
Vegetable Soup 9328,dinner,548,6.9,24.6,5.9,vegan,maharashtrian,0,improve_stamina|carb_rich
Grilled Chicken 9329,dinner,559,6.1,74.5,16.8,non_vegetarian,bengali,0,improve_stamina|carb_rich
Paneer Cubes 9330,snack,133,5.1,80.0,21.4,vegetarian,mixed,0,weight_loss|light
Idli Sambar 9331,breakfast,253,19.9,76.3,8.6,vegetarian,north_indian,1,improve_stamina|carb_rich
Sprouts Salad 9332,snack,252,17.4,35.1,10.3,vegan,gujarati,1,improve_stamina|carb_rich
Dal Tadka 9333,dinner,352,7.7,67.0,8.9,vegetarian,north_indian,1,weight_loss|light
Tofu Curry 9334,dinner,412,37.4,67.2,22.7,vegan,hyderabadi,0,muscle_gain|high_protein
Vegetable Khichdi 9335,lunch,584,26.9,41.5,23.0,vegetarian,punjabi,0,muscle_gain|high_protein
Buttermilk 9336,snack,214,6.5,22.2,22.7,vegetarian,rajasthani,0,balanced|beginner
Paneer Sandwich 9337,breakfast,417,9.7,44.6,12.6,vegetarian,bengali,1,balanced|beginner
Vegetable Poha 9338,breakfast,203,14.1,33.5,22.3,vegetarian,maharashtrian,0,balanced|beginner
Fish Curry Rice 9339,lunch,692,14.0,79.2,9.1,non_vegetarian,kerala,0,improve_stamina|carb_rich
Fruit Salad 9340,snack,294,5.3,60.0,10.5,vegan,north_indian,1,balanced|beginner
Paneer Bhurji 9341,dinner,490,8.0,66.0,20.4,vegetarian,hyderabadi,0,weight_loss|light
Fruit Bowl 9342,breakfast,240,11.6,53.1,7.3,vegan,hyderabadi,1,balanced|beginner
Dal Rice 9343,lunch,494,10.5,74.8,3.5,vegetarian,kerala,1,balanced|beginner
Dal Tadka 9344,dinner,687,5.2,54.6,11.0,vegetarian,south_indian,0,improve_stamina|carb_rich
Tofu Curry 9345,dinner,579,11.4,75.2,15.8,vegan,gujarati,0,improve_stamina|carb_rich
Chicken Curry Rice 9346,lunch,397,12.2,60.6,13.9,non_vegetarian,punjabi,1,weight_loss|light
Sabudana Khichdi 9347,breakfast,304,12.7,71.4,10.1,vegetarian,gujarati,1,improve_stamina|carb_rich
Vegetable Soup 9348,dinner,525,9.5,44.9,11.7,vegan,bengali,0,weight_loss|light
Corn Chaat 9349,snack,247,30.8,62.9,17.6,vegan,bengali,1,muscle_gain|high_protein
Oats with Milk 9350,breakfast,196,12.2,22.9,23.8,vegetarian,gujarati,0,improve_stamina|carb_rich
Vegetable Soup 9351,dinner,531,7.5,31.0,14.2,vegan,rajasthani,0,weight_loss|light
Tofu Scramble 9352,breakfast,247,16.7,48.2,18.3,vegan,maharashtrian,0,weight_loss|light
Fish Fry 9353,dinner,403,42.2,73.0,15.3,non_vegetarian,south_indian,1,muscle_gain|high_protein
Paneer Cubes 9354,snack,196,16.4,60.0,10.0,vegetarian,north_indian,1,weight_loss|light
Sprouts Salad 9355,snack,172,17.1,25.0,18.1,vegan,rajasthani,0,improve_stamina|carb_rich
Roasted Chana 9356,snack,225,5.0,23.2,7.3,vegan,north_indian,1,improve_stamina|carb_rich
Pav Bhaji 9357,lunch,639,15.1,23.1,6.7,vegetarian,punjabi,0,improve_stamina|carb_rich
Egg Curry 9358,dinner,528,38.8,27.2,7.2,non_vegetarian,rajasthani,0,muscle_gain|high_protein
Buttermilk 9359,snack,238,10.0,59.8,9.8,vegetarian,hyderabadi,1,balanced|beginner
Dal Rice 9360,lunch,390,12.6,33.8,10.2,vegetarian,north_indian,1,weight_loss|light
Idli Sambar 9361,breakfast,170,13.7,54.5,18.5,vegetarian,kerala,0,weight_loss|light
Upma 9362,breakfast,319,13.2,20.2,19.2,vegetarian,maharashtrian,0,weight_loss|light
Tofu Scramble 9363,breakfast,444,23.7,28.6,13.0,vegan,gujarati,1,muscle_gain|high_protein
Buttermilk 9364,snack,262,17.2,42.7,10.3,vegetarian,maharashtrian,1,weight_loss|light
Roti Sabji 9365,dinner,671,8.9,29.7,12.3,vegetarian,bengali,0,balanced|beginner
Protein Shake 9366,snack,129,37.5,33.5,14.5,vegetarian,maharashtrian,1,muscle_gain|high_protein
Vegetable Khichdi 9367,lunch,431,5.3,47.9,21.1,vegetarian,kerala,0,weight_loss|light
Dal Rice 9368,lunch,510,10.1,42.6,20.6,vegetarian,gujarati,0,weight_loss|light
Upma 9369,breakfast,361,16.3,45.4,13.8,vegetarian,north_indian,1,weight_loss|light
Hyderabadi Biryani 9370,lunch,438,19.0,20.5,21.2,non_vegetarian,bengali,0,weight_loss|light
Chicken Curry Rice 9371,lunch,684,35.1,45.1,16.6,non_vegetarian,kerala,0,muscle_gain|high_protein
Fruit Bowl 9372,breakfast,186,16.1,25.7,9.3,vegan,punjabi,1,improve_stamina|carb_rich
Tofu Scramble 9373,breakfast,210,5.4,41.1,17.3,vegan,rajasthani,1,improve_stamina|carb_rich
Fish Fry 9374,dinner,676,14.6,20.8,16.9,non_vegetarian,south_indian,0,improve_stamina|carb_rich
Roti Sabji 9375,dinner,436,35.5,23.1,14.0,vegetarian,hyderabadi,1,muscle_gain|high_protein
Fish Fry 9376,dinner,446,19.3,69.6,23.8,non_vegetarian,hyderabadi,0,improve_stamina|carb_rich
Dal Tadka 9377,dinner,598,20.0,46.8,8.7,vegetarian,maharashtrian,0,improve_stamina|carb_rich
Sprouts Salad 9378,snack,255,6.3,67.2,19.1,vegan,gujarati,0,balanced|beginner
Peanut Chaat 9379,snack,220,11.4,68.3,24.0,vegetarian,north_indian,0,weight_loss|light
Boiled Eggs 9380,snack,160,43.3,62.2,13.3,non_vegetarian,maharashtrian,1,muscle_gain|high_protein
Kadhi Rice 9381,lunch,659,9.7,37.4,7.3,vegetarian,kerala,0,improve_stamina|carb_rich
Sabudana Khichdi 9382,breakfast,439,11.5,20.3,10.3,vegetarian,hyderabadi,1,improve_stamina|carb_rich
Mixed Veg Curry 9383,dinner,465,36.3,44.8,21.1,vegetarian,south_indian,0,muscle_gain|high_protein
Thepla 9384,breakfast,151,7.3,79.4,19.5,vegetarian,kerala,0,improve_stamina|carb_rich
Egg Curry 9385,dinner,456,5.5,59.5,13.6,non_vegetarian,north_indian,1,improve_stamina|carb_rich
Tofu Stir Fry 9386,lunch,606,10.7,24.2,18.0,vegan,bengali,0,balanced|beginner
Paneer Roti 9387,lunch,692,44.8,74.1,18.2,vegetarian,north_indian,0,muscle_gain|high_protein
Vegetable Khichdi 9388,lunch,641,7.2,69.6,22.0,vegetarian,kerala,0,balanced|beginner
Masala Omelette 9389,breakfast,182,25.6,60.8,9.6,non_vegetarian,hyderabadi,1,muscle_gain|high_protein
Boiled Eggs 9390,snack,241,12.6,78.7,15.3,non_vegetarian,gujarati,1,weight_loss|light
Tofu Curry 9391,dinner,494,14.6,59.9,6.7,vegan,bengali,1,improve_stamina|carb_rich
Protein Shake 9392,snack,93,18.1,69.3,4.5,vegetarian,gujarati,1,improve_stamina|carb_rich
Roti Sabji 9393,dinner,534,6.6,41.9,6.6,vegetarian,north_indian,0,improve_stamina|carb_rich
Fish Curry Rice 9394,lunch,528,17.0,73.8,16.7,non_vegetarian,south_indian,0,balanced|beginner
Paneer Bhurji 9395,dinner,692,12.6,73.7,24.4,vegetarian,north_indian,0,weight_loss|light
Vegetable Soup 9396,dinner,490,30.2,79.0,13.3,vegan,gujarati,1,muscle_gain|high_protein
Fish Fry 9397,dinner,539,40.2,29.2,10.3,non_vegetarian,rajasthani,0,muscle_gain|high_protein
Fruit Bowl 9398,breakfast,280,13.8,61.2,16.9,vegan,mixed,1,weight_loss|light
Roasted Chana 9399,snack,223,5.6,43.3,17.4,vegan,gujarati,1,weight_loss|light
Tofu Stir Fry 9400,lunch,362,14.7,79.0,23.4,vegan,punjabi,0,weight_loss|light
Pav Bhaji 9401,lunch,430,12.1,69.4,15.9,vegetarian,punjabi,1,weight_loss|light
Vegetable Poha 9402,breakfast,176,10.2,41.9,23.7,vegetarian,gujarati,0,balanced|beginner
Kadhi Rice 9403,lunch,548,21.8,74.0,22.7,vegetarian,gujarati,0,muscle_gain|high_protein
Hyderabadi Biryani 9404,lunch,595,10.4,27.8,23.7,non_vegetarian,rajasthani,0,weight_loss|light
Protein Shake 9405,snack,189,28.6,36.5,17.8,vegetarian,south_indian,1,muscle_gain|high_protein
Kadhi Rice 9406,lunch,623,10.7,20.9,20.7,vegetarian,hyderabadi,0,improve_stamina|carb_rich
Vegetable Soup 9407,dinner,433,26.9,66.2,10.4,vegan,north_indian,1,muscle_gain|high_protein
Upma 9408,breakfast,341,11.4,41.0,19.6,vegetarian,rajasthani,0,balanced|beginner
Oats with Milk 9409,breakfast,203,38.9,58.7,14.7,vegetarian,north_indian,1,muscle_gain|high_protein
Buttermilk 9410,snack,192,43.2,34.4,6.1,vegetarian,gujarati,1,muscle_gain|high_protein
Tofu Stir Fry 9411,lunch,468,19.3,54.8,16.6,vegan,hyderabadi,1,balanced|beginner
Masala Omelette 9412,breakfast,400,30.7,28.1,14.8,non_vegetarian,hyderabadi,1,muscle_gain|high_protein
Fruit Bowl 9413,breakfast,444,33.9,26.7,7.9,vegan,mixed,1,muscle_gain|high_protein
Kadhi Rice 9414,lunch,423,44.8,44.2,16.1,vegetarian,gujarati,1,muscle_gain|high_protein
Boiled Eggs 9415,snack,143,40.4,25.9,13.5,non_vegetarian,mixed,1,muscle_gain|high_protein
Mixed Veg Curry 9416,dinner,432,11.1,53.6,17.0,vegetarian,gujarati,1,balanced|beginner
Pav Bhaji 9417,lunch,408,8.2,32.2,19.3,vegetarian,hyderabadi,0,balanced|beginner
Paneer Sandwich 9418,breakfast,371,10.5,27.7,14.6,vegetarian,kerala,1,balanced|beginner
Rajma Chawal 9419,lunch,673,5.2,35.9,11.1,vegetarian,punjabi,0,improve_stamina|carb_rich
Vegetable Soup 9420,dinner,477,10.5,43.3,5.0,vegan,rajasthani,1,balanced|beginner
Tofu Stir Fry 9421,lunch,508,12.1,40.4,20.5,vegan,kerala,0,improve_stamina|carb_rich
Buttermilk 9422,snack,216,20.0,33.3,18.2,vegetarian,kerala,0,balanced|beginner
Masala Omelette 9423,breakfast,295,38.1,71.4,8.0,non_vegetarian,rajasthani,1,muscle_gain|high_protein
Roasted Chana 9424,snack,251,18.4,48.5,12.1,vegan,rajasthani,1,balanced|beginner
Sprouts Salad 9425,snack,290,29.6,56.2,9.5,vegan,hyderabadi,1,muscle_gain|high_protein
Roasted Chana 9426,snack,163,12.5,37.3,23.9,vegan,punjabi,0,improve_stamina|carb_rich
Pav Bhaji 9427,lunch,502,15.2,22.5,4.9,vegetarian,maharashtrian,0,weight_loss|light
Egg Curry 9428,dinner,354,14.8,45.1,10.7,non_vegetarian,north_indian,1,balanced|beginner
Paneer Roti 9429,lunch,436,18.0,32.4,8.9,vegetarian,maharashtrian,1,balanced|beginner
Sabudana Khichdi 9430,breakfast,353,5.1,41.4,16.6,vegetarian,rajasthani,1,improve_stamina|carb_rich
Upma 9431,breakfast,415,19.9,30.2,24.0,vegetarian,bengali,0,weight_loss|light
Egg Curry 9432,dinner,604,5.4,24.6,19.2,non_vegetarian,rajasthani,0,improve_stamina|carb_rich
Fish Fry 9433,dinner,607,10.3,67.3,16.7,non_vegetarian,gujarati,0,weight_loss|light
Sprouts Salad 9434,snack,126,7.7,74.9,10.3,vegan,gujarati,1,improve_stamina|carb_rich
Fruit Salad 9435,snack,165,17.1,56.2,17.3,vegan,kerala,1,balanced|beginner
Rajma Chawal 9436,lunch,401,8.4,79.7,15.6,vegetarian,kerala,1,improve_stamina|carb_rich
Tofu Stir Fry 9437,lunch,501,12.6,77.3,23.0,vegan,maharashtrian,0,balanced|beginner
Masala Omelette 9438,breakfast,216,12.3,33.0,7.9,non_vegetarian,maharashtrian,1,improve_stamina|carb_rich
Peanut Chaat 9439,snack,279,5.1,46.9,4.5,vegetarian,kerala,1,improve_stamina|carb_rich
Masala Omelette 9440,breakfast,300,8.6,27.0,19.8,non_vegetarian,bengali,0,improve_stamina|carb_rich
Upma 9441,breakfast,214,37.6,31.5,16.1,vegetarian,rajasthani,1,muscle_gain|high_protein
Tofu Curry 9442,dinner,441,44.5,46.1,18.3,vegan,kerala,0,muscle_gain|high_protein
Chicken Curry Rice 9443,lunch,673,5.3,27.6,24.3,non_vegetarian,mixed,0,weight_loss|light
Masala Omelette 9444,breakfast,333,5.2,29.3,20.9,non_vegetarian,hyderabadi,0,improve_stamina|carb_rich
Boiled Eggs 9445,snack,234,5.4,47.7,15.2,non_vegetarian,gujarati,1,balanced|beginner
Pav Bhaji 9446,lunch,481,15.0,32.0,15.1,vegetarian,hyderabadi,1,improve_stamina|carb_rich
Masala Omelette 9447,breakfast,447,11.6,70.1,20.4,non_vegetarian,maharashtrian,0,weight_loss|light
Roasted Chana 9448,snack,283,5.6,67.5,23.5,vegan,bengali,0,weight_loss|light
Roasted Chana 9449,snack,172,10.3,69.0,17.8,vegan,maharashtrian,1,improve_stamina|carb_rich
Sprouts Salad 9450,snack,216,16.0,42.7,3.5,vegan,hyderabadi,1,weight_loss|light
Sprouts Salad 9451,snack,213,11.7,23.9,15.2,vegan,hyderabadi,1,improve_stamina|carb_rich
Paneer Roti 9452,lunch,493,29.7,43.6,14.2,vegetarian,gujarati,1,muscle_gain|high_protein
Pav Bhaji 9453,lunch,535,7.0,40.7,6.6,vegetarian,mixed,0,weight_loss|light
Idli Sambar 9454,breakfast,434,41.4,45.5,12.8,vegetarian,hyderabadi,1,muscle_gain|high_protein
Tofu Curry 9455,dinner,680,12.9,21.0,3.3,vegan,bengali,0,weight_loss|light
Sprouts Salad 9456,snack,246,10.4,37.7,4.2,vegan,south_indian,1,weight_loss|light
Fish Fry 9457,dinner,635,13.4,56.3,4.0,non_vegetarian,gujarati,0,improve_stamina|carb_rich
Thepla 9458,breakfast,320,14.3,78.8,22.6,vegetarian,bengali,0,weight_loss|light
Masala Omelette 9459,breakfast,307,8.9,77.0,4.6,non_vegetarian,punjabi,1,balanced|beginner
Tofu Scramble 9460,breakfast,207,20.7,46.9,15.7,vegan,maharashtrian,1,muscle_gain|high_protein
Idli Sambar 9461,breakfast,366,14.6,61.7,6.6,vegetarian,north_indian,1,improve_stamina|carb_rich
Pav Bhaji 9462,lunch,700,15.1,37.2,19.5,vegetarian,rajasthani,0,improve_stamina|carb_rich
Vegetable Khichdi 9463,lunch,534,8.4,69.8,23.9,vegetarian,punjabi,0,balanced|beginner
Grilled Chicken 9464,dinner,650,12.1,37.7,22.4,non_vegetarian,mixed,0,improve_stamina|carb_rich
Fish Curry Rice 9465,lunch,694,24.9,22.6,12.2,non_vegetarian,hyderabadi,0,muscle_gain|high_protein
Paneer Bhurji 9466,dinner,661,14.4,28.9,18.7,vegetarian,south_indian,0,improve_stamina|carb_rich
Buttermilk 9467,snack,93,40.1,54.3,16.3,vegetarian,mixed,1,muscle_gain|high_protein
Rajma Chawal 9468,lunch,477,7.2,79.7,19.4,vegetarian,punjabi,0,weight_loss|light
Fish Fry 9469,dinner,551,15.3,34.1,6.5,non_vegetarian,gujarati,0,balanced|beginner
Sprouts Salad 9470,snack,289,16.0,59.7,5.0,vegan,south_indian,1,weight_loss|light
Boiled Eggs 9471,snack,85,19.9,58.8,19.5,non_vegetarian,punjabi,0,muscle_gain|high_protein
Paneer Cubes 9472,snack,196,7.7,43.0,22.0,vegetarian,south_indian,0,improve_stamina|carb_rich
Corn Chaat 9473,snack,273,9.1,72.7,18.7,vegan,mixed,0,balanced|beginner
Paneer Roti 9474,lunch,689,5.4,74.6,17.6,vegetarian,south_indian,0,weight_loss|light
Dal Rice 9475,lunch,361,17.0,41.5,18.9,vegetarian,hyderabadi,0,balanced|beginner
Peanut Chaat 9476,snack,187,19.8,29.5,15.1,vegetarian,south_indian,1,weight_loss|light
Fruit Salad 9477,snack,267,18.0,31.0,22.8,vegan,rajasthani,0,muscle_gain|high_protein
Sabudana Khichdi 9478,breakfast,238,25.7,40.0,4.8,vegetarian,hyderabadi,1,muscle_gain|high_protein
Vegetable Soup 9479,dinner,419,7.9,60.8,19.4,vegan,punjabi,0,improve_stamina|carb_rich
Tofu Curry 9480,dinner,679,6.9,71.4,4.6,vegan,north_indian,0,improve_stamina|carb_rich
Sprouts Salad 9481,snack,83,36.9,72.1,19.6,vegan,hyderabadi,0,muscle_gain|high_protein
Peanut Chaat 9482,snack,199,18.8,30.0,15.7,vegetarian,kerala,1,balanced|beginner
Vegetable Poha 9483,breakfast,279,5.2,46.2,24.5,vegetarian,maharashtrian,0,improve_stamina|carb_rich
Buttermilk 9484,snack,137,10.2,73.3,11.2,vegetarian,punjabi,1,improve_stamina|carb_rich
Paneer Roti 9485,lunch,695,6.4,27.3,17.5,vegetarian,punjabi,0,balanced|beginner
Egg Curry 9486,dinner,480,19.2,58.9,9.9,non_vegetarian,punjabi,1,weight_loss|light
Fish Curry Rice 9487,lunch,512,10.6,64.7,15.9,non_vegetarian,north_indian,0,weight_loss|light
Paneer Roti 9488,lunch,613,6.7,73.6,16.9,vegetarian,mixed,0,balanced|beginner
Paneer Bhurji 9489,dinner,497,14.0,51.8,18.0,vegetarian,punjabi,1,improve_stamina|carb_rich
Pav Bhaji 9490,lunch,416,13.7,22.9,3.4,vegetarian,hyderabadi,1,balanced|beginner
Hyderabadi Biryani 9491,lunch,373,9.1,53.6,5.6,non_vegetarian,bengali,1,improve_stamina|carb_rich
Vegetable Khichdi 9492,lunch,376,11.9,38.8,18.5,vegetarian,hyderabadi,0,weight_loss|light
Sprouts Salad 9493,snack,296,39.6,38.1,8.5,vegan,mixed,1,muscle_gain|high_protein
Vegetable Soup 9494,dinner,535,36.7,37.4,6.1,vegan,bengali,0,muscle_gain|high_protein
Fish Fry 9495,dinner,624,9.0,53.7,20.0,non_vegetarian,bengali,0,weight_loss|light
Paneer Roti 9496,lunch,648,19.2,60.1,11.8,vegetarian,bengali,0,improve_stamina|carb_rich
Chicken Curry Rice 9497,lunch,487,6.3,59.2,16.7,non_vegetarian,mixed,1,weight_loss|light
Rajma Chawal 9498,lunch,420,7.7,52.3,6.5,vegetarian,punjabi,1,weight_loss|light
Fruit Bowl 9499,breakfast,403,18.8,65.7,14.6,vegan,hyderabadi,1,balanced|beginner
Thepla 9500,breakfast,382,16.1,59.3,22.3,vegetarian,rajasthani,0,improve_stamina|carb_rich
Dal Rice 9501,lunch,565,10.3,79.1,15.0,vegetarian,north_indian,0,balanced|beginner
Paneer Sandwich 9502,breakfast,406,26.3,42.7,24.0,vegetarian,mixed,0,muscle_gain|high_protein
Oats with Milk 9503,breakfast,215,13.9,61.5,7.1,vegetarian,maharashtrian,1,balanced|beginner
Fruit Bowl 9504,breakfast,315,37.2,22.7,17.1,vegan,kerala,1,muscle_gain|high_protein
Thepla 9505,breakfast,414,8.3,70.4,21.8,vegetarian,rajasthani,0,improve_stamina|carb_rich
Masala Omelette 9506,breakfast,331,9.1,27.8,20.1,non_vegetarian,mixed,0,weight_loss|light
Sprouts Salad 9507,snack,244,45.0,34.2,5.2,vegan,kerala,1,muscle_gain|high_protein
Chicken Curry Rice 9508,lunch,381,25.0,73.2,3.2,non_vegetarian,hyderabadi,1,muscle_gain|high_protein
Rajma Chawal 9509,lunch,697,18.3,78.5,15.7,vegetarian,kerala,0,improve_stamina|carb_rich
Roti Sabji 9510,dinner,618,11.2,23.2,6.3,vegetarian,south_indian,0,weight_loss|light
Dal Rice 9511,lunch,565,11.4,50.9,14.2,vegetarian,punjabi,0,improve_stamina|carb_rich
Rajma Chawal 9512,lunch,371,21.5,79.3,20.0,vegetarian,bengali,0,muscle_gain|high_protein
Pav Bhaji 9513,lunch,497,12.9,44.4,17.4,vegetarian,gujarati,1,balanced|beginner
Dal Tadka 9514,dinner,423,14.7,21.4,19.1,vegetarian,north_indian,0,weight_loss|light
Kadhi Rice 9515,lunch,469,18.5,28.2,9.6,vegetarian,maharashtrian,1,weight_loss|light
Paneer Roti 9516,lunch,464,19.0,31.2,17.1,vegetarian,bengali,1,weight_loss|light
Sabudana Khichdi 9517,breakfast,423,36.1,53.4,23.0,vegetarian,maharashtrian,0,muscle_gain|high_protein
Boiled Eggs 9518,snack,253,18.3,26.4,15.6,non_vegetarian,north_indian,1,improve_stamina|carb_rich
Fish Fry 9519,dinner,578,10.3,73.8,24.7,non_vegetarian,bengali,0,improve_stamina|carb_rich
Tofu Curry 9520,dinner,430,16.9,78.0,24.4,vegan,maharashtrian,0,improve_stamina|carb_rich
Protein Shake 9521,snack,155,42.7,76.9,12.6,vegetarian,north_indian,1,muscle_gain|high_protein
Paneer Cubes 9522,snack,230,7.5,49.7,6.5,vegetarian,maharashtrian,1,improve_stamina|carb_rich
Paneer Bhurji 9523,dinner,529,39.1,76.3,24.9,vegetarian,north_indian,0,muscle_gain|high_protein
Hyderabadi Biryani 9524,lunch,438,9.1,64.9,3.6,non_vegetarian,mixed,1,weight_loss|light
Corn Chaat 9525,snack,207,17.7,79.8,9.5,vegan,maharashtrian,1,improve_stamina|carb_rich
Roasted Chana 9526,snack,156,9.0,61.5,19.3,vegan,kerala,0,weight_loss|light
Boiled Eggs 9527,snack,166,12.2,62.5,14.2,non_vegetarian,north_indian,1,weight_loss|light
Fish Fry 9528,dinner,407,13.9,57.1,6.6,non_vegetarian,mixed,1,improve_stamina|carb_rich
Paneer Roti 9529,lunch,390,8.2,70.5,15.1,vegetarian,rajasthani,1,weight_loss|light
Kadhi Rice 9530,lunch,520,5.7,75.2,7.2,vegetarian,punjabi,0,balanced|beginner
Paneer Bhurji 9531,dinner,447,8.1,56.0,3.5,vegetarian,punjabi,1,weight_loss|light
Pav Bhaji 9532,lunch,353,7.1,71.6,7.3,vegetarian,rajasthani,1,improve_stamina|carb_rich
Vegetable Soup 9533,dinner,695,31.7,42.4,23.6,vegan,kerala,0,muscle_gain|high_protein
Dal Tadka 9534,dinner,695,6.7,50.5,8.0,vegetarian,punjabi,0,weight_loss|light
Vegetable Khichdi 9535,lunch,429,8.6,69.5,24.1,vegetarian,kerala,0,improve_stamina|carb_rich
Dal Tadka 9536,dinner,587,15.1,47.3,4.3,vegetarian,kerala,0,weight_loss|light
Paneer Bhurji 9537,dinner,525,8.2,46.4,20.1,vegetarian,punjabi,0,balanced|beginner
Peanut Chaat 9538,snack,190,9.6,55.7,24.0,vegetarian,south_indian,0,improve_stamina|carb_rich
Grilled Chicken 9539,dinner,424,5.0,21.5,22.4,non_vegetarian,rajasthani,0,weight_loss|light
Pav Bhaji 9540,lunch,651,12.7,59.5,15.3,vegetarian,punjabi,0,balanced|beginner
Tofu Stir Fry 9541,lunch,419,12.3,41.6,5.3,vegan,north_indian,1,balanced|beginner
Thepla 9542,breakfast,362,16.9,31.7,22.1,vegetarian,north_indian,0,balanced|beginner
Protein Shake 9543,snack,129,19.2,49.5,7.3,vegetarian,bengali,1,improve_stamina|carb_rich
Oats with Milk 9544,breakfast,292,6.4,21.3,23.0,vegetarian,mixed,0,improve_stamina|carb_rich
Egg Curry 9545,dinner,357,39.1,27.0,11.2,non_vegetarian,bengali,1,muscle_gain|high_protein
Paneer Sandwich 9546,breakfast,326,6.3,41.7,15.8,vegetarian,maharashtrian,1,weight_loss|light
Vegetable Poha 9547,breakfast,161,13.4,56.8,23.0,vegetarian,punjabi,0,weight_loss|light
Masala Omelette 9548,breakfast,348,17.1,38.3,17.7,non_vegetarian,mixed,1,improve_stamina|carb_rich
Kadhi Rice 9549,lunch,398,17.8,46.7,15.9,vegetarian,bengali,1,balanced|beginner
Roti Sabji 9550,dinner,421,13.4,79.2,21.4,vegetarian,kerala,0,balanced|beginner
Grilled Chicken 9551,dinner,498,16.2,45.7,20.1,non_vegetarian,south_indian,0,weight_loss|light
Mixed Veg Curry 9552,dinner,570,6.0,35.8,5.9,vegetarian,rajasthani,0,improve_stamina|carb_rich
Egg Curry 9553,dinner,482,19.8,21.1,18.6,non_vegetarian,mixed,0,balanced|beginner
Paneer Cubes 9554,snack,127,5.4,75.8,9.0,vegetarian,mixed,1,improve_stamina|carb_rich
Roasted Chana 9555,snack,242,7.3,46.1,15.1,vegan,north_indian,1,improve_stamina|carb_rich
Hyderabadi Biryani 9556,lunch,655,10.8,29.0,20.6,non_vegetarian,hyderabadi,0,balanced|beginner
Paneer Cubes 9557,snack,210,24.8,21.0,7.4,vegetarian,mixed,1,muscle_gain|high_protein
Peanut Chaat 9558,snack,109,28.8,70.7,13.5,vegetarian,maharashtrian,1,muscle_gain|high_protein
Fish Curry Rice 9559,lunch,578,27.1,67.1,21.4,non_vegetarian,punjabi,0,muscle_gain|high_protein
Upma 9560,breakfast,252,13.4,59.6,8.8,vegetarian,maharashtrian,1,weight_loss|light
Sabudana Khichdi 9561,breakfast,210,15.6,50.4,14.4,vegetarian,hyderabadi,1,weight_loss|light
Thepla 9562,breakfast,283,18.3,46.0,6.3,vegetarian,north_indian,1,weight_loss|light
Sabudana Khichdi 9563,breakfast,255,38.3,51.5,13.1,vegetarian,maharashtrian,1,muscle_gain|high_protein
Paneer Cubes 9564,snack,284,6.9,24.0,23.4,vegetarian,mixed,0,weight_loss|light
Fish Fry 9565,dinner,482,32.7,72.1,11.6,non_vegetarian,bengali,1,muscle_gain|high_protein
Roti Sabji 9566,dinner,588,20.0,30.0,11.7,vegetarian,north_indian,0,balanced|beginner
Tofu Curry 9567,dinner,606,14.1,42.7,8.3,vegan,bengali,0,improve_stamina|carb_rich
Upma 9568,breakfast,304,6.3,52.4,8.2,vegetarian,south_indian,1,weight_loss|light
Peanut Chaat 9569,snack,142,19.2,60.8,6.0,vegetarian,north_indian,1,balanced|beginner
Upma 9570,breakfast,233,7.1,64.3,4.1,vegetarian,maharashtrian,1,weight_loss|light
Oats with Milk 9571,breakfast,236,18.0,38.2,9.0,vegetarian,punjabi,1,improve_stamina|carb_rich
Egg Curry 9572,dinner,594,11.7,31.4,8.1,non_vegetarian,punjabi,0,balanced|beginner
Mixed Veg Curry 9573,dinner,438,17.4,71.9,12.6,vegetarian,maharashtrian,1,improve_stamina|carb_rich
Masala Omelette 9574,breakfast,306,37.8,55.0,16.5,non_vegetarian,punjabi,1,muscle_gain|high_protein
Sabudana Khichdi 9575,breakfast,384,31.1,45.1,11.6,vegetarian,rajasthani,1,muscle_gain|high_protein
Buttermilk 9576,snack,190,17.4,51.3,6.8,vegetarian,kerala,1,weight_loss|light
Fish Fry 9577,dinner,414,11.0,26.0,4.3,non_vegetarian,hyderabadi,1,balanced|beginner
Paneer Bhurji 9578,dinner,546,32.8,48.8,10.9,vegetarian,south_indian,0,muscle_gain|high_protein
Buttermilk 9579,snack,229,11.0,20.1,20.1,vegetarian,gujarati,0,weight_loss|light
Vegetable Soup 9580,dinner,612,41.6,23.3,18.6,vegan,kerala,0,muscle_gain|high_protein
Fish Curry Rice 9581,lunch,387,6.4,27.1,10.8,non_vegetarian,hyderabadi,1,balanced|beginner
Roasted Chana 9582,snack,210,18.5,40.3,15.0,vegan,rajasthani,1,improve_stamina|carb_rich
Tofu Scramble 9583,breakfast,255,16.3,70.4,10.1,vegan,punjabi,1,balanced|beginner
Hyderabadi Biryani 9584,lunch,407,10.8,32.5,9.2,non_vegetarian,kerala,1,weight_loss|light
Masala Omelette 9585,breakfast,218,15.7,28.9,4.6,non_vegetarian,north_indian,1,balanced|beginner
Sabudana Khichdi 9586,breakfast,416,5.9,46.7,13.7,vegetarian,hyderabadi,1,weight_loss|light
Paneer Bhurji 9587,dinner,630,17.4,38.7,22.5,vegetarian,south_indian,0,balanced|beginner
Paneer Roti 9588,lunch,579,9.0,70.5,9.4,vegetarian,punjabi,0,improve_stamina|carb_rich
Tofu Curry 9589,dinner,698,5.8,50.4,8.8,vegan,bengali,0,improve_stamina|carb_rich
Vegetable Khichdi 9590,lunch,637,19.6,59.8,8.6,vegetarian,north_indian,0,weight_loss|light
Vegetable Poha 9591,breakfast,425,32.2,65.7,16.4,vegetarian,mixed,1,muscle_gain|high_protein
Protein Shake 9592,snack,222,21.9,36.3,6.3,vegetarian,maharashtrian,1,muscle_gain|high_protein
Paneer Cubes 9593,snack,212,5.8,78.6,16.6,vegetarian,rajasthani,1,balanced|beginner
Grilled Chicken 9594,dinner,525,16.0,48.5,4.0,non_vegetarian,maharashtrian,0,improve_stamina|carb_rich
Fish Fry 9595,dinner,590,5.8,57.6,17.2,non_vegetarian,maharashtrian,0,improve_stamina|carb_rich
Paneer Roti 9596,lunch,412,5.3,77.3,5.6,vegetarian,south_indian,1,weight_loss|light
Protein Shake 9597,snack,295,44.6,24.9,11.0,vegetarian,north_indian,1,muscle_gain|high_protein
Sabudana Khichdi 9598,breakfast,241,16.9,73.1,11.7,vegetarian,punjabi,1,improve_stamina|carb_rich
Tofu Curry 9599,dinner,423,9.7,45.6,17.3,vegan,maharashtrian,1,weight_loss|light
Buttermilk 9600,snack,132,12.9,67.9,6.7,vegetarian,rajasthani,1,improve_stamina|carb_rich
Sabudana Khichdi 9601,breakfast,229,19.1,51.3,3.1,vegetarian,kerala,1,balanced|beginner
Chicken Curry Rice 9602,lunch,382,12.6,52.1,16.3,non_vegetarian,punjabi,1,improve_stamina|carb_rich
Tofu Curry 9603,dinner,609,15.6,71.0,18.7,vegan,bengali,0,weight_loss|light
Egg Curry 9604,dinner,435,13.8,56.0,9.4,non_vegetarian,mixed,1,weight_loss|light
Tofu Stir Fry 9605,lunch,387,8.6,28.3,17.4,vegan,maharashtrian,1,weight_loss|light
Tofu Stir Fry 9606,lunch,489,13.7,59.2,12.8,vegan,kerala,1,balanced|beginner
Hyderabadi Biryani 9607,lunch,425,11.9,61.9,7.5,non_vegetarian,maharashtrian,1,improve_stamina|carb_rich
Mixed Veg Curry 9608,dinner,420,18.4,70.4,6.8,vegetarian,north_indian,1,muscle_gain|high_protein
Buttermilk 9609,snack,132,6.2,65.0,5.7,vegetarian,rajasthani,1,weight_loss|light
Roti Sabji 9610,dinner,556,19.4,64.4,24.7,vegetarian,hyderabadi,0,weight_loss|light
Paneer Cubes 9611,snack,283,10.1,49.9,24.8,vegetarian,rajasthani,0,improve_stamina|carb_rich
Paneer Roti 9612,lunch,469,16.8,31.7,5.7,vegetarian,rajasthani,1,improve_stamina|carb_rich
Tofu Curry 9613,dinner,608,20.1,67.4,5.4,vegan,south_indian,0,muscle_gain|high_protein
Paneer Sandwich 9614,breakfast,417,19.9,72.9,21.7,vegetarian,hyderabadi,0,weight_loss|light
Paneer Bhurji 9615,dinner,626,33.6,38.0,12.3,vegetarian,mixed,0,muscle_gain|high_protein
Buttermilk 9616,snack,136,23.1,79.6,4.4,vegetarian,bengali,1,muscle_gain|high_protein
Paneer Sandwich 9617,breakfast,312,40.8,22.5,6.4,vegetarian,rajasthani,1,muscle_gain|high_protein
Protein Shake 9618,snack,139,6.3,79.9,4.4,vegetarian,hyderabadi,1,weight_loss|light
Paneer Sandwich 9619,breakfast,255,5.3,56.0,24.8,vegetarian,punjabi,0,balanced|beginner
Tofu Scramble 9620,breakfast,395,12.7,22.8,5.9,vegan,mixed,1,weight_loss|light
Vegetable Soup 9621,dinner,574,12.7,51.2,18.7,vegan,gujarati,0,improve_stamina|carb_rich
Oats with Milk 9622,breakfast,186,38.7,51.0,11.5,vegetarian,mixed,1,muscle_gain|high_protein
Corn Chaat 9623,snack,189,17.8,47.4,5.6,vegan,bengali,1,improve_stamina|carb_rich
Boiled Eggs 9624,snack,94,12.7,64.5,5.1,non_vegetarian,south_indian,1,improve_stamina|carb_rich
Paneer Cubes 9625,snack,163,20.9,76.7,19.3,vegetarian,bengali,0,muscle_gain|high_protein
Upma 9626,breakfast,409,7.9,69.6,6.3,vegetarian,gujarati,1,improve_stamina|carb_rich
Masala Omelette 9627,breakfast,269,8.3,38.8,4.7,non_vegetarian,maharashtrian,1,balanced|beginner
Boiled Eggs 9628,snack,282,14.2,50.6,5.3,non_vegetarian,bengali,1,balanced|beginner
Fish Curry Rice 9629,lunch,498,17.4,61.4,25.0,non_vegetarian,kerala,0,improve_stamina|carb_rich
Hyderabadi Biryani 9630,lunch,599,6.0,31.6,11.7,non_vegetarian,hyderabadi,0,balanced|beginner
Buttermilk 9631,snack,206,14.1,21.9,8.3,vegetarian,punjabi,1,weight_loss|light
Fruit Bowl 9632,breakfast,440,14.5,27.0,13.6,vegan,maharashtrian,1,improve_stamina|carb_rich
Mixed Veg Curry 9633,dinner,656,12.9,46.9,19.1,vegetarian,gujarati,0,balanced|beginner
Corn Chaat 9634,snack,184,44.4,21.4,12.4,vegan,gujarati,1,muscle_gain|high_protein
Fish Curry Rice 9635,lunch,615,17.7,41.8,18.8,non_vegetarian,punjabi,0,improve_stamina|carb_rich
Masala Omelette 9636,breakfast,214,21.1,46.5,16.5,non_vegetarian,punjabi,1,muscle_gain|high_protein
Paneer Cubes 9637,snack,247,11.5,22.0,14.1,vegetarian,maharashtrian,1,weight_loss|light
Pav Bhaji 9638,lunch,532,19.9,23.4,22.0,vegetarian,bengali,0,balanced|beginner
Paneer Roti 9639,lunch,509,8.1,69.9,16.6,vegetarian,rajasthani,0,balanced|beginner
Peanut Chaat 9640,snack,100,8.8,31.2,5.0,vegetarian,mixed,1,weight_loss|light
Vegetable Khichdi 9641,lunch,517,10.9,42.4,24.8,vegetarian,gujarati,0,weight_loss|light
Idli Sambar 9642,breakfast,249,19.8,43.9,23.2,vegetarian,mixed,0,weight_loss|light
Grilled Chicken 9643,dinner,603,43.0,32.2,10.0,non_vegetarian,north_indian,0,muscle_gain|high_protein
Chicken Curry Rice 9644,lunch,476,17.8,75.2,16.9,non_vegetarian,mixed,1,weight_loss|light
Pav Bhaji 9645,lunch,467,15.2,62.0,10.6,vegetarian,punjabi,1,weight_loss|light
Paneer Sandwich 9646,breakfast,405,16.5,79.1,18.0,vegetarian,kerala,1,balanced|beginner
Fish Fry 9647,dinner,600,15.3,29.2,6.6,non_vegetarian,mixed,0,weight_loss|light
Masala Omelette 9648,breakfast,159,5.8,20.2,20.6,non_vegetarian,rajasthani,0,balanced|beginner
Sprouts Salad 9649,snack,169,25.1,36.3,4.3,vegan,kerala,1,muscle_gain|high_protein
Oats with Milk 9650,breakfast,182,11.3,52.5,6.2,vegetarian,south_indian,1,balanced|beginner
Rajma Chawal 9651,lunch,507,16.6,50.3,15.8,vegetarian,bengali,0,weight_loss|light
Peanut Chaat 9652,snack,131,8.3,51.6,15.5,vegetarian,punjabi,1,weight_loss|light
Fish Curry Rice 9653,lunch,398,7.0,48.7,20.5,non_vegetarian,kerala,0,improve_stamina|carb_rich
Mixed Veg Curry 9654,dinner,684,42.2,26.2,4.8,vegetarian,north_indian,0,muscle_gain|high_protein
Sprouts Salad 9655,snack,222,10.8,31.1,21.7,vegan,north_indian,0,weight_loss|light
Chicken Curry Rice 9656,lunch,648,22.0,78.9,11.0,non_vegetarian,maharashtrian,0,muscle_gain|high_protein
Fruit Salad 9657,snack,283,29.3,45.4,21.3,vegan,south_indian,0,muscle_gain|high_protein
Upma 9658,breakfast,158,5.1,47.9,7.9,vegetarian,bengali,1,weight_loss|light
Paneer Roti 9659,lunch,568,41.9,49.3,15.6,vegetarian,rajasthani,0,muscle_gain|high_protein
Vegetable Poha 9660,breakfast,211,37.1,61.4,18.5,vegetarian,punjabi,0,muscle_gain|high_protein
Fruit Salad 9661,snack,284,12.3,78.8,24.4,vegan,mixed,0,balanced|beginner
Upma 9662,breakfast,158,6.4,28.4,15.8,vegetarian,bengali,1,balanced|beginner
Peanut Chaat 9663,snack,147,19.4,50.3,6.6,vegetarian,north_indian,1,improve_stamina|carb_rich
Rajma Chawal 9664,lunch,453,16.9,30.9,4.9,vegetarian,kerala,1,improve_stamina|carb_rich
Boiled Eggs 9665,snack,227,9.7,34.7,15.5,non_vegetarian,punjabi,1,weight_loss|light
Fruit Bowl 9666,breakfast,241,8.0,44.4,10.0,vegan,hyderabadi,1,balanced|beginner
Tofu Scramble 9667,breakfast,398,16.7,26.0,18.8,vegan,north_indian,0,weight_loss|light
Paneer Sandwich 9668,breakfast,353,10.6,36.5,5.9,vegetarian,maharashtrian,1,balanced|beginner
Tofu Stir Fry 9669,lunch,385,19.6,76.4,4.1,vegan,south_indian,1,improve_stamina|carb_rich
Upma 9670,breakfast,315,17.7,71.7,4.3,vegetarian,rajasthani,1,improve_stamina|carb_rich
Paneer Roti 9671,lunch,593,12.8,74.8,18.8,vegetarian,rajasthani,0,weight_loss|light
Vegetable Khichdi 9672,lunch,599,30.0,47.7,4.5,vegetarian,hyderabadi,0,muscle_gain|high_protein
Oats with Milk 9673,breakfast,180,19.4,32.8,14.1,vegetarian,mixed,1,muscle_gain|high_protein
Grilled Chicken 9674,dinner,689,15.7,60.0,14.8,non_vegetarian,maharashtrian,0,balanced|beginner
Fish Curry Rice 9675,lunch,693,11.4,51.3,7.1,non_vegetarian,kerala,0,weight_loss|light
Rajma Chawal 9676,lunch,367,16.8,62.5,3.8,vegetarian,hyderabadi,1,improve_stamina|carb_rich
Dal Rice 9677,lunch,617,8.2,77.1,12.4,vegetarian,north_indian,0,improve_stamina|carb_rich
Vegetable Khichdi 9678,lunch,521,8.0,39.3,9.3,vegetarian,south_indian,0,weight_loss|light
Sprouts Salad 9679,snack,249,13.2,21.4,15.5,vegan,rajasthani,1,weight_loss|light
Protein Shake 9680,snack,222,30.2,41.8,4.2,vegetarian,north_indian,1,muscle_gain|high_protein
Corn Chaat 9681,snack,250,18.4,37.5,7.6,vegan,punjabi,1,muscle_gain|high_protein
Dal Tadka 9682,dinner,572,17.3,30.6,22.4,vegetarian,north_indian,0,weight_loss|light
Fish Curry Rice 9683,lunch,447,19.4,71.5,5.7,non_vegetarian,south_indian,1,balanced|beginner
Egg Curry 9684,dinner,380,11.9,74.0,12.9,non_vegetarian,rajasthani,1,improve_stamina|carb_rich
Dal Rice 9685,lunch,434,12.9,77.5,20.4,vegetarian,punjabi,0,improve_stamina|carb_rich
Protein Shake 9686,snack,119,19.7,27.0,15.8,vegetarian,kerala,1,weight_loss|light
Protein Shake 9687,snack,271,39.0,21.2,16.3,vegetarian,north_indian,1,muscle_gain|high_protein
Tofu Curry 9688,dinner,547,9.6,54.7,12.0,vegan,bengali,0,weight_loss|light
Tofu Scramble 9689,breakfast,435,11.0,47.9,11.1,vegan,punjabi,1,improve_stamina|carb_rich
Buttermilk 9690,snack,247,19.4,45.0,20.6,vegetarian,south_indian,0,balanced|beginner
Tofu Curry 9691,dinner,513,37.9,24.4,9.9,vegan,gujarati,0,muscle_gain|high_protein
Paneer Sandwich 9692,breakfast,163,9.0,64.1,3.2,vegetarian,rajasthani,1,balanced|beginner
Roasted Chana 9693,snack,252,10.1,21.1,9.8,vegan,punjabi,1,weight_loss|light
Idli Sambar 9694,breakfast,377,6.3,71.0,7.0,vegetarian,south_indian,1,improve_stamina|carb_rich
Buttermilk 9695,snack,248,26.1,57.5,20.9,vegetarian,mixed,0,muscle_gain|high_protein
Tofu Curry 9696,dinner,382,18.4,28.4,14.4,vegan,rajasthani,1,weight_loss|light
Mixed Veg Curry 9697,dinner,693,7.9,71.7,14.4,vegetarian,maharashtrian,0,improve_stamina|carb_rich
Roasted Chana 9698,snack,178,15.2,21.4,24.5,vegan,punjabi,0,balanced|beginner
Egg Curry 9699,dinner,470,9.4,31.2,11.4,non_vegetarian,rajasthani,1,balanced|beginner
Dal Rice 9700,lunch,441,20.2,35.7,23.8,vegetarian,bengali,0,muscle_gain|high_protein
Thepla 9701,breakfast,408,18.5,40.9,19.5,vegetarian,kerala,0,improve_stamina|carb_rich
Roasted Chana 9702,snack,227,16.7,46.6,9.9,vegan,mixed,1,balanced|beginner
Sprouts Salad 9703,snack,166,13.4,21.5,21.3,vegan,kerala,0,improve_stamina|carb_rich
Masala Omelette 9704,breakfast,344,12.2,67.0,19.0,non_vegetarian,north_indian,0,balanced|beginner
Protein Shake 9705,snack,196,16.6,35.5,20.0,vegetarian,maharashtrian,0,improve_stamina|carb_rich
Paneer Roti 9706,lunch,505,5.6,32.9,23.2,vegetarian,south_indian,0,weight_loss|light
Vegetable Poha 9707,breakfast,336,15.8,54.1,23.7,vegetarian,north_indian,0,weight_loss|light
Pav Bhaji 9708,lunch,368,16.0,66.5,8.4,vegetarian,kerala,1,improve_stamina|carb_rich
Grilled Chicken 9709,dinner,534,12.5,42.5,23.6,non_vegetarian,kerala,0,balanced|beginner
Sabudana Khichdi 9710,breakfast,231,6.4,64.1,5.4,vegetarian,gujarati,1,weight_loss|light
Vegetable Poha 9711,breakfast,368,13.7,32.8,9.1,vegetarian,kerala,1,improve_stamina|carb_rich
Rajma Chawal 9712,lunch,515,18.1,75.1,13.8,vegetarian,gujarati,0,weight_loss|light
Mixed Veg Curry 9713,dinner,481,16.3,34.4,8.8,vegetarian,punjabi,1,weight_loss|light
Protein Shake 9714,snack,142,18.4,20.7,4.8,vegetarian,hyderabadi,1,improve_stamina|carb_rich
Corn Chaat 9715,snack,232,5.7,21.8,18.8,vegan,gujarati,0,improve_stamina|carb_rich
Tofu Stir Fry 9716,lunch,683,35.2,42.6,10.1,vegan,south_indian,0,muscle_gain|high_protein
Fish Curry Rice 9717,lunch,628,8.5,42.9,19.9,non_vegetarian,rajasthani,0,balanced|beginner
Fruit Bowl 9718,breakfast,271,11.0,48.3,5.8,vegan,gujarati,1,weight_loss|light
Pav Bhaji 9719,lunch,463,9.3,28.8,10.6,vegetarian,hyderabadi,1,improve_stamina|carb_rich
Vegetable Khichdi 9720,lunch,443,18.9,31.3,13.7,vegetarian,north_indian,1,weight_loss|light
Roasted Chana 9721,snack,100,31.2,29.2,5.2,vegan,maharashtrian,1,muscle_gain|high_protein
Fruit Bowl 9722,breakfast,363,10.1,31.6,24.6,vegan,south_indian,0,improve_stamina|carb_rich
Vegetable Soup 9723,dinner,670,14.2,48.9,14.5,vegan,gujarati,0,improve_stamina|carb_rich
Fish Fry 9724,dinner,551,18.6,32.2,14.9,non_vegetarian,gujarati,0,muscle_gain|high_protein
Dal Tadka 9725,dinner,668,10.6,38.7,6.4,vegetarian,south_indian,0,improve_stamina|carb_rich
Dal Tadka 9726,dinner,479,7.6,51.2,11.6,vegetarian,rajasthani,1,balanced|beginner
Tofu Scramble 9727,breakfast,319,5.9,57.5,21.5,vegan,hyderabadi,0,weight_loss|light
Dal Rice 9728,lunch,523,11.4,38.8,3.4,vegetarian,bengali,0,weight_loss|light
Sprouts Salad 9729,snack,189,17.1,20.1,20.5,vegan,bengali,0,balanced|beginner
Kadhi Rice 9730,lunch,641,17.1,39.1,7.7,vegetarian,kerala,0,improve_stamina|carb_rich
Buttermilk 9731,snack,232,9.1,25.7,20.2,vegetarian,kerala,0,balanced|beginner
Fish Curry Rice 9732,lunch,667,16.4,39.0,5.2,non_vegetarian,bengali,0,balanced|beginner
Masala Omelette 9733,breakfast,440,19.1,76.8,4.4,non_vegetarian,south_indian,1,muscle_gain|high_protein
Thepla 9734,breakfast,284,19.5,75.8,13.9,vegetarian,maharashtrian,1,balanced|beginner
Roti Sabji 9735,dinner,601,10.6,57.1,18.6,vegetarian,kerala,0,balanced|beginner
Vegetable Khichdi 9736,lunch,405,40.6,54.1,13.0,vegetarian,hyderabadi,1,muscle_gain|high_protein
Tofu Stir Fry 9737,lunch,481,17.7,67.9,4.2,vegan,gujarati,1,balanced|beginner
Sprouts Salad 9738,snack,244,22.7,32.8,21.1,vegan,hyderabadi,0,muscle_gain|high_protein
Vegetable Poha 9739,breakfast,335,17.6,76.5,4.2,vegetarian,south_indian,1,improve_stamina|carb_rich
Hyderabadi Biryani 9740,lunch,396,28.8,24.4,3.7,non_vegetarian,north_indian,1,muscle_gain|high_protein
Tofu Curry 9741,dinner,453,6.5,55.4,3.5,vegan,gujarati,1,improve_stamina|carb_rich
Tofu Curry 9742,dinner,543,14.2,45.0,20.9,vegan,south_indian,0,weight_loss|light
Roasted Chana 9743,snack,83,11.2,47.3,9.7,vegan,north_indian,1,improve_stamina|carb_rich
Fish Curry Rice 9744,lunch,480,27.0,49.3,7.6,non_vegetarian,south_indian,1,muscle_gain|high_protein
Buttermilk 9745,snack,199,19.8,73.0,4.4,vegetarian,kerala,1,balanced|beginner
Fish Fry 9746,dinner,556,6.8,37.9,24.8,non_vegetarian,punjabi,0,improve_stamina|carb_rich
Kadhi Rice 9747,lunch,689,19.2,36.8,3.9,vegetarian,punjabi,0,muscle_gain|high_protein
Protein Shake 9748,snack,264,7.4,27.3,16.6,vegetarian,north_indian,1,balanced|beginner
Masala Omelette 9749,breakfast,449,37.6,23.3,7.0,non_vegetarian,punjabi,1,muscle_gain|high_protein
Grilled Chicken 9750,dinner,684,7.2,30.9,12.8,non_vegetarian,punjabi,0,weight_loss|light
Pav Bhaji 9751,lunch,527,17.1,21.7,21.3,vegetarian,mixed,0,improve_stamina|carb_rich
Protein Shake 9752,snack,228,10.1,60.2,17.1,vegetarian,rajasthani,1,balanced|beginner
Sabudana Khichdi 9753,breakfast,250,31.8,23.6,18.4,vegetarian,north_indian,0,muscle_gain|high_protein
Tofu Curry 9754,dinner,682,31.2,59.9,8.0,vegan,south_indian,0,muscle_gain|high_protein
Roti Sabji 9755,dinner,679,12.5,53.8,8.6,vegetarian,gujarati,0,balanced|beginner
Protein Shake 9756,snack,236,13.7,29.0,18.3,vegetarian,gujarati,0,balanced|beginner
Tofu Stir Fry 9757,lunch,494,17.8,61.5,12.7,vegan,kerala,1,balanced|beginner
Buttermilk 9758,snack,241,22.4,74.2,13.3,vegetarian,south_indian,1,muscle_gain|high_protein
Tofu Stir Fry 9759,lunch,429,7.2,33.5,19.5,vegan,north_indian,0,weight_loss|light
Vegetable Soup 9760,dinner,536,10.6,41.1,13.5,vegan,south_indian,0,improve_stamina|carb_rich
Idli Sambar 9761,breakfast,249,6.5,57.0,21.8,vegetarian,punjabi,0,weight_loss|light
Grilled Chicken 9762,dinner,543,19.2,48.8,14.3,non_vegetarian,bengali,0,weight_loss|light
Pav Bhaji 9763,lunch,517,13.2,23.1,5.9,vegetarian,punjabi,0,weight_loss|light
Rajma Chawal 9764,lunch,560,11.4,24.9,8.5,vegetarian,maharashtrian,0,balanced|beginner
Egg Curry 9765,dinner,356,18.3,51.1,4.3,non_vegetarian,hyderabadi,1,improve_stamina|carb_rich
Roasted Chana 9766,snack,156,18.0,32.4,11.0,vegan,punjabi,1,weight_loss|light
Mixed Veg Curry 9767,dinner,401,9.9,38.1,13.4,vegetarian,hyderabadi,1,weight_loss|light
Paneer Cubes 9768,snack,174,12.4,32.9,22.0,vegetarian,gujarati,0,balanced|beginner
Pav Bhaji 9769,lunch,485,10.4,47.8,23.4,vegetarian,hyderabadi,0,weight_loss|light
Dal Rice 9770,lunch,409,16.6,29.5,13.6,vegetarian,south_indian,1,balanced|beginner
Tofu Scramble 9771,breakfast,286,28.2,33.1,5.4,vegan,mixed,1,muscle_gain|high_protein
Upma 9772,breakfast,153,12.6,34.9,15.2,vegetarian,hyderabadi,1,balanced|beginner
Paneer Roti 9773,lunch,677,19.0,22.9,24.4,vegetarian,punjabi,0,muscle_gain|high_protein
Dal Tadka 9774,dinner,663,8.2,23.4,7.6,vegetarian,hyderabadi,0,weight_loss|light
Fruit Bowl 9775,breakfast,408,9.6,50.9,20.7,vegan,kerala,0,improve_stamina|carb_rich
Fruit Bowl 9776,breakfast,277,5.2,43.3,20.9,vegan,bengali,0,improve_stamina|carb_rich
Sprouts Salad 9777,snack,177,22.8,55.8,24.8,vegan,mixed,0,muscle_gain|high_protein
Roti Sabji 9778,dinner,584,11.6,35.6,7.7,vegetarian,mixed,0,improve_stamina|carb_rich
Paneer Cubes 9779,snack,133,44.3,47.6,8.3,vegetarian,kerala,1,muscle_gain|high_protein
Chicken Curry Rice 9780,lunch,644,18.6,39.4,10.8,non_vegetarian,kerala,0,weight_loss|light
Dal Tadka 9781,dinner,395,10.7,57.1,16.6,vegetarian,bengali,1,weight_loss|light
Peanut Chaat 9782,snack,224,6.2,26.3,24.2,vegetarian,rajasthani,0,balanced|beginner
Tofu Scramble 9783,breakfast,251,27.3,58.8,19.2,vegan,kerala,0,muscle_gain|high_protein
Fish Fry 9784,dinner,377,17.6,60.7,10.9,non_vegetarian,maharashtrian,1,weight_loss|light
Fruit Salad 9785,snack,170,14.2,39.1,19.7,vegan,north_indian,0,weight_loss|light
Vegetable Soup 9786,dinner,351,13.9,62.5,6.1,vegan,kerala,1,weight_loss|light
Roti Sabji 9787,dinner,680,14.5,53.6,20.2,vegetarian,mixed,0,weight_loss|light
Mixed Veg Curry 9788,dinner,615,7.9,42.3,18.0,vegetarian,north_indian,0,weight_loss|light
Tofu Scramble 9789,breakfast,377,11.0,37.1,14.2,vegan,punjabi,1,improve_stamina|carb_rich
Kadhi Rice 9790,lunch,511,16.1,74.9,5.8,vegetarian,hyderabadi,0,weight_loss|light
Paneer Sandwich 9791,breakfast,359,35.4,39.6,11.8,vegetarian,mixed,1,muscle_gain|high_protein
Corn Chaat 9792,snack,134,28.6,50.5,23.6,vegan,north_indian,0,muscle_gain|high_protein
Sprouts Salad 9793,snack,256,16.1,39.2,16.9,vegan,hyderabadi,1,balanced|beginner
Mixed Veg Curry 9794,dinner,592,5.7,28.3,9.6,vegetarian,hyderabadi,0,weight_loss|light
Rajma Chawal 9795,lunch,560,16.2,48.1,22.9,vegetarian,bengali,0,weight_loss|light
Fruit Bowl 9796,breakfast,329,6.9,57.9,24.6,vegan,south_indian,0,weight_loss|light
Fish Fry 9797,dinner,532,17.2,70.0,14.9,non_vegetarian,rajasthani,0,improve_stamina|carb_rich
Paneer Bhurji 9798,dinner,357,37.8,49.6,21.4,vegetarian,north_indian,0,muscle_gain|high_protein
Oats with Milk 9799,breakfast,419,17.3,43.9,16.1,vegetarian,rajasthani,1,balanced|beginner
Roasted Chana 9800,snack,181,18.8,22.0,23.4,vegan,rajasthani,0,balanced|beginner
Boiled Eggs 9801,snack,114,15.7,42.3,3.4,non_vegetarian,rajasthani,1,improve_stamina|carb_rich
Paneer Sandwich 9802,breakfast,404,10.9,66.2,15.5,vegetarian,bengali,1,balanced|beginner
Upma 9803,breakfast,399,11.2,68.2,23.2,vegetarian,bengali,0,improve_stamina|carb_rich
Fruit Bowl 9804,breakfast,217,8.2,68.3,17.4,vegan,kerala,1,weight_loss|light
Oats with Milk 9805,breakfast,232,36.3,51.7,13.7,vegetarian,bengali,1,muscle_gain|high_protein
Grilled Chicken 9806,dinner,431,10.1,58.9,8.9,non_vegetarian,rajasthani,1,improve_stamina|carb_rich
Sabudana Khichdi 9807,breakfast,269,7.7,36.0,13.3,vegetarian,gujarati,1,weight_loss|light
Tofu Stir Fry 9808,lunch,648,12.3,51.4,4.6,vegan,rajasthani,0,balanced|beginner
Idli Sambar 9809,breakfast,165,5.7,46.1,19.1,vegetarian,north_indian,0,balanced|beginner
Dal Tadka 9810,dinner,569,11.5,38.8,17.1,vegetarian,hyderabadi,0,balanced|beginner
Grilled Chicken 9811,dinner,591,8.4,73.9,20.7,non_vegetarian,bengali,0,balanced|beginner
Roasted Chana 9812,snack,154,10.6,78.4,3.8,vegan,north_indian,1,balanced|beginner
Paneer Roti 9813,lunch,483,11.3,40.9,13.8,vegetarian,maharashtrian,1,improve_stamina|carb_rich
Fruit Salad 9814,snack,130,13.5,71.2,18.7,vegan,bengali,0,balanced|beginner
Paneer Cubes 9815,snack,141,17.8,57.5,9.7,vegetarian,punjabi,1,balanced|beginner
Vegetable Khichdi 9816,lunch,499,18.4,44.2,12.9,vegetarian,bengali,1,improve_stamina|carb_rich
Boiled Eggs 9817,snack,213,17.8,50.2,22.5,non_vegetarian,rajasthani,0,weight_loss|light
Tofu Stir Fry 9818,lunch,448,17.8,54.2,14.6,vegan,mixed,1,balanced|beginner
Tofu Curry 9819,dinner,460,9.4,60.9,23.1,vegan,hyderabadi,0,weight_loss|light
Corn Chaat 9820,snack,248,10.3,51.1,11.3,vegan,north_indian,1,weight_loss|light
Grilled Chicken 9821,dinner,413,19.7,58.5,11.0,non_vegetarian,north_indian,1,weight_loss|light
Roasted Chana 9822,snack,211,17.3,72.9,15.8,vegan,bengali,1,improve_stamina|carb_rich
Sprouts Salad 9823,snack,287,6.4,69.5,13.6,vegan,south_indian,1,weight_loss|light
Sprouts Salad 9824,snack,225,34.4,49.2,5.7,vegan,bengali,1,muscle_gain|high_protein
Roti Sabji 9825,dinner,642,37.8,49.8,17.0,vegetarian,hyderabadi,0,muscle_gain|high_protein
Fish Fry 9826,dinner,632,10.3,79.8,13.4,non_vegetarian,south_indian,0,improve_stamina|carb_rich
Thepla 9827,breakfast,361,18.7,22.3,21.8,vegetarian,bengali,0,improve_stamina|carb_rich
Kadhi Rice 9828,lunch,503,7.2,69.5,11.1,vegetarian,gujarati,0,weight_loss|light
Grilled Chicken 9829,dinner,478,18.7,62.2,5.1,non_vegetarian,punjabi,1,weight_loss|light
Tofu Scramble 9830,breakfast,274,6.7,48.6,13.7,vegan,maharashtrian,1,balanced|beginner
Fish Fry 9831,dinner,402,6.4,72.2,22.2,non_vegetarian,north_indian,0,improve_stamina|carb_rich
Vegetable Poha 9832,breakfast,280,5.8,39.5,14.1,vegetarian,punjabi,1,balanced|beginner
Masala Omelette 9833,breakfast,212,19.4,42.2,13.8,non_vegetarian,bengali,1,weight_loss|light
Thepla 9834,breakfast,291,11.7,32.4,16.4,vegetarian,north_indian,1,balanced|beginner
Buttermilk 9835,snack,219,17.7,45.9,9.3,vegetarian,punjabi,1,improve_stamina|carb_rich
Fruit Bowl 9836,breakfast,283,12.7,37.3,4.9,vegan,bengali,1,balanced|beginner
Corn Chaat 9837,snack,160,31.0,73.2,12.2,vegan,gujarati,1,muscle_gain|high_protein
Paneer Sandwich 9838,breakfast,292,30.9,73.9,9.4,vegetarian,maharashtrian,1,muscle_gain|high_protein
Oats with Milk 9839,breakfast,226,16.4,61.4,4.5,vegetarian,north_indian,1,weight_loss|light
Dal Tadka 9840,dinner,404,8.8,72.3,12.9,vegetarian,north_indian,1,balanced|beginner
Vegetable Khichdi 9841,lunch,639,11.1,62.4,16.6,vegetarian,gujarati,0,improve_stamina|carb_rich
Protein Shake 9842,snack,264,16.3,31.2,20.0,vegetarian,mixed,0,weight_loss|light
Chicken Curry Rice 9843,lunch,372,22.1,71.1,15.8,non_vegetarian,south_indian,1,muscle_gain|high_protein
Fruit Salad 9844,snack,87,8.2,58.9,20.1,vegan,rajasthani,0,weight_loss|light
Hyderabadi Biryani 9845,lunch,633,10.1,58.1,15.2,non_vegetarian,bengali,0,balanced|beginner
Corn Chaat 9846,snack,286,7.4,65.8,9.7,vegan,hyderabadi,1,balanced|beginner
Pav Bhaji 9847,lunch,399,15.1,58.3,9.5,vegetarian,punjabi,1,improve_stamina|carb_rich
Kadhi Rice 9848,lunch,509,9.0,40.5,6.9,vegetarian,mixed,0,weight_loss|light
Vegetable Khichdi 9849,lunch,365,7.9,29.8,17.1,vegetarian,kerala,1,balanced|beginner
Roasted Chana 9850,snack,94,14.7,74.7,10.9,vegan,south_indian,1,weight_loss|light
Sabudana Khichdi 9851,breakfast,231,8.0,56.6,20.4,vegetarian,kerala,0,weight_loss|light
Sprouts Salad 9852,snack,288,11.1,60.3,22.9,vegan,punjabi,0,balanced|beginner
Vegetable Khichdi 9853,lunch,644,8.0,51.8,14.9,vegetarian,north_indian,0,balanced|beginner
Buttermilk 9854,snack,245,12.6,51.7,21.5,vegetarian,maharashtrian,0,improve_stamina|carb_rich
Paneer Sandwich 9855,breakfast,256,18.0,37.7,10.1,vegetarian,rajasthani,1,balanced|beginner
Thepla 9856,breakfast,427,16.9,63.7,22.3,vegetarian,kerala,0,improve_stamina|carb_rich
Fruit Bowl 9857,breakfast,444,15.5,71.8,16.8,vegan,gujarati,1,weight_loss|light
Corn Chaat 9858,snack,162,15.2,42.7,19.6,vegan,mixed,0,weight_loss|light
Roti Sabji 9859,dinner,388,11.9,67.7,13.3,vegetarian,north_indian,1,balanced|beginner
Roti Sabji 9860,dinner,481,18.8,75.0,6.0,vegetarian,hyderabadi,1,balanced|beginner
Tofu Scramble 9861,breakfast,221,44.4,37.1,17.9,vegan,south_indian,1,muscle_gain|high_protein
Tofu Curry 9862,dinner,430,18.8,50.2,10.2,vegan,south_indian,1,muscle_gain|high_protein
Vegetable Poha 9863,breakfast,399,11.4,22.4,15.5,vegetarian,south_indian,1,weight_loss|light
Paneer Roti 9864,lunch,627,16.4,24.9,19.1,vegetarian,bengali,0,weight_loss|light
Vegetable Khichdi 9865,lunch,373,16.4,63.5,19.7,vegetarian,bengali,0,balanced|beginner
Vegetable Soup 9866,dinner,601,8.8,54.1,5.1,vegan,north_indian,0,balanced|beginner
Vegetable Soup 9867,dinner,658,35.1,39.7,23.8,vegan,south_indian,0,muscle_gain|high_protein
Peanut Chaat 9868,snack,236,9.1,34.2,23.2,vegetarian,rajasthani,0,weight_loss|light
Chicken Curry Rice 9869,lunch,641,30.5,49.4,23.5,non_vegetarian,south_indian,0,muscle_gain|high_protein
Pav Bhaji 9870,lunch,394,7.1,51.2,24.6,vegetarian,gujarati,0,balanced|beginner
Vegetable Soup 9871,dinner,394,17.3,78.1,13.3,vegan,mixed,1,improve_stamina|carb_rich
Fruit Bowl 9872,breakfast,442,7.4,77.4,20.3,vegan,rajasthani,0,improve_stamina|carb_rich
Paneer Cubes 9873,snack,227,10.5,48.8,19.7,vegetarian,mixed,0,weight_loss|light
Vegetable Khichdi 9874,lunch,491,9.6,65.9,23.0,vegetarian,gujarati,0,improve_stamina|carb_rich
Vegetable Soup 9875,dinner,566,11.2,72.6,11.9,vegan,maharashtrian,0,improve_stamina|carb_rich
Paneer Sandwich 9876,breakfast,235,33.3,64.1,20.8,vegetarian,gujarati,0,muscle_gain|high_protein
Fruit Salad 9877,snack,244,17.3,68.8,15.9,vegan,mixed,1,weight_loss|light
Corn Chaat 9878,snack,193,9.0,57.6,24.9,vegan,maharashtrian,0,weight_loss|light
Paneer Cubes 9879,snack,122,44.1,50.4,12.2,vegetarian,south_indian,1,muscle_gain|high_protein
Dal Tadka 9880,dinner,591,12.5,61.6,20.3,vegetarian,rajasthani,0,balanced|beginner
Vegetable Soup 9881,dinner,430,18.2,71.8,6.0,vegan,north_indian,1,muscle_gain|high_protein
Hyderabadi Biryani 9882,lunch,395,26.2,26.7,3.7,non_vegetarian,rajasthani,1,muscle_gain|high_protein
Vegetable Khichdi 9883,lunch,375,13.7,72.6,13.5,vegetarian,bengali,1,improve_stamina|carb_rich
Buttermilk 9884,snack,166,38.5,24.8,15.2,vegetarian,gujarati,1,muscle_gain|high_protein
Vegetable Khichdi 9885,lunch,659,10.4,55.7,19.0,vegetarian,hyderabadi,0,improve_stamina|carb_rich
Paneer Sandwich 9886,breakfast,199,37.5,41.1,5.5,vegetarian,mixed,1,muscle_gain|high_protein
Mixed Veg Curry 9887,dinner,494,12.0,74.8,6.4,vegetarian,mixed,1,weight_loss|light
Roti Sabji 9888,dinner,553,26.4,67.1,6.0,vegetarian,maharashtrian,0,muscle_gain|high_protein
Tofu Scramble 9889,breakfast,408,33.7,44.4,5.3,vegan,hyderabadi,1,muscle_gain|high_protein
Paneer Roti 9890,lunch,565,18.4,35.3,12.8,vegetarian,mixed,0,muscle_gain|high_protein
Paneer Sandwich 9891,breakfast,298,10.3,24.5,16.7,vegetarian,gujarati,1,balanced|beginner
Egg Curry 9892,dinner,523,26.8,57.0,4.7,non_vegetarian,hyderabadi,0,muscle_gain|high_protein
Vegetable Poha 9893,breakfast,389,16.4,78.9,6.9,vegetarian,mixed,1,improve_stamina|carb_rich
Chicken Curry Rice 9894,lunch,411,15.5,70.6,5.2,non_vegetarian,gujarati,1,improve_stamina|carb_rich
Paneer Bhurji 9895,dinner,460,5.3,59.9,13.3,vegetarian,mixed,1,weight_loss|light
Roti Sabji 9896,dinner,460,19.9,40.9,17.9,vegetarian,maharashtrian,1,weight_loss|light
Sprouts Salad 9897,snack,242,6.1,39.1,22.9,vegan,gujarati,0,balanced|beginner
Oats with Milk 9898,breakfast,280,43.8,64.2,24.9,vegetarian,hyderabadi,0,muscle_gain|high_protein
Tofu Curry 9899,dinner,594,9.0,57.5,10.9,vegan,mixed,0,weight_loss|light
Boiled Eggs 9900,snack,145,6.0,47.4,11.3,non_vegetarian,gujarati,1,improve_stamina|carb_rich
Dal Tadka 9901,dinner,461,13.2,67.2,13.7,vegetarian,kerala,1,weight_loss|light
Fish Fry 9902,dinner,542,7.2,63.5,13.9,non_vegetarian,bengali,0,weight_loss|light
Oats with Milk 9903,breakfast,177,12.5,51.3,13.2,vegetarian,hyderabadi,1,improve_stamina|carb_rich
Paneer Cubes 9904,snack,107,18.3,41.4,24.8,vegetarian,rajasthani,0,improve_stamina|carb_rich
Egg Curry 9905,dinner,523,18.8,52.7,12.8,non_vegetarian,maharashtrian,0,muscle_gain|high_protein
Boiled Eggs 9906,snack,128,39.7,22.7,10.2,non_vegetarian,rajasthani,1,muscle_gain|high_protein
Roasted Chana 9907,snack,84,5.7,46.8,20.2,vegan,north_indian,0,weight_loss|light
Mixed Veg Curry 9908,dinner,468,19.7,40.5,16.8,vegetarian,kerala,1,weight_loss|light
Roasted Chana 9909,snack,262,14.7,34.9,15.1,vegan,mixed,1,balanced|beginner
Fish Curry Rice 9910,lunch,571,10.5,28.0,15.2,non_vegetarian,kerala,0,improve_stamina|carb_rich
Boiled Eggs 9911,snack,86,11.6,77.3,14.6,non_vegetarian,maharashtrian,1,weight_loss|light
Vegetable Soup 9912,dinner,353,5.8,36.6,18.7,vegan,maharashtrian,0,improve_stamina|carb_rich
Tofu Scramble 9913,breakfast,215,24.1,73.5,8.0,vegan,kerala,1,muscle_gain|high_protein
Oats with Milk 9914,breakfast,367,42.0,77.1,5.1,vegetarian,punjabi,1,muscle_gain|high_protein
Paneer Roti 9915,lunch,678,16.7,79.2,13.0,vegetarian,hyderabadi,0,balanced|beginner
Dal Tadka 9916,dinner,567,9.8,77.5,13.0,vegetarian,bengali,0,weight_loss|light
Paneer Cubes 9917,snack,182,12.9,25.4,4.7,vegetarian,mixed,1,improve_stamina|carb_rich
Idli Sambar 9918,breakfast,227,36.1,46.6,11.9,vegetarian,maharashtrian,1,muscle_gain|high_protein
Grilled Chicken 9919,dinner,393,6.5,38.4,11.9,non_vegetarian,north_indian,1,improve_stamina|carb_rich
Thepla 9920,breakfast,163,5.1,72.7,21.4,vegetarian,rajasthani,0,balanced|beginner
Sprouts Salad 9921,snack,242,37.3,29.3,6.9,vegan,north_indian,1,muscle_gain|high_protein
Dal Rice 9922,lunch,555,17.0,28.4,17.5,vegetarian,maharashtrian,0,improve_stamina|carb_rich
Sabudana Khichdi 9923,breakfast,160,11.4,44.3,24.8,vegetarian,bengali,0,balanced|beginner
Fruit Bowl 9924,breakfast,436,7.4,33.2,13.5,vegan,south_indian,1,balanced|beginner
Buttermilk 9925,snack,175,17.2,61.7,19.4,vegetarian,kerala,0,improve_stamina|carb_rich
Sprouts Salad 9926,snack,255,9.4,65.2,12.8,vegan,gujarati,1,improve_stamina|carb_rich
Vegetable Khichdi 9927,lunch,550,6.1,76.6,23.7,vegetarian,hyderabadi,0,improve_stamina|carb_rich
Peanut Chaat 9928,snack,103,22.6,58.5,22.4,vegetarian,rajasthani,0,muscle_gain|high_protein
Idli Sambar 9929,breakfast,251,32.7,38.3,6.4,vegetarian,kerala,1,muscle_gain|high_protein
Upma 9930,breakfast,223,28.1,56.7,8.7,vegetarian,kerala,1,muscle_gain|high_protein
Hyderabadi Biryani 9931,lunch,436,16.9,24.7,20.1,non_vegetarian,north_indian,0,weight_loss|light
Paneer Sandwich 9932,breakfast,232,8.3,63.3,7.5,vegetarian,maharashtrian,1,weight_loss|light
Buttermilk 9933,snack,200,9.4,68.0,14.5,vegetarian,punjabi,1,improve_stamina|carb_rich
Paneer Cubes 9934,snack,185,27.6,35.1,21.5,vegetarian,mixed,0,muscle_gain|high_protein
Roti Sabji 9935,dinner,415,19.2,68.0,21.0,vegetarian,gujarati,0,improve_stamina|carb_rich
Fruit Salad 9936,snack,104,12.8,47.2,11.6,vegan,gujarati,1,improve_stamina|carb_rich
Paneer Bhurji 9937,dinner,490,37.6,53.2,23.5,vegetarian,north_indian,0,muscle_gain|high_protein
Dal Tadka 9938,dinner,654,5.9,45.6,22.5,vegetarian,rajasthani,0,balanced|beginner
Corn Chaat 9939,snack,145,9.6,64.5,3.8,vegan,bengali,1,balanced|beginner
Boiled Eggs 9940,snack,108,43.1,63.8,6.0,non_vegetarian,punjabi,1,muscle_gain|high_protein
Roasted Chana 9941,snack,246,22.2,34.3,13.7,vegan,hyderabadi,1,muscle_gain|high_protein
Fish Fry 9942,dinner,423,9.4,55.2,7.1,non_vegetarian,kerala,1,weight_loss|light
Corn Chaat 9943,snack,211,41.5,44.4,14.3,vegan,hyderabadi,1,muscle_gain|high_protein
Hyderabadi Biryani 9944,lunch,615,10.6,39.2,24.6,non_vegetarian,mixed,0,balanced|beginner
Paneer Cubes 9945,snack,234,18.2,24.8,6.3,vegetarian,punjabi,1,muscle_gain|high_protein
Paneer Roti 9946,lunch,511,8.5,65.9,3.3,vegetarian,hyderabadi,0,improve_stamina|carb_rich
Dal Rice 9947,lunch,516,10.2,34.9,8.0,vegetarian,punjabi,0,balanced|beginner
Protein Shake 9948,snack,125,14.0,22.7,23.9,vegetarian,bengali,0,balanced|beginner
Grilled Chicken 9949,dinner,497,31.2,59.6,23.5,non_vegetarian,punjabi,0,muscle_gain|high_protein
Masala Omelette 9950,breakfast,272,42.4,69.6,10.1,non_vegetarian,north_indian,1,muscle_gain|high_protein
Tofu Scramble 9951,breakfast,186,14.5,20.2,15.9,vegan,rajasthani,1,weight_loss|light
Idli Sambar 9952,breakfast,380,11.7,65.2,13.0,vegetarian,maharashtrian,1,improve_stamina|carb_rich
Boiled Eggs 9953,snack,173,14.1,60.4,11.5,non_vegetarian,mixed,1,improve_stamina|carb_rich
Roti Sabji 9954,dinner,675,13.8,79.2,11.3,vegetarian,gujarati,0,weight_loss|light
Masala Omelette 9955,breakfast,430,16.4,72.0,11.4,non_vegetarian,south_indian,1,weight_loss|light
Oats with Milk 9956,breakfast,406,16.1,37.9,4.6,vegetarian,maharashtrian,1,balanced|beginner
Sabudana Khichdi 9957,breakfast,195,29.5,20.7,15.6,vegetarian,gujarati,1,muscle_gain|high_protein
Pav Bhaji 9958,lunch,377,19.6,38.7,23.0,vegetarian,rajasthani,0,balanced|beginner
Thepla 9959,breakfast,264,10.9,54.3,14.2,vegetarian,maharashtrian,1,weight_loss|light
Dal Tadka 9960,dinner,441,25.8,60.6,7.4,vegetarian,south_indian,1,muscle_gain|high_protein
Mixed Veg Curry 9961,dinner,685,10.0,21.3,3.7,vegetarian,kerala,0,weight_loss|light
Roasted Chana 9962,snack,243,8.2,32.0,8.7,vegan,north_indian,1,improve_stamina|carb_rich
Paneer Sandwich 9963,breakfast,256,33.7,55.0,13.1,vegetarian,mixed,1,muscle_gain|high_protein
Thepla 9964,breakfast,257,24.1,31.1,8.3,vegetarian,kerala,1,muscle_gain|high_protein
Roti Sabji 9965,dinner,570,43.4,21.4,23.7,vegetarian,south_indian,0,muscle_gain|high_protein
Dal Rice 9966,lunch,376,44.2,34.5,14.9,vegetarian,punjabi,1,muscle_gain|high_protein
Tofu Curry 9967,dinner,511,9.8,56.7,22.2,vegan,mixed,0,weight_loss|light
Roti Sabji 9968,dinner,389,14.4,32.7,18.9,vegetarian,mixed,0,balanced|beginner
Vegetable Khichdi 9969,lunch,484,5.3,30.7,11.3,vegetarian,rajasthani,1,balanced|beginner
Dal Rice 9970,lunch,594,39.1,53.3,24.2,vegetarian,kerala,0,muscle_gain|high_protein
Masala Omelette 9971,breakfast,406,19.4,63.6,22.8,non_vegetarian,rajasthani,0,muscle_gain|high_protein
Rajma Chawal 9972,lunch,676,22.3,68.9,23.2,vegetarian,south_indian,0,muscle_gain|high_protein
Kadhi Rice 9973,lunch,696,7.5,51.7,5.2,vegetarian,punjabi,0,balanced|beginner
Corn Chaat 9974,snack,172,5.6,40.9,13.3,vegan,punjabi,1,weight_loss|light
Fruit Bowl 9975,breakfast,441,20.5,75.5,11.0,vegan,punjabi,1,muscle_gain|high_protein
Masala Omelette 9976,breakfast,233,12.7,75.2,22.4,non_vegetarian,kerala,0,improve_stamina|carb_rich
Tofu Scramble 9977,breakfast,245,10.7,28.1,10.9,vegan,north_indian,1,improve_stamina|carb_rich
Dal Tadka 9978,dinner,596,9.9,41.2,15.6,vegetarian,south_indian,0,weight_loss|light
Grilled Chicken 9979,dinner,560,9.1,46.6,17.5,non_vegetarian,south_indian,0,improve_stamina|carb_rich
Buttermilk 9980,snack,136,19.2,59.5,17.3,vegetarian,punjabi,1,improve_stamina|carb_rich
Paneer Cubes 9981,snack,173,12.6,69.8,5.9,vegetarian,south_indian,1,improve_stamina|carb_rich
Dal Tadka 9982,dinner,668,12.4,54.8,19.5,vegetarian,maharashtrian,0,weight_loss|light
Grilled Chicken 9983,dinner,668,8.2,34.4,7.3,non_vegetarian,rajasthani,0,improve_stamina|carb_rich
Pav Bhaji 9984,lunch,487,21.9,34.3,19.8,vegetarian,hyderabadi,0,muscle_gain|high_protein
Vegetable Poha 9985,breakfast,164,13.2,25.0,6.0,vegetarian,maharashtrian,1,balanced|beginner
Pav Bhaji 9986,lunch,558,26.6,35.3,6.0,vegetarian,rajasthani,0,muscle_gain|high_protein
Peanut Chaat 9987,snack,288,9.3,62.7,17.3,vegetarian,kerala,1,balanced|beginner
Oats with Milk 9988,breakfast,345,19.3,69.1,17.4,vegetarian,north_indian,1,weight_loss|light
Paneer Roti 9989,lunch,408,34.9,36.6,22.1,vegetarian,kerala,0,muscle_gain|high_protein
Peanut Chaat 9990,snack,296,15.2,72.2,6.5,vegetarian,punjabi,1,balanced|beginner
Tofu Curry 9991,dinner,544,19.2,67.8,8.3,vegan,rajasthani,0,balanced|beginner
Thepla 9992,breakfast,230,12.7,76.9,3.3,vegetarian,mixed,1,improve_stamina|carb_rich
Upma 9993,breakfast,237,13.0,42.5,10.8,vegetarian,maharashtrian,1,weight_loss|light
Upma 9994,breakfast,272,21.0,48.3,4.9,vegetarian,south_indian,1,muscle_gain|high_protein
Vegetable Soup 9995,dinner,371,38.3,29.6,20.1,vegan,maharashtrian,0,muscle_gain|high_protein
Boiled Eggs 9996,snack,178,41.0,29.9,22.7,non_vegetarian,south_indian,0,muscle_gain|high_protein
Vegetable Soup 9997,dinner,626,18.5,32.6,19.8,vegan,south_indian,0,balanced|beginner
Paneer Sandwich 9998,breakfast,435,18.2,38.0,22.6,vegetarian,south_indian,0,balanced|beginner
Buttermilk 9999,snack,86,13.2,74.2,23.1,vegetarian,kerala,0,balanced|beginner
